Name	Size	Drug	Phen	y_pred_prob	y_pred	model_recall	model_precision	model_accuracy	model_auc	time	cpu	memory_peak	threshold	raw_precision
ERR036186	t1000	Ethambutol	0	0.01764101086255975	0	0.8316633266533067	0.7699443413729128	0.9253945480631277	0.8321951244409834	3.33963942527771	310.566044	529812	0.5	0.7699443413729128
ERR036186	t1000	Isoniazid	0	0.06337781240715253	0	0.9204980842911877	0.9816138917262512	0.967100977198697	0.9779159265412357	3.6959378719329834	262.0376	568116	0.5	0.9816138917262512
ERR036186	t1000	Pyrazinamide	0	0.019873606569424603	0	0.5014749262536873	0.85	0.9029741589468552	0.8009579849337047	3.145113706588745	329.40477400000003	413552	0.6777994117425501	0.7353846153846154
ERR036186	t1000	Rifampicin	0	0.0689932925559293	0	0.9202975557917109	0.9807474518686297	0.9710600817867254	0.9773115014490457	9.281318187713623	554.578865	565320	0.5	0.9807474518686297
ERR036241	t1000	Ethambutol	0	0.007176516008820473	0	0.8376753507014028	0.7683823529411765	0.9257532281205165	0.8302064749335294	2.6082777976989746	232.88582	485948	0.5	0.7683823529411765
ERR036241	t1000	Isoniazid	0	0.019288363515817777	0	0.9195402298850575	0.9805924412665986	0.9664495114006515	0.9776343171147285	3.1068191528320312	270.801687	568240	0.5	0.9805924412665986
ERR036241	t1000	Pyrazinamide	0	0.01940212764144174	0	0.49262536873156343	0.8520408163265306	0.9019990248659191	0.8071820877308402	2.3141088485717773	233.789742	413416	0.6997371180140197	0.7587301587301587
ERR036241	t1000	Rifampicin	0	0.005265361326676705	0	0.9192348565356004	0.9796149490373726	0.9704309531299151	0.9777691156360435	8.052490472793579	777.372306	573228	0.5	0.9796149490373726
ERR037493	t1000	Ethambutol	0	0.005595512347006651	0	0.8256513026052105	0.7657992565055762	0.9236011477761836	0.8350415542793468	3.079106092453003	261.118377	529368	0.5	0.7657992565055762
ERR037493	t1000	Isoniazid	0	0.01929362522348783	0	0.9195402298850575	0.9785932721712538	0.9657980456026058	0.9779190014067387	4.0138537883758545	363.796691	568056	0.5	0.9785932721712538
ERR037493	t1000	Pyrazinamide	0	0.012644301286769924	0	0.4896755162241888	0.8556701030927835	0.9019990248659191	0.803094529336424	3.089216709136963	312.646088	413312	0.6943456675922292	0.7523219814241486
ERR037493	t1000	Rifampicin	0	0.00513508617818402	0	0.9202975557917109	0.9807474518686297	0.9710600817867254	0.9774507487877504	10.141831874847412	635.9993850000001	572964	0.5	0.9807474518686297
ERR037520	t1000	Ethambutol	0	0.0072108622226987685	0	0.8296593186372746	0.7652495378927912	0.9239598278335724	0.8287740578353523	3.086820363998413	274.881672	529136	0.5	0.7652495378927912
ERR037520	t1000	Isoniazid	0	0.018525909840863	0	0.9195402298850575	0.9815950920245399	0.9667752442996743	0.978001024492881	2.475520372390747	237.963775	568040	0.5	0.9815950920245399
ERR037520	t1000	Pyrazinamide	0	0.02126284777266146	0	0.49262536873156343	0.8520408163265306	0.9019990248659191	0.8023080469466481	2.8175241947174072	289.270305	413224	0.686220785577807	0.7586206896551724
ERR037520	t1000	Rifampicin	0	0.012156100438399419	0	0.9202975557917109	0.9774266365688488	0.9701163888015099	0.9773627298724015	9.096720933914185	814.486486	572748	0.5	0.9774266365688488
ERR037528	t1000	Isoniazid	0	0.03493202374392757	0	0.9195402298850575	0.9805924412665986	0.9664495114006515	0.9778704107659615	12.040955543518066	1034.839373	568172	0.5	0.9805924412665986
ERR037528	t1000	Rifampicin	0	0.018124482383130535	0	0.9192348565356004	0.9807256235827665	0.9707455174583203	0.9773467779314572	13.147859573364258	1201.3561630000002	572912	0.5	0.9807256235827665
ERR1034635	t1000	Ethambutol	0	0.005872573152256264	0	0.8236472945891784	0.7639405204460966	0.922883787661406	0.83253798526853	6.589288711547852	473.46662399999997	529144	0.5	0.7639405204460966
ERR1034635	t1000	Isoniazid	0	0.023518819427405566	0	0.9185823754789272	0.9815762538382804	0.9664495114006515	0.9778051333997392	13.102402687072754	811.4734960000001	567972	0.5	0.9815762538382804
ERR1034635	t1000	Pyrazinamide	0	0.010694137750398949	0	0.48672566371681414	0.8505154639175257	0.9010238907849829	0.8039718469661444	7.459660053253174	538.9208560000001	373924	0.7022317715162797	0.7454545454545455
ERR1034635	t1000	Rifampicin	0	0.014757074280937263	0	0.9202975557917109	0.9807474518686297	0.9710600817867254	0.9774968826462507	12.172717571258545	653.488059	573504	0.5	0.9807474518686297
ERR1034671	t1000	Ethambutol	0	0.10364727701140991	0	0.8356713426853707	0.7637362637362637	0.9243185078909613	0.8280740905775505	2.9155166149139404	286.78103300000004	529452	0.5	0.7637362637362637
ERR1034671	t1000	Isoniazid	1	0.995225324850404	1	0.9176245210727969	0.9775510204081632	0.9648208469055375	0.9765511816502892	10.932154893875122	855.083899	568472	0.5	0.9775510204081632
ERR1034671	t1000	Rifampicin	1	0.9891153255264591	1	0.9064824654622742	0.9748571428571429	0.9653979238754326	0.9751782373921108	9.476579904556274	703.83321	572772	0.5	0.9748571428571429
ERR1034684	t1000	Ethambutol	0	0.11422272573572545	0	0.8356713426853707	0.7595628415300546	0.9232424677187948	0.831317383054608	3.226548910140991	222.823646	529316	0.5	0.7595628415300546
ERR1034684	t1000	Isoniazid	1	0.9942398841305184	1	0.8946360153256705	0.982124079915878	0.9586319218241043	0.9664632633561282	3.3470680713653564	225.39212199999997	568248	0.5	0.982124079915878
ERR1034684	t1000	Rifampicin	1	0.990446373713864	1	0.9128586609989373	0.9739229024943311	0.9669707455174583	0.9745415162731161	6.830172538757324	686.3518819999999	572920	0.5	0.9739229024943311
ERR1034685	t1000	Ethambutol	1	0.019017562894373632	0	0.8336673346693386	0.7661141804788214	0.9246771879483501	0.8260069506699736	18.377378225326538	983.077088	529580	0.5	0.7661141804788214
ERR1034685	t1000	Isoniazid	1	0.9886671973591955	1	0.9204980842911877	0.9776195320447609	0.9657980456026058	0.9775182586254675	11.903317928314209	681.827197	568448	0.5	0.9776195320447609
ERR1034685	t1000	Rifampicin	1	0.1351928374152229	0	0.9202975557917109	0.9752252252252253	0.9694872601446995	0.9774612215482791	16.483367204666138	1339.341909	572904	0.5	0.9752252252252253
ERR1034724	t1000	Ethambutol	0	0.4597039749415121	0	0.8236472945891784	0.7583025830258303	0.9214490674318508	0.8288815009480502	15.598220348358154	682.255172	529244	0.5	0.7583025830258303
ERR1034724	t1000	Isoniazid	1	0.9948439209912447	1	0.9185823754789272	0.9785714285714285	0.965472312703583	0.9771663409908792	11.620900392532349	1087.982522	567800	0.5	0.9785714285714285
ERR1034724	t1000	Rifampicin	1	0.9915243068941468	1	0.9128586609989373	0.9739229024943311	0.9669707455174583	0.9750543245357131	15.764180660247803	1087.8706849999999	572764	0.5	0.9739229024943311
ERR1034749	t1000	Ethambutol	0	0.03094053488008892	0	0.845691382765531	0.7617328519855595	0.9250358680057389	0.8281394588681975	13.004157543182373	500.646641	529168	0.5	0.7617328519855595
ERR1034749	t1000	Isoniazid	1	0.8971431507440131	1	0.9204980842911877	0.9806122448979592	0.9667752442996743	0.9780503294049308	3.8678927421569824	319.084902	568380	0.5	0.9806122448979592
ERR1034749	t1000	Rifampicin	0	0.3767675301893978	0	0.9181721572794899	0.976271186440678	0.9691726958162944	0.9775626365503202	8.247553825378418	507.904022	573044	0.5	0.976271186440678
ERR1034750	t1000	Ethambutol	0	0.7199570561124775	1	0.8096192384769539	0.7637051039697542	0.921090387374462	0.8232222554154819	8.73792052268982	516.903634	529364	0.5	0.7637051039697542
ERR1034750	t1000	Isoniazid	1	0.9945756427328413	1	0.9128352490421456	0.9774358974358974	0.9631921824104235	0.9751689107921969	4.456258773803711	424.801001	567772	0.5	0.9774358974358974
ERR1034750	t1000	Pyrazinamide	1	0.27803773934788895	0	0.48672566371681414	0.8505154639175257	0.9010238907849829	0.8027549618835825	12.897073745727539	860.4950739999999	413592	0.6884631672102182	0.7634069400630915
ERR1034750	t1000	Rifampicin	1	0.9933426244049982	1	0.9075451647183846	0.977116704805492	0.966341616860648	0.9738204761196818	6.307692050933838	679.128585	573172	0.5	0.977116704805492
ERR1034754	t1000	Ethambutol	0	0.45914501802988106	0	0.843687374749499	0.764065335753176	0.9253945480631277	0.828873786302406	3.2188596725463867	301.212336	529668	0.5	0.764065335753176
ERR1034754	t1000	Isoniazid	1	0.995086845310342	1	0.921455938697318	0.9796334012219959	0.9667752442996743	0.9778707169909945	12.814709424972534	1110.2494060000001	568124	0.5	0.9796334012219959
ERR1034754	t1000	Pyrazinamide	1	0.4486037973260807	0	0.48672566371681414	0.8505154639175257	0.9010238907849829	0.8067892527510427	3.463865280151367	350.442379	413440	0.6901662281808053	0.7400611620795107
ERR1034754	t1000	Rifampicin	1	0.9246361416760325	1	0.9181721572794899	0.9795918367346939	0.9701163888015099	0.977633565138959	10.311118364334106	970.810685	565004	0.5	0.9795918367346939
ERR1034764	t1000	Ethambutol	1	0.08817298721342913	0	0.8356713426853707	0.7609489051094891	0.9236011477761836	0.8254914000927693	10.385839939117432	822.2912580000001	529096	0.5	0.7609489051094891
ERR1034764	t1000	Isoniazid	1	0.9952036122277979	1	0.9185823754789272	0.9775739041794088	0.9651465798045603	0.9772156431830112	13.76320505142212	860.9484150000001	568004	0.5	0.9775739041794088
ERR1034764	t1000	Pyrazinamide	1	0.2436552969906331	0	0.5014749262536873	0.85	0.9029741589468552	0.8056974575768355	4.734999418258667	382.58553400000005	373648	0.6828119295249889	0.7578616352201258
ERR1034764	t1000	Rifampicin	1	0.9908373862932366	1	0.9139213602550478	0.9739524348810872	0.9672853098458635	0.9752534737922022	10.62273383140564	578.42055	573476	0.5	0.9739524348810872
ERR1034787	t1000	Ethambutol	0	0.6643491040060608	1	0.8276553106212425	0.7634011090573013	0.9232424677187948	0.8324744829907657	3.1241300106048584	268.226979	529276	0.5	0.7634011090573013
ERR1034787	t1000	Isoniazid	1	0.9951906900891422	1	0.9224137931034483	0.9776649746192894	0.9664495114006515	0.9776699243430684	3.8254902362823486	337.684241	568356	0.5	0.9776649746192894
ERR1034787	t1000	Pyrazinamide	1	0.934220466072113	1	0.4749262536873156	0.8518518518518519	0.8995611896635788	0.8090825495477091	2.547541856765747	210.410717	413404	0.6945695926772391	0.7554858934169278
ERR1034787	t1000	Rifampicin	1	0.9481728837475067	1	0.9181721572794899	0.9807037457434733	0.9704309531299151	0.9777475553568962	13.425680160522461	1008.041863	573256	0.5	0.9807037457434733
ERR1034792	t1000	Ethambutol	1	0.19396797288398968	0	0.8276553106212425	0.7591911764705882	0.9221664275466284	0.8189195215796795	2.8978264331817627	239.112188	529480	0.5	0.7591911764705882
ERR1034792	t1000	Isoniazid	0	0.08595300146998537	0	0.9195402298850575	0.9815950920245399	0.9667752442996743	0.9777360694605814	3.3481059074401855	264.524883	567940	0.5	0.9815950920245399
ERR1034792	t1000	Pyrazinamide	0	0.015579940125468969	0	0.48672566371681414	0.8505154639175257	0.9010238907849829	0.803294912910842	4.0587005615234375	389.336791	413912	0.6862911033595962	0.7619047619047619
ERR1034792	t1000	Rifampicin	0	0.013742314004960596	0	0.9192348565356004	0.9796149490373726	0.9704309531299151	0.9777583641569975	11.682796955108643	1046.684446	564860	0.5	0.9796149490373726
ERR1034830	t1000	Ethambutol	1	0.008342995612982892	0	0.8296593186372746	0.7624309392265194	0.9232424677187948	0.8314079552005964	10.729362487792969	868.1777529999999	529300	0.5	0.7624309392265194
ERR1034830	t1000	Isoniazid	1	0.9461923798728605	1	0.9204980842911877	0.9796126401630989	0.9664495114006515	0.9778426137026177	5.378718376159668	463.223565	568200	0.5	0.9796126401630989
ERR1034830	t1000	Pyrazinamide	0	0.3115787385279187	0	0.49557522123893805	0.8527918781725888	0.9024865919063871	0.8070695780441547	5.390230655670166	394.76746699999995	413264	0.6919322218683844	0.7586206896551724
ERR1034830	t1000	Rifampicin	0	0.04126190817743482	0	0.9181721572794899	0.9795918367346939	0.9701163888015099	0.9773291701580105	5.138754844665527	347.178546	583516	0.5	0.9795918367346939
ERR1034868	t1000	Ethambutol	1	0.7167985516687398	1	0.8376753507014028	0.7655677655677655	0.9250358680057389	0.827189108884006	8.45540976524353	782.666579	529608	0.5	0.7655677655677655
ERR1034868	t1000	Isoniazid	1	0.966650101013068	1	0.9185823754789272	0.9795709908069459	0.9657980456026058	0.9776643496664702	3.162097215652466	262.12613	568404	0.5	0.9795709908069459
ERR1034868	t1000	Pyrazinamide	1	0.741416280097973	1	0.48672566371681414	0.8505154639175257	0.9010238907849829	0.805856196191779	8.007366418838501	716.31139	413564	0.6920640782835232	0.7530864197530864
ERR1034868	t1000	Rifampicin	1	0.9928130801271884	1	0.9128586609989373	0.9739229024943311	0.9669707455174583	0.9757883960274462	3.966442584991455	393.779332	565196	0.5	0.9739229024943311
ERR1034869	t1000	Ethambutol	0	0.17616313817839385	0	0.8356713426853707	0.7651376146788991	0.9246771879483501	0.8186617976488701	2.970484733581543	243.763802	529584	0.5	0.7651376146788991
ERR1034869	t1000	Isoniazid	1	0.9727216751008826	1	0.9185823754789272	0.9795709908069459	0.9657980456026058	0.9775790767344703	8.370358228683472	487.310112	568400	0.5	0.9795709908069459
ERR1034869	t1000	Pyrazinamide	0	0.6405236688136603	0	0.4778761061946903	0.8571428571428571	0.9005363237445149	0.8003232305189563	4.548171758651733	378.154073	413316	0.6893298203287739	0.7476340694006309
ERR1034869	t1000	Rifampicin	1	0.9910603644229121	1	0.9117959617428267	0.975	0.9669707455174583	0.9756225790424008	9.197255849838257	513.753589	573232	0.5	0.975
ERR1034880	t1000	Ethambutol	0	0.49330788262588304	0	0.8276553106212425	0.7705223880597015	0.9250358680057389	0.8300649843866205	2.910423994064331	254.56478700000002	528908	0.5	0.7705223880597015
ERR1034880	t1000	Isoniazid	1	0.9948350427554439	1	0.9176245210727969	0.9785495403472931	0.9651465798045603	0.9773742071383154	7.480929374694824	724.476994	567920	0.5	0.9785495403472931
ERR1034880	t1000	Pyrazinamide	1	0.7255483770299833	1	0.49852507374631266	0.8535353535353535	0.9029741589468552	0.8034475844032986	3.7956466674804688	419.272899	413416	0.6832214415895645	0.7555555555555555
ERR1034880	t1000	Rifampicin	1	0.9930616192697235	1	0.9107332624867163	0.9760820045558086	0.9669707455174583	0.9751125367350866	8.471102237701416	848.653046	573216	0.5	0.9760820045558086
ERR1034924	t1000	Ethambutol	0	0.004529019057589247	0	0.8396793587174348	0.7645985401459854	0.9250358680057389	0.8295207452664587	2.749460458755493	258.504839	529212	0.5	0.7645985401459854
ERR1034924	t1000	Isoniazid	1	0.01879041209845981	0	0.9195402298850575	0.9815950920245399	0.9667752442996743	0.9778197653592636	5.731566429138184	425.49280799999997	568076	0.5	0.9815950920245399
ERR1034924	t1000	Rifampicin	0	0.00480856644774684	0	0.9202975557917109	0.9807474518686297	0.9710600817867254	0.977611910477108	6.9831883907318115	663.666036	556848	0.5	0.9807474518686297
ERR1034927	t1000	Ethambutol	0	0.005558319778196965	0	0.8296593186372746	0.7652495378927912	0.9239598278335724	0.8271466209457224	3.0114810466766357	225.908079	529376	0.5	0.7652495378927912
ERR1034927	t1000	Isoniazid	1	0.029646986332797946	0	0.9195402298850575	0.9815950920245399	0.9667752442996743	0.9781861758466285	6.381492614746094	630.107934	568016	0.5	0.9815950920245399
ERR1034927	t1000	Rifampicin	0	0.024913399677447264	0	0.9234856535600425	0.9753086419753086	0.9704309531299151	0.9775045724145056	9.857420921325684	617.711004	573352	0.5	0.9753086419753086
ERR1034934	t1000	Ethambutol	0	0.0042619278260547025	0	0.8336673346693386	0.7661141804788214	0.9246771879483501	0.829550543313336	3.460315465927124	315.207291	529552	0.5	0.7661141804788214
ERR1034934	t1000	Isoniazid	1	0.02359932116165618	0	0.9204980842911877	0.9816138917262512	0.967100977198697	0.9775696137116875	7.070904731750488	426.05378900000005	568408	0.5	0.9816138917262512
ERR1034934	t1000	Rifampicin	1	0.013169658916234998	0	0.9192348565356004	0.9807256235827665	0.9707455174583203	0.9779070388542674	3.175212860107422	277.20585500000004	573468	0.5	0.9807256235827665
ERR1034970	t1000	Ethambutol	0	0.008737373148882064	0	0.8356713426853707	0.7637362637362637	0.9243185078909613	0.8306193202559404	3.0004968643188477	232.443119	529308	0.5	0.7637362637362637
ERR1034970	t1000	Isoniazid	1	0.03476624584822828	0	0.921455938697318	0.9816326530612245	0.9674267100977199	0.9780912994740377	8.457211256027222	591.3274200000001	567748	0.5	0.9816326530612245
ERR1034970	t1000	Rifampicin	0	0.020258658543229734	0	0.9202975557917109	0.9807474518686297	0.9710600817867254	0.9774369911907872	6.769018173217773	667.018739	573540	0.5	0.9807474518686297
ERR1034971	t1000	Ethambutol	0	0.03918065531504109	0	0.8236472945891784	0.7611111111111111	0.9221664275466284	0.8317420696536332	3.379912853240967	260.83428599999996	529480	0.5	0.7611111111111111
ERR1034971	t1000	Isoniazid	1	0.9920308023421094	1	0.921455938697318	0.9786368260427264	0.9664495114006515	0.978149199448412	6.169249534606934	472.55920399999997	568304	0.5	0.9786368260427264
ERR1034971	t1000	Pyrazinamide	0	0.14447859252472073	0	0.49262536873156343	0.8520408163265306	0.9019990248659191	0.8045298444059925	5.483654260635376	399.47514500000005	413304	0.6801001604455782	0.7578616352201258
ERR1034971	t1000	Rifampicin	0	0.08289680768850317	0	0.9181721572794899	0.9795918367346939	0.9701163888015099	0.9773710727193662	3.700587272644043	231.806807	573180	0.5	0.9795918367346939
ERR1034987	t1000	Ethambutol	0	0.5513135594313103	1	0.8176352705410822	0.7756653992395437	0.9250358680057389	0.8300911258678618	3.049225330352783	294.68522099999996	529472	0.5	0.7756653992395437
ERR1034987	t1000	Isoniazid	1	0.9935949409409984	1	0.9185823754789272	0.9785714285714285	0.965472312703583	0.9768258107919493	3.9097607135772705	428.552179	568356	0.5	0.9785714285714285
ERR1034987	t1000	Rifampicin	1	0.9933610411917155	1	0.9096705632306057	0.976054732041049	0.9666561811890532	0.9738056036390204	3.459372043609619	350.940194	564900	0.5	0.976054732041049
ERR1035005	t1000	Ethambutol	0	0.6159218420535587	1	0.8216432865731463	0.7635009310986964	0.9225251076040172	0.8314138655904908	3.3408050537109375	309.619199	529600	0.5	0.7635009310986964
ERR1035005	t1000	Isoniazid	1	0.9949004150801989	1	0.9185823754789272	0.9775739041794088	0.9651465798045603	0.9772337603895798	11.056086778640747	766.969774	567992	0.5	0.9775739041794088
ERR1035005	t1000	Rifampicin	1	0.9941559703992774	1	0.9117959617428267	0.9738933030646992	0.9666561811890532	0.9754359892461406	11.621973037719727	685.650613	572860	0.5	0.9738933030646992
ERR1035028	t1000	Ethambutol	0	0.011977896381749113	0	0.8316633266533067	0.7642725598526704	0.9239598278335724	0.8317253445400514	2.452773332595825	202.338893	529536	0.5	0.7642725598526704
ERR1035028	t1000	Isoniazid	1	0.8746083864886495	1	0.9224137931034483	0.9806517311608961	0.9674267100977199	0.9774153031361958	9.414514303207397	766.2335959999999	568060	0.5	0.9806517311608961
ERR1035028	t1000	Rifampicin	1	0.6336384938434667	1	0.9139213602550478	0.9761634506242906	0.9679144385026738	0.9773763925288063	12.074739933013916	896.914658	572804	0.5	0.9761634506242906
ERR1035043	t1000	Ethambutol	0	0.1458142331013442	0	0.8376753507014028	0.7627737226277372	0.9243185078909613	0.8299369982911544	10.0173978805542	625.970309	529188	0.5	0.7627737226277372
ERR1035043	t1000	Isoniazid	1	0.8186430279327291	1	0.9224137931034483	0.9796541200406917	0.967100977198697	0.9777163034221389	13.267752885818481	1255.777295	568000	0.5	0.9796541200406917
ERR1035043	t1000	Rifampicin	1	0.9923326311218297	1	0.9128586609989373	0.9739229024943311	0.9669707455174583	0.9757300914382502	7.027329921722412	647.125482	573204	0.5	0.9739229024943311
ERR1035071	t1000	Ethambutol	0	0.01761983579462441	0	0.843687374749499	0.7626811594202898	0.9250358680057389	0.827242575251307	9.45786452293396	919.934291	529432	0.5	0.7626811594202898
ERR1035071	t1000	Isoniazid	0	0.3036684600847788	0	0.9195402298850575	0.9805924412665986	0.9664495114006515	0.9780375021579307	12.313085079193115	683.651329	567824	0.5	0.9805924412665986
ERR1035071	t1000	Rifampicin	1	0.9610708971090165	1	0.8990435706695006	0.9724137931034482	0.9625668449197861	0.9722510119301736	7.276859521865845	445.415211	565116	0.5	0.9724137931034482
ERR1035079	t1000	Ethambutol	0	0.3559973760050932	0	0.8336673346693386	0.7689463955637708	0.9253945480631277	0.8339118011071674	3.0878937244415283	267.399855	529492	0.5	0.7689463955637708
ERR1035079	t1000	Isoniazid	1	0.8633530523557416	1	0.9195402298850575	0.9815950920245399	0.9667752442996743	0.9772886293510756	6.138837575912476	376.187818	567972	0.5	0.9815950920245399
ERR1035079	t1000	Rifampicin	1	0.9933693071021515	1	0.9107332624867163	0.9760820045558086	0.9669707455174583	0.9757351140732059	3.182516098022461	287.46897199999995	572944	0.5	0.9760820045558086
ERR1035089	t1000	Ethambutol	0	0.8330221460822583	1	0.8356713426853707	0.7623400365630713	0.9239598278335724	0.8329861977281549	3.000462055206299	278.805294	529184	0.5	0.7623400365630713
ERR1035089	t1000	Isoniazid	1	0.9953142866219445	1	0.9166666666666666	0.9795291709314228	0.9651465798045603	0.9770547541471168	2.8825557231903076	253.63951	568452	0.5	0.9795291709314228
ERR1035089	t1000	Rifampicin	1	0.9934072916914688	1	0.9139213602550478	0.9750566893424036	0.9675998741742686	0.9749842306056098	5.429135799407959	572.301644	573296	0.5	0.9750566893424036
ERR1035119	t1000	Isoniazid	0	0.011937606162458776	0	0.9204980842911877	0.9806122448979592	0.9667752442996743	0.9780516037879281	7.714706182479858	669.596312	568072	0.5	0.9806122448979592
ERR1035119	t1000	Rifampicin	0	0.012446616447639258	0	0.9202975557917109	0.9807474518686297	0.9710600817867254	0.9775744716906779	7.703387975692749	549.734155	573016	0.5	0.9807474518686297
ERR1035137	t1000	Ethambutol	0	0.009485875599620957	0	0.8376753507014028	0.7712177121771218	0.9264705882352942	0.8322496492621099	4.779884338378906	438.10988000000003	529580	0.5	0.7712177121771218
ERR1035137	t1000	Isoniazid	0	0.045109136575627616	0	0.9195402298850575	0.9815950920245399	0.9667752442996743	0.9779547655847705	3.547227382659912	280.588959	567856	0.5	0.9815950920245399
ERR1035137	t1000	Rifampicin	0	0.03544347532693288	0	0.9202975557917109	0.9807474518686297	0.9710600817867254	0.9775525303266771	5.379889965057373	498.56802	558680	0.5	0.9807474518686297
ERR1035152	t1000	Ethambutol	0	0.06858467110524603	0	0.8256513026052105	0.7672253258845437	0.9239598278335724	0.8337478674585124	3.6447763442993164	354.885292	529740	0.5	0.7672253258845437
ERR1035152	t1000	Isoniazid	1	0.9942735400672187	1	0.921455938697318	0.9756592292089249	0.965472312703583	0.977699822744443	2.937069892883301	221.474397	567896	0.5	0.9756592292089249
ERR1035152	t1000	Rifampicin	0	0.26534816300450687	0	0.9192348565356004	0.9807256235827665	0.9707455174583203	0.9769966204611504	8.098376750946045	454.54064999999997	572732	0.5	0.9807256235827665
ERR1035171	t1000	Ethambutol	0	0.006369034229009285	0	0.8236472945891784	0.7667910447761194	0.9236011477761836	0.8372454997876585	3.1620407104492188	242.043437	529300	0.5	0.7667910447761194
ERR1035171	t1000	Isoniazid	0	0.017680094720417025	0	0.9233716475095786	0.9806714140386572	0.9677524429967427	0.9779588596528417	4.158621311187744	363.647655	568132	0.5	0.9806714140386572
ERR1035171	t1000	Rifampicin	0	0.010748544364003958	0	0.9202975557917109	0.9785310734463277	0.9704309531299151	0.978194182707781	10.976623296737671	1118.592984	572932	0.5	0.9785310734463277
ERR1035177	t1000	Ethambutol	0	0.11209196706665231	0	0.8296593186372746	0.7638376383763837	0.9236011477761836	0.8264110120915553	3.2336647510528564	243.11945699999998	529020	0.5	0.7638376383763837
ERR1035177	t1000	Isoniazid	1	0.4272044993667023	0	0.9185823754789272	0.9805725971370143	0.9661237785016287	0.9777402667507528	9.214797735214233	562.957802	568152	0.5	0.9805725971370143
ERR1035177	t1000	Pyrazinamide	0	0.09610818097238598	0	0.4896755162241888	0.8512820512820513	0.901511457825451	0.8054059338817243	2.4579591751098633	245.450183	373320	0.6904399810371433	0.7547169811320755
ERR1035177	t1000	Rifampicin	1	0.9771849724158657	1	0.9128586609989373	0.9728199320498301	0.9666561811890532	0.9755190772307675	14.146639347076416	1298.285708	573496	0.5	0.9728199320498301
ERR1035237	t1000	Ethambutol	1	0.7357784823808269	1	0.8336673346693386	0.7689463955637708	0.9253945480631277	0.8228435882347261	2.8288421630859375	270.838692	529528	0.5	0.7689463955637708
ERR1035237	t1000	Isoniazid	1	0.9652944402173845	1	0.9204980842911877	0.9786150712830958	0.9661237785016287	0.977571703483332	7.605802297592163	796.155131	568228	0.5	0.9786150712830958
ERR1035237	t1000	Pyrazinamide	1	0.979909551214762	1	0.49557522123893805	0.8527918781725888	0.9024865919063871	0.8069603996794757	2.9223639965057373	275.913143	413500	0.6768056326362315	0.7484276729559748
ERR1035237	t1000	Rifampicin	1	0.9924147743228093	1	0.9107332624867163	0.9749715585893061	0.9666561811890532	0.9755531038051211	13.040295124053955	742.740994	558456	0.5	0.9749715585893061
ERR1035259	t1000	Ethambutol	1	0.7671227040783419	1	0.843687374749499	0.764065335753176	0.9253945480631277	0.82509761864204	6.157407522201538	471.077948	529320	0.5	0.764065335753176
ERR1035259	t1000	Isoniazid	1	0.994324479130956	1	0.9185823754789272	0.9775739041794088	0.9651465798045603	0.977471235470238	6.149363279342651	579.038793	567788	0.5	0.9775739041794088
ERR1035259	t1000	Rifampicin	1	0.9939229115182127	1	0.9117959617428267	0.975	0.9669707455174583	0.9745663178331576	3.907790422439575	317.71162599999997	573436	0.5	0.975
ERR1035315	t1000	Ethambutol	1	0.7829781327187258	1	0.8216432865731463	0.7692307692307693	0.9239598278335724	0.8290528349322875	5.158495664596558	474.632045	529288	0.5	0.7692307692307693
ERR1035315	t1000	Isoniazid	1	0.9530339335534784	1	0.9224137931034483	0.9786585365853658	0.9667752442996743	0.9772522064717727	3.2886481285095215	279.774254	568112	0.5	0.9786585365853658
ERR1035315	t1000	Rifampicin	1	0.9918340899101158	1	0.9117959617428267	0.975	0.9669707455174583	0.9745995199511828	2.9684269428253174	264.21524500000004	572784	0.5	0.975
ERR1035316	t1000	Ethambutol	1	0.09790237481240192	0	0.8416833667334669	0.7664233576642335	0.9257532281205165	0.8338375706940471	4.284589052200317	426.960281	529372	0.5	0.7664233576642335
ERR1035316	t1000	Isoniazid	1	0.9925758418712428	1	0.9166666666666666	0.9775280898876404	0.9644951140065147	0.977399074922814	5.967979907989502	353.143517	568020	0.5	0.9775280898876404
ERR1035316	t1000	Rifampicin	1	0.9914661434182018	1	0.9128586609989373	0.9739229024943311	0.9669707455174583	0.9748807047390977	3.012794256210327	264.64047100000005	573392	0.5	0.9739229024943311
ERR1035350	t1000	Ethambutol	1	0.1751870921570344	0	0.8216432865731463	0.7649253731343284	0.922883787661406	0.8290261386013721	5.985064506530762	467.301271	528996	0.5	0.7649253731343284
ERR1035350	t1000	Isoniazid	1	0.9926227562130171	1	0.9157088122605364	0.9795081967213115	0.9648208469055375	0.9762921435508176	6.985766172409058	599.5781089999999	568092	0.5	0.9795081967213115
ERR1035350	t1000	Rifampicin	1	0.9917412797472891	1	0.9128586609989373	0.9728199320498301	0.9666561811890532	0.9752580421901021	5.422042608261108	559.202335	565148	0.5	0.9728199320498301
ERR1036286	t1000	Ethambutol	1	0.8691558533684501	1	0.8336673346693386	0.7717996289424861	0.9261119081779053	0.8308794000820049	3.437296152114868	315.49859699999996	529172	0.5	0.7717996289424861
ERR1036286	t1000	Isoniazid	1	0.9955675975272401	1	0.9185823754789272	0.9795709908069459	0.9657980456026058	0.9773446324892506	3.7307956218719482	348.300397	568248	0.5	0.9795709908069459
ERR1036286	t1000	Pyrazinamide	1	0.4391945123319404	0	0.5014749262536873	0.85	0.9029741589468552	0.8037285038175597	2.428967237472534	231.38742399999998	413540	0.6757731517522322	0.7507788161993769
ERR1036286	t1000	Rifampicin	1	0.9937627820988552	1	0.9064824654622742	0.9726339794754846	0.9647687952186222	0.9748490188338498	3.2155206203460693	311.095271	573028	0.5	0.9726339794754846
ERR1036289	t1000	Ethambutol	1	0.6949897899337888	1	0.8296593186372746	0.7638376383763837	0.9236011477761836	0.830142985020717	3.755406618118286	381.485251	529388	0.5	0.7638376383763837
ERR1036289	t1000	Isoniazid	1	0.9726387495074914	1	0.9185823754789272	0.9795709908069459	0.9657980456026058	0.9772490114995027	3.7624244689941406	305.87748	568208	0.5	0.9795709908069459
ERR1036289	t1000	Pyrazinamide	0	0.6841150051011412	1	0.49262536873156343	0.8520408163265306	0.9019990248659191	0.8029235158003153	3.1608924865722656	360.35584	413256	0.68312910686598	0.7579617834394905
ERR1036289	t1000	Rifampicin	1	0.9932153665518452	1	0.9139213602550478	0.9739524348810872	0.9672853098458635	0.9756873560786689	3.285979986190796	273.981776	573432	0.5	0.9739524348810872
ERR1036296	t1000	Ethambutol	0	0.6874935663189581	1	0.8396793587174348	0.7632058287795993	0.9246771879483501	0.8305890305639841	2.3557305335998535	241.005179	529700	0.5	0.7632058287795993
ERR1036296	t1000	Isoniazid	1	0.9681161785117856	1	0.9185823754789272	0.9805725971370143	0.9661237785016287	0.9776441961169284	11.30033564567566	941.030247	568444	0.5	0.9805725971370143
ERR1036296	t1000	Pyrazinamide	1	0.6626380039282074	0	0.48672566371681414	0.8505154639175257	0.9010238907849829	0.8050014374967653	8.509193181991577	929.2919909999999	413684	0.6810219726639464	0.7603833865814696
ERR1036296	t1000	Rifampicin	1	0.9931956206130035	1	0.9139213602550478	0.9750566893424036	0.9675998741742686	0.9756477737294971	6.45306658744812	667.01518	573584	0.5	0.9750566893424036
ERR124641	t1000	Isoniazid	0	0.02602777994414441	0	0.9233716475095786	0.9796747967479674	0.9674267100977199	0.9776329937325019	8.283326148986816	509.93379699999997	568328	0.5	0.9796747967479674
ERR124641	t1000	Rifampicin	0	0.016596909574353415	0	0.9202975557917109	0.9807474518686297	0.9710600817867254	0.9772803653976259	3.137579917907715	226.20864999999998	583368	0.5	0.9807474518686297
ERR124650	t1000	Isoniazid	0	0.019466637203981285	0	0.9204980842911877	0.9796126401630989	0.9664495114006515	0.9776386212890426	3.065256357192993	308.602837	568056	0.5	0.9796126401630989
ERR124650	t1000	Rifampicin	0	0.01844988512947652	0	0.9192348565356004	0.9785067873303167	0.9701163888015099	0.9773220605567484	9.332986831665039	900.234843	573260	0.5	0.9785067873303167
ERR126630	t1000	Isoniazid	0	0.020197155701169724	0	0.9185823754789272	0.9785714285714285	0.965472312703583	0.9777731428183141	4.094286918640137	301.119625	568104	0.5	0.9785714285714285
ERR126630	t1000	Rifampicin	0	0.0048825680661870536	0	0.9192348565356004	0.9807256235827665	0.9707455174583203	0.9775127458025566	9.594062566757202	556.244265	573648	0.5	0.9807256235827665
ERR126633	t1000	Isoniazid	0	0.020636094975418233	0	0.9195402298850575	0.9795918367346939	0.9661237785016287	0.977370051168355	9.811654090881348	685.2516810000001	568076	0.5	0.9795918367346939
ERR126633	t1000	Rifampicin	0	0.022139932152691007	0	0.9213602550478215	0.9785553047404063	0.9707455174583203	0.9774183690061169	17.276691436767578	668.63459	583260	0.5	0.9785553047404063
ERR161028	t1000	Isoniazid	0	0.021696197622942854	0	0.921455938697318	0.9796334012219959	0.9667752442996743	0.9778795450613046	8.205638408660889	796.566826	508552	0.5	0.9796334012219959
ERR161028	t1000	Rifampicin	0	0.033958858009173094	0	0.9192348565356004	0.9774011299435028	0.9698018244731047	0.977310247326733	18.663957834243774	1147.456474	572988	0.5	0.9774011299435028
ERR161030	t1000	Isoniazid	0	0.022408064360644766	0	0.9233716475095786	0.9786802030456853	0.967100977198697	0.9774778998939934	17.137290716171265	922.976257	568568	0.5	0.9786802030456853
ERR161030	t1000	Rifampicin	0	0.012636843665025798	0	0.9192348565356004	0.9807256235827665	0.9707455174583203	0.9776729605553744	15.48674488067627	569.943842	573216	0.5	0.9807256235827665
ERR161096	t1000	Isoniazid	0	0.024682616195779272	0	0.9243295019157088	0.977710233029382	0.967100977198697	0.9768924086617785	18.151461601257324	682.704789	568016	0.5	0.977710233029382
ERR161096	t1000	Rifampicin	0	0.004706869006023872	0	0.9064824654622742	0.9838523644752019	0.9679144385026738	0.9755659253376199	18.734034299850464	464.701885	582940	0.5	0.9838523644752019
ERR161105	t1000	Ethambutol	0	0.005571088749548072	0	0.8256513026052105	0.7601476014760148	0.9221664275466284	0.8281048644999417	6.7631449699401855	446.32129100000003	529260	0.5	0.7601476014760148
ERR161105	t1000	Isoniazid	1	0.0175329954701403	0	0.9204980842911877	0.9796126401630989	0.9664495114006515	0.9781536899696708	12.041122198104858	462.396209	568292	0.5	0.9796126401630989
ERR161105	t1000	Pyrazinamide	0	0.011712552165157717	0	0.471976401179941	0.851063829787234	0.8990736226231106	0.8021850948521273	18.613973140716553	893.97596	413464	0.7005220739843762	0.7554858934169278
ERR161105	t1000	Rifampicin	0	0.0049526021438059805	0	0.9192348565356004	0.9807256235827665	0.9707455174583203	0.9774917285579171	17.637454748153687	633.082594	573360	0.5	0.9807256235827665
ERR161127	t1000	Isoniazid	0	0.019430673110643563	0	0.9224137931034483	0.9806517311608961	0.9674267100977199	0.977558084618897	17.073564767837524	737.8094	561324	0.5	0.9806517311608961
ERR161127	t1000	Rifampicin	0	0.004944841298413951	0	0.9202975557917109	0.9796380090497737	0.9707455174583203	0.9774996718813221	18.84383511543274	788.7485720000001	583456	0.5	0.9796380090497737
ERR161129	t1000	Isoniazid	0	0.012072232302121517	0	0.9233716475095786	0.9796747967479674	0.9674267100977199	0.9780007218267568	16.905620098114014	732.612929	568364	0.5	0.9796747967479674
ERR161129	t1000	Rifampicin	0	0.010392079939444116	0	0.9192348565356004	0.9807256235827665	0.9707455174583203	0.9774600671754037	19.513646602630615	927.6443399999999	583168	0.5	0.9807256235827665
ERR161138	t1000	Ethambutol	0	0.044462102462585085	0	0.8336673346693386	0.7647058823529411	0.9243185078909613	0.837852525002057	13.059765815734863	525.911392	529536	0.5	0.7647058823529411
ERR161138	t1000	Isoniazid	1	0.9895319611422384	1	0.9224137931034483	0.9776649746192894	0.9664495114006515	0.977964255578485	15.623178243637085	762.209941	568248	0.5	0.9776649746192894
ERR161138	t1000	Pyrazinamide	0	0.14023254868653331	0	0.4778761061946903	0.8526315789473684	0.9000487567040468	0.8053024499379133	21.533806562423706	1070.96689	413776	0.702318961982649	0.7546583850931677
ERR161138	t1000	Rifampicin	0	0.08142388040191749	0	0.9171094580233794	0.9806818181818182	0.9701163888015099	0.9773010931326078	18.58886742591858	565.483565	583440	0.5	0.9806818181818182
ERR161156	t1000	Isoniazid	0	0.019427620168283127	0	0.9195402298850575	0.9805924412665986	0.9664495114006515	0.9776731339686113	18.946481227874756	971.534454	567844	0.5	0.9805924412665986
ERR161156	t1000	Rifampicin	0	0.005242554147160141	0	0.9202975557917109	0.9796380090497737	0.9707455174583203	0.978118542161222	16.19018530845642	992.989885	572820	0.5	0.9796380090497737
ERR161163	t1000	Isoniazid	0	0.024139700808594546	0	0.9204980842911877	0.9816138917262512	0.967100977198697	0.9778887879151691	19.757991313934326	827.278104	567920	0.5	0.9816138917262512
ERR161163	t1000	Rifampicin	0	0.01743060071679996	0	0.9192348565356004	0.9807256235827665	0.9707455174583203	0.977614871477575	7.214465379714966	566.231091	572992	0.5	0.9807256235827665
ERR161164	t1000	Isoniazid	0	0.025418821178509094	0	0.921455938697318	0.9806320081549439	0.967100977198697	0.9776424661461379	6.799650192260742	657.2211990000001	567992	0.5	0.9806320081549439
ERR161164	t1000	Rifampicin	0	0.01567152199909185	0	0.9192348565356004	0.9807256235827665	0.9707455174583203	0.9776321154938177	7.081343650817871	680.42807	572840	0.5	0.9807256235827665
ERR161180	t1000	Isoniazid	0	0.04151072033889308	0	0.921455938697318	0.9796334012219959	0.9667752442996743	0.9772616702985085	7.631767272949219	450.583192	568320	0.5	0.9796334012219959
ERR161180	t1000	Rifampicin	0	0.014437215832364835	0	0.9171094580233794	0.9784580498866213	0.9694872601446995	0.9777353533746231	7.485947132110596	414.27102199999996	583036	0.5	0.9784580498866213
ERR161190	t1000	Isoniazid	0	0.01153100660074641	0	0.921455938697318	0.9796334012219959	0.9667752442996743	0.9777909559855699	20.13875913619995	1733.910586	567960	0.5	0.9796334012219959
ERR161190	t1000	Rifampicin	0	0.010955815159609403	0	0.9202975557917109	0.9796380090497737	0.9707455174583203	0.9775436863379026	11.520416975021362	1114.16986	583368	0.5	0.9796380090497737
ERR163940	t1000	Isoniazid	0	0.04691211440723156	0	0.9224137931034483	0.9806517311608961	0.9674267100977199	0.9780624280089938	18.760720252990723	1166.559258	568448	0.5	0.9806517311608961
ERR163940	t1000	Rifampicin	0	0.04634631673316285	0	0.9192348565356004	0.9796149490373726	0.9704309531299151	0.9777944609750018	11.765578269958496	641.3997430000001	583000	0.5	0.9796149490373726
ERR163958	t1000	Ethambutol	0	0.3186981351381204	0	0.8316633266533067	0.7586837294332724	0.9225251076040172	0.823051461254503	4.114595174789429	416.49841200000003	529540	0.5	0.7586837294332724
ERR163958	t1000	Isoniazid	1	0.9952226922777058	1	0.9157088122605364	0.9795081967213115	0.9648208469055375	0.9770549731342015	6.019443988800049	372.63682100000005	568316	0.5	0.9795081967213115
ERR163958	t1000	Pyrazinamide	1	0.2585956502426781	0	0.4808259587020649	0.8534031413612565	0.9005363237445149	0.8060278056258772	13.600204706192017	934.245454	413888	0.681114931119518	0.7571884984025559
ERR163958	t1000	Rifampicin	1	0.9902413682042497	1	0.9128586609989373	0.9739229024943311	0.9669707455174583	0.9750109871139737	4.275004863739014	400.754712	573172	0.5	0.9739229024943311
ERR164002	t1000	Ethambutol	0	0.004428649015717402	0	0.843687374749499	0.7626811594202898	0.9250358680057389	0.8298853768484711	3.6284232139587402	314.34596799999997	529036	0.5	0.7626811594202898
ERR164002	t1000	Isoniazid	0	0.0218102844159066	0	0.921455938697318	0.9806320081549439	0.967100977198697	0.9778145418397891	13.842035293579102	1061.93223	568104	0.5	0.9806320081549439
ERR164002	t1000	Rifampicin	0	0.008004716388252356	0	0.9192348565356004	0.9807256235827665	0.9707455174583203	0.9772653823592968	7.188100337982178	777.089585	573212	0.5	0.9807256235827665
ERR164015	t1000	Ethambutol	0	0.00528960139051016	0	0.8296593186372746	0.7610294117647058	0.922883787661406	0.8208375153458012	2.9816765785217285	231.801098	529144	0.5	0.7610294117647058
ERR164015	t1000	Isoniazid	0	0.03338001786874398	0	0.9233716475095786	0.9806714140386572	0.9677524429967427	0.9777238085837046	6.294487714767456	677.2578289999999	568212	0.5	0.9806714140386572
ERR164015	t1000	Pyrazinamide	0	0.01480242986747889	0	0.4896755162241888	0.8512820512820513	0.901511457825451	0.8018246255306953	3.542280673980713	321.399943	413364	0.6912477170812072	0.7438271604938271
ERR164015	t1000	Rifampicin	0	0.010957718872234004	0	0.9213602550478215	0.9752530933633295	0.9698018244731047	0.9774842781898642	4.53670334815979	445.501245	572908	0.5	0.9752530933633295
ERR176459	t1000	Isoniazid	0	0.0182857141488232	0	0.9185823754789272	0.9795709908069459	0.9657980456026058	0.9776424954214031	6.820801019668579	465.286218	567908	0.5	0.9795709908069459
ERR176459	t1000	Rifampicin	0	0.005246433083184521	0	0.9181721572794899	0.9773755656108597	0.9694872601446995	0.9777830759916601	5.974772691726685	382.69856300000004	572964	0.5	0.9773755656108597
ERR176463	t1000	Ethambutol	0	0.03841397636029186	0	0.8376753507014028	0.7641681901279708	0.9246771879483501	0.8348916984778681	19.697290897369385	1373.217562	529728	0.5	0.7641681901279708
ERR176463	t1000	Isoniazid	1	0.9919733852382712	1	0.9147509578544061	0.977482088024565	0.963843648208469	0.9777986986128395	3.8746159076690674	251.25752200000002	568440	0.5	0.977482088024565
ERR176463	t1000	Pyrazinamide	0	0.04961468246856628	0	0.49262536873156343	0.8520408163265306	0.9019990248659191	0.8046069152724525	5.883018493652344	443.72195700000003	413236	0.7045334537709723	0.7554858934169278
ERR176463	t1000	Rifampicin	0	0.05195051969168133	0	0.9171094580233794	0.9806818181818182	0.9701163888015099	0.9772790332122036	5.288975238800049	353.165784	583320	0.5	0.9806818181818182
ERR176485	t1000	Ethambutol	0	0.006464025295041607	0	0.8256513026052105	0.7559633027522936	0.921090387374462	0.8240859361132349	20.948707342147827	1686.968645	529396	0.5	0.7559633027522936
ERR176485	t1000	Isoniazid	0	0.01851659305081884	0	0.9233716475095786	0.9786802030456853	0.967100977198697	0.9781360338608018	4.15616512298584	400.54886799999997	567856	0.5	0.9786802030456853
ERR176485	t1000	Pyrazinamide	0	0.02525123835829671	0	0.4631268436578171	0.8579234972677595	0.8985860555826426	0.7974400097487135	5.994755029678345	619.3967180000001	413456	0.7070487161176838	0.7523219814241486
ERR176485	t1000	Rifampicin	0	0.007821332382403276	0	0.9171094580233794	0.9762443438914027	0.9688581314878892	0.9770233797401647	4.295252799987793	337.35904	573412	0.5	0.9762443438914027
ERR176506	t1000	Isoniazid	0	0.023704289241887902	0	0.9204980842911877	0.9806122448979592	0.9667752442996743	0.9777417943215934	8.31458592414856	525.861529	567988	0.5	0.9806122448979592
ERR176506	t1000	Rifampicin	0	0.005060853382001147	0	0.9192348565356004	0.9796149490373726	0.9704309531299151	0.9775619362360348	13.89025330543518	857.3151760000001	582964	0.5	0.9796149490373726
ERR176524	t1000	Isoniazid	0	0.019509598696068206	0	0.9233716475095786	0.9796747967479674	0.9674267100977199	0.9779818258950765	7.543636798858643	812.337028	568020	0.5	0.9796747967479674
ERR176524	t1000	Rifampicin	0	0.011148003431517959	0	0.9202975557917109	0.9807474518686297	0.9710600817867254	0.9775070360633981	13.92677354812622	1219.322161	582980	0.5	0.9807474518686297
ERR176533	t1000	Isoniazid	0	0.027241962404349142	0	0.9195402298850575	0.9805924412665986	0.9664495114006515	0.9776253241733656	10.481684446334839	730.716624	568300	0.5	0.9805924412665986
ERR176533	t1000	Rifampicin	0	0.010983238347504809	0	0.9192348565356004	0.9785067873303167	0.9701163888015099	0.9777412260264731	12.725533723831177	829.824253	583076	0.5	0.9785067873303167
ERR176567	t1000	Ethambutol	0	0.00556266970011958	0	0.8356713426853707	0.7595628415300546	0.9232424677187948	0.8296126055321451	14.20649003982544	1155.338392	529196	0.5	0.7595628415300546
ERR176567	t1000	Isoniazid	0	0.06882775115883286	0	0.9224137931034483	0.9806517311608961	0.9674267100977199	0.9776082833137605	9.319153308868408	784.893081	568156	0.5	0.9806517311608961
ERR176567	t1000	Pyrazinamide	0	0.0107806720391711	0	0.4808259587020649	0.8534031413612565	0.9005363237445149	0.7996638411709733	10.403001308441162	862.53144	413404	0.6979229894510635	0.7617554858934169
ERR176567	t1000	Rifampicin	0	0.004880889339836986	0	0.9181721572794899	0.9795918367346939	0.9701163888015099	0.9775376910562661	12.772979974746704	1161.205776	573236	0.5	0.9795918367346939
ERR176582	t1000	Isoniazid	0	0.025617633304932073	0	0.9195402298850575	0.9795918367346939	0.9661237785016287	0.9777952328206017	5.251112937927246	550.984063	568160	0.5	0.9795918367346939
ERR176582	t1000	Rifampicin	0	0.005360048704004152	0	0.9192348565356004	0.9774011299435028	0.9698018244731047	0.9776650034447654	4.241483211517334	390.55771599999997	573532	0.5	0.9774011299435028
ERR176585	t1000	Isoniazid	0	0.014184633508635332	0	0.9224137931034483	0.9806517311608961	0.9674267100977199	0.977824395107408	4.826872110366821	278.138976	567776	0.5	0.9806517311608961
ERR176585	t1000	Rifampicin	0	0.0157662433583098	0	0.9192348565356004	0.9807256235827665	0.9707455174583203	0.9772147787226214	5.803029775619507	486.187766	583008	0.5	0.9807256235827665
ERR176590	t1000	Isoniazid	0	0.03309746302210087	0	0.9224137931034483	0.9796541200406917	0.967100977198697	0.9778507808021588	7.933694362640381	822.264937	568024	0.5	0.9796541200406917
ERR176590	t1000	Rifampicin	0	0.02333420876265647	0	0.9202975557917109	0.9752252252252253	0.9694872601446995	0.9776783623454507	3.7843306064605713	307.35098899999997	573076	0.5	0.9752252252252253
ERR176605	t1000	Ethambutol	0	0.04209194708975367	0	0.8416833667334669	0.7678244972577697	0.9261119081779053	0.8386878315928952	17.525567293167114	1169.631666	528904	0.5	0.7678244972577697
ERR176605	t1000	Isoniazid	1	0.897681088706121	1	0.8065134099616859	0.9700460829493087	0.9257328990228013	0.9380432629117967	8.148423194885254	512.0991660000001	568256	0.7270612341908059	0.9587404994571118
ERR176605	t1000	Pyrazinamide	0	0.17567450193766257	0	0.4749262536873156	0.8563829787234043	0.9000487567040468	0.7978530043789693	3.1757447719573975	299.809117	413376	0.694296497673406	0.7507788161993769
ERR176605	t1000	Rifampicin	0	0.01151107046414005	0	0.9171094580233794	0.9751412429378531	0.9685435671594841	0.9776654471582829	4.340181589126587	368.295994	573488	0.5	0.9751412429378531
ERR176607	t1000	Ethambutol	0	0.004944718919646518	0	0.8336673346693386	0.7647058823529411	0.9243185078909613	0.829401625658254	5.751155138015747	646.6510920000001	529516	0.5	0.7647058823529411
ERR176607	t1000	Isoniazid	0	0.0200972310308469	0	0.9195402298850575	0.9815950920245399	0.9667752442996743	0.9780968291193427	5.110808372497559	356.318004	568012	0.5	0.9815950920245399
ERR176607	t1000	Pyrazinamide	0	0.010840203416590153	0	0.471976401179941	0.851063829787234	0.8990736226231106	0.8019531254051246	6.362947225570679	497.053176	413288	0.6946248451307804	0.7530864197530864
ERR176607	t1000	Rifampicin	0	0.005041507820134121	0	0.9192348565356004	0.9785067873303167	0.9701163888015099	0.9777918166739751	6.746575355529785	468.524883	573568	0.5	0.9785067873303167
ERR176624	t1000	Ethambutol	0	0.004480711902957751	0	0.8276553106212425	0.7634011090573013	0.9232424677187948	0.8320142237857632	3.882096529006958	316.309567	529240	0.5	0.7634011090573013
ERR176624	t1000	Isoniazid	1	0.016657823987561424	0	0.9224137931034483	0.9786585365853658	0.9667752442996743	0.9780003893061103	4.13882040977478	443.79152	568420	0.5	0.9786585365853658
ERR176624	t1000	Pyrazinamide	0	0.01170560825334611	0	0.4896755162241888	0.8512820512820513	0.901511457825451	0.8018982256835335	5.6518871784210205	641.9666050000001	413792	0.6858654402599516	0.7611464968152867
ERR176624	t1000	Rifampicin	0	0.004979442015514437	0	0.9192348565356004	0.9796149490373726	0.9704309531299151	0.9774783664760305	5.817332983016968	548.805647	564780	0.5	0.9796149490373726
ERR176635	t1000	Ethambutol	0	0.006254292901960919	0	0.8296593186372746	0.7638376383763837	0.9236011477761836	0.8265817904808435	3.6565213203430176	314.720479	528904	0.5	0.7638376383763837
ERR176635	t1000	Isoniazid	0	0.021442122106217494	0	0.9185823754789272	0.9795709908069459	0.9657980456026058	0.9782006329543311	12.833994150161743	687.858419	568380	0.5	0.9795709908069459
ERR176635	t1000	Pyrazinamide	0	0.011118329582124754	0	0.49557522123893805	0.8527918781725888	0.9024865919063871	0.8050553697958758	3.443751573562622	313.929187	413588	0.6999614773699732	0.7484848484848485
ERR176635	t1000	Rifampicin	0	0.02038015226126464	0	0.9192348565356004	0.9785067873303167	0.9701163888015099	0.9776217595374173	18.908978700637817	1246.316061	573020	0.5	0.9785067873303167
ERR176659	t1000	Isoniazid	0	0.020278509483843948	0	0.9204980842911877	0.9816138917262512	0.967100977198697	0.9780933900854184	12.12577486038208	1052.715187	568204	0.5	0.9816138917262512
ERR176659	t1000	Rifampicin	0	0.005189356105208889	0	0.9192348565356004	0.9762979683972912	0.9694872601446995	0.9778019113004901	18.88678503036499	1598.956489	573008	0.5	0.9762979683972912
ERR176666	t1000	Isoniazid	0	0.07842377576834045	0	0.9233716475095786	0.9796747967479674	0.9674267100977199	0.9780823460857059	16.127232789993286	1130.172664	567720	0.5	0.9796747967479674
ERR176666	t1000	Rifampicin	0	0.016060647941647757	0	0.9171094580233794	0.9784580498866213	0.9694872601446995	0.9777739188892466	17.79866361618042	1343.7286040000001	583096	0.5	0.9784580498866213
ERR176685	t1000	Isoniazid	0	0.02109756928182034	0	0.9195402298850575	0.9815950920245399	0.9667752442996743	0.9779821906267511	16.42572021484375	1247.577066	567988	0.5	0.9815950920245399
ERR176685	t1000	Rifampicin	0	0.005180336775041277	0	0.9202975557917109	0.9796380090497737	0.9707455174583203	0.9775990431766491	17.941190481185913	1059.13032	573124	0.5	0.9796380090497737
ERR176692	t1000	Isoniazid	0	0.02303229473676904	0	0.9195402298850575	0.9815950920245399	0.9667752442996743	0.9778470129074178	7.656575918197632	786.706212	567900	0.5	0.9815950920245399
ERR176692	t1000	Rifampicin	0	0.004908427291057367	0	0.9192348565356004	0.9807256235827665	0.9707455174583203	0.977764473505113	9.687495231628418	1019.8439129999999	582900	0.5	0.9807256235827665
ERR176701	t1000	Isoniazid	0	0.03502832185625568	0	0.9233716475095786	0.9816700610997964	0.9680781758957655	0.9779340640108776	8.36165475845337	506.821034	568032	0.5	0.9816700610997964
ERR176701	t1000	Rifampicin	0	0.02298252733587589	0	0.9192348565356004	0.9807256235827665	0.9707455174583203	0.9778948067870435	9.248695850372314	531.930601	574404	0.5	0.9807256235827665
ERR176736	t1000	Ethambutol	0	0.032891281570245415	0	0.8376753507014028	0.7669724770642202	0.9253945480631277	0.8333290356242287	14.56750750541687	943.110156	529336	0.5	0.7669724770642202
ERR176736	t1000	Isoniazid	1	0.9888246907560031	1	0.921455938697318	0.9776422764227642	0.9661237785016287	0.9774772031423333	10.126346588134766	606.9504469999999	568168	0.5	0.9776422764227642
ERR176736	t1000	Pyrazinamide	0	0.049129937011255745	0	0.4778761061946903	0.8526315789473684	0.9000487567040468	0.8058205345582052	14.945298194885254	1004.584246	413896	0.6967311183159842	0.765079365079365
ERR176736	t1000	Rifampicin	0	0.05435300690000852	0	0.9181721572794899	0.9807037457434733	0.9704309531299151	0.9771719078485702	9.781354188919067	549.005741	573012	0.5	0.9807037457434733
ERR176752	t1000	Ethambutol	0	0.13233835216100334	0	0.8336673346693386	0.7647058823529411	0.9243185078909613	0.8202597086416668	15.555019617080688	1303.640073	529640	0.5	0.7647058823529411
ERR176752	t1000	Isoniazid	1	0.9919471126133806	1	0.9204980842911877	0.9786150712830958	0.9661237785016287	0.9784345858236014	10.473272323608398	912.043551	567944	0.5	0.9786150712830958
ERR176752	t1000	Pyrazinamide	0	0.04125826515088046	0	0.49557522123893805	0.8527918781725888	0.9024865919063871	0.8047848664145753	14.656593084335327	1228.063099	413440	0.6813628743631018	0.7611464968152867
ERR176752	t1000	Rifampicin	0	0.06899085870555119	0	0.9181721572794899	0.9784824462061155	0.9698018244731047	0.9775195808138417	9.749755859375	1018.21377	573296	0.5	0.9784824462061155
ERR176789	t1000	Isoniazid	0	0.017617311413700952	0	0.921455938697318	0.9786368260427264	0.9664495114006515	0.977819632782941	10.860110759735107	1069.284785	568220	0.5	0.9786368260427264
ERR176789	t1000	Rifampicin	0	0.005107812651066765	0	0.9213602550478215	0.9763513513513513	0.9701163888015099	0.977593683898478	9.513965606689453	1001.435917	583000	0.5	0.9763513513513513
ERR176804	t1000	Ethambutol	0	0.00634587481262244	0	0.843687374749499	0.7682481751824818	0.9264705882352942	0.8310644500572959	4.87504243850708	498.474191	528992	0.5	0.7682481751824818
ERR176804	t1000	Isoniazid	0	0.013407484818910246	0	0.921455938697318	0.9806320081549439	0.967100977198697	0.9782712115265997	10.847379446029663	714.909784	568448	0.5	0.9806320081549439
ERR176804	t1000	Pyrazinamide	0	0.004200456978187526	0	0.48672566371681414	0.8505154639175257	0.9010238907849829	0.8024730662192051	4.087831735610962	367.26651200000003	413404	0.703360919353949	0.7578616352201258
ERR176804	t1000	Rifampicin	0	0.014751505050557258	0	0.9192348565356004	0.9796149490373726	0.9704309531299151	0.9775381721659928	10.574461460113525	641.134394	573068	0.5	0.9796149490373726
ERR176825	t1000	Ethambutol	0	0.006608456731625834	0	0.8376753507014028	0.7627737226277372	0.9243185078909613	0.822125426610738	3.1737711429595947	270.343704	529296	0.5	0.7627737226277372
ERR176825	t1000	Isoniazid	0	0.02182673340425569	0	0.9224137931034483	0.9806517311608961	0.9674267100977199	0.9776977433970991	5.91676664352417	548.413748	568488	0.5	0.9806517311608961
ERR176825	t1000	Pyrazinamide	0	0.008145746715493668	0	0.471976401179941	0.851063829787234	0.8990736226231106	0.8058147237902363	3.7608866691589355	400.653863	413460	0.7028748694038766	0.7531645569620253
ERR176825	t1000	Rifampicin	0	0.016390650138103417	0	0.9213602550478215	0.9774520856820744	0.9704309531299151	0.977777215170817	4.55472993850708	373.554392	583396	0.5	0.9774520856820744
ERR181674	t1000	Isoniazid	0	0.0232582168727439	0	0.921455938697318	0.9806320081549439	0.967100977198697	0.9774129685607229	4.101607322692871	351.360988	567964	0.5	0.9806320081549439
ERR181674	t1000	Rifampicin	0	0.005215412520105231	0	0.9202975557917109	0.9807474518686297	0.9710600817867254	0.9778499535481593	3.897038221359253	239.31940899999998	573192	0.5	0.9807474518686297
ERR181682	t1000	Isoniazid	0	0.012669655949858982	0	0.9224137931034483	0.9806517311608961	0.9674267100977199	0.9780875190330087	6.3721923828125	557.2026500000001	508308	0.5	0.9806517311608961
ERR181682	t1000	Rifampicin	0	0.010592250705929823	0	0.9192348565356004	0.9796149490373726	0.9704309531299151	0.9774116262466214	3.2566816806793213	245.862507	583176	0.5	0.9796149490373726
ERR181773	t1000	Isoniazid	0	0.020037421111908746	0	0.921455938697318	0.9806320081549439	0.967100977198697	0.977962764739507	10.136913299560547	738.0446310000001	568572	0.5	0.9806320081549439
ERR181773	t1000	Rifampicin	0	0.022083236618637758	0	0.9202975557917109	0.9807474518686297	0.9710600817867254	0.9775677632158637	3.597853422164917	321.456516	572952	0.5	0.9807474518686297
ERR181777	t1000	Isoniazid	0	0.021402646389771997	0	0.9195402298850575	0.9795918367346939	0.9661237785016287	0.9775064248052369	15.259236097335815	987.142468	568040	0.5	0.9795918367346939
ERR181777	t1000	Rifampicin	0	0.005248029798797501	0	0.9192348565356004	0.9807256235827665	0.9707455174583203	0.9775093566025709	18.05418848991394	1677.0848330000001	573328	0.5	0.9807256235827665
ERR181786	t1000	Isoniazid	0	0.03409248799820012	0	0.9204980842911877	0.9806122448979592	0.9667752442996743	0.9774701272030076	14.548164367675781	1181.106753	568016	0.5	0.9806122448979592
ERR181786	t1000	Rifampicin	0	0.011438942853165858	0	0.9202975557917109	0.9807474518686297	0.9710600817867254	0.9781009167813987	16.199488639831543	885.790476	583228	0.5	0.9807474518686297
ERR181795	t1000	Isoniazid	0	0.012766177041990817	0	0.9204980842911877	0.9786150712830958	0.9661237785016287	0.977606281833182	16.21092963218689	1024.943571	568468	0.5	0.9786150712830958
ERR181795	t1000	Rifampicin	0	0.011129299824529421	0	0.9181721572794899	0.9807037457434733	0.9704309531299151	0.9774282911580372	18.064287185668945	1176.6671310000002	573216	0.5	0.9807037457434733
ERR181808	t1000	Ethambutol	0	0.04028101591304216	0	0.8356713426853707	0.7651376146788991	0.9246771879483501	0.8297882315356102	18.208757400512695	1171.397271	529184	0.5	0.7651376146788991
ERR181808	t1000	Isoniazid	1	0.9917319128005718	1	0.9204980842911877	0.9796126401630989	0.9664495114006515	0.9779511716256278	16.26536536216736	1435.2833620000001	568556	0.5	0.9796126401630989
ERR181808	t1000	Pyrazinamide	0	0.03868415418119558	0	0.504424778761062	0.8507462686567164	0.9034617259873232	0.8080373203975133	11.659410238265991	903.956998	413820	0.6940380454568295	0.7424242424242424
ERR181808	t1000	Rifampicin	0	0.10987133829522437	0	0.9181721572794899	0.9807037457434733	0.9704309531299151	0.977157768988955	17.36958360671997	1428.825712	573340	0.5	0.9807037457434733
ERR181821	t1000	Isoniazid	0	0.04813226359977006	0	0.9204980842911877	0.9786150712830958	0.9661237785016287	0.9778657944411493	14.041956186294556	873.4081199999999	508360	0.5	0.9786150712830958
ERR181821	t1000	Rifampicin	0	0.04156938555449706	0	0.9192348565356004	0.9796149490373726	0.9704309531299151	0.9777360817639331	11.926634550094604	718.3213499999999	572840	0.5	0.9796149490373726
ERR181828	t1000	Isoniazid	0	0.07391557222906919	0	0.9204980842911877	0.9796126401630989	0.9664495114006515	0.977797602403136	14.288765668869019	1227.456109	568648	0.5	0.9796126401630989
ERR181828	t1000	Rifampicin	0	0.06709377670018102	0	0.9202975557917109	0.9796380090497737	0.9707455174583203	0.9774946808213413	11.160873413085938	1024.898446	583124	0.5	0.9796380090497737
ERR181863	t1000	Isoniazid	0	0.019031456129777934	0	0.9224137931034483	0.981651376146789	0.9677524429967427	0.9780730748986165	5.728251934051514	550.695205	568260	0.5	0.981651376146789
ERR181863	t1000	Rifampicin	0	0.01174446993350131	0	0.9192348565356004	0.9796149490373726	0.9704309531299151	0.9775172820080141	3.6648638248443604	322.00415100000004	583484	0.5	0.9796149490373726
ERR181868	t1000	Ethambutol	0	0.006604194094876009	0	0.8336673346693386	0.7661141804788214	0.9246771879483501	0.8295262274979164	2.9080286026000977	242.673633	486188	0.5	0.7661141804788214
ERR181868	t1000	Isoniazid	0	0.02550363881799567	0	0.9224137931034483	0.981651376146789	0.9677524429967427	0.9778388570760729	3.7723798751831055	309.81539399999997	568308	0.5	0.981651376146789
ERR181868	t1000	Pyrazinamide	0	0.014297401774940315	0	0.48672566371681414	0.8505154639175257	0.9010238907849829	0.8036587364312086	7.57771110534668	538.345922	413108	0.7015518694772004	0.7616099071207431
ERR181868	t1000	Rifampicin	0	0.004802868458591605	0	0.9202975557917109	0.9796380090497737	0.9707455174583203	0.9777798729082078	2.5625803470611572	199.801043	572960	0.5	0.9796380090497737
ERR181874	t1000	Ethambutol	0	0.005605753541008084	0	0.8416833667334669	0.7622504537205081	0.9246771879483501	0.8337899439322063	4.970366716384888	361.945493	486252	0.5	0.7622504537205081
ERR181874	t1000	Isoniazid	0	0.021272646178342805	0	0.9243295019157088	0.9796954314720813	0.9677524429967427	0.9775969111542452	8.79698896408081	572.3529130000001	567956	0.5	0.9796954314720813
ERR181874	t1000	Pyrazinamide	0	0.01110242671349587	0	0.4808259587020649	0.8578947368421053	0.9010238907849829	0.8023086402098021	2.6143858432769775	223.266783	413824	0.6928947902051458	0.75
ERR181874	t1000	Rifampicin	0	0.004831313677599992	0	0.9192348565356004	0.9796149490373726	0.9704309531299151	0.9778448169834612	8.939856052398682	640.56979	572908	0.5	0.9796149490373726
ERR181876	t1000	Ethambutol	0	0.004668647909028532	0	0.8316633266533067	0.7642725598526704	0.9239598278335724	0.8329470038514495	4.447940349578857	380.296234	529096	0.5	0.7642725598526704
ERR181876	t1000	Isoniazid	0	0.016723376163766367	0	0.921455938697318	0.9816326530612245	0.9674267100977199	0.9777567487745313	7.465165853500366	714.084149	508220	0.5	0.9816326530612245
ERR181876	t1000	Pyrazinamide	0	0.010322711027381094	0	0.4749262536873156	0.8518518518518519	0.8995611896635788	0.800825896468606	2.544156074523926	289.809097	413916	0.6991465213561826	0.7547169811320755
ERR181876	t1000	Rifampicin	0	0.005188420122281235	0	0.9192348565356004	0.9807256235827665	0.9707455174583203	0.9778359012121836	8.577932119369507	585.022262	583232	0.5	0.9807256235827665
ERR181879	t1000	Ethambutol	0	0.005309090415286979	0	0.8416833667334669	0.7636363636363637	0.9250358680057389	0.8321646132293307	3.3992624282836914	280.16026700000003	529372	0.5	0.7636363636363637
ERR181879	t1000	Isoniazid	0	0.02315802056626756	0	0.9233716475095786	0.9796747967479674	0.9674267100977199	0.9774920117899708	2.4843192100524902	223.46716999999998	568488	0.5	0.9796747967479674
ERR181879	t1000	Pyrazinamide	0	0.011988104919232016	0	0.4631268436578171	0.8532608695652174	0.8980984885421746	0.8065452650577425	2.3217475414276123	208.396439	413656	0.705619404300807	0.7586206896551724
ERR181879	t1000	Rifampicin	0	0.013665089980217652	0	0.9192348565356004	0.9807256235827665	0.9707455174583203	0.9776957556349193	4.716481447219849	465.509004	583088	0.5	0.9807256235827665
ERR181942	t1000	Ethambutol	0	0.02036965505653153	0	0.8296593186372746	0.7652495378927912	0.9239598278335724	0.8321173409980691	2.8384904861450195	196.544414	529612	0.5	0.7652495378927912
ERR181942	t1000	Isoniazid	1	0.877787655217285	1	0.921455938697318	0.9796334012219959	0.9667752442996743	0.9775147758189048	3.343142032623291	264.668007	568288	0.5	0.9796334012219959
ERR181942	t1000	Pyrazinamide	0	0.022775446051461378	0	0.45722713864306785	0.8516483516483516	0.8971233544612384	0.8011661281759704	2.334526300430298	212.13197899999997	417984	0.7030581337284849	0.7611464968152867
ERR181942	t1000	Rifampicin	0	0.06434546179512254	0	0.9192348565356004	0.9807256235827665	0.9707455174583203	0.9776788607768442	5.495519161224365	309.69130900000005	582980	0.5	0.9807256235827665
ERR181951	t1000	Isoniazid	0	0.015594455851613504	0	0.9224137931034483	0.9786585365853658	0.9667752442996743	0.9779665850852471	10.201932430267334	518.3277929999999	568020	0.5	0.9786585365853658
ERR181951	t1000	Rifampicin	0	0.007767332755371324	0	0.9202975557917109	0.9796380090497737	0.9707455174583203	0.977322702020838	9.59929609298706	823.901834	572956	0.5	0.9796380090497737
ERR181985	t1000	Isoniazid	0	0.021903960145090745	0	0.9195402298850575	0.9795918367346939	0.9661237785016287	0.9778005879159684	10.565284252166748	1006.588926	568576	0.5	0.9795918367346939
ERR181985	t1000	Rifampicin	0	0.004943323757447814	0	0.9192348565356004	0.9796149490373726	0.9704309531299151	0.9774552258702988	9.370110988616943	529.755951	572952	0.5	0.9796149490373726
ERR181989	t1000	Isoniazid	0	0.02350289946788226	0	0.9233716475095786	0.9796747967479674	0.9674267100977199	0.9774298333524393	3.8631303310394287	311.36344	568072	0.5	0.9796747967479674
ERR181989	t1000	Rifampicin	0	0.0051144194347019795	0	0.9192348565356004	0.9796149490373726	0.9704309531299151	0.9777677446609095	9.235344171524048	653.317323	582968	0.5	0.9796149490373726
ERR182016	t1000	Isoniazid	0	0.023292749200338393	0	0.9195402298850575	0.9825997952917093	0.967100977198697	0.9777131219336626	3.4836246967315674	313.928616	568124	0.5	0.9825997952917093
ERR182016	t1000	Rifampicin	0	0.005026897032818721	0	0.9213602550478215	0.9796610169491525	0.9710600817867254	0.9774583258834972	7.874810457229614	737.171834	573248	0.5	0.9796610169491525
ERR182021	t1000	Isoniazid	0	0.030701548716743524	0	0.9195402298850575	0.9815950920245399	0.9667752442996743	0.9779174950238484	11.679504632949829	780.733517	567968	0.5	0.9815950920245399
ERR182021	t1000	Rifampicin	0	0.0194692046910144	0	0.9192348565356004	0.9807256235827665	0.9707455174583203	0.9778079949388726	10.590445518493652	960.3131020000001	573500	0.5	0.9807256235827665
ERR182039	t1000	Isoniazid	0	0.019864292815570065	0	0.9195402298850575	0.9805924412665986	0.9664495114006515	0.9780892696911447	11.342466592788696	875.560621	568468	0.5	0.9805924412665986
ERR182039	t1000	Rifampicin	0	0.005174338540423528	0	0.9192348565356004	0.9796149490373726	0.9704309531299151	0.9774723023352737	9.745273113250732	522.688932	573276	0.5	0.9796149490373726
ERR182045	t1000	Isoniazid	0	0.029579499999212847	0	0.921455938697318	0.9806320081549439	0.967100977198697	0.9778894426907949	9.257392883300781	730.962038	568068	0.5	0.9806320081549439
ERR182045	t1000	Rifampicin	0	0.014178590603337204	0	0.9181721572794899	0.9784824462061155	0.9698018244731047	0.9776512811110147	14.511367082595825	987.422207	572988	0.5	0.9784824462061155
ERR182049	t1000	Isoniazid	0	0.028848285770253997	0	0.921455938697318	0.9796334012219959	0.9667752442996743	0.9779976837391144	9.674984455108643	690.947246	568336	0.5	0.9796334012219959
ERR182049	t1000	Rifampicin	0	0.011948286494613622	0	0.9213602550478215	0.9796610169491525	0.9710600817867254	0.9781260601352714	13.888725757598877	1190.9911969999998	573320	0.5	0.9796610169491525
ERR182050	t1000	Isoniazid	0	0.013044668883202288	0	0.9204980842911877	0.9796126401630989	0.9664495114006515	0.9779214776216271	3.2631728649139404	282.81448900000004	568316	0.5	0.9796126401630989
ERR182050	t1000	Rifampicin	0	0.016960865976407304	0	0.9202975557917109	0.9785310734463277	0.9704309531299151	0.977471361747155	7.424222707748413	627.3677710000001	583432	0.5	0.9785310734463277
ERR1873438	t1000	Ethambutol	1	0.8309167035646761	1	0.843687374749499	0.7696526508226691	0.926829268292683	0.8240217292036889	6.781700611114502	399.57200900000004	529132	0.5	0.7696526508226691
ERR1873438	t1000	Isoniazid	1	0.9180770278908361	1	0.921455938697318	0.9806320081549439	0.967100977198697	0.9779292926616656	6.174053192138672	454.56077400000004	568380	0.5	0.9806320081549439
ERR1873438	t1000	Pyrazinamide	0	0.9424782861231192	1	0.5014749262536873	0.85	0.9029741589468552	0.8042726358617084	3.0071871280670166	251.447019	413944	0.6736315054994949	0.7484276729559748
ERR1873438	t1000	Rifampicin	1	0.9939969923895866	1	0.9107332624867163	0.9749715585893061	0.9666561811890532	0.9753981086155148	2.8358070850372314	270.192881	558312	0.5	0.9749715585893061
ERR1873447	t1000	Ethambutol	1	0.7365923246757428	1	0.8236472945891784	0.7696629213483146	0.9243185078909613	0.8349265403034253	3.1341724395751953	268.770469	529356	0.5	0.7696629213483146
ERR1873447	t1000	Isoniazid	1	0.9932807332284576	1	0.9185823754789272	0.9795709908069459	0.9657980456026058	0.9767753175857853	3.1012468338012695	221.894136	568404	0.5	0.9795709908069459
ERR1873447	t1000	Pyrazinamide	1	0.921108081645444	1	0.4896755162241888	0.8512820512820513	0.901511457825451	0.8062088502891204	3.154554843902588	284.051017	397472	0.6893368253389931	0.7469135802469136
ERR1873447	t1000	Rifampicin	1	0.9941342044921855	1	0.9107332624867163	0.9749715585893061	0.9666561811890532	0.9738599397847396	8.552548885345459	406.64749500000005	564976	0.5	0.9749715585893061
ERR1873454	t1000	Ethambutol	1	0.6723567103981932	1	0.6833667334669339	0.751101321585903	0.9027977044476327	0.7817461691664223	3.092475175857544	261.555835	529248	0.5723621152797909	0.7204724409448819
ERR1873454	t1000	Isoniazid	1	0.9957786866707005	1	0.8936781609195402	0.9821052631578947	0.9583061889250815	0.9652560822290855	2.5315635204315186	198.36987	568184	0.5	0.9821052631578947
ERR1873454	t1000	Pyrazinamide	1	0.9550118792606037	1	0.528023598820059	0.8523809523809524	0.9068746952705997	0.817197802235219	2.1019110679626465	223.050358	373564	0.6756848473874641	0.7665615141955836
ERR1873454	t1000	Rifampicin	1	0.9888847407147162	1	0.9107332624867163	0.983926521239954	0.9691726958162944	0.9743865234279077	7.61540150642395	733.529372	558696	0.5	0.983926521239954
ERR1873468	t1000	Ethambutol	1	0.7547645310959569	1	0.8036072144288577	0.7566037735849057	0.9185796269727403	0.8227289502243402	2.8293395042419434	240.796267	529164	0.5	0.7566037735849057
ERR1873468	t1000	Isoniazid	1	0.9952268183710503	1	0.9099616858237548	0.979381443298969	0.9628664495114007	0.9760060285242108	9.005596399307251	539.4049080000001	567968	0.5	0.979381443298969
ERR1873468	t1000	Pyrazinamide	1	0.9851370350013959	1	0.46607669616519176	0.8540540540540541	0.8985860555826426	0.7998006174247203	6.468631029129028	524.823433	413796	0.6996900419495328	0.7570977917981072
ERR1873468	t1000	Rifampicin	1	0.9922187637293929	1	0.9117959617428267	0.9738933030646992	0.9666561811890532	0.9736286565146811	9.21591305732727	878.297836	564900	0.5	0.9738933030646992
ERR1873486	t1000	Ethambutol	0	0.7889047753234365	1	0.8016032064128257	0.7575757575757576	0.9185796269727403	0.8221051824826985	3.327648639678955	284.717105	529284	0.5	0.7575757575757576
ERR1873486	t1000	Isoniazid	1	0.9954636703554468	1	0.9118773946360154	0.9764102564102564	0.9625407166123778	0.9755865710773461	7.972867488861084	755.8989389999999	568044	0.5	0.9764102564102564
ERR1873486	t1000	Pyrazinamide	1	0.9376932306269997	1	0.48672566371681414	0.8505154639175257	0.9010238907849829	0.7999117968119237	4.586881875991821	427.14439799999997	413400	0.6871416962971603	0.75
ERR1873486	t1000	Rifampicin	1	0.9935840244619543	1	0.9096705632306057	0.9749430523917996	0.966341616860648	0.9737511185754146	8.934388637542725	458.180209	573316	0.5	0.9749430523917996
ERR1873493	t1000	Ethambutol	0	0.5578701084334223	1	0.8176352705410822	0.7654784240150094	0.9225251076040172	0.8305876577967976	5.744919300079346	353.71685199999996	529056	0.5	0.7654784240150094
ERR1873493	t1000	Isoniazid	1	0.9957807646732825	1	0.921455938697318	0.9776422764227642	0.9661237785016287	0.9773011809040733	11.514833927154541	744.9192840000001	567932	0.5	0.9776422764227642
ERR1873493	t1000	Pyrazinamide	1	0.9017703188977533	1	0.4808259587020649	0.8534031413612565	0.9005363237445149	0.8015230762849799	6.897144317626953	507.514063	373712	0.6977503812826579	0.7538940809968847
ERR1873493	t1000	Rifampicin	1	0.9876495864193183	1	0.9160467587672688	0.9806598407281001	0.9698018244731047	0.9767722902028394	11.857075214385986	998.113176	572972	0.5	0.9806598407281001
ERR1873526	t1000	Ethambutol	1	0.5642844119789359	1	0.8196392785571143	0.7702448210922788	0.9239598278335724	0.8319696558913685	5.111563444137573	514.8425500000001	529320	0.5	0.7702448210922788
ERR1873526	t1000	Isoniazid	1	0.9954108466724876	1	0.9204980842911877	0.9786150712830958	0.9661237785016287	0.977822989557521	10.63529086112976	941.792771	568200	0.5	0.9786150712830958
ERR1873526	t1000	Pyrazinamide	1	0.9253668073475629	1	0.4896755162241888	0.8556701030927835	0.9019990248659191	0.8050671313111337	6.033848762512207	464.065822	413528	0.6939367077138674	0.7620578778135049
ERR1873526	t1000	Rifampicin	1	0.9877305456178849	1	0.9171094580233794	0.9829157175398633	0.9707455174583203	0.9764462575292183	11.056787967681885	765.7403899999999	573076	0.5	0.9829157175398633
ERR1873565	t1000	Ethambutol	1	0.7911852149197955	1	0.8356713426853707	0.7665441176470589	0.9250358680057389	0.8273266161254152	3.1513378620147705	264.614783	529376	0.5	0.7665441176470589
ERR1873565	t1000	Isoniazid	1	0.9170463762466896	1	0.9224137931034483	0.9796541200406917	0.967100977198697	0.976921309690854	2.999532461166382	222.946634	568136	0.5	0.9796541200406917
ERR1873565	t1000	Pyrazinamide	1	0.9593603645012937	1	0.4778761061946903	0.8526315789473684	0.9000487567040468	0.7807596898489697	8.047831296920776	570.904231	413304	0.7195551864088093	0.7424242424242424
ERR1873565	t1000	Rifampicin	1	0.9937212088410308	1	0.9117959617428267	0.9727891156462585	0.966341616860648	0.9755437668072946	3.041713237762451	252.682081	564992	0.5	0.9727891156462585
ERR190336	t1000	Isoniazid	0	0.020124524183216846	0	0.921455938697318	0.9786368260427264	0.9664495114006515	0.9778860348055327	7.644376039505005	629.594251	568176	0.5	0.9786368260427264
ERR190336	t1000	Rifampicin	0	0.011897873370924811	0	0.9192348565356004	0.9785067873303167	0.9701163888015099	0.9775035108163646	3.8586795330047607	327.756273	583140	0.5	0.9785067873303167
ERR190346	t1000	Isoniazid	0	0.039557891923356917	0	0.9195402298850575	0.9805924412665986	0.9664495114006515	0.9780328490818527	5.012734413146973	434.824514	567808	0.5	0.9805924412665986
ERR190346	t1000	Rifampicin	0	0.018537555981009625	0	0.9202975557917109	0.9807474518686297	0.9710600817867254	0.9777417083404327	10.8608980178833	621.256302	572796	0.5	0.9807474518686297
ERR190348	t1000	Isoniazid	0	0.022368741671294746	0	0.9224137931034483	0.9806517311608961	0.9674267100977199	0.9776908851572194	6.7481560707092285	434.011754	568200	0.5	0.9806517311608961
ERR190348	t1000	Rifampicin	0	0.004924407114749502	0	0.9192348565356004	0.9807256235827665	0.9707455174583203	0.9776317262188193	11.326732397079468	950.908155	572764	0.5	0.9807256235827665
ERR190352	t1000	Isoniazid	0	0.9171812824447512	1	0.9204980842911877	0.9796126401630989	0.9664495114006515	0.9779318217800865	3.030038595199585	258.673698	568292	0.5	0.9796126401630989
ERR190352	t1000	Pyrazinamide	0	0.04641835248786354	0	0.4749262536873156	0.8518518518518519	0.8995611896635788	0.8004773269200662	3.803609848022461	316.17856500000005	414028	0.6811559914541168	0.759375
ERR190352	t1000	Rifampicin	0	0.01455151535386627	0	0.9213602550478215	0.9763513513513513	0.9701163888015099	0.9777242789637848	10.444102048873901	671.855593	565480	0.5	0.9763513513513513
ERR190382	t1000	Isoniazid	0	0.016214894798835436	0	0.921455938697318	0.9806320081549439	0.967100977198697	0.9778896108508194	5.126132011413574	391.264727	568316	0.5	0.9806320081549439
ERR190382	t1000	Rifampicin	0	0.011521676098178071	0	0.9202975557917109	0.9807474518686297	0.9710600817867254	0.9773940022043953	11.863775968551636	1070.010608	573440	0.5	0.9807474518686297
ERR190389	t1000	Isoniazid	0	0.03802911755060731	0	0.9204980842911877	0.9816138917262512	0.967100977198697	0.9778722764138628	4.113917350769043	386.832054	568480	0.5	0.9816138917262512
ERR190389	t1000	Rifampicin	0	0.016731873023059875	0	0.9192348565356004	0.9807256235827665	0.9707455174583203	0.9775333041935291	8.117974758148193	448.742917	573320	0.5	0.9807256235827665
ERR190397	t1000	Ethambutol	0	0.012203228895545395	0	0.8276553106212425	0.7662337662337663	0.9239598278335724	0.8288473281413015	2.567004442214966	200.559044	529488	0.5	0.7662337662337663
ERR190397	t1000	Isoniazid	0	0.03880706233585912	0	0.9195402298850575	0.9805924412665986	0.9664495114006515	0.9779420352129895	2.4283320903778076	226.529964	568156	0.5	0.9805924412665986
ERR190397	t1000	Pyrazinamide	0	0.00953848522957383	0	0.4749262536873156	0.8518518518518519	0.8995611896635788	0.8066600644618175	9.560828447341919	795.2032389999999	413700	0.6921996606892162	0.7523510971786834
ERR190397	t1000	Rifampicin	0	0.031366594481449794	0	0.9202975557917109	0.9763246899661782	0.9698018244731047	0.9774287757856817	7.437321662902832	696.287031	583272	0.5	0.9763246899661782
ERR190408	t1000	Isoniazid	0	0.018084102803343053	0	0.9233716475095786	0.9816700610997964	0.9680781758957655	0.9782285737773166	3.31052303314209	283.927738	567976	0.5	0.9816700610997964
ERR190408	t1000	Rifampicin	0	0.013055042301608429	0	0.9192348565356004	0.9807256235827665	0.9707455174583203	0.9775262690692179	10.942228078842163	1165.1559320000001	572964	0.5	0.9807256235827665
ERR2041936	t1000	Ethambutol	1	0.8448223365327734	1	0.8356713426853707	0.7651376146788991	0.9246771879483501	0.827598000119153	3.3188157081604004	246.61582199999998	529340	0.5	0.7651376146788991
ERR2041936	t1000	Isoniazid	1	0.9952191839704879	1	0.9185823754789272	0.9785714285714285	0.965472312703583	0.9770979056273846	3.289045572280884	239.580927	568476	0.5	0.9785714285714285
ERR2041936	t1000	Pyrazinamide	0	0.33884302028087876	0	0.4896755162241888	0.8556701030927835	0.9019990248659191	0.8019365506550146	3.1226203441619873	320.493241	413860	0.6792953332303481	0.7484276729559748
ERR2041936	t1000	Rifampicin	1	0.99369652764714	1	0.9128586609989373	0.9739229024943311	0.9669707455174583	0.9750946752496508	13.226438522338867	775.402366	572804	0.5	0.9739229024943311
ERR212004	t1000	Isoniazid	0	0.044854893184847505	0	0.9204980842911877	0.9806122448979592	0.9667752442996743	0.9780561271723276	7.7812418937683105	531.566421	568460	0.5	0.9806122448979592
ERR212004	t1000	Rifampicin	0	0.015505405750277756	0	0.9192348565356004	0.9796149490373726	0.9704309531299151	0.9775192057185834	13.548800706863403	1268.6057919999998	573316	0.5	0.9796149490373726
ERR212031	t1000	Isoniazid	0	0.018865363754236367	0	0.9233716475095786	0.9796747967479674	0.9674267100977199	0.9777967268302443	6.209376811981201	534.1598650000001	567928	0.5	0.9796747967479674
ERR212031	t1000	Rifampicin	0	0.012328169776658102	0	0.9202975557917109	0.9774266365688488	0.9701163888015099	0.9772952127188461	12.941460847854614	700.460694	583044	0.5	0.9774266365688488
ERR212032	t1000	Isoniazid	0	0.02246066015302762	0	0.9195402298850575	0.9805924412665986	0.9664495114006515	0.9776899114887145	3.214019775390625	332.716602	568228	0.5	0.9805924412665986
ERR212032	t1000	Rifampicin	0	0.004976181702506281	0	0.9202975557917109	0.9807474518686297	0.9710600817867254	0.9777760289053854	2.9926445484161377	248.585	583324	0.5	0.9807474518686297
ERR212050	t1000	Isoniazid	0	0.02624341052820714	0	0.921455938697318	0.9806320081549439	0.967100977198697	0.978049976030255	3.2351882457733154	255.87435399999998	568440	0.5	0.9806320081549439
ERR212050	t1000	Rifampicin	0	0.017713436100278635	0	0.9213602550478215	0.9763513513513513	0.9701163888015099	0.9776490030980999	4.54621434211731	345.509864	573344	0.5	0.9763513513513513
ERR212066	t1000	Isoniazid	0	0.022160305734181717	0	0.9224137931034483	0.9806517311608961	0.9674267100977199	0.9781902776283949	8.689884185791016	508.453994	568104	0.5	0.9806517311608961
ERR212066	t1000	Rifampicin	0	0.012512414283676656	0	0.9202975557917109	0.9807474518686297	0.9710600817867254	0.9776513194286328	11.637627363204956	920.243889	583156	0.5	0.9807474518686297
ERR212089	t1000	Isoniazid	0	0.05364032400433411	0	0.921455938697318	0.9806320081549439	0.967100977198697	0.9776436443476046	9.15028715133667	789.288972	568056	0.5	0.9806320081549439
ERR212089	t1000	Rifampicin	0	0.01649520466891378	0	0.9202975557917109	0.9807474518686297	0.9710600817867254	0.9774536492404261	11.725044012069702	710.84691	583256	0.5	0.9807474518686297
ERR212104	t1000	Ethambutol	0	0.013246044950316433	0	0.8336673346693386	0.7661141804788214	0.9246771879483501	0.8309609168626974	2.850184202194214	235.878798	529484	0.5	0.7661141804788214
ERR212104	t1000	Isoniazid	0	0.08750423911456646	0	0.921455938697318	0.9796334012219959	0.9667752442996743	0.9775842925506462	5.96049427986145	473.05911499999996	567940	0.5	0.9796334012219959
ERR212104	t1000	Pyrazinamide	0	0.04385143390595563	0	0.4808259587020649	0.8534031413612565	0.9005363237445149	0.8020336227216819	3.0507333278656006	313.394275	413616	0.692883967317673	0.7555555555555555
ERR212104	t1000	Rifampicin	0	0.061556221695084096	0	0.9181721572794899	0.9807037457434733	0.9704309531299151	0.97758211160474	3.365659713745117	215.12574700000002	583384	0.5	0.9807037457434733
ERR212115	t1000	Ethambutol	0	0.004596200097034172	0	0.8336673346693386	0.7647058823529411	0.9243185078909613	0.8324728398472613	3.840015172958374	391.511348	529364	0.5	0.7647058823529411
ERR212115	t1000	Isoniazid	0	0.02585519832819277	0	0.9204980842911877	0.9816138917262512	0.967100977198697	0.9778082414229837	4.853963375091553	479.389612	568424	0.5	0.9816138917262512
ERR212115	t1000	Pyrazinamide	0	0.013037130758807533	0	0.4778761061946903	0.8526315789473684	0.9000487567040468	0.8036662977300008	3.6906042098999023	326.07500699999997	413404	0.6917201101992936	0.7617554858934169
ERR212115	t1000	Rifampicin	0	0.02113649097888928	0	0.9192348565356004	0.9796149490373726	0.9704309531299151	0.9773871279068281	2.917941093444824	239.003121	573460	0.5	0.9796149490373726
ERR212161	t1000	Isoniazid	0	0.019611079468023155	0	0.9233716475095786	0.9806714140386572	0.9677524429967427	0.9779703682469132	4.009891748428345	385.47964	567740	0.5	0.9806714140386572
ERR212161	t1000	Rifampicin	0	0.010764084891467223	0	0.9181721572794899	0.9784824462061155	0.9698018244731047	0.9773199895838334	7.446373224258423	584.2891900000001	582980	0.5	0.9784824462061155
ERR2124097	t1000	Ethambutol	1	0.7822507376699089	1	0.8396793587174348	0.7659963436928702	0.9253945480631277	0.8368098844470016	2.91207218170166	222.797859	529560	0.5	0.7659963436928702
ERR2124097	t1000	Isoniazid	1	0.9926736788705964	1	0.9195402298850575	0.9775967413441955	0.965472312703583	0.9772269592334044	4.586711406707764	308.818267	508020	0.5	0.9775967413441955
ERR2124097	t1000	Rifampicin	0	0.1787961813208621	0	0.9181721572794899	0.9795918367346939	0.9701163888015099	0.9773505583894095	8.213785886764526	396.897855	573228	0.5	0.9795918367346939
ERR2124104	t1000	Ethambutol	0	0.0044744108932180966	0	0.8276553106212425	0.7634011090573013	0.9232424677187948	0.8315505933989156	3.79146409034729	303.60344899999996	529556	0.5	0.7634011090573013
ERR2124104	t1000	Isoniazid	0	0.016278507921056635	0	0.9233716475095786	0.9806714140386572	0.9677524429967427	0.9774289874606854	10.132695198059082	596.664881	568148	0.5	0.9806714140386572
ERR2124104	t1000	Rifampicin	0	0.007530069379034733	0	0.9202975557917109	0.9796380090497737	0.9707455174583203	0.9775667746141417	10.769594192504883	732.695445	572744	0.5	0.9796380090497737
ERR2145490	t1000	Ethambutol	0	0.004827436158825949	0	0.8336673346693386	0.763302752293578	0.9239598278335724	0.8286989031376923	2.7436795234680176	245.891419	529616	0.5	0.763302752293578
ERR2145490	t1000	Isoniazid	0	0.017293824213753008	0	0.9195402298850575	0.9805924412665986	0.9664495114006515	0.9779353591520056	9.258312702178955	931.382804	568132	0.5	0.9805924412665986
ERR2145490	t1000	Rifampicin	0	0.010973237522239448	0	0.9117959617428267	0.9783352337514253	0.9679144385026738	0.9763049949586298	9.889243602752686	789.383168	572908	0.5	0.9783352337514253
ERR2145504	t1000	Ethambutol	0	0.015154989624404777	0	0.8296593186372746	0.7666666666666667	0.9243185078909613	0.8295707761808377	4.192791938781738	342.010626	529348	0.5	0.7666666666666667
ERR2145504	t1000	Isoniazid	0	0.05231833276269372	0	0.9233716475095786	0.9806714140386572	0.9677524429967427	0.9782989280999725	2.68741774559021	224.275501	567988	0.5	0.9806714140386572
ERR2145504	t1000	Rifampicin	0	0.037124030601259295	0	0.9202975557917109	0.9796380090497737	0.9707455174583203	0.9776847015105289	7.120893716812134	708.94141	572972	0.5	0.9796380090497737
ERR216980	t1000	Isoniazid	0	0.02094555354467745	0	0.9233716475095786	0.9816700610997964	0.9680781758957655	0.9779801960581133	3.8580405712127686	333.178093	568028	0.5	0.9816700610997964
ERR216980	t1000	Rifampicin	0	0.01191056540645079	0	0.9202975557917109	0.9763246899661782	0.9698018244731047	0.9777786362043074	8.201185464859009	439.80407799999995	572932	0.5	0.9763246899661782
ERR221531	t1000	Isoniazid	0	0.021258562815250657	0	0.921455938697318	0.9806320081549439	0.967100977198697	0.977455129862783	5.791497707366943	584.121039	567988	0.5	0.9806320081549439
ERR221531	t1000	Rifampicin	0	0.0052801686864458975	0	0.9192348565356004	0.9796149490373726	0.9704309531299151	0.9776644153166957	8.421264171600342	711.694794	573440	0.5	0.9796149490373726
ERR221547	t1000	Isoniazid	0	0.014395010363131728	0	0.9195402298850575	0.9805924412665986	0.9664495114006515	0.9777164606365348	6.366570711135864	365.310032	568208	0.5	0.9805924412665986
ERR221547	t1000	Rifampicin	0	0.015385444534572473	0	0.9192348565356004	0.9807256235827665	0.9707455174583203	0.9775897446858111	9.32131814956665	547.967113	572852	0.5	0.9807256235827665
ERR221584	t1000	Isoniazid	0	0.05556499356801028	0	0.9204980842911877	0.9806122448979592	0.9667752442996743	0.977951124162212	5.610349178314209	384.12875199999996	567868	0.5	0.9806122448979592
ERR221584	t1000	Rifampicin	0	0.04446526998822619	0	0.9192348565356004	0.9796149490373726	0.9704309531299151	0.9773796706644841	9.353410959243774	545.401933	572924	0.5	0.9796149490373726
ERR221596	t1000	Ethambutol	0	0.006614081167866339	0	0.8276553106212425	0.7634011090573013	0.9232424677187948	0.8279505981728383	3.089688777923584	258.241753	529108	0.5	0.7634011090573013
ERR221596	t1000	Isoniazid	1	0.869891376503575	1	0.921455938697318	0.9806320081549439	0.967100977198697	0.9777262445870368	3.3565776348114014	320.901498	567956	0.5	0.9806320081549439
ERR221596	t1000	Pyrazinamide	0	0.10222404547721302	0	0.4837758112094395	0.8541666666666666	0.9010238907849829	0.8013690169853387	3.150794744491577	286.193303	413888	0.6894825516560182	0.750788643533123
ERR221596	t1000	Rifampicin	0	0.030943324917689505	0	0.8862911795961743	0.9608294930875576	0.9556464296948726	0.967764318733099	8.563419342041016	842.201847	573032	0.5	0.9608294930875576
ERR221609	t1000	Ethambutol	0	0.004558415737281554	0	0.8276553106212425	0.7619926199261993	0.922883787661406	0.8215279691137175	4.541728973388672	363.944476	529564	0.5	0.7619926199261993
ERR221609	t1000	Isoniazid	0	0.024683830857610632	0	0.921455938697318	0.9816326530612245	0.9674267100977199	0.9775060062119824	4.6886632442474365	410.35491199999996	567860	0.5	0.9816326530612245
ERR221609	t1000	Pyrazinamide	0	0.011496419416343811	0	0.45427728613569324	0.850828729281768	0.8966357874207703	0.8013788024668357	3.3302950859069824	303.93602599999997	413252	0.7164004518049409	0.7492163009404389
ERR221609	t1000	Rifampicin	0	0.006880043814626835	0	0.9202975557917109	0.9763246899661782	0.9698018244731047	0.977694280127378	3.2494025230407715	222.675465	583164	0.5	0.9763246899661782
ERR245685	t1000	Isoniazid	0	0.014277471156339408	0	0.9224137931034483	0.9796541200406917	0.967100977198697	0.9780588538212094	2.3484487533569336	203.821753	567964	0.5	0.9796541200406917
ERR245685	t1000	Rifampicin	0	0.015970320850349533	0	0.9202975557917109	0.9796380090497737	0.9707455174583203	0.9776887057207347	2.618640661239624	207.003902	573056	0.5	0.9796380090497737
ERR245686	t1000	Isoniazid	0	0.018580108426701526	0	0.921455938697318	0.9796334012219959	0.9667752442996743	0.9777582206139267	2.4028005599975586	212.64255	568028	0.5	0.9796334012219959
ERR245686	t1000	Rifampicin	0	0.012878515265174206	0	0.9202975557917109	0.9774266365688488	0.9701163888015099	0.9777028979001975	6.2073352336883545	605.3452060000001	573424	0.5	0.9774266365688488
ERR245701	t1000	Isoniazid	0	0.0911184391612184	0	0.921455938697318	0.9796334012219959	0.9667752442996743	0.9778740445886841	3.7916128635406494	323.17080000000004	568328	0.5	0.9796334012219959
ERR245701	t1000	Rifampicin	0	0.051156599633960124	0	0.9202975557917109	0.9774266365688488	0.9701163888015099	0.9775680823532232	7.0160980224609375	368.590466	573068	0.5	0.9774266365688488
ERR245702	t1000	Isoniazid	0	0.01801240107260257	0	0.921455938697318	0.9816326530612245	0.9674267100977199	0.9777726282886628	3.892512798309326	340.836092	567936	0.5	0.9816326530612245
ERR245702	t1000	Rifampicin	0	0.011371259265456918	0	0.9181721572794899	0.9807037457434733	0.9704309531299151	0.9774397860311232	6.816596031188965	395.789952	583432	0.5	0.9807037457434733
ERR245709	t1000	Isoniazid	0	0.016400361952180875	0	0.9224137931034483	0.9796541200406917	0.967100977198697	0.9775080620190071	2.673600673675537	213.136771	568104	0.5	0.9796541200406917
ERR245709	t1000	Rifampicin	0	0.014126642702903567	0	0.9202975557917109	0.9807474518686297	0.9710600817867254	0.9775460666043101	6.0071351528167725	562.273602	583264	0.5	0.9807474518686297
ERR245718	t1000	Ethambutol	0	0.030870357846328286	0	0.8276553106212425	0.7634011090573013	0.9232424677187948	0.8378954689976857	2.70772123336792	216.29860000000002	529260	0.5	0.7634011090573013
ERR245718	t1000	Isoniazid	1	0.9911435991560231	1	0.9204980842911877	0.9796126401630989	0.9664495114006515	0.9778819641880965	3.14090895652771	228.660725	568240	0.5	0.9796126401630989
ERR245718	t1000	Pyrazinamide	0	0.07519335805509433	0	0.45427728613569324	0.850828729281768	0.8966357874207703	0.8050509769899463	2.5674643516540527	255.823934	413656	0.7004378707622376	0.7682539682539683
ERR245718	t1000	Rifampicin	0	0.12697296936784455	0	0.9181721572794899	0.9784824462061155	0.9698018244731047	0.9777126511376373	3.6277718544006348	317.841154	583508	0.5	0.9784824462061155
ERR245723	t1000	Isoniazid	0	0.039636040859760274	0	0.921455938697318	0.9816326530612245	0.9674267100977199	0.9778784266314974	2.7535412311553955	197.067466	568200	0.5	0.9816326530612245
ERR245723	t1000	Rifampicin	0	0.05840517273472243	0	0.9202975557917109	0.9807474518686297	0.9710600817867254	0.9775661317340022	5.2541656494140625	356.055218	573040	0.5	0.9807474518686297
ERR245727	t1000	Isoniazid	0	0.0136194207588721	0	0.921455938697318	0.9786368260427264	0.9664495114006515	0.9778368931871009	9.122402429580688	535.456587	567992	0.5	0.9786368260427264
ERR245727	t1000	Rifampicin	0	0.011173331347480147	0	0.9202975557917109	0.9796380090497737	0.9707455174583203	0.9775024886883366	6.73809552192688	401.864894	573232	0.5	0.9796380090497737
ERR245733	t1000	Ethambutol	0	0.027245447373413268	0	0.8296593186372746	0.7610294117647058	0.922883787661406	0.8322393062857167	3.3773927688598633	310.88793200000003	529348	0.5	0.7610294117647058
ERR245733	t1000	Isoniazid	1	0.9917948560527824	1	0.921455938697318	0.9776422764227642	0.9661237785016287	0.9776839225569034	8.525282382965088	656.0440719999999	568020	0.5	0.9776422764227642
ERR245733	t1000	Pyrazinamide	0	0.0888724924475387	0	0.471976401179941	0.8556149732620321	0.8995611896635788	0.8041400208727885	3.1813266277313232	362.308851	413384	0.6843292285819833	0.7547169811320755
ERR245733	t1000	Rifampicin	0	0.21959935692386282	0	0.9202975557917109	0.9807474518686297	0.9710600817867254	0.9773987340846217	6.572296142578125	582.446157	573280	0.5	0.9807474518686297
ERR245736	t1000	Isoniazid	0	0.015918948516975978	0	0.921455938697318	0.9806320081549439	0.967100977198697	0.977914630285847	8.41433072090149	531.705111	568416	0.5	0.9806320081549439
ERR245736	t1000	Rifampicin	0	0.0160561832107207	0	0.9192348565356004	0.9807256235827665	0.9707455174583203	0.977664057086076	3.4168965816497803	258.516668	583116	0.5	0.9807256235827665
ERR245767	t1000	Isoniazid	0	0.015369783425572043	0	0.9224137931034483	0.9796541200406917	0.967100977198697	0.9777130582557781	8.049996376037598	736.4682730000001	567936	0.5	0.9796541200406917
ERR245767	t1000	Rifampicin	0	0.00536197454073064	0	0.9192348565356004	0.9796149490373726	0.9704309531299151	0.9777360618267105	2.667786121368408	200.52035800000002	573400	0.5	0.9796149490373726
ERR245773	t1000	Isoniazid	0	0.023500298262876654	0	0.9204980842911877	0.9816138917262512	0.967100977198697	0.9778462790874526	2.27557110786438	182.432147	568520	0.5	0.9816138917262512
ERR245773	t1000	Rifampicin	0	0.008131196096190892	0	0.9192348565356004	0.9796149490373726	0.9704309531299151	0.9775938059111443	7.236955642700195	802.8603019999999	573348	0.5	0.9796149490373726
ERR245777	t1000	Ethambutol	0	0.012347492530415505	0	0.8296593186372746	0.7666666666666667	0.9243185078909613	0.8348305714012056	4.910045385360718	461.31118100000003	529708	0.5	0.7666666666666667
ERR245777	t1000	Isoniazid	1	0.879487113058213	1	0.921455938697318	0.9796334012219959	0.9667752442996743	0.9778691192442548	3.149095296859741	254.35241000000002	568288	0.5	0.9796334012219959
ERR245777	t1000	Pyrazinamide	0	0.030071117738916707	0	0.5014749262536873	0.85	0.9029741589468552	0.8047685322969234	5.464027643203735	555.621866	413316	0.6869659749791349	0.75
ERR245777	t1000	Rifampicin	0	0.03293860068705365	0	0.9181721572794899	0.9795918367346939	0.9701163888015099	0.9776477645674256	7.91118311882019	423.25683399999997	573012	0.5	0.9795918367346939
ERR245785	t1000	Isoniazid	0	0.012641369169880479	0	0.9233716475095786	0.9806714140386572	0.9677524429967427	0.9781764446999238	13.163456201553345	1149.284101	568016	0.5	0.9806714140386572
ERR245785	t1000	Rifampicin	0	0.016255339723457985	0	0.9192348565356004	0.9762979683972912	0.9694872601446995	0.9776329771709866	8.324669361114502	727.284977	583304	0.5	0.9762979683972912
ERR245787	t1000	Isoniazid	0	0.02271009812737849	0	0.9224137931034483	0.9806517311608961	0.9674267100977199	0.9776447516872934	12.012771606445312	720.308774	568480	0.5	0.9806517311608961
ERR245787	t1000	Rifampicin	0	0.00508742365870146	0	0.9192348565356004	0.9785067873303167	0.9701163888015099	0.9776810657112569	9.225193500518799	520.754085	565308	0.5	0.9785067873303167
ERR245798	t1000	Isoniazid	0	0.022891436370534535	0	0.921455938697318	0.9816326530612245	0.9674267100977199	0.9776727572350318	4.693984031677246	419.320361	567944	0.5	0.9816326530612245
ERR245798	t1000	Rifampicin	0	0.0049469469190164825	0	0.9192348565356004	0.9807256235827665	0.9707455174583203	0.9773311939330737	7.19773006439209	629.126266	573400	0.5	0.9807256235827665
ERR3256128	t1000	Isoniazid	1	0.9953007139434558	1	0.8975095785440613	0.9832109129066107	0.9599348534201955	0.9659585563797604	5.246965408325195	338.838027	568020	0.5	0.9832109129066107
ERR3256128	t1000	Rifampicin	1	0.9926952995094631	1	0.9117959617428267	0.975	0.9669707455174583	0.9731574458328089	8.615490913391113	592.019018	573064	0.5	0.975
ERR3256132	t1000	Ethambutol	1	0.06905777324369533	0	0.8396793587174348	0.7659963436928702	0.9253945480631277	0.8272222359146106	2.81408953666687	229.310691	529688	0.5	0.7659963436928702
ERR3256132	t1000	Isoniazid	1	0.9928842026395756	1	0.9185823754789272	0.9795709908069459	0.9657980456026058	0.9775066015221816	2.7526214122772217	239.185549	568192	0.5	0.9795709908069459
ERR3256132	t1000	Rifampicin	1	0.9830022879305937	1	0.9075451647183846	0.9693530079455165	0.9641396665618119	0.9746338267171217	6.480941295623779	614.87755	564940	0.5	0.9693530079455165
ERR3256158	t1000	Ethambutol	0	0.006626348307825023	0	0.8256513026052105	0.7657992565055762	0.9236011477761836	0.8334218693294125	2.7541723251342773	178.686545	529304	0.5	0.7657992565055762
ERR3256158	t1000	Isoniazid	0	0.008913924796106764	0	0.9224137931034483	0.9806517311608961	0.9674267100977199	0.9780967106740571	3.569917917251587	280.50861000000003	568232	0.5	0.9806517311608961
ERR3256158	t1000	Rifampicin	0	0.01194188233198199	0	0.9202975557917109	0.9807474518686297	0.9710600817867254	0.9777282140375231	7.417248249053955	433.535994	564924	0.5	0.9807474518686297
ERR3256200	t1000	Ethambutol	0	0.006722133594753675	0	0.8276553106212425	0.7648148148148148	0.9236011477761836	0.832531965657923	2.802367925643921	222.065958	529652	0.5	0.7648148148148148
ERR3256200	t1000	Isoniazid	0	0.01165455173685963	0	0.9224137931034483	0.9806517311608961	0.9674267100977199	0.9775487467713683	3.301380157470703	301.641461	568360	0.5	0.9806517311608961
ERR3256200	t1000	Rifampicin	0	0.01212525013319556	0	0.9192348565356004	0.9796149490373726	0.9704309531299151	0.9771687025932235	8.825526237487793	705.547273	572936	0.5	0.9796149490373726
ERR3256211	t1000	Ethambutol	0	0.024074262756631937	0	0.8336673346693386	0.7619047619047619	0.9236011477761836	0.8230176481931397	2.8939499855041504	254.821315	529288	0.5	0.7619047619047619
ERR3256211	t1000	Isoniazid	1	0.9918837345920692	1	0.9224137931034483	0.9786585365853658	0.9667752442996743	0.97808558052965	4.302526950836182	316.360051	567752	0.5	0.9786585365853658
ERR3256211	t1000	Rifampicin	0	0.07548705915929022	0	0.9202975557917109	0.9774266365688488	0.9701163888015099	0.9772456931030634	9.997915267944336	634.044805	573560	0.5	0.9774266365688488
ERR3256223	t1000	Ethambutol	0	0.00637278887158516	0	0.8336673346693386	0.7675276752767528	0.9250358680057389	0.8240305133564859	2.9402992725372314	254.91086299999998	529216	0.5	0.7675276752767528
ERR3256223	t1000	Isoniazid	0	0.011332912222384486	0	0.9224137931034483	0.9806517311608961	0.9674267100977199	0.9781285614047888	7.208991765975952	481.602678	567852	0.5	0.9806517311608961
ERR3256223	t1000	Rifampicin	0	0.012841921445832448	0	0.9192348565356004	0.9796149490373726	0.9704309531299151	0.9774899535231724	9.166797399520874	530.242169	565016	0.5	0.9796149490373726
ERR3256224	t1000	Ethambutol	0	0.00815710650218497	0	0.8296593186372746	0.7596330275229358	0.9225251076040172	0.8203171336952428	3.1144356727600098	247.81090999999998	529232	0.5	0.7596330275229358
ERR3256224	t1000	Isoniazid	0	0.012570466370294247	0	0.9204980842911877	0.9816138917262512	0.967100977198697	0.9778001737357218	6.072227716445923	469.986327	567980	0.5	0.9816138917262512
ERR3256224	t1000	Rifampicin	0	0.011094110227520505	0	0.9202975557917109	0.9796380090497737	0.9707455174583203	0.9777588434380734	8.489654541015625	750.511653	573064	0.5	0.9796380090497737
ERR3256276	t1000	Ethambutol	0	0.004927883695595684	0	0.8256513026052105	0.7657992565055762	0.9236011477761836	0.8304574817260197	2.8926002979278564	193.87460199999998	529160	0.5	0.7657992565055762
ERR3256276	t1000	Isoniazid	0	0.009503095069977008	0	0.9204980842911877	0.9796126401630989	0.9664495114006515	0.9778785906763725	5.6485679149627686	431.203461	568204	0.5	0.9796126401630989
ERR3256276	t1000	Rifampicin	0	0.012200360150401747	0	0.9202975557917109	0.9807474518686297	0.9710600817867254	0.9776927500169057	8.673824787139893	522.3363129999999	565004	0.5	0.9807474518686297
ERR550651	t1000	Ethambutol	1	0.8932960050219736	1	0.8336673346693386	0.7675276752767528	0.9250358680057389	0.8427876706112969	3.0166819095611572	250.52450100000001	529376	0.5	0.7675276752767528
ERR550651	t1000	Isoniazid	1	0.9922110131822018	1	0.7969348659003831	0.970828471411902	0.9228013029315961	0.9373432604275355	2.909477949142456	251.347799	568144	0.7550110053548387	0.9564270152505446
ERR550651	t1000	Pyrazinamide	0	0.5749609894607476	0	0.4424778761061947	0.8522727272727273	0.8951730862993662	0.7989961061080132	6.127350568771362	450.888982	413404	0.712182165131653	0.7515527950310559
ERR550651	t1000	Rifampicin	1	0.9933638871374424	1	0.9107332624867163	0.9749715585893061	0.9666561811890532	0.9750610345337416	7.273269414901733	704.013595	573364	0.5	0.9749715585893061
ERR550784	t1000	Ethambutol	1	0.8359696458101553	1	0.8396793587174348	0.7673992673992674	0.9257532281205165	0.8244772863039711	5.1204493045806885	367.030842	529160	0.5	0.7673992673992674
ERR550784	t1000	Isoniazid	1	0.9953631070294182	1	0.9185823754789272	0.9785714285714285	0.965472312703583	0.9769925650132064	3.323993444442749	228.11562	567868	0.5	0.9785714285714285
ERR550784	t1000	Pyrazinamide	0	0.4179493221995685	0	0.4808259587020649	0.8534031413612565	0.9005363237445149	0.8059841963691453	2.3282454013824463	185.766363	413892	0.6918206198466891	0.7578616352201258
ERR550784	t1000	Rifampicin	1	0.9934922865166214	1	0.9107332624867163	0.9738636363636364	0.966341616860648	0.9750033795272016	8.243638753890991	423.516703	573632	0.5	0.9738636363636364
ERR550786	t1000	Ethambutol	1	0.44573391700937426	0	0.8276553106212425	0.7634011090573013	0.9232424677187948	0.8270464886238739	3.9432272911071777	363.41954599999997	529188	0.5	0.7634011090573013
ERR550786	t1000	Isoniazid	1	0.9938065352300611	1	0.9176245210727969	0.9805527123848515	0.9657980456026058	0.9775089835974486	3.8301122188568115	375.663796	568228	0.5	0.9805527123848515
ERR550786	t1000	Pyrazinamide	0	0.12904139632776393	0	0.4808259587020649	0.8534031413612565	0.9005363237445149	0.8076131380292811	2.5879361629486084	265.873088	413844	0.6969284003765455	0.7626582278481012
ERR550786	t1000	Rifampicin	1	0.9762588794581262	1	0.9075451647183846	0.9682539682539683	0.9638251022334068	0.9742040550974095	6.911450624465942	665.2411490000001	583536	0.5	0.9682539682539683
ERR551591	t1000	Ethambutol	1	0.7501026939376849	1	0.8356713426853707	0.7651376146788991	0.9246771879483501	0.8213621349928439	2.774414539337158	264.786186	529460	0.5	0.7651376146788991
ERR551591	t1000	Isoniazid	1	0.9933002051486896	1	0.9166666666666666	0.9795291709314228	0.9651465798045603	0.9777706255720735	8.098336935043335	584.751422	508264	0.5	0.9795291709314228
ERR551591	t1000	Pyrazinamide	1	0.9259946742511442	1	0.49557522123893805	0.8527918781725888	0.9024865919063871	0.8058277000205638	2.7608814239501953	297.569542	413680	0.6873971872470572	0.7507507507507507
ERR551591	t1000	Rifampicin	1	0.9827168631581473	1	0.895855472901169	0.9700805523590333	0.9609940232777603	0.9717891871374301	7.532133340835571	690.333593	573460	0.5	0.9700805523590333
ERR551726	t1000	Ethambutol	1	0.5007655319548523	1	0.843687374749499	0.7626811594202898	0.9250358680057389	0.8301477109619448	4.015930414199829	408.00514	529048	0.5	0.7626811594202898
ERR551726	t1000	Isoniazid	1	0.9950534561185291	1	0.9185823754789272	0.9775739041794088	0.9651465798045603	0.9774549968590859	7.285344123840332	463.342687	568316	0.5	0.9775739041794088
ERR551726	t1000	Pyrazinamide	0	0.6760624761211341	0	0.5103244837758112	0.8522167487684729	0.9044368600682594	0.8065935764425025	3.309907913208008	346.71438	413772	0.6800644868237857	0.7461300309597523
ERR551726	t1000	Rifampicin	1	0.9928282736370173	1	0.9107332624867163	0.9749715585893061	0.9666561811890532	0.975241896268229	9.81276249885559	671.705268	583212	0.5	0.9749715585893061
ERR551918	t1000	Ethambutol	1	0.8014357918871163	1	0.8416833667334669	0.7678244972577697	0.9261119081779053	0.8246313552425192	2.8058688640594482	239.18471300000002	529560	0.5	0.7678244972577697
ERR551918	t1000	Isoniazid	1	0.9470319947667892	1	0.9195402298850575	0.9815950920245399	0.9667752442996743	0.9781841137394895	2.554403066635132	218.043522	568080	0.5	0.9815950920245399
ERR551918	t1000	Pyrazinamide	1	0.8994041827655231	1	0.45722713864306785	0.8611111111111112	0.8980984885421746	0.8012546471635384	2.509767770767212	229.438651	413528	0.7108849061369725	0.7546583850931677
ERR551918	t1000	Rifampicin	1	0.9710044729529947	1	0.9107332624867163	0.9738636363636364	0.966341616860648	0.9758628942264063	7.4749510288238525	719.3195029999999	573312	0.5	0.9738636363636364
ERR552244	t1000	Ethambutol	1	0.6652057349695467	1	0.8336673346693386	0.7717996289424861	0.9261119081779053	0.8357570845912714	2.8597664833068848	229.53503800000001	529312	0.5	0.7717996289424861
ERR552244	t1000	Isoniazid	1	0.9954535171545947	1	0.9204980842911877	0.9806122448979592	0.9667752442996743	0.9767656063359359	3.4384548664093018	274.57383400000003	567732	0.5	0.9806122448979592
ERR552244	t1000	Pyrazinamide	1	0.6819209287135418	1	0.5870206489675516	0.8504273504273504	0.9146757679180887	0.8260186937676269	2.6013617515563965	255.67571800000002	413592	0.6473553197699258	0.7567567567567568
ERR552244	t1000	Rifampicin	1	0.9940538548149165	1	0.9075451647183846	0.9748858447488584	0.9657124882038377	0.9738144536108354	8.105892181396484	476.64652900000004	573236	0.5	0.9748858447488584
ERR552346	t1000	Ethambutol	1	0.5223144871153683	1	0.8316633266533067	0.7699443413729128	0.9253945480631277	0.8352350663782564	3.7136075496673584	283.579381	529180	0.5	0.7699443413729128
ERR552346	t1000	Isoniazid	1	0.9948646466940476	1	0.9176245210727969	0.9795501022494888	0.965472312703583	0.977229365556851	4.0255091190338135	362.13709700000004	568580	0.5	0.9795501022494888
ERR552346	t1000	Pyrazinamide	1	0.26087430271956674	0	0.4778761061946903	0.8526315789473684	0.9000487567040468	0.801600061596687	2.200422763824463	204.615042	413884	0.6887698715418521	0.75
ERR552346	t1000	Rifampicin	1	0.9931811928699582	1	0.9107332624867163	0.9738636363636364	0.966341616860648	0.9751238530527172	7.658171653747559	715.5843279999999	573440	0.5	0.9738636363636364
ERR552442	t1000	Ethambutol	0	0.7135792982482333	1	0.8356713426853707	0.7665441176470589	0.9250358680057389	0.8235825412245459	3.1902964115142822	298.65657	529496	0.5	0.7665441176470589
ERR552442	t1000	Isoniazid	1	0.9495949461942405	1	0.9118773946360154	0.9855072463768116	0.965472312703583	0.972088838452449	5.143249273300171	367.19098	568244	0.5	0.9855072463768116
ERR552442	t1000	Pyrazinamide	0	0.36808129751995966	0	0.4631268436578171	0.8532608695652174	0.8980984885421746	0.7973158258954182	2.991842746734619	351.707863	413648	0.6843703539011807	0.7515723270440252
ERR552442	t1000	Rifampicin	1	0.955255008640102	1	0.7853347502656748	0.9510939510939511	0.9245045611827619	0.9462006223791063	8.5088050365448	491.70334299999996	583164	0.7077627048368254	0.907469342251951
ERR552500	t1000	Ethambutol	1	0.47250618780914594	0	0.8376753507014028	0.76	0.9236011477761836	0.8219957324943281	3.1052072048187256	246.38607100000002	486588	0.5	0.76
ERR552500	t1000	Isoniazid	1	0.9949293323139891	1	0.9185823754789272	0.9765784114052953	0.9648208469055375	0.9772776064579131	3.4265639781951904	286.30098899999996	568080	0.5	0.9765784114052953
ERR552500	t1000	Pyrazinamide	1	0.8683003462925505	1	0.4778761061946903	0.8526315789473684	0.9000487567040468	0.8044865077783647	2.527705669403076	257.334002	413520	0.6975967211672599	0.7586206896551724
ERR552500	t1000	Rifampicin	1	0.9927894213142121	1	0.9139213602550478	0.9750566893424036	0.9675998741742686	0.9751821810292851	4.813188552856445	275.83151300000003	573248	0.5	0.9750566893424036
ERR553050	t1000	Ethambutol	1	0.8941249060376111	1	0.8376753507014028	0.7712177121771218	0.9264705882352942	0.8247602391671525	2.901067018508911	229.583237	529100	0.5	0.7712177121771218
ERR553050	t1000	Isoniazid	1	0.9953101084214575	1	0.9166666666666666	0.9785276073619632	0.9648208469055375	0.9761948441772731	2.8012332916259766	210.557229	567928	0.5	0.9785276073619632
ERR553050	t1000	Pyrazinamide	1	0.6491190052519799	0	0.471976401179941	0.8556149732620321	0.8995611896635788	0.8013846815986843	2.668118715286255	244.723779	413884	0.7025490583792429	0.7563291139240507
ERR553050	t1000	Rifampicin	1	0.993893317824971	1	0.9117959617428267	0.9727891156462585	0.966341616860648	0.9751369804431035	2.9627013206481934	235.671549	583060	0.5	0.9727891156462585
SAMEA1015940	t1000	Ethambutol	0	0.8545721460092374	1	0.8376753507014028	0.7655677655677655	0.9250358680057389	0.8278162808802	43.9898247718811	1599.2939509999999	528700	0.5	0.7655677655677655
SAMEA1015940	t1000	Isoniazid	1	0.9953019253299854	1	0.9185823754789272	0.9775739041794088	0.9651465798045603	0.9771983931928382	46.749908685684204	2325.901276	568396	0.5	0.9775739041794088
SAMEA1015940	t1000	Pyrazinamide	1	0.7308839664988355	1	0.4749262536873156	0.8518518518518519	0.8995611896635788	0.803993533768786	87.18385148048401	1361.570792	412624	0.7050611982224981	0.7461300309597523
SAMEA1015940	t1000	Rifampicin	1	0.9938598924262606	1	0.9117959617428267	0.9738933030646992	0.9666561811890532	0.9750825510869032	41.12445616722107	1788.7059299999999	573208	0.5	0.9738933030646992
SAMEA1016078	t1000	Ethambutol	0	0.9276641866382914	1	0.811623246492986	0.7627118644067796	0.921090387374462	0.8209732962914346	16.042843103408813	404.2199	528688	0.5	0.7627118644067796
SAMEA1016078	t1000	Isoniazid	1	0.9948171089868781	1	0.9185823754789272	0.9755849440488301	0.9644951140065147	0.9753508713805319	99.09002423286438	978.751748	567220	0.5	0.9755849440488301
SAMEA1016078	t1000	Pyrazinamide	0	0.6249869898699031	0	0.4896755162241888	0.8512820512820513	0.901511457825451	0.8015733634474183	38.135295391082764	1192.427768	372764	0.7044686832360056	0.7641509433962265
SAMEA1016078	t1000	Rifampicin	1	0.9945053220085188	1	0.9096705632306057	0.976054732041049	0.9666561811890532	0.9735616636518841	88.38871121406555	4836.0204730000005	582688	0.5	0.976054732041049
SAMEA1016120	t1000	Ethambutol	1	0.5829774732871136	1	0.8396793587174348	0.7659963436928702	0.9253945480631277	0.8329537076374721	14.222182035446167	341.658037	528296	0.5	0.7659963436928702
SAMEA1016120	t1000	Isoniazid	1	0.9954678926162848	1	0.9195402298850575	0.9775967413441955	0.965472312703583	0.9776495562709095	121.79452729225159	1366.440427	562948	0.5	0.9775967413441955
SAMEA1016120	t1000	Pyrazinamide	1	0.3360686175106765	0	0.4808259587020649	0.8534031413612565	0.9005363237445149	0.8028106167604421	19.827182054519653	339.84477799999996	412764	0.6866065399576928	0.7603833865814696
SAMEA1016120	t1000	Rifampicin	1	0.9942176821916477	1	0.9107332624867163	0.9738636363636364	0.966341616860648	0.9749413513864251	91.9962830543518	4516.820814	572648	0.5	0.9738636363636364
SAMEA1016137	t1000	Ethambutol	1	0.7365908876980701	1	0.8276553106212425	0.7648148148148148	0.9236011477761836	0.8326013518513014	16.516664505004883	989.285435	528532	0.5	0.7648148148148148
SAMEA1016137	t1000	Isoniazid	1	0.9952105500454189	1	0.9204980842911877	0.9786150712830958	0.9661237785016287	0.9768048154346084	22.83383536338806	1266.686858	508056	0.5	0.9786150712830958
SAMEA1016137	t1000	Pyrazinamide	0	0.8991076075378568	1	0.46017699115044247	0.8524590163934426	0.8976109215017065	0.8013926410925271	16.690159797668457	914.366693	413060	0.7018833114539416	0.7431192660550459
SAMEA1016137	t1000	Rifampicin	1	0.9937424771525007	1	0.9139213602550478	0.9772727272727273	0.9682290028310789	0.9752190623160686	12.830781936645508	847.149499	573040	0.5	0.9772727272727273
SAMEA1016161	t1000	Ethambutol	0	0.009183288741386133	0	0.8316633266533067	0.7614678899082569	0.9232424677187948	0.8168235760488797	10.240901708602905	638.7837979999999	529068	0.5	0.7614678899082569
SAMEA1016161	t1000	Isoniazid	0	0.03344628174272994	0	0.9185823754789272	0.9795709908069459	0.9657980456026058	0.9778793812860186	19.656214475631714	957.630822	567628	0.5	0.9795709908069459
SAMEA1016161	t1000	Pyrazinamide	0	0.01049064199580634	0	0.45132743362831856	0.85	0.8961482203803023	0.7985583957764998	12.437647581100464	854.192727	412832	0.7032299959698454	0.7407407407407407
SAMEA1016161	t1000	Rifampicin	0	0.01941039853622106	0	0.9171094580233794	0.9773499433748585	0.9691726958162944	0.9773716065958165	22.41594433784485	1127.2869859999998	572260	0.5	0.9773499433748585
SAMEA1018850	t1000	Ethambutol	0	0.004722825818369789	0	0.8276553106212425	0.7648148148148148	0.9236011477761836	0.8323770352977174	17.28928780555725	996.936427	529368	0.5	0.7648148148148148
SAMEA1018850	t1000	Isoniazid	0	0.02089047397346185	0	0.9224137931034483	0.9796541200406917	0.967100977198697	0.9780083818698915	15.744964361190796	901.566498	567092	0.5	0.9796541200406917
SAMEA1018850	t1000	Pyrazinamide	0	0.010667962291290614	0	0.4778761061946903	0.8526315789473684	0.9000487567040468	0.7961613798857545	10.7994225025177	649.57932	413276	0.6980264719253331	0.750788643533123
SAMEA1018850	t1000	Rifampicin	0	0.01099948260839008	0	0.9202975557917109	0.9796380090497737	0.9707455174583203	0.9773642424132815	19.51897382736206	813.2401729999999	572516	0.5	0.9796380090497737
SAMEA1018872	t1000	Ethambutol	0	0.01087860158208467	0	0.8276553106212425	0.7648148148148148	0.9236011477761836	0.8338553856248868	17.17448854446411	467.540854	485672	0.5	0.7648148148148148
SAMEA1018872	t1000	Isoniazid	0	0.03299061984368103	0	0.9224137931034483	0.9806517311608961	0.9674267100977199	0.977633581899691	17.077313899993896	955.8591560000001	508316	0.5	0.9806517311608961
SAMEA1018872	t1000	Pyrazinamide	0	0.008475250770170454	0	0.49852507374631266	0.8535353535353535	0.9029741589468552	0.8020089862033469	2.7301340103149414	263.995483	416724	0.6810452884490332	0.7635782747603834
SAMEA1018872	t1000	Rifampicin	0	0.014905534804970717	0	0.9192348565356004	0.9796149490373726	0.9704309531299151	0.9774383893564235	3.4534740447998047	348.640098	571976	0.5	0.9796149490373726
SAMEA1018931	t1000	Ethambutol	0	0.006204884051750776	0	0.8316633266533067	0.7699443413729128	0.9253945480631277	0.8335255589420953	14.996671199798584	527.405057	528344	0.5	0.7699443413729128
SAMEA1018931	t1000	Isoniazid	0	0.02105675763557101	0	0.9185823754789272	0.9795709908069459	0.9657980456026058	0.9774369043160475	19.66296625137329	684.55854	567248	0.5	0.9795709908069459
SAMEA1018931	t1000	Pyrazinamide	0	0.006376192641337442	0	0.45722713864306785	0.8516483516483516	0.8971233544612384	0.7998890713121733	18.31961178779602	704.159162	412872	0.6964412926967308	0.7571884984025559
SAMEA1018931	t1000	Rifampicin	0	0.010439567480868807	0	0.9192348565356004	0.9796149490373726	0.9704309531299151	0.977675445569217	18.79708957672119	820.423352	548952	0.5	0.9796149490373726
SAMEA1018950	t1000	Ethambutol	0	0.005881141190170243	0	0.8296593186372746	0.7624309392265194	0.9232424677187948	0.8228560559586297	18.327087879180908	699.09795	528932	0.5	0.7624309392265194
SAMEA1018950	t1000	Isoniazid	0	0.019145448119399205	0	0.9233716475095786	0.9806714140386572	0.9677524429967427	0.9777645217966127	17.814507484436035	857.467815	508364	0.5	0.9806714140386572
SAMEA1018950	t1000	Pyrazinamide	0	0.008213059463951572	0	0.48672566371681414	0.8505154639175257	0.9010238907849829	0.8042719894624795	15.954015731811523	812.48113	412860	0.6987702930749287	0.75625
SAMEA1018950	t1000	Rifampicin	0	0.012192771184689678	0	0.9192348565356004	0.9796149490373726	0.9704309531299151	0.9774449572074331	19.5209538936615	967.0314010000001	572216	0.5	0.9796149490373726
SAMEA1018960	t1000	Ethambutol	0	0.00729157534366883	0	0.8396793587174348	0.7688073394495413	0.9261119081779053	0.8326619312659524	4.511195182800293	341.71678199999997	528460	0.5	0.7688073394495413
SAMEA1018960	t1000	Isoniazid	0	0.016298093782352502	0	0.9204980842911877	0.9806122448979592	0.9667752442996743	0.9782588871381377	22.518226623535156	717.3978559999999	567232	0.5	0.9806122448979592
SAMEA1018960	t1000	Pyrazinamide	0	0.009345491648526716	0	0.48672566371681414	0.859375	0.9019990248659191	0.8016069168643303	15.060420751571655	944.195481	413964	0.6955483693049735	0.7492260061919505
SAMEA1018960	t1000	Rifampicin	0	0.017309238737918436	0	0.9181721572794899	0.9807037457434733	0.9704309531299151	0.9775233463886134	47.63501501083374	1477.242018	582852	0.5	0.9807037457434733
SAMEA1018995	t1000	Ethambutol	0	0.010819167509689061	0	0.8256513026052105	0.764378478664193	0.9232424677187948	0.8284623284259203	6.730321168899536	541.88522	475056	0.5	0.764378478664193
SAMEA1018995	t1000	Isoniazid	0	0.03376489695703308	0	0.921455938697318	0.9806320081549439	0.967100977198697	0.9776954671266532	23.44374370574951	693.819185	567936	0.5	0.9806320081549439
SAMEA1018995	t1000	Pyrazinamide	0	0.008187249877711751	0	0.45427728613569324	0.850828729281768	0.8966357874207703	0.79818659055443	16.711010694503784	973.6562729999999	413144	0.7138973558801665	0.7515723270440252
SAMEA1018995	t1000	Rifampicin	0	0.02037548142472318	0	0.9181721572794899	0.9773755656108597	0.9694872601446995	0.9774119787332225	48.705647706985474	1433.6190339999998	572336	0.5	0.9773755656108597
SAMEA1018998	t1000	Ethambutol	0	0.011691380847565944	0	0.8296593186372746	0.7638376383763837	0.9236011477761836	0.8324048204673159	6.620784759521484	384.311489	528748	0.5	0.7638376383763837
SAMEA1018998	t1000	Isoniazid	0	0.02996829750694944	0	0.9195402298850575	0.9805924412665986	0.9664495114006515	0.977742355542018	19.18101167678833	584.359861	567972	0.5	0.9805924412665986
SAMEA1018998	t1000	Pyrazinamide	0	0.011888009996842605	0	0.48672566371681414	0.8505154639175257	0.9010238907849829	0.8015092295938856	15.005720615386963	675.512128	412748	0.692780863448286	0.7617554858934169
SAMEA1018998	t1000	Rifampicin	0	0.01630826685941181	0	0.9202975557917109	0.9796380090497737	0.9707455174583203	0.9773067819942918	57.876930713653564	2174.8838760000003	572392	0.5	0.9796380090497737
SAMEA1019029	t1000	Ethambutol	0	0.007068494491639139	0	0.8396793587174348	0.7645985401459854	0.9250358680057389	0.8316789675231235	19.554576873779297	597.808639	529072	0.5	0.7645985401459854
SAMEA1019029	t1000	Isoniazid	0	0.023006258597043864	0	0.921455938697318	0.9796334012219959	0.9667752442996743	0.9778041640757641	12.662673711776733	691.45707	567792	0.5	0.9796334012219959
SAMEA1019029	t1000	Pyrazinamide	0	0.011226901888303324	0	0.4896755162241888	0.8512820512820513	0.901511457825451	0.8035509493063261	11.175076961517334	836.29417	412736	0.6873481011822308	0.7570977917981072
SAMEA1019029	t1000	Rifampicin	0	0.016604401325093235	0	0.9202975557917109	0.9807474518686297	0.9710600817867254	0.9774803648474208	19.726351976394653	935.4069780000001	572268	0.5	0.9807474518686297
SAMEA1019031	t1000	Ethambutol	0	0.01612949341185656	0	0.8236472945891784	0.7639405204460966	0.922883787661406	0.8326453608942104	10.539141416549683	485.08036599999997	529232	0.5	0.7639405204460966
SAMEA1019031	t1000	Isoniazid	0	0.03780051168985243	0	0.9195402298850575	0.9805924412665986	0.9664495114006515	0.9778848993538627	20.152915477752686	1149.648888	567288	0.5	0.9805924412665986
SAMEA1019031	t1000	Pyrazinamide	0	0.008606236130113066	0	0.4690265486725664	0.8502673796791443	0.8985860555826426	0.799480855325998	17.057914972305298	720.182798	412680	0.6934636479341951	0.7515723270440252
SAMEA1019031	t1000	Rifampicin	0	0.02203500432162708	0	0.9202975557917109	0.9807474518686297	0.9710600817867254	0.9775065291652278	20.900065660476685	1179.821895	572156	0.5	0.9807474518686297
SAMEA1019047	t1000	Ethambutol	0	0.0079231193465632	0	0.8296593186372746	0.7624309392265194	0.9232424677187948	0.827646960081907	21.255914211273193	922.250942	528524	0.5	0.7624309392265194
SAMEA1019047	t1000	Isoniazid	0	0.03789487666397601	0	0.9204980842911877	0.9816138917262512	0.967100977198697	0.9780838615898693	17.11944007873535	705.1020480000001	567216	0.5	0.9816138917262512
SAMEA1019047	t1000	Pyrazinamide	0	0.009261832853555455	0	0.49852507374631266	0.8535353535353535	0.9029741589468552	0.8050373205081839	15.172670841217041	772.356462	413760	0.6797121319468489	0.7539936102236422
SAMEA1019047	t1000	Rifampicin	0	0.020740993885761005	0	0.9181721572794899	0.9795918367346939	0.9701163888015099	0.9777043730597922	3.312706232070923	311.25529400000005	572128	0.5	0.9795918367346939
SAMEA1019123	t1000	Ethambutol	0	0.005642362430135719	0	0.8396793587174348	0.7659963436928702	0.9253945480631277	0.8200702133913899	24.421538829803467	1079.335407	474588	0.5	0.7659963436928702
SAMEA1019123	t1000	Isoniazid	0	0.022473217886334034	0	0.9224137931034483	0.9796541200406917	0.967100977198697	0.9776176804754483	66.31416440010071	2050.329682	568008	0.5	0.9796541200406917
SAMEA1019123	t1000	Pyrazinamide	0	0.009740840318165338	0	0.471976401179941	0.851063829787234	0.8990736226231106	0.8036234630238639	87.02355360984802	4673.769448	413692	0.6992338346257779	0.7611464968152867
SAMEA1019123	t1000	Rifampicin	0	0.015936835850066704	0	0.9202975557917109	0.9774266365688488	0.9701163888015099	0.9774012651016483	56.442342042922974	781.5388419999999	548124	0.5	0.9774266365688488
SAMEA1019142	t1000	Ethambutol	0	0.0059953176421445225	0	0.8376753507014028	0.7655677655677655	0.9250358680057389	0.8377837080747454	36.107067346572876	1534.1135179999999	529224	0.5	0.7655677655677655
SAMEA1019142	t1000	Isoniazid	0	0.014161965841354898	0	0.9233716475095786	0.9806714140386572	0.9677524429967427	0.9777775547883166	55.393977880477905	979.610453	568348	0.5	0.9806714140386572
SAMEA1019142	t1000	Pyrazinamide	0	0.03950791725435333	0	0.46017699115044247	0.8524590163934426	0.8976109215017065	0.8048923265941207	33.864734411239624	809.866644	412712	0.7052451657687787	0.7602523659305994
SAMEA1019142	t1000	Rifampicin	0	0.010398763637755049	0	0.9202975557917109	0.9807474518686297	0.9710600817867254	0.977366677045618	3.997154474258423	368.979832	582560	0.5	0.9807474518686297
SAMEA1019274	t1000	Ethambutol	0	0.004653036095140374	0	0.8296593186372746	0.7666666666666667	0.9243185078909613	0.8344885628715262	29.009316444396973	1514.27662	485448	0.5	0.7666666666666667
SAMEA1019274	t1000	Isoniazid	0	0.02064679037995688	0	0.9224137931034483	0.9796541200406917	0.967100977198697	0.9780689691943449	17.894649267196655	650.7773820000001	507336	0.5	0.9796541200406917
SAMEA1019274	t1000	Pyrazinamide	0	0.00597682099025603	0	0.4690265486725664	0.8502673796791443	0.8985860555826426	0.8037825726487201	48.089301109313965	1828.79615	412200	0.6922287213101235	0.753125
SAMEA1019274	t1000	Rifampicin	0	0.016582904132694237	0	0.9192348565356004	0.9796149490373726	0.9704309531299151	0.9776938767367935	49.68701243400574	595.968876	573392	0.5	0.9796149490373726
SAMEA1019281	t1000	Ethambutol	0	0.005605811223032704	0	0.8256513026052105	0.762962962962963	0.922883787661406	0.833679236549606	20.007300853729248	820.358285	502292	0.5	0.762962962962963
SAMEA1019281	t1000	Isoniazid	0	0.01870346171150583	0	0.9204980842911877	0.9816138917262512	0.967100977198697	0.9779492045695949	19.31205916404724	695.7858180000001	567900	0.5	0.9816138917262512
SAMEA1019281	t1000	Pyrazinamide	0	0.008067194692560807	0	0.504424778761062	0.8507462686567164	0.9034617259873232	0.805487555583003	14.039591073989868	542.381402	413820	0.6883810327658066	0.746875
SAMEA1019281	t1000	Rifampicin	0	0.011372443133829289	0	0.9181721572794899	0.9773755656108597	0.9694872601446995	0.9777762336677724	18.270788192749023	831.184949	572884	0.5	0.9773755656108597
SAMEA1019286	t1000	Ethambutol	0	0.005347376539685957	0	0.8376753507014028	0.7669724770642202	0.9253945480631277	0.8242651409421982	16.467683792114258	449.789558	528924	0.5	0.7669724770642202
SAMEA1019286	t1000	Isoniazid	0	0.019880121568710225	0	0.9204980842911877	0.9796126401630989	0.9664495114006515	0.978029739716571	19.14910888671875	1089.049183	568084	0.5	0.9796126401630989
SAMEA1019286	t1000	Pyrazinamide	0	0.006423443967835275	0	0.471976401179941	0.8556149732620321	0.8995611896635788	0.8020186670088728	19.130133390426636	999.450828	412696	0.6878014305530366	0.7415384615384616
SAMEA1019286	t1000	Rifampicin	0	0.0112834058444114	0	0.9202975557917109	0.9763246899661782	0.9698018244731047	0.977533672881995	17.709067821502686	764.6024639999999	572684	0.5	0.9763246899661782
SAMEA1019324	t1000	Ethambutol	0	0.005667639152480211	0	0.843687374749499	0.7668488160291439	0.9261119081779053	0.830985024755098	23.668641090393066	633.4321279999999	528696	0.5	0.7668488160291439
SAMEA1019324	t1000	Isoniazid	0	0.0223188433409759	0	0.9224137931034483	0.9806517311608961	0.9674267100977199	0.9782231068975782	12.018207311630249	1055.806683	568128	0.5	0.9806517311608961
SAMEA1019324	t1000	Pyrazinamide	0	0.008824634784473007	0	0.4631268436578171	0.8532608695652174	0.8980984885421746	0.8012192073722264	15.734452247619629	942.1516419999999	412720	0.7047187191211138	0.7515923566878981
SAMEA1019324	t1000	Rifampicin	0	0.0118032499707897	0	0.9202975557917109	0.9807474518686297	0.9710600817867254	0.9773094366651366	16.953787803649902	921.3338339999999	548700	0.5	0.9807474518686297
SAMEA104172424	t1000	Ethambutol	0	0.3966429406404125	0	0.8316633266533067	0.7642725598526704	0.9239598278335724	0.8333250649890109	14.274250268936157	561.483314	528420	0.5	0.7642725598526704
SAMEA104172424	t1000	Isoniazid	1	0.9954306878498045	1	0.9195402298850575	0.9775967413441955	0.965472312703583	0.9771777683926727	24.58269453048706	1922.197525	568384	0.5	0.9775967413441955
SAMEA104172424	t1000	Pyrazinamide	1	0.641323135580902	0	0.48672566371681414	0.8505154639175257	0.9010238907849829	0.8090794240755764	23.98895239830017	1078.6388040000002	412864	0.6922613134573209	0.7579617834394905
SAMEA104172424	t1000	Rifampicin	1	0.9917153205386502	1	0.9128586609989373	0.9750283768444948	0.9672853098458635	0.9751694496195774	3.181303024291992	297.915366	572640	0.5	0.9750283768444948
SAMEA104172507	t1000	Ethambutol	0	0.7377857936811025	1	0.8336673346693386	0.7647058823529411	0.9243185078909613	0.83099495221444	51.284984827041626	2216.30994	528916	0.5	0.7647058823529411
SAMEA104172507	t1000	Isoniazid	1	0.9954268388874836	1	0.9185823754789272	0.9785714285714285	0.965472312703583	0.9777122326599619	39.08979916572571	2642.758722	567636	0.5	0.9785714285714285
SAMEA104172507	t1000	Pyrazinamide	1	0.7422292911082178	1	0.5073746312684366	0.86	0.9049244271087274	0.8067395175887507	28.621742248535156	1286.0090200000002	413640	0.6783656012487442	0.7476340694006309
SAMEA104172507	t1000	Rifampicin	1	0.9941119823710827	1	0.9107332624867163	0.9738636363636364	0.966341616860648	0.9748753686693038	46.33345341682434	2372.317919	566140	0.5	0.9738636363636364
SAMEA104302736	t1000	Ethambutol	0	0.39360332993565583	0	0.8276553106212425	0.774859287054409	0.9261119081779053	0.8318983446835998	17.55944848060608	683.749234	528860	0.5	0.774859287054409
SAMEA104302736	t1000	Isoniazid	1	0.984797963472991	1	0.9204980842911877	0.9786150712830958	0.9661237785016287	0.9768670194145574	46.59853649139404	2484.3381910000003	567676	0.5	0.9786150712830958
SAMEA104302736	t1000	Pyrazinamide	1	0.8231264130877686	1	0.4778761061946903	0.8526315789473684	0.9000487567040468	0.7982419893146215	30.44357967376709	1514.6055390000001	413252	0.6917682200549428	0.7461300309597523
SAMEA104302736	t1000	Rifampicin	1	0.9904429622331217	1	0.9107332624867163	0.978310502283105	0.9675998741742686	0.9737485863664168	17.133942365646362	1403.5712749999998	572140	0.5	0.978310502283105
SAMEA104302756	t1000	Ethambutol	0	0.5187759339967342	1	0.8156312625250501	0.7708333333333334	0.9236011477761836	0.837559542824433	28.515732765197754	1184.9974960000002	529224	0.5	0.7708333333333334
SAMEA104302756	t1000	Isoniazid	0	0.984168351303908	1	0.921455938697318	0.9766497461928934	0.9657980456026058	0.9770520334543944	11.987405776977539	855.853527	567156	0.5	0.9766497461928934
SAMEA104302756	t1000	Pyrazinamide	0	0.7799953510961233	1	0.44542772861356933	0.8531073446327684	0.8956606533398342	0.8021445498124397	18.578771591186523	775.401017	413092	0.7169687565562382	0.7546583850931677
SAMEA104302756	t1000	Rifampicin	0	0.9903129696250369	1	0.9117959617428267	0.9727891156462585	0.966341616860648	0.9739113740749558	15.500922203063965	1322.107116	548776	0.5	0.9727891156462585
SAMEA104302762	t1000	Isoniazid	1	0.9849480979659974	1	0.9204980842911877	0.9786150712830958	0.9661237785016287	0.9768546862256455	17.965960025787354	758.942196	568304	0.5	0.9786150712830958
SAMEA104302762	t1000	Rifampicin	1	0.9898658510039415	1	0.9139213602550478	0.9761634506242906	0.9679144385026738	0.9739489336206887	15.960929155349731	993.039324	574400	0.5	0.9761634506242906
SAMEA104302770	t1000	Ethambutol	1	0.7977497507081242	1	0.8396793587174348	0.7673992673992674	0.9257532281205165	0.8322783482339472	3.1696884632110596	323.877944	529400	0.5	0.7673992673992674
SAMEA104302770	t1000	Isoniazid	1	0.993353938007504	1	0.9176245210727969	0.9775510204081632	0.9648208469055375	0.9771472623525976	24.439789295196533	824.214565	568224	0.5	0.9775510204081632
SAMEA104302770	t1000	Pyrazinamide	1	0.8554531776337246	1	0.4896755162241888	0.8512820512820513	0.901511457825451	0.8030066031200933	18.10491394996643	910.543993	413676	0.6798072475340994	0.7414330218068536
SAMEA104302770	t1000	Rifampicin	1	0.9941594106644756	1	0.9128586609989373	0.9750283768444948	0.9672853098458635	0.9750727883279807	24.271937370300293	910.6054439999999	548812	0.5	0.9750283768444948
SAMEA104302773	t1000	Ethambutol	0	0.4682891405064193	0	0.8256513026052105	0.7686567164179104	0.9243185078909613	0.8345532274562425	13.733634948730469	978.5416899999999	529164	0.5	0.7686567164179104
SAMEA104302773	t1000	Isoniazid	1	0.9831113537894366	1	0.9204980842911877	0.9786150712830958	0.9661237785016287	0.976824634135031	20.239230632781982	738.3875	567780	0.5	0.9786150712830958
SAMEA104302773	t1000	Pyrazinamide	1	0.8555732265958109	1	0.5014749262536873	0.85	0.9029741589468552	0.8047266975390468	13.539322853088379	656.926559	413336	0.6792256345687793	0.7523510971786834
SAMEA104302773	t1000	Rifampicin	1	0.9899338074217612	1	0.9096705632306057	0.976054732041049	0.9666561811890532	0.9739045704005608	21.82771110534668	577.6005700000001	566064	0.5	0.976054732041049
SAMEA104302778	t1000	Ethambutol	0	0.41496829250623135	0	0.8296593186372746	0.770949720670391	0.9253945480631277	0.8331566268860743	17.352524995803833	797.625177	528672	0.5	0.770949720670391
SAMEA104302778	t1000	Isoniazid	1	0.9707195832738028	1	0.9204980842911877	0.9786150712830958	0.9661237785016287	0.9767693844374388	15.342289209365845	686.0857080000001	567844	0.5	0.9786150712830958
SAMEA104302778	t1000	Pyrazinamide	1	0.7111728974096394	1	0.504424778761062	0.8507462686567164	0.9034617259873232	0.8047828769079735	12.41589641571045	710.415151	413032	0.6777451376593349	0.7439759036144579
SAMEA104302778	t1000	Rifampicin	1	0.9895505927738648	1	0.9107332624867163	0.9760820045558086	0.9669707455174583	0.9740083455886531	34.025442361831665	1025.9218839999999	572068	0.5	0.9760820045558086
SAMEA104394527	t1000	Ethambutol	0	0.036872257615666156	0	0.843687374749499	0.7668488160291439	0.9261119081779053	0.833915019126618	19.032163619995117	1062.928236	528992	0.5	0.7668488160291439
SAMEA104394527	t1000	Isoniazid	0	0.3357608076745029	0	0.9233716475095786	0.9806714140386572	0.9677524429967427	0.9774870216002172	22.014687061309814	885.2343350000001	567672	0.5	0.9806714140386572
SAMEA104394527	t1000	Rifampicin	0	0.03563999335671393	0	0.9192348565356004	0.9807256235827665	0.9707455174583203	0.9776755851216201	25.048564910888672	1014.7874310000001	572436	0.5	0.9807256235827665
SAMEA104394535	t1000	Ethambutol	0	0.01563725656328372	0	0.8336673346693386	0.7647058823529411	0.9243185078909613	0.8342099287883381	19.300012588500977	969.6889	529404	0.5	0.7647058823529411
SAMEA104394535	t1000	Isoniazid	0	0.05099486922779304	0	0.9195402298850575	0.9795918367346939	0.9661237785016287	0.9777078083195212	5.054231643676758	328.998078	507376	0.5	0.9795918367346939
SAMEA104394535	t1000	Rifampicin	0	0.04613600445035227	0	0.9202975557917109	0.9807474518686297	0.9710600817867254	0.9773951275359343	15.561542272567749	939.935817	574444	0.5	0.9807474518686297
SAMEA104394542	t1000	Ethambutol	0	0.005995044243532982	0	0.8276553106212425	0.7550274223034735	0.921090387374462	0.8276332724822236	12.351463556289673	500.059981	528812	0.5	0.7550274223034735
SAMEA104394542	t1000	Isoniazid	0	0.009523589741849324	0	0.921455938697318	0.9816326530612245	0.9674267100977199	0.9771830366457539	14.874388933181763	723.217671	567188	0.5	0.9816326530612245
SAMEA104394542	t1000	Rifampicin	0	0.011498100478614858	0	0.9192348565356004	0.981838819523269	0.9710600817867254	0.9774789001237528	20.61500859260559	1077.867898	573880	0.5	0.981838819523269
SAMEA104394546	t1000	Ethambutol	0	0.005831197910102717	0	0.8376753507014028	0.7683823529411765	0.9257532281205165	0.8307719110417223	14.824954748153687	678.1861309999999	528976	0.5	0.7683823529411765
SAMEA104394546	t1000	Isoniazid	0	0.027986090786597806	0	0.921455938697318	0.9806320081549439	0.967100977198697	0.9780896141322856	13.08111834526062	719.029927	567272	0.5	0.9806320081549439
SAMEA104394546	t1000	Rifampicin	0	0.016014305297644242	0	0.9192348565356004	0.9807256235827665	0.9707455174583203	0.9775750262054963	18.156325578689575	859.864864	548180	0.5	0.9807256235827665
SAMEA104394572	t1000	Ethambutol	0	0.006185890155204217	0	0.8336673346693386	0.7605118829981719	0.9232424677187948	0.8278925792508476	13.393757104873657	492.391166	529240	0.5	0.7605118829981719
SAMEA104394572	t1000	Isoniazid	0	0.015280427875417557	0	0.921455938697318	0.9796334012219959	0.9667752442996743	0.9777934113559176	22.806314706802368	832.2972540000001	567344	0.5	0.9796334012219959
SAMEA104394572	t1000	Rifampicin	0	0.016633619445300448	0	0.9213602550478215	0.9807692307692307	0.9713746461151306	0.9778235950396372	21.107774019241333	1123.468988	573760	0.5	0.9807692307692307
SAMEA104394635	t1000	Ethambutol	0	0.006954119838127447	0	0.8416833667334669	0.7650273224043715	0.9253945480631277	0.8308080107626433	25.792811393737793	793.609955	528332	0.5	0.7650273224043715
SAMEA104394635	t1000	Isoniazid	0	0.024219196151335363	0	0.9185823754789272	0.9815762538382804	0.9664495114006515	0.977891464118729	17.76458978652954	950.350137	568448	0.5	0.9815762538382804
SAMEA104394635	t1000	Rifampicin	0	0.017537378220127336	0	0.9202975557917109	0.9796380090497737	0.9707455174583203	0.9775220022522516	3.823826551437378	376.92420999999996	574448	0.5	0.9796380090497737
SAMEA104394648	t1000	Ethambutol	0	0.004744905164923053	0	0.8176352705410822	0.7611940298507462	0.9214490674318508	0.8368725927291437	18.838785648345947	647.3913630000001	528580	0.5	0.7611940298507462
SAMEA104394648	t1000	Isoniazid	0	0.018066972206883553	0	0.9224137931034483	0.9796541200406917	0.967100977198697	0.9775185860250446	8.727283477783203	507.797002	508056	0.5	0.9796541200406917
SAMEA104394648	t1000	Rifampicin	0	0.03267018468094937	0	0.9202975557917109	0.9796380090497737	0.9707455174583203	0.9777172368874287	19.23406982421875	991.440382	572436	0.5	0.9796380090497737
SAMEA104394649	t1000	Ethambutol	0	0.005173740822229718	0	0.8316633266533067	0.7586837294332724	0.9225251076040172	0.8217055681171938	24.27174663543701	809.398185	528764	0.5	0.7586837294332724
SAMEA104394649	t1000	Isoniazid	0	0.026657949121804084	0	0.9185823754789272	0.9775739041794088	0.9651465798045603	0.9773331768286936	3.554267168045044	351.65061000000003	568300	0.5	0.9775739041794088
SAMEA104394649	t1000	Rifampicin	0	0.01775659322948845	0	0.8905419766206164	0.9654377880184332	0.9581629443221139	0.9730509329172309	3.688497543334961	427.313755	549144	0.5	0.9654377880184332
SAMEA104394712	t1000	Ethambutol	0	0.006694574832978093	0	0.8336673346693386	0.7647058823529411	0.9243185078909613	0.8304241053583001	15.522608757019043	1084.8267839999999	528728	0.5	0.7647058823529411
SAMEA104394712	t1000	Isoniazid	0	0.02524817237225337	0	0.921455938697318	0.9796334012219959	0.9667752442996743	0.977993729929356	17.757055282592773	692.715553	568152	0.5	0.9796334012219959
SAMEA104394712	t1000	Pyrazinamide	0	0.0171355247419085	0	0.504424778761062	0.8507462686567164	0.9034617259873232	0.802296515338124	15.715390920639038	627.044877	413864	0.6873310313410105	0.746875
SAMEA104394712	t1000	Rifampicin	0	0.007480589624026563	0	0.9192348565356004	0.9796149490373726	0.9704309531299151	0.9774726081903495	24.35733675956726	760.8744690000001	565532	0.5	0.9796149490373726
SAMEA1100860	t1000	Ethambutol	0	0.010141455136350008	0	0.8256513026052105	0.7672253258845437	0.9239598278335724	0.8295670921113814	15.714010953903198	1045.9475510000002	528664	0.5	0.7672253258845437
SAMEA1100860	t1000	Isoniazid	1	0.029373467017873838	0	0.9204980842911877	0.9806122448979592	0.9667752442996743	0.9784135045768905	20.34983801841736	683.0103230000001	567560	0.5	0.9806122448979592
SAMEA1100860	t1000	Pyrazinamide	0	0.00986724432919364	0	0.45722713864306785	0.8516483516483516	0.8971233544612384	0.8032763400058645	15.0860276222229	545.995024	372480	0.7120649412844744	0.7610062893081762
SAMEA1100860	t1000	Rifampicin	0	0.013992113032239725	0	0.9192348565356004	0.9807256235827665	0.9707455174583203	0.977534398168907	21.487550973892212	691.846668	583232	0.5	0.9807256235827665
SAMEA1100872	t1000	Ethambutol	0	0.010440689563429174	0	0.8296593186372746	0.7624309392265194	0.9232424677187948	0.8325954723387627	20.208173513412476	953.66246	529464	0.5	0.7624309392265194
SAMEA1100872	t1000	Isoniazid	1	0.03516990699635609	0	0.9224137931034483	0.9776649746192894	0.9664495114006515	0.9777588599057696	25.03768801689148	643.3018870000001	568084	0.5	0.9776649746192894
SAMEA1100872	t1000	Pyrazinamide	0	0.0080068495143948	0	0.46607669616519176	0.8586956521739131	0.8990736226231106	0.8010991043561614	25.640833854675293	915.670791	372628	0.6944072178623671	0.7619047619047619
SAMEA1100872	t1000	Rifampicin	0	0.01450382096203129	0	0.9192348565356004	0.9796149490373726	0.9704309531299151	0.9776825030905913	19.933935165405273	877.330613	583488	0.5	0.9796149490373726
SAMEA1100883	t1000	Ethambutol	0	0.005664821285852986	0	0.8296593186372746	0.7638376383763837	0.9236011477761836	0.8299644863706725	3.4932334423065186	324.910504	529128	0.5	0.7638376383763837
SAMEA1100883	t1000	Isoniazid	0	0.0184830724766203	0	0.9176245210727969	0.9805527123848515	0.9657980456026058	0.9776188122130609	31.53200101852417	912.054641	567816	0.5	0.9805527123848515
SAMEA1100883	t1000	Pyrazinamide	0	0.008003671384516442	0	0.4837758112094395	0.8541666666666666	0.9010238907849829	0.8059623462238964	20.557260274887085	1235.222576	413760	0.6928927790378333	0.759375
SAMEA1100883	t1000	Rifampicin	0	0.024747168981418405	0	0.9192348565356004	0.9762979683972912	0.9694872601446995	0.9776437361972216	31.64322829246521	850.806992	573112	0.5	0.9762979683972912
SAMEA1101276	t1000	Isoniazid	1	0.9953939892345449	1	0.9224137931034483	0.9786585365853658	0.9667752442996743	0.9778528540405478	25.941789627075195	840.746245	567836	0.5	0.9786585365853658
SAMEA1101276	t1000	Rifampicin	1	0.9775635632248	1	0.9171094580233794	0.9762443438914027	0.9688581314878892	0.9777957255104708	28.639238595962524	944.766215	572408	0.5	0.9762443438914027
SAMEA1101283	t1000	Isoniazid	1	0.9940961844056599	1	0.9176245210727969	0.9775510204081632	0.9648208469055375	0.97688121835523	43.91168665885925	1509.541124	567480	0.5	0.9775510204081632
SAMEA1101283	t1000	Rifampicin	1	0.9922039081363283	1	0.9117959617428267	0.9761092150170648	0.9672853098458635	0.9750832505861374	45.423649311065674	1515.237523	548652	0.5	0.9761092150170648
SAMEA1101296	t1000	Isoniazid	1	0.9947202509906915	1	0.9157088122605364	0.9765066394279878	0.963843648208469	0.9750594046397665	46.993388414382935	1441.2795620000002	508024	0.5	0.9765066394279878
SAMEA1101296	t1000	Rifampicin	1	0.99335046131969	1	0.9096705632306057	0.9749430523917996	0.966341616860648	0.9735824507795149	45.45187282562256	1292.360967	548880	0.5	0.9749430523917996
SAMEA1101326	t1000	Isoniazid	0	0.5968750777700215	1	0.9195402298850575	0.9795918367346939	0.9661237785016287	0.9777550253416365	32.00270199775696	840.393698	508452	0.5	0.9795918367346939
SAMEA1101326	t1000	Rifampicin	1	0.9916388832244869	1	0.9117959617428267	0.9738933030646992	0.9666561811890532	0.9757887017986244	53.07924008369446	1666.137385	583372	0.5	0.9738933030646992
SAMEA1101333	t1000	Isoniazid	0	0.03344322740367281	0	0.9233716475095786	0.9796747967479674	0.9674267100977199	0.9780022309954913	16.71013379096985	710.58516	507248	0.5	0.9796747967479674
SAMEA1101333	t1000	Rifampicin	0	0.019286874348608023	0	0.9192348565356004	0.9785067873303167	0.9701163888015099	0.9773841410509866	28.608799934387207	1257.127981	572152	0.5	0.9785067873303167
SAMEA1101339	t1000	Isoniazid	0	0.5380211407603303	1	0.9204980842911877	0.9796126401630989	0.9664495114006515	0.9774082976657013	22.34919834136963	1426.596828	568044	0.5	0.9796126401630989
SAMEA1101339	t1000	Rifampicin	1	0.992025627024511	1	0.9139213602550478	0.9739524348810872	0.9672853098458635	0.97469223485503	27.265473127365112	1263.8246120000001	583388	0.5	0.9739524348810872
SAMEA1101371	t1000	Isoniazid	1	0.9950227267286267	1	0.9176245210727969	0.9785495403472931	0.9651465798045603	0.9767466460159553	20.70906376838684	1059.121944	567200	0.5	0.9785495403472931
SAMEA1101371	t1000	Rifampicin	1	0.993336042832771	1	0.9107332624867163	0.9749715585893061	0.9666561811890532	0.9739300334670652	31.225351810455322	1667.657528	582520	0.5	0.9749715585893061
SAMEA1101378	t1000	Isoniazid	0	0.43701216619246597	0	0.921455938697318	0.9776422764227642	0.9661237785016287	0.9774396611061882	30.290934324264526	864.149037	567620	0.5	0.9776422764227642
SAMEA1101378	t1000	Rifampicin	1	0.9865651063284452	1	0.9128586609989373	0.9739229024943311	0.9669707455174583	0.9758623419904644	38.73490786552429	1198.3387500000001	572932	0.5	0.9739229024943311
SAMEA1101386	t1000	Isoniazid	1	0.9935284455509692	1	0.9176245210727969	0.9775510204081632	0.9648208469055375	0.9775312660232245	34.540971755981445	1283.52161	507364	0.5	0.9775510204081632
SAMEA1101386	t1000	Rifampicin	0	0.1166818015056425	0	0.9181721572794899	0.9807037457434733	0.9704309531299151	0.9774682850057058	25.440054893493652	746.0239630000001	572296	0.5	0.9807037457434733
SAMEA1101387	t1000	Isoniazid	1	0.9896458595730931	1	0.921455938697318	0.9766497461928934	0.9657980456026058	0.9772155759158171	35.51031708717346	1136.463317	508112	0.5	0.9766497461928934
SAMEA1101387	t1000	Rifampicin	0	0.24667964881136936	0	0.9192348565356004	0.9796149490373726	0.9704309531299151	0.9775619793284657	34.00041961669922	1147.59424	582672	0.5	0.9796149490373726
SAMEA1101389	t1000	Isoniazid	0	0.6228134547931992	1	0.921455938697318	0.9796334012219959	0.9667752442996743	0.9773819019678879	19.31529688835144	1045.275971	567288	0.5	0.9796334012219959
SAMEA1101389	t1000	Rifampicin	1	0.9916697237472781	1	0.9117959617428267	0.9727891156462585	0.966341616860648	0.9758248867381949	17.807877779006958	589.8552090000001	583016	0.5	0.9727891156462585
SAMEA1101390	t1000	Isoniazid	1	0.9835652518041127	1	0.9204980842911877	0.9796126401630989	0.9664495114006515	0.9782035451116394	12.68373441696167	830.913664	567636	0.5	0.9796126401630989
SAMEA1101390	t1000	Rifampicin	0	0.09295692090664717	0	0.9192348565356004	0.9751972942502819	0.9691726958162944	0.9775784007991193	19.283236026763916	839.225164	548768	0.5	0.9751972942502819
SAMEA1101391	t1000	Isoniazid	0	0.560389235583754	1	0.921455938697318	0.9806320081549439	0.967100977198697	0.9777591924013546	18.04294991493225	800.6892710000001	567732	0.5	0.9806320081549439
SAMEA1101391	t1000	Rifampicin	1	0.9731159900251203	1	0.9075451647183846	0.9726651480637813	0.9650833595470274	0.9753087280688919	19.04858899116516	679.768691	572684	0.5	0.9726651480637813
SAMEA1101524	t1000	Ethambutol	1	0.7132942733713215	1	0.8196392785571143	0.768796992481203	0.9236011477761836	0.8322406199661103	21.703001976013184	685.269834	529192	0.5	0.768796992481203
SAMEA1101524	t1000	Isoniazid	1	0.9956628539666204	1	0.9195402298850575	0.9785932721712538	0.9657980456026058	0.9769057264228509	7.633356809616089	493.079381	568200	0.5	0.9785932721712538
SAMEA1101524	t1000	Pyrazinamide	0	0.4270162059788135	0	0.45427728613569324	0.850828729281768	0.8966357874207703	0.8019445301747036	20.790255308151245	766.1962560000001	413036	0.7007759619354361	0.7476340694006309
SAMEA1101524	t1000	Rifampicin	1	0.9938154374225078	1	0.9096705632306057	0.976054732041049	0.9666561811890532	0.9737375282411467	14.449942111968994	626.9022649999999	582444	0.5	0.976054732041049
SAMEA1101529	t1000	Ethambutol	0	0.20056923020894304	0	0.8236472945891784	0.7653631284916201	0.9232424677187948	0.8301730358539927	15.24753737449646	436.19886099999997	528544	0.5	0.7653631284916201
SAMEA1101529	t1000	Isoniazid	1	0.9931141227304686	1	0.9204980842911877	0.9806122448979592	0.9667752442996743	0.9774948843176486	19.541484832763672	699.454474	507464	0.5	0.9806122448979592
SAMEA1101529	t1000	Pyrazinamide	1	0.7429369556827734	1	0.5899705014749262	0.851063829787234	0.9151633349585568	0.8276074580652252	16.71783208847046	597.9296250000001	413580	0.6435995567407355	0.7668711656441718
SAMEA1101529	t1000	Rifampicin	1	0.6636228354002983	1	0.9192348565356004	0.9785067873303167	0.9701163888015099	0.9771564533578007	17.30237054824829	836.9699760000001	572916	0.5	0.9785067873303167
SAMEA1101535	t1000	Ethambutol	0	0.8777191666043642	1	0.811623246492986	0.7699619771863118	0.922883787661406	0.8264853650673852	18.531266689300537	627.669547	529096	0.5	0.7699619771863118
SAMEA1101535	t1000	Isoniazid	1	0.9956567804137211	1	0.9090038314176245	0.9824016563146998	0.9635179153094463	0.9723361800842013	15.868043661117554	574.339373	567984	0.5	0.9824016563146998
SAMEA1101535	t1000	Pyrazinamide	0	0.3138409629426037	0	0.4631268436578171	0.8579234972677595	0.8985860555826426	0.8050043391629165	17.497161149978638	632.733251	377056	0.6892989875749536	0.7515527950310559
SAMEA1101535	t1000	Rifampicin	1	0.9825126072811169	1	0.7778958554729012	0.9506493506493506	0.9223026108839257	0.9442336027713555	17.280595302581787	962.622029	572256	0.7259640862294808	0.9077777777777778
SAMEA1101537	t1000	Ethambutol	1	0.8208298817365519	1	0.8036072144288577	0.7566037735849057	0.9185796269727403	0.8219369449540326	25.509588718414307	1257.7123000000001	485340	0.5	0.7566037735849057
SAMEA1101537	t1000	Isoniazid	1	0.994315959546166	1	0.9137931034482759	0.9774590163934426	0.9635179153094463	0.9755893663585995	28.62317204475403	948.376988	567448	0.5	0.9774590163934426
SAMEA1101537	t1000	Pyrazinamide	1	0.6620386200151698	0	0.49557522123893805	0.8527918781725888	0.9024865919063871	0.7974651637594615	24.97628951072693	1105.725712	413232	0.6872971239105738	0.746031746031746
SAMEA1101537	t1000	Rifampicin	1	0.9935160701918282	1	0.9086078639744952	0.9749144811858609	0.9660270525322429	0.9737543978295237	17.257303714752197	604.7017940000001	549128	0.5	0.9749144811858609
SAMEA1101545	t1000	Ethambutol	1	0.8457064764670362	1	0.8396793587174348	0.7702205882352942	0.9264705882352942	0.8282366901477802	10.499906301498413	485.094226	528648	0.5	0.7702205882352942
SAMEA1101545	t1000	Isoniazid	1	0.9940484715051672	1	0.9195402298850575	0.9795918367346939	0.9661237785016287	0.9772267866580189	22.44718360900879	613.6917550000001	567608	0.5	0.9795918367346939
SAMEA1101545	t1000	Pyrazinamide	1	0.8668924846792007	1	0.5073746312684366	0.8557213930348259	0.9044368600682594	0.8105285941642579	48.553645610809326	2293.615629	413080	0.6731083297242176	0.7538940809968847
SAMEA1101545	t1000	Rifampicin	1	0.992953713968095	1	0.9117959617428267	0.9738933030646992	0.9666561811890532	0.97503168631189	23.32361888885498	737.1034109999999	583500	0.5	0.9738933030646992
SAMEA1101554	t1000	Ethambutol	1	0.6929643558986106	1	0.8396793587174348	0.7645985401459854	0.9250358680057389	0.8285124144369751	10.79154086112976	805.511544	529028	0.5	0.7645985401459854
SAMEA1101554	t1000	Isoniazid	1	0.9692982813068369	1	0.9243295019157088	0.9806910569105691	0.9680781758957655	0.9788650850547211	22.356101751327515	660.138679	567944	0.5	0.9806910569105691
SAMEA1101554	t1000	Pyrazinamide	0	0.448906100771238	0	0.4749262536873156	0.8518518518518519	0.8995611896635788	0.8056037992859504	43.50421595573425	2109.7291020000002	413784	0.7015789417304091	0.7554858934169278
SAMEA1101554	t1000	Rifampicin	1	0.9938521056661082	1	0.9096705632306057	0.9749430523917996	0.966341616860648	0.9762501041060443	30.171770334243774	1101.215878	573384	0.5	0.9749430523917996
ERR036186	t10000	Ethambutol	0	0.01608950089049304	0	0.7975951903807615	0.796	0.9271879483500718	0.8438438956024367	22.994411945343018	709.129903	3852204	0.5	0.796
ERR036186	t10000	Isoniazid	0	0.06870686824618329	0	0.9233716475095786	0.9816700610997964	0.9680781758957655	0.9787817203121078	23.06602430343628	353.200043	4618864	0.5	0.9816700610997964
ERR036186	t10000	Pyrazinamide	0	0.03790052669354763	0	0.5132743362831859	0.8529411764705882	0.9049244271087274	0.8057906362321219	13.492091178894043	348.024497	2901780	0.6628502082291756	0.7547169811320755
ERR036186	t10000	Rifampicin	0	0.08837699964332872	0	0.9202975557917109	0.9785310734463277	0.9704309531299151	0.9784609515786422	25.16014266014099	409.88171900000003	4777620	0.5	0.9785310734463277
ERR036241	t10000	Ethambutol	0	0.004451721560810905	0	0.8316633266533067	0.7757009345794392	0.926829268292683	0.8413377454616363	21.245173931121826	398.41830400000003	3846016	0.5	0.7757009345794392
ERR036241	t10000	Isoniazid	0	0.015312445137422885	0	0.9233716475095786	0.9816700610997964	0.9680781758957655	0.9785226940680037	26.62300157546997	530.4853909999999	4616344	0.5	0.9816700610997964
ERR036241	t10000	Pyrazinamide	0	0.010044618423424417	0	0.5103244837758112	0.8522167487684729	0.9044368600682594	0.8042607447722412	15.58438491821289	417.773769	2897900	0.670382934525529	0.75
ERR036241	t10000	Rifampicin	0	0.010450488625000708	0	0.9171094580233794	0.9784580498866213	0.9694872601446995	0.9788399176585633	24.11983609199524	355.574403	4777228	0.5	0.9784580498866213
ERR037493	t10000	Ethambutol	0	0.005209200392298613	0	0.8236472945891784	0.7754716981132076	0.9257532281205165	0.8469773623018245	20.710973024368286	486.986943	3827704	0.5	0.7754716981132076
ERR037493	t10000	Isoniazid	0	0.01787874242974578	0	0.9233716475095786	0.9836734693877551	0.968729641693811	0.9787462904536598	26.07972526550293	500.970809	4616296	0.5	0.9836734693877551
ERR037493	t10000	Pyrazinamide	0	0.01284095346659669	0	0.48672566371681414	0.8505154639175257	0.9010238907849829	0.8028059773425471	13.773913145065308	336.368196	2884168	0.6906386807996457	0.75
ERR037493	t10000	Rifampicin	0	0.009194660195587265	0	0.9202975557917109	0.9785310734463277	0.9704309531299151	0.9788694615252673	22.589776039123535	382.261237	4775336	0.5	0.9785310734463277
ERR037520	t10000	Ethambutol	0	0.0087015088901333	0	0.8256513026052105	0.77882797731569	0.926829268292683	0.8484151597998947	19.828555583953857	524.4096089999999	3827964	0.5	0.77882797731569
ERR037520	t10000	Isoniazid	0	0.011832381722491788	0	0.9224137931034483	0.9826530612244898	0.9680781758957655	0.97864498886672	23.87873387336731	549.767831	4616396	0.5	0.9826530612244898
ERR037520	t10000	Pyrazinamide	0	0.01269942023572614	0	0.5162241887905604	0.8536585365853658	0.9054119941491955	0.8037025561701253	15.29128384590149	360.84245300000003	2884144	0.6624196153419997	0.7538461538461538
ERR037520	t10000	Rifampicin	0	0.010273123519894588	0	0.9213602550478215	0.9796610169491525	0.9710600817867254	0.9784312444887823	22.285473823547363	407.930147	4776860	0.5	0.9796610169491525
ERR037528	t10000	Isoniazid	0	0.022481525600124338	0	0.9204980842911877	0.9806122448979592	0.9667752442996743	0.9785863340883324	24.8176372051239	427.949411	4617416	0.5	0.9806122448979592
ERR037528	t10000	Rifampicin	0	0.02414119610721831	0	0.9213602550478215	0.9785553047404063	0.9707455174583203	0.9786706044438283	22.95471477508545	452.397706	4778460	0.5	0.9785553047404063
ERR1034635	t10000	Ethambutol	0	0.003760337990462311	0	0.8296593186372746	0.7723880597014925	0.9257532281205165	0.8429818570247186	20.184805154800415	379.608892	3851644	0.5	0.7723880597014925
ERR1034635	t10000	Isoniazid	0	0.021935639110391397	0	0.9224137931034483	0.9826530612244898	0.9680781758957655	0.978560638344989	23.330713987350464	407.877052	4617524	0.5	0.9826530612244898
ERR1034635	t10000	Pyrazinamide	0	0.011831436374123329	0	0.49557522123893805	0.8527918781725888	0.9024865919063871	0.8052498999809473	15.153562545776367	305.790078	2898704	0.6897061322410238	0.7538940809968847
ERR1034635	t10000	Rifampicin	0	0.014252538483604957	0	0.9202975557917109	0.9785310734463277	0.9704309531299151	0.978711296690892	25.882102489471436	443.895883	4777992	0.5	0.9785310734463277
ERR1034671	t10000	Ethambutol	0	0.15531144252838977	0	0.8256513026052105	0.7773584905660378	0.9264705882352942	0.8425946481176747	19.703486680984497	409.720931	3851636	0.5	0.7773584905660378
ERR1034671	t10000	Isoniazid	1	0.9950214232076487	1	0.9195402298850575	0.9795918367346939	0.9661237785016287	0.9771479564810998	22.105887174606323	397.312974	4616476	0.5	0.9795918367346939
ERR1034671	t10000	Rifampicin	1	0.9899868150777653	1	0.9096705632306057	0.9738339021615472	0.9660270525322429	0.9755464060689312	26.04072093963623	449.169821	4776824	0.5	0.9738339021615472
ERR1034684	t10000	Ethambutol	0	0.10134962901173118	0	0.8156312625250501	0.7902912621359224	0.9282639885222381	0.848412356150566	20.058520078659058	381.645218	3865644	0.5	0.7902912621359224
ERR1034684	t10000	Isoniazid	1	0.9950166479808682	1	0.8955938697318008	0.9811122770199371	0.9586319218241043	0.9664350337105304	21.72341513633728	381.867779	4616528	0.5	0.9811122770199371
ERR1034684	t10000	Rifampicin	1	0.9917037217699471	1	0.9128586609989373	0.9750283768444948	0.9672853098458635	0.9751056756367831	23.105088472366333	491.033722	4775128	0.5	0.9750283768444948
ERR1034685	t10000	Ethambutol	1	0.02180685909074736	0	0.8216432865731463	0.779467680608365	0.9264705882352942	0.8483401726106944	19.664613723754883	342.786254	3853856	0.5	0.779467680608365
ERR1034685	t10000	Isoniazid	1	0.9906849351112627	1	0.9224137931034483	0.9796541200406917	0.967100977198697	0.9778453949697623	23.492042779922485	631.2878929999999	4619108	0.5	0.9796541200406917
ERR1034685	t10000	Rifampicin	1	0.07190553154892343	0	0.9181721572794899	0.9795918367346939	0.9701163888015099	0.978247941699095	25.59854555130005	553.1084629999999	4776244	0.5	0.9795918367346939
ERR1034724	t10000	Ethambutol	0	0.5489262798199803	1	0.8036072144288577	0.787819253438114	0.9261119081779053	0.8437715005311331	19.855241298675537	382.96386	3820124	0.5	0.787819253438114
ERR1034724	t10000	Isoniazid	1	0.9946180651198743	1	0.9176245210727969	0.9805527123848515	0.9657980456026058	0.9772157224297136	24.34603714942932	475.772723	4616604	0.5	0.9805527123848515
ERR1034724	t10000	Rifampicin	1	0.9917934974992203	1	0.9075451647183846	0.977116704805492	0.966341616860648	0.9752599355395621	25.2081618309021	516.9087930000001	4775700	0.5	0.977116704805492
ERR1034749	t10000	Ethambutol	0	0.029655020315590364	0	0.8236472945891784	0.7813688212927756	0.9271879483500718	0.8466615913504423	19.9317729473114	362.519551	3852148	0.5	0.7813688212927756
ERR1034749	t10000	Isoniazid	1	0.9028535529089756	1	0.9243295019157088	0.9816887080366226	0.9684039087947883	0.9789086055449085	22.96610116958618	384.331136	4619020	0.5	0.9816887080366226
ERR1034749	t10000	Rifampicin	0	0.32379674378751794	0	0.9160467587672688	0.9795454545454545	0.9694872601446995	0.9785497903440327	24.90184760093689	477.117694	4776912	0.5	0.9795454545454545
ERR1034750	t10000	Ethambutol	0	0.7309723676486658	1	0.8016032064128257	0.7662835249042146	0.9207317073170732	0.8323751718509399	20.160390615463257	410.018414	3853712	0.5	0.7662835249042146
ERR1034750	t10000	Isoniazid	1	0.9955522835320928	1	0.9176245210727969	0.9765545361875637	0.9644951140065147	0.975341543798469	24.204970836639404	465.156986	4618008	0.5	0.9765545361875637
ERR1034750	t10000	Pyrazinamide	1	0.46857267227145566	0	0.5162241887905604	0.8536585365853658	0.9054119941491955	0.8030025119639272	15.61742639541626	350.340304	2897152	0.6797264022861161	0.745398773006135
ERR1034750	t10000	Rifampicin	1	0.9931205324414385	1	0.9064824654622742	0.9759725400457666	0.9657124882038377	0.9743460603212039	25.309967041015625	474.679718	4777832	0.5	0.9759725400457666
ERR1034754	t10000	Ethambutol	0	0.44111145968322735	0	0.8236472945891784	0.7980582524271844	0.9311334289813487	0.8517836614841856	20.936822652816772	554.0291900000001	3846544	0.5	0.7980582524271844
ERR1034754	t10000	Isoniazid	1	0.9957826134244134	1	0.9204980842911877	0.9786150712830958	0.9661237785016287	0.9777115510831091	25.2275869846344	506.098151	4616548	0.5	0.9786150712830958
ERR1034754	t10000	Pyrazinamide	1	0.4393659250997611	0	0.5250737463126843	0.8516746411483254	0.9063871282301317	0.8046976793692414	14.904235124588013	452.46229600000004	2890584	0.6652081970219331	0.7507598784194529
ERR1034754	t10000	Rifampicin	1	0.9313082485630657	1	0.9160467587672688	0.9806598407281001	0.9698018244731047	0.9784198744103612	26.3168683052063	504.549166	4776172	0.5	0.9806598407281001
ERR1034764	t10000	Ethambutol	1	0.35727677358714877	0	0.8096192384769539	0.793713163064833	0.9282639885222381	0.8493438110278543	20.54843235015869	415.78382	3844960	0.5	0.793713163064833
ERR1034764	t10000	Isoniazid	1	0.9947370868253547	1	0.9195402298850575	0.9795918367346939	0.9661237785016287	0.9772435242714971	22.914562702178955	401.22635099999997	4616056	0.5	0.9795918367346939
ERR1034764	t10000	Pyrazinamide	1	0.3108696509980603	0	0.528023598820059	0.8523809523809524	0.9068746952705997	0.8085615512082945	15.331037759780884	329.065157	2893284	0.6634965497961287	0.7446808510638298
ERR1034764	t10000	Rifampicin	1	0.990885379735459	1	0.9117959617428267	0.9738933030646992	0.9666561811890532	0.976243089035714	25.599243640899658	724.977082	4774744	0.5	0.9738933030646992
ERR1034787	t10000	Ethambutol	0	0.6979729043921908	1	0.8216432865731463	0.7765151515151515	0.9257532281205165	0.8480171868181459	18.728325128555298	334.531569	3848024	0.5	0.7765151515151515
ERR1034787	t10000	Isoniazid	1	0.9955244391903378	1	0.9233716475095786	0.9796747967479674	0.9674267100977199	0.9775755084161112	24.656579971313477	602.5523710000001	4616368	0.5	0.9796747967479674
ERR1034787	t10000	Pyrazinamide	1	0.9115176126970946	1	0.5368731563421829	0.8504672897196262	0.9078498293515358	0.8064687857119038	15.471590280532837	448.990633	2892312	0.6624689030167866	0.7577639751552795
ERR1034787	t10000	Rifampicin	1	0.9455261611384823	1	0.9149840595111584	0.9828767123287672	0.9701163888015099	0.9784086242872285	27.96038818359375	763.489932	4775924	0.5	0.9828767123287672
ERR1034792	t10000	Ethambutol	1	0.1275993690032409	0	0.8236472945891784	0.7740112994350282	0.9253945480631277	0.8432054854049181	18.18521523475647	372.599858	3851288	0.5	0.7740112994350282
ERR1034792	t10000	Isoniazid	0	0.19885254223948093	0	0.9233716475095786	0.9806714140386572	0.9677524429967427	0.9787205875727844	22.875001668930054	539.296125	4616068	0.5	0.9806714140386572
ERR1034792	t10000	Pyrazinamide	0	0.016090077422118633	0	0.4808259587020649	0.8534031413612565	0.9005363237445149	0.8035613917475591	15.095503807067871	335.17449999999997	2895596	0.6956449432885342	0.7563291139240507
ERR1034792	t10000	Rifampicin	0	0.013725586328593734	0	0.9202975557917109	0.9774266365688488	0.9701163888015099	0.9782978761041645	27.15747857093811	691.76265	4776016	0.5	0.9774266365688488
ERR1034830	t10000	Ethambutol	1	0.012071473368958932	0	0.7935871743486974	0.7967806841046278	0.926829268292683	0.8465656956364054	18.532844305038452	431.045938	3851592	0.5	0.7967806841046278
ERR1034830	t10000	Isoniazid	1	0.9692577968182626	1	0.9243295019157088	0.9816887080366226	0.9684039087947883	0.9787063097853435	24.462326288223267	479.679062	4614220	0.5	0.9816887080366226
ERR1034830	t10000	Pyrazinamide	0	0.30429171204501493	0	0.4690265486725664	0.8502673796791443	0.8985860555826426	0.8038997431640494	14.897841453552246	304.332847	2903884	0.6939703821354787	0.76
ERR1034830	t10000	Rifampicin	0	0.045509598603383244	0	0.9171094580233794	0.981797497155859	0.9704309531299151	0.9787465941412725	26.195582389831543	631.076682	4777176	0.5	0.981797497155859
ERR1034868	t10000	Ethambutol	1	0.6835347158193097	1	0.8256513026052105	0.7803030303030303	0.9271879483500718	0.8433292231095402	19.62103772163391	387.194744	3846628	0.5	0.7803030303030303
ERR1034868	t10000	Isoniazid	1	0.9839177276830167	1	0.9224137931034483	0.981651376146789	0.9677524429967427	0.9784557049719266	23.805454969406128	426.030462	4615176	0.5	0.981651376146789
ERR1034868	t10000	Pyrazinamide	1	0.8050933013146889	1	0.4778761061946903	0.8526315789473684	0.9000487567040468	0.8059873499128725	14.150631666183472	415.371671	2898584	0.6925922124814465	0.7563291139240507
ERR1034868	t10000	Rifampicin	1	0.9937712505652515	1	0.9117959617428267	0.9761092150170648	0.9672853098458635	0.9763867579284834	22.860989570617676	407.828143	4776064	0.5	0.9761092150170648
ERR1034869	t10000	Ethambutol	0	0.23252777589233875	0	0.8176352705410822	0.7727272727272727	0.9243185078909613	0.8457628304781943	21.67379903793335	456.38946999999996	3845956	0.5	0.7727272727272727
ERR1034869	t10000	Isoniazid	1	0.9797398172913995	1	0.9204980842911877	0.9796126401630989	0.9664495114006515	0.9782313085096837	22.117014169692993	425.287333	4616280	0.5	0.9796126401630989
ERR1034869	t10000	Pyrazinamide	0	0.5699813471670755	0	0.471976401179941	0.851063829787234	0.8990736226231106	0.8056804392359603	16.1072199344635	412.647263	2897580	0.7006626864762769	0.7635782747603834
ERR1034869	t10000	Rifampicin	1	0.9933734739250348	1	0.9086078639744952	0.9771428571428571	0.9666561811890532	0.9764006792734496	22.659751176834106	426.812051	4777188	0.5	0.9771428571428571
ERR1034880	t10000	Ethambutol	0	0.5227292703560676	1	0.8156312625250501	0.7752380952380953	0.9246771879483501	0.8502187772465551	19.817002773284912	382.101155	3858260	0.5	0.7752380952380953
ERR1034880	t10000	Isoniazid	1	0.9954688127505837	1	0.9195402298850575	0.9795918367346939	0.9661237785016287	0.9770516174004034	27.792169094085693	822.471888	4617036	0.5	0.9795918367346939
ERR1034880	t10000	Pyrazinamide	1	0.6956891706741778	1	0.4896755162241888	0.8512820512820513	0.901511457825451	0.8049581916034338	15.97263240814209	487.113131	2904900	0.6810904890461027	0.7515337423312883
ERR1034880	t10000	Rifampicin	1	0.9909282373935889	1	0.9107332624867163	0.9760820045558086	0.9669707455174583	0.9757012719814669	25.07595705986023	502.220384	4775016	0.5	0.9760820045558086
ERR1034924	t10000	Ethambutol	0	0.003857222790937129	0	0.8256513026052105	0.77882797731569	0.926829268292683	0.8418589928084094	19.390524864196777	376.298677	3843176	0.5	0.77882797731569
ERR1034924	t10000	Isoniazid	1	0.015885177959819304	0	0.9243295019157088	0.9816887080366226	0.9684039087947883	0.9787000157364775	23.081844091415405	367.67159000000004	4616212	0.5	0.9816887080366226
ERR1034924	t10000	Rifampicin	0	0.0071361011706235445	0	0.9192348565356004	0.9807256235827665	0.9707455174583203	0.9786795361225272	23.620140552520752	446.90445900000003	4775868	0.5	0.9807256235827665
ERR1034927	t10000	Ethambutol	0	0.006196471781319728	0	0.8056112224448898	0.7928994082840237	0.9275466284074605	0.8461919728409909	18.36582589149475	478.614768	3817540	0.5	0.7928994082840237
ERR1034927	t10000	Isoniazid	1	0.020990292755090872	0	0.9224137931034483	0.9806517311608961	0.9674267100977199	0.9785664881240903	24.147456884384155	521.513821	4614576	0.5	0.9806517311608961
ERR1034927	t10000	Rifampicin	0	0.045554374278525975	0	0.9213602550478215	0.9796610169491525	0.9710600817867254	0.9785102268014613	23.889447689056396	547.286817	4776044	0.5	0.9796610169491525
ERR1034934	t10000	Ethambutol	0	0.0059485387938019475	0	0.8196392785571143	0.7731568998109641	0.9246771879483501	0.8426863942948583	19.36365246772766	377.07704199999995	3848312	0.5	0.7731568998109641
ERR1034934	t10000	Isoniazid	1	0.02407225493271308	0	0.9233716475095786	0.9826707441386341	0.9684039087947883	0.9780868306268888	24.590614318847656	512.5297459999999	4616336	0.5	0.9826707441386341
ERR1034934	t10000	Rifampicin	1	0.011617433955531083	0	0.9202975557917109	0.9785310734463277	0.9704309531299151	0.9789010033615672	24.863125801086426	432.49287400000003	4774096	0.5	0.9785310734463277
ERR1034970	t10000	Ethambutol	0	0.0071003432359765415	0	0.8196392785571143	0.7731568998109641	0.9246771879483501	0.842814050493393	20.22110867500305	332.480113	3853520	0.5	0.7731568998109641
ERR1034970	t10000	Isoniazid	1	0.03828571195275221	0	0.9233716475095786	0.9826707441386341	0.9684039087947883	0.9784242067837805	26.213910818099976	459.947275	4616304	0.5	0.9826707441386341
ERR1034970	t10000	Rifampicin	0	0.018731257423197707	0	0.9171094580233794	0.9784580498866213	0.9694872601446995	0.9782864521749591	25.65966272354126	561.546282	4776212	0.5	0.9784580498866213
ERR1034971	t10000	Ethambutol	0	0.0537494254740701	0	0.8016032064128257	0.7952286282306164	0.9275466284074605	0.8438387813859957	19.54814100265503	471.29400599999997	3833540	0.5	0.7952286282306164
ERR1034971	t10000	Isoniazid	1	0.9888764544765178	1	0.9185823754789272	0.9795709908069459	0.9657980456026058	0.9779874508129863	22.519368171691895	516.520458	4615756	0.5	0.9795709908069459
ERR1034971	t10000	Pyrazinamide	0	0.14446608381591658	0	0.504424778761062	0.8507462686567164	0.9034617259873232	0.8082436353438313	13.955249786376953	442.020523	2887068	0.6791601233633185	0.7570977917981072
ERR1034971	t10000	Rifampicin	0	0.10472873042137121	0	0.9171094580233794	0.9806818181818182	0.9701163888015099	0.9782134145738813	23.88511323928833	558.17094	4773872	0.5	0.9806818181818182
ERR1034987	t10000	Ethambutol	0	0.5099319134142523	1	0.8076152304609219	0.777992277992278	0.9243185078909613	0.8483346187076817	19.466228485107422	365.167776	3852624	0.5	0.777992277992278
ERR1034987	t10000	Isoniazid	1	0.9870787811445842	1	0.9185823754789272	0.9785714285714285	0.965472312703583	0.9772603877865398	21.580233335494995	381.592704	4616264	0.5	0.9785714285714285
ERR1034987	t10000	Rifampicin	1	0.9914178517051379	1	0.9107332624867163	0.9760820045558086	0.9669707455174583	0.9747782400766599	27.18890404701233	655.899397	4774720	0.5	0.9760820045558086
ERR1035005	t10000	Ethambutol	0	0.7674452101319476	1	0.8316633266533067	0.7771535580524345	0.9271879483500718	0.84704052287153	19.51966142654419	352.904594	3834808	0.5	0.7771535580524345
ERR1035005	t10000	Isoniazid	1	0.9948286559596325	1	0.9185823754789272	0.9805725971370143	0.9661237785016287	0.9769842160428032	21.751689434051514	377.925522	4617072	0.5	0.9805725971370143
ERR1035005	t10000	Rifampicin	1	0.9933585245751719	1	0.9086078639744952	0.9771428571428571	0.9666561811890532	0.9758553348518856	25.92543363571167	551.106941	4775008	0.5	0.9771428571428571
ERR1035028	t10000	Ethambutol	0	0.010063245184710997	0	0.811623246492986	0.791015625	0.9279053084648493	0.8456054990634515	19.828893184661865	360.192122	3855268	0.5	0.791015625
ERR1035028	t10000	Isoniazid	1	0.8864270322228571	1	0.9224137931034483	0.9826530612244898	0.9680781758957655	0.9787348775001354	23.521371126174927	469.56471	4619096	0.5	0.9826530612244898
ERR1035028	t10000	Rifampicin	1	0.7203681894022976	1	0.9160467587672688	0.9762174405436014	0.9685435671594841	0.9779182548033121	25.15019679069519	542.764948	4777192	0.5	0.9762174405436014
ERR1035043	t10000	Ethambutol	0	0.18867542620492916	0	0.8176352705410822	0.7786259541984732	0.9257532281205165	0.8437853824119379	19.3928701877594	444.11377	3850916	0.5	0.7786259541984732
ERR1035043	t10000	Isoniazid	1	0.8487382199782524	1	0.921455938697318	0.9806320081549439	0.967100977198697	0.9786367037586248	24.851476430892944	451.485	4616796	0.5	0.9806320081549439
ERR1035043	t10000	Rifampicin	1	0.9925557588431781	1	0.9117959617428267	0.975	0.9669707455174583	0.976310196612342	22.487258434295654	354.512956	4776416	0.5	0.975
ERR1035071	t10000	Ethambutol	0	0.01585194450842406	0	0.8176352705410822	0.7741935483870968	0.9246771879483501	0.8440885476464892	21.065231561660767	378.55481000000003	3845228	0.5	0.7741935483870968
ERR1035071	t10000	Isoniazid	0	0.19150020392617945	0	0.9233716475095786	0.9796747967479674	0.9674267100977199	0.978449189052163	23.99199342727661	424.758312	4617016	0.5	0.9796747967479674
ERR1035071	t10000	Rifampicin	1	0.9566363238698811	1	0.895855472901169	0.9689655172413794	0.9606794589493551	0.9733173995297453	26.786889791488647	623.7481180000001	4776888	0.5	0.9689655172413794
ERR1035079	t10000	Ethambutol	0	0.30111854657294007	0	0.8256513026052105	0.77882797731569	0.926829268292683	0.8504222937328627	19.37645149230957	383.104418	3848844	0.5	0.77882797731569
ERR1035079	t10000	Isoniazid	1	0.867908665769917	1	0.921455938697318	0.9816326530612245	0.9674267100977199	0.9781087789644599	23.768662929534912	518.570538	4619640	0.5	0.9816326530612245
ERR1035079	t10000	Rifampicin	1	0.9933734472059368	1	0.9075451647183846	0.9782359679266895	0.9666561811890532	0.9763604836114503	23.293174505233765	451.99337099999997	4775236	0.5	0.9782359679266895
ERR1035089	t10000	Ethambutol	0	0.8364373575438061	1	0.8276553106212425	0.7821969696969697	0.9279053084648493	0.8471551350365233	18.27350902557373	430.032836	3840708	0.5	0.7821969696969697
ERR1035089	t10000	Isoniazid	1	0.995560350857456	1	0.9166666666666666	0.9785276073619632	0.9648208469055375	0.9773358822270599	22.77307939529419	516.312591	4616452	0.5	0.9785276073619632
ERR1035089	t10000	Rifampicin	1	0.9940625786719298	1	0.9096705632306057	0.9727272727272728	0.9657124882038377	0.9753697254608655	25.635895252227783	496.772949	4775844	0.5	0.9727272727272728
ERR1035119	t10000	Isoniazid	0	0.007718381753186393	0	0.9224137931034483	0.9826530612244898	0.9680781758957655	0.9789092615448408	23.559341192245483	406.747905	4615248	0.5	0.9826530612244898
ERR1035119	t10000	Rifampicin	0	0.012049976296192743	0	0.9202975557917109	0.9796380090497737	0.9707455174583203	0.9784419145767042	24.906331777572632	435.587331	4777000	0.5	0.9796380090497737
ERR1035137	t10000	Ethambutol	0	0.010146251921748662	0	0.8256513026052105	0.77882797731569	0.926829268292683	0.8443099147158819	21.044081687927246	384.619657	3864384	0.5	0.77882797731569
ERR1035137	t10000	Isoniazid	0	0.03886333882862657	0	0.9233716475095786	0.9816700610997964	0.9680781758957655	0.9788001318276867	25.20919179916382	497.705261	4616720	0.5	0.9816700610997964
ERR1035137	t10000	Rifampicin	0	0.023843189126835217	0	0.9213602550478215	0.9785553047404063	0.9707455174583203	0.9785126557356219	26.201510429382324	577.239207	4778508	0.5	0.9785553047404063
ERR1035152	t10000	Ethambutol	0	0.05895142438398653	0	0.8176352705410822	0.7756653992395437	0.9250358680057389	0.8461941479101093	19.78454875946045	339.463225	3843756	0.5	0.7756653992395437
ERR1035152	t10000	Isoniazid	1	0.9910178508252966	1	0.9233716475095786	0.9796747967479674	0.9674267100977199	0.9779730826492732	24.721304416656494	619.056168	4616780	0.5	0.9796747967479674
ERR1035152	t10000	Rifampicin	0	0.2265336202635117	0	0.9149840595111584	0.9784090909090909	0.9688581314878892	0.9785635941900991	25.139110326766968	386.749083	4774168	0.5	0.9784090909090909
ERR1035171	t10000	Ethambutol	0	0.008522134209937601	0	0.8256513026052105	0.7744360902255639	0.9257532281205165	0.8436518890956564	20.814157009124756	350.38785	3836776	0.5	0.7744360902255639
ERR1035171	t10000	Isoniazid	0	0.04905016831176456	0	0.9252873563218391	0.982706002034588	0.9690553745928339	0.9788318340909768	23.694708585739136	417.60931899999997	4616580	0.5	0.982706002034588
ERR1035171	t10000	Rifampicin	0	0.016119763602331808	0	0.9192348565356004	0.9785067873303167	0.9701163888015099	0.97908752090052	27.271324157714844	592.77552	4775240	0.5	0.9785067873303167
ERR1035177	t10000	Ethambutol	0	0.10326563355132715	0	0.8016032064128257	0.796812749003984	0.9279053084648493	0.8410649248497472	18.040242433547974	382.370752	3857660	0.5	0.796812749003984
ERR1035177	t10000	Isoniazid	1	0.4442024046068853	0	0.9224137931034483	0.981651376146789	0.9677524429967427	0.978796645558906	25.2620906829834	566.221135	4616196	0.5	0.981651376146789
ERR1035177	t10000	Pyrazinamide	0	0.07660889143943671	0	0.5191740412979351	0.8502415458937198	0.9054119941491955	0.8073438111436264	16.535882234573364	532.885164	2901816	0.6601898123744618	0.7523219814241486
ERR1035177	t10000	Rifampicin	1	0.987690376601482	1	0.9107332624867163	0.9760820045558086	0.9669707455174583	0.9766178742573669	24.358945608139038	355.212309	4777436	0.5	0.9760820045558086
ERR1035237	t10000	Ethambutol	1	0.7439041472150726	1	0.811623246492986	0.7714285714285715	0.9232424677187948	0.8439649017642628	20.17275905609131	402.093133	3842860	0.5	0.7714285714285715
ERR1035237	t10000	Isoniazid	1	0.9602273467894774	1	0.9195402298850575	0.9805924412665986	0.9664495114006515	0.9787437799808183	22.044328451156616	410.170575	4616264	0.5	0.9805924412665986
ERR1035237	t10000	Pyrazinamide	1	0.9761507648613896	1	0.4778761061946903	0.8526315789473684	0.9000487567040468	0.802966006131157	17.937734365463257	605.309556	2893628	0.7022579637273554	0.7577639751552795
ERR1035237	t10000	Rifampicin	1	0.9932824451301615	1	0.9107332624867163	0.9760820045558086	0.9669707455174583	0.9765699642110832	23.38839030265808	486.266241	4775976	0.5	0.9760820045558086
ERR1035259	t10000	Ethambutol	1	0.8119439694286537	1	0.8296593186372746	0.7723880597014925	0.9257532281205165	0.8491309593714994	18.72421383857727	367.98033300000003	3826496	0.5	0.7723880597014925
ERR1035259	t10000	Isoniazid	1	0.9954886539368412	1	0.9204980842911877	0.9786150712830958	0.9661237785016287	0.9771903828233365	25.750181198120117	719.04519	4616500	0.5	0.9786150712830958
ERR1035259	t10000	Rifampicin	1	0.9927471997470542	1	0.9075451647183846	0.9737742303306728	0.9653979238754326	0.9753506326651599	23.497650861740112	409.422095	4776744	0.5	0.9737742303306728
ERR1035315	t10000	Ethambutol	1	0.7760465791598007	1	0.8096192384769539	0.7829457364341085	0.9257532281205165	0.8487006434406507	20.398224592208862	410.472279	3822556	0.5	0.7829457364341085
ERR1035315	t10000	Isoniazid	1	0.9603858854021854	1	0.9233716475095786	0.9796747967479674	0.9674267100977199	0.9786359532523108	21.91284680366516	421.130881	4617552	0.5	0.9796747967479674
ERR1035315	t10000	Rifampicin	1	0.9928597818766598	1	0.9117959617428267	0.9738933030646992	0.9666561811890532	0.9753574500869195	23.109259128570557	409.74994499999997	4778440	0.5	0.9738933030646992
ERR1035316	t10000	Ethambutol	1	0.08516385360199923	0	0.8336673346693386	0.7717996289424861	0.9261119081779053	0.8491276288150501	19.52198314666748	342.331654	3797356	0.5	0.7717996289424861
ERR1035316	t10000	Isoniazid	1	0.9938458718204007	1	0.9185823754789272	0.9795709908069459	0.9657980456026058	0.9774974581650174	23.513293266296387	406.659823	4617320	0.5	0.9795709908069459
ERR1035316	t10000	Rifampicin	1	0.9928313953861059	1	0.9096705632306057	0.976054732041049	0.9666561811890532	0.975557323233622	24.782476902008057	441.47012	4775064	0.5	0.976054732041049
ERR1035350	t10000	Ethambutol	1	0.45076500523407587	0	0.8196392785571143	0.7790476190476191	0.9261119081779053	0.846610324515487	17.905107259750366	319.97844200000003	3853460	0.5	0.7790476190476191
ERR1035350	t10000	Isoniazid	1	0.9923116885292452	1	0.9185823754789272	0.9795709908069459	0.9657980456026058	0.97636118875963	22.036630868911743	429.177191	4615992	0.5	0.9795709908069459
ERR1035350	t10000	Rifampicin	1	0.9934236731871522	1	0.9086078639744952	0.9771428571428571	0.9666561811890532	0.9757266523473593	22.553832530975342	338.408587	4775976	0.5	0.9771428571428571
ERR1036286	t10000	Ethambutol	1	0.8479584444623768	1	0.8316633266533067	0.7800751879699248	0.9279053084648493	0.8474994825149608	22.02174997329712	458.499101	3856960	0.5	0.7800751879699248
ERR1036286	t10000	Isoniazid	1	0.9955684960818423	1	0.9204980842911877	0.9796126401630989	0.9664495114006515	0.9773177127360492	24.322175979614258	513.039282	4616776	0.5	0.9796126401630989
ERR1036286	t10000	Pyrazinamide	1	0.37062343964280137	0	0.46607669616519176	0.8540540540540541	0.8985860555826426	0.8036286766861668	15.284673929214478	375.21521	2902160	0.7148019624228564	0.7446153846153846
ERR1036286	t10000	Rifampicin	1	0.9915673813580415	1	0.9086078639744952	0.9738041002277904	0.9657124882038377	0.9760925490597073	26.055564880371094	580.3503860000001	4775996	0.5	0.9738041002277904
ERR1036289	t10000	Ethambutol	1	0.6596614729398158	1	0.8256513026052105	0.7773584905660378	0.9264705882352942	0.8490743017506556	20.321097373962402	475.31961199999995	3853800	0.5	0.7773584905660378
ERR1036289	t10000	Isoniazid	1	0.9833747636994339	1	0.9195402298850575	0.9795918367346939	0.9661237785016287	0.9785822850442463	24.321656703948975	557.666284	4615704	0.5	0.9795918367346939
ERR1036289	t10000	Pyrazinamide	0	0.8121382792373264	1	0.504424778761062	0.8507462686567164	0.9034617259873232	0.8063878671203584	15.230479717254639	346.48722100000003	2902544	0.6825334315039818	0.7515337423312883
ERR1036289	t10000	Rifampicin	1	0.9933078470665565	1	0.9128586609989373	0.9739229024943311	0.9669707455174583	0.976522927066968	25.3179931640625	471.165239	4775684	0.5	0.9739229024943311
ERR1036296	t10000	Ethambutol	0	0.654069208553257	1	0.811623246492986	0.791015625	0.9279053084648493	0.8468689309027589	20.068732738494873	314.678337	3854272	0.5	0.791015625
ERR1036296	t10000	Isoniazid	1	0.9809186743162926	1	0.921455938697318	0.9816326530612245	0.9674267100977199	0.9788745503410511	25.49614453315735	696.018906	4616332	0.5	0.9816326530612245
ERR1036296	t10000	Pyrazinamide	1	0.6416955138414342	0	0.5191740412979351	0.8502415458937198	0.9054119941491955	0.8018389325499781	14.661888122558594	310.988703	2903500	0.6674659278356652	0.7531645569620253
ERR1036296	t10000	Rifampicin	1	0.9920534650627705	1	0.9139213602550478	0.9739524348810872	0.9672853098458635	0.9762576645131716	24.38639545440674	595.994417	4776336	0.5	0.9739524348810872
ERR124641	t10000	Isoniazid	0	0.022931333686624984	0	0.9224137931034483	0.981651376146789	0.9677524429967427	0.9786117282217747	24.358322620391846	423.88976199999996	4616424	0.5	0.981651376146789
ERR124641	t10000	Rifampicin	0	0.01722807899249569	0	0.9192348565356004	0.9796149490373726	0.9704309531299151	0.978682827931995	25.163471221923828	385.057421	4776132	0.5	0.9796149490373726
ERR124650	t10000	Isoniazid	0	0.017355841169132108	0	0.9243295019157088	0.9816887080366226	0.9684039087947883	0.9786846915778975	24.158055782318115	443.465392	4616180	0.5	0.9816887080366226
ERR124650	t10000	Rifampicin	0	0.015056358695062637	0	0.9171094580233794	0.9784580498866213	0.9694872601446995	0.9784088158004204	27.771771907806396	567.209745	4774908	0.5	0.9784580498866213
ERR126630	t10000	Isoniazid	0	0.018778713036259376	0	0.9243295019157088	0.9816887080366226	0.9684039087947883	0.9783431753687233	26.014103889465332	508.434419	4616468	0.5	0.9816887080366226
ERR126630	t10000	Rifampicin	0	0.00721287346490955	0	0.9192348565356004	0.9796149490373726	0.9704309531299151	0.9787417737559031	26.384182453155518	582.6181330000001	4775888	0.5	0.9796149490373726
ERR126633	t10000	Isoniazid	0	0.04598143602726082	0	0.9233716475095786	0.9816700610997964	0.9680781758957655	0.9779936741860933	24.24702548980713	535.283149	4617248	0.5	0.9816700610997964
ERR126633	t10000	Rifampicin	0	0.0386947216120252	0	0.9202975557917109	0.9796380090497737	0.9707455174583203	0.9783140624292224	25.916724920272827	496.213434	4776480	0.5	0.9796380090497737
ERR161028	t10000	Isoniazid	0	0.013538820834645427	0	0.9243295019157088	0.9806910569105691	0.9680781758957655	0.9783831153012237	25.967190504074097	642.855754	4616140	0.5	0.9806910569105691
ERR161028	t10000	Rifampicin	0	0.027991314169973063	0	0.9181721572794899	0.9795918367346939	0.9701163888015099	0.9783264934293773	26.121073961257935	630.3999739999999	4775796	0.5	0.9795918367346939
ERR161030	t10000	Isoniazid	0	0.01989490353735797	0	0.9233716475095786	0.9816700610997964	0.9680781758957655	0.9785765462530793	27.14395308494568	654.360356	4616212	0.5	0.9816700610997964
ERR161030	t10000	Rifampicin	0	0.007765517223201439	0	0.9202975557917109	0.9774266365688488	0.9701163888015099	0.9783673575414978	25.118340253829956	459.268954	4777384	0.5	0.9774266365688488
ERR161096	t10000	Isoniazid	0	0.017035206321345166	0	0.9233716475095786	0.9766970618034447	0.9664495114006515	0.9782789431815451	24.843119144439697	621.748015	4616380	0.5	0.9766970618034447
ERR161096	t10000	Rifampicin	0	0.006731923681756624	0	0.9064824654622742	0.9849884526558892	0.9682290028310789	0.9769436579566646	25.912274599075317	515.6236829999999	4774944	0.5	0.9849884526558892
ERR161105	t10000	Ethambutol	0	0.004565882331701174	0	0.8296593186372746	0.7796610169491526	0.9275466284074605	0.8439351106248758	20.182194709777832	397.597511	3853012	0.5	0.7796610169491526
ERR161105	t10000	Isoniazid	1	0.018234547706614878	0	0.9204980842911877	0.9816138917262512	0.967100977198697	0.9784380554756443	23.807103633880615	402.860098	4615552	0.5	0.9816138917262512
ERR161105	t10000	Pyrazinamide	0	0.009334213651373156	0	0.471976401179941	0.851063829787234	0.8990736226231106	0.8011242796032967	14.21414852142334	329.49527700000004	2901776	0.7012803168842858	0.7523219814241486
ERR161105	t10000	Rifampicin	0	0.007386007007144078	0	0.9202975557917109	0.9807474518686297	0.9710600817867254	0.9785103742047735	28.05083465576172	458.90307700000005	4777560	0.5	0.9807474518686297
ERR161127	t10000	Isoniazid	0	0.017530699356531895	0	0.9252873563218391	0.982706002034588	0.9690553745928339	0.978349629274645	23.569915533065796	398.133212	4616800	0.5	0.982706002034588
ERR161127	t10000	Rifampicin	0	0.007240701931954774	0	0.9202975557917109	0.9785310734463277	0.9704309531299151	0.978349169904116	24.169655323028564	434.62604600000003	4775516	0.5	0.9785310734463277
ERR161129	t10000	Isoniazid	0	0.011869720635464669	0	0.9224137931034483	0.9806517311608961	0.9674267100977199	0.9788041501172848	25.08983588218689	692.9279200000001	4619020	0.5	0.9806517311608961
ERR161129	t10000	Rifampicin	0	0.011255604126755069	0	0.9202975557917109	0.9807474518686297	0.9710600817867254	0.9782594835988969	24.790124893188477	465.938298	4777160	0.5	0.9807474518686297
ERR161138	t10000	Ethambutol	0	0.033936824586866074	0	0.8236472945891784	0.776937618147448	0.9261119081779053	0.8415309042088757	23.278316497802734	798.016154	3852688	0.5	0.776937618147448
ERR161138	t10000	Isoniazid	1	0.9931652993757999	1	0.9195402298850575	0.9805924412665986	0.9664495114006515	0.9783030356072888	26.36378836631775	613.377932	4615916	0.5	0.9805924412665986
ERR161138	t10000	Pyrazinamide	0	0.18590945139504209	0	0.5073746312684366	0.8514851485148515	0.9039492930277914	0.8071807027918936	14.024432897567749	341.629618	2899356	0.6790861050217458	0.7570977917981072
ERR161138	t10000	Rifampicin	0	0.06370322263096037	0	0.9149840595111584	0.9784090909090909	0.9688581314878892	0.9781659422907872	24.933793544769287	456.82214500000003	4775908	0.5	0.9784090909090909
ERR161156	t10000	Isoniazid	0	0.023757778438306076	0	0.9233716475095786	0.9836734693877551	0.968729641693811	0.9785615552912872	24.150253534317017	521.116933	4615676	0.5	0.9836734693877551
ERR161156	t10000	Rifampicin	0	0.006927333221279115	0	0.9202975557917109	0.9807474518686297	0.9710600817867254	0.9790708404990592	26.473904609680176	537.47541	4773940	0.5	0.9807474518686297
ERR161163	t10000	Isoniazid	0	0.020433600372103018	0	0.9224137931034483	0.981651376146789	0.9677524429967427	0.9787445152717157	24.529338121414185	490.472667	4616528	0.5	0.981651376146789
ERR161163	t10000	Rifampicin	0	0.025249139464936017	0	0.9181721572794899	0.9818181818181818	0.9707455174583203	0.9785442983784837	26.44408392906189	399.17979499999996	4774936	0.5	0.9818181818181818
ERR161164	t10000	Isoniazid	0	0.017675540136815375	0	0.9243295019157088	0.9836901121304791	0.9690553745928339	0.9783462778065348	22.75906205177307	406.44961	4618296	0.5	0.9836901121304791
ERR161164	t10000	Rifampicin	0	0.0202063026414421	0	0.9192348565356004	0.9774011299435028	0.9698018244731047	0.9784690353323457	23.92688512802124	427.374237	4777248	0.5	0.9774011299435028
ERR161180	t10000	Isoniazid	0	0.05824880217858254	0	0.9233716475095786	0.9816700610997964	0.9680781758957655	0.9779222062296516	23.385888814926147	521.361008	4616036	0.5	0.9816700610997964
ERR161180	t10000	Rifampicin	0	0.00993701668602863	0	0.9171094580233794	0.9795686719636776	0.9698018244731047	0.9782398951356568	24.474614143371582	467.92773	4774592	0.5	0.9795686719636776
ERR161190	t10000	Isoniazid	0	0.0335502476620374	0	0.9233716475095786	0.9796747967479674	0.9674267100977199	0.9783468747502435	24.874647617340088	551.860756	4616112	0.5	0.9796747967479674
ERR161190	t10000	Rifampicin	0	0.016224148061189093	0	0.9202975557917109	0.9796380090497737	0.9707455174583203	0.9788859603871777	25.026472091674805	508.40245	4777220	0.5	0.9796380090497737
ERR163940	t10000	Isoniazid	0	0.01921370943715565	0	0.9243295019157088	0.9806910569105691	0.9680781758957655	0.9787472959329371	23.747934341430664	527.653157	4618552	0.5	0.9806910569105691
ERR163940	t10000	Rifampicin	0	0.026629944789541282	0	0.9181721572794899	0.9807037457434733	0.9704309531299151	0.9785598862739866	24.811287879943848	333.520184	4776788	0.5	0.9807037457434733
ERR163958	t10000	Ethambutol	0	0.3583177485802894	0	0.8156312625250501	0.7767175572519084	0.9250358680057389	0.8442066265871745	19.234351873397827	376.018235	3841104	0.5	0.7767175572519084
ERR163958	t10000	Isoniazid	1	0.9951746585150546	1	0.921455938697318	0.9806320081549439	0.967100977198697	0.9774456703171054	24.9880211353302	460.64023499999996	4615800	0.5	0.9806320081549439
ERR163958	t10000	Pyrazinamide	1	0.4711351815591113	0	0.504424778761062	0.8507462686567164	0.9034617259873232	0.8057368200585266	14.307878494262695	375.221234	2889200	0.6789677333370155	0.7538940809968847
ERR163958	t10000	Rifampicin	1	0.9918419967729895	1	0.9086078639744952	0.9749144811858609	0.9660270525322429	0.9758836825743062	28.340730667114258	864.7992929999999	4774608	0.5	0.9749144811858609
ERR164002	t10000	Ethambutol	0	0.005341083647168254	0	0.8036072144288577	0.7940594059405941	0.9275466284074605	0.847685864819569	18.89796543121338	318.37780100000003	3838572	0.5	0.7940594059405941
ERR164002	t10000	Isoniazid	0	0.01755083085488833	0	0.9252873563218391	0.982706002034588	0.9690553745928339	0.9787555341907406	23.001750230789185	362.77316	4615752	0.5	0.982706002034588
ERR164002	t10000	Rifampicin	0	0.009479607602506924	0	0.9192348565356004	0.9807256235827665	0.9707455174583203	0.9783004371963266	24.001532554626465	462.815676	4775276	0.5	0.9807256235827665
ERR164015	t10000	Ethambutol	0	0.008263488405755165	0	0.8216432865731463	0.775047258979206	0.9253945480631277	0.8438477234493814	20.466479301452637	547.7356169999999	3864064	0.5	0.775047258979206
ERR164015	t10000	Isoniazid	0	0.011176329319223766	0	0.9233716475095786	0.9816700610997964	0.9680781758957655	0.9781968561746871	25.076767683029175	658.472668	4615560	0.5	0.9816700610997964
ERR164015	t10000	Pyrazinamide	0	0.01606367684691103	0	0.5162241887905604	0.8536585365853658	0.9054119941491955	0.8047590573768588	14.138752937316895	324.37874999999997	2900952	0.6520913929290884	0.759375
ERR164015	t10000	Rifampicin	0	0.00865646999101872	0	0.9181721572794899	0.9784824462061155	0.9698018244731047	0.9786384832781194	24.768179416656494	520.741539	4774836	0.5	0.9784824462061155
ERR176459	t10000	Isoniazid	0	0.017805169724364554	0	0.9224137931034483	0.9806517311608961	0.9674267100977199	0.9788210261099081	22.747694730758667	364.526235	4616856	0.5	0.9806517311608961
ERR176459	t10000	Rifampicin	0	0.007019486133757387	0	0.9192348565356004	0.9796149490373726	0.9704309531299151	0.9785666350748958	24.39057970046997	507.258033	4776564	0.5	0.9796149490373726
ERR176463	t10000	Ethambutol	0	0.03180706230346281	0	0.8276553106212425	0.7705223880597015	0.9250358680057389	0.8443049579498325	18.912055730819702	323.093597	3853256	0.5	0.7705223880597015
ERR176463	t10000	Isoniazid	1	0.9878472348027656	1	0.9252873563218391	0.9797160243407708	0.9680781758957655	0.9777974522113552	22.90827178955078	463.403744	4616292	0.5	0.9797160243407708
ERR176463	t10000	Pyrazinamide	0	0.04073800406302461	0	0.551622418879056	0.85	0.9098000975134081	0.8110627241845347	14.854171514511108	304.318919	2896288	0.6570523219166966	0.765625
ERR176463	t10000	Rifampicin	0	0.059224238139873396	0	0.9160467587672688	0.9773242630385488	0.9688581314878892	0.9785136547786152	23.91082000732422	400.632717	4774820	0.5	0.9773242630385488
ERR176485	t10000	Ethambutol	0	0.009066491304144515	0	0.8336673346693386	0.7703703703703704	0.9257532281205165	0.848079664648945	18.9136643409729	317.966425	3835044	0.5	0.7703703703703704
ERR176485	t10000	Isoniazid	0	0.019856242733807348	0	0.9224137931034483	0.981651376146789	0.9677524429967427	0.9790090966284267	24.584425449371338	609.556962	4616328	0.5	0.981651376146789
ERR176485	t10000	Pyrazinamide	0	0.009142433003538489	0	0.4896755162241888	0.8512820512820513	0.901511457825451	0.7983227034518693	16.125190496444702	433.281671	2889212	0.6869385292328054	0.7577639751552795
ERR176485	t10000	Rifampicin	0	0.010584353472294148	0	0.9181721572794899	0.9795918367346939	0.9701163888015099	0.9782825156809871	25.114466905593872	619.5950409999999	4775408	0.5	0.9795918367346939
ERR176506	t10000	Isoniazid	0	0.022590824437940762	0	0.9224137931034483	0.981651376146789	0.9677524429967427	0.9787770895371634	25.636117696762085	679.660924	4615596	0.5	0.981651376146789
ERR176506	t10000	Rifampicin	0	0.007998411992839103	0	0.9202975557917109	0.9774266365688488	0.9701163888015099	0.9783874139446032	24.39174771308899	476.528777	4777712	0.5	0.9774266365688488
ERR176524	t10000	Isoniazid	0	0.012079207547363077	0	0.9243295019157088	0.9806910569105691	0.9680781758957655	0.9785815133099574	23.65407633781433	544.768733	4616048	0.5	0.9806910569105691
ERR176524	t10000	Rifampicin	0	0.011258043739535826	0	0.9181721572794899	0.9795918367346939	0.9701163888015099	0.9784848203880774	23.9262592792511	403.077007	4777600	0.5	0.9795918367346939
ERR176533	t10000	Isoniazid	0	0.027082416513319784	0	0.9233716475095786	0.9826707441386341	0.9684039087947883	0.9787673270915905	25.754578351974487	558.227288	4614836	0.5	0.9826707441386341
ERR176533	t10000	Rifampicin	0	0.012724093138082834	0	0.9202975557917109	0.9796380090497737	0.9707455174583203	0.9786791422334734	24.566285610198975	440.44664	4777468	0.5	0.9796380090497737
ERR176567	t10000	Ethambutol	0	0.005035100446988054	0	0.8216432865731463	0.7765151515151515	0.9257532281205165	0.8457138370415305	19.204201221466064	368.620569	3838612	0.5	0.7765151515151515
ERR176567	t10000	Isoniazid	0	0.04878241235781674	0	0.9233716475095786	0.9816700610997964	0.9680781758957655	0.9784789875887258	23.37148141860962	474.871917	4615628	0.5	0.9816700610997964
ERR176567	t10000	Pyrazinamide	0	0.008897477288019902	0	0.4778761061946903	0.8526315789473684	0.9000487567040468	0.8014882129098367	14.624674558639526	393.09337300000004	2887024	0.690960156938569	0.7547169811320755
ERR176567	t10000	Rifampicin	0	0.006668337246125687	0	0.9192348565356004	0.9774011299435028	0.9698018244731047	0.9784017801172491	24.27339243888855	481.020456	4775620	0.5	0.9774011299435028
ERR176582	t10000	Isoniazid	0	0.020996617969601353	0	0.9224137931034483	0.9826530612244898	0.9680781758957655	0.9785645376210353	22.62047290802002	358.690487	4614784	0.5	0.9826530612244898
ERR176582	t10000	Rifampicin	0	0.007018971528266596	0	0.9202975557917109	0.9807474518686297	0.9710600817867254	0.9785895167659796	24.034529209136963	437.918703	4774792	0.5	0.9807474518686297
ERR176585	t10000	Isoniazid	0	0.013901478336122305	0	0.9233716475095786	0.9816700610997964	0.9680781758957655	0.978965650257436	22.933351039886475	454.239576	4617328	0.5	0.9816700610997964
ERR176585	t10000	Rifampicin	0	0.016606510310811833	0	0.9202975557917109	0.9796380090497737	0.9707455174583203	0.9786781049083448	25.10392689704895	575.0653090000001	4775880	0.5	0.9796380090497737
ERR176590	t10000	Isoniazid	0	0.02859187442260822	0	0.9243295019157088	0.9806910569105691	0.9680781758957655	0.9786653613300259	26.63054919242859	950.6356440000001	4614520	0.5	0.9806910569105691
ERR176590	t10000	Rifampicin	0	0.015510500652602907	0	0.9202975557917109	0.9785310734463277	0.9704309531299151	0.9785740666593049	29.250094413757324	903.666611	4773632	0.5	0.9785310734463277
ERR176605	t10000	Ethambutol	0	0.028482627249756302	0	0.8356713426853707	0.7838345864661654	0.9293400286944046	0.855407441380861	19.76130962371826	516.214808	3847340	0.5	0.7838345864661654
ERR176605	t10000	Isoniazid	1	0.9099471030056765	1	0.8103448275862069	0.9701834862385321	0.9270358306188925	0.9451620588090426	24.736150979995728	486.940973	4616976	0.7469326190264095	0.9609967497291441
ERR176605	t10000	Pyrazinamide	0	0.09438698297493167	0	0.5575221238938053	0.8513513513513513	0.9107752315943443	0.8070211833356183	15.047777891159058	644.937998	2895328	0.6413863174747868	0.7414330218068536
ERR176605	t10000	Rifampicin	0	0.010189366336545859	0	0.9160467587672688	0.9762174405436014	0.9685435671594841	0.9786882927652792	26.40943193435669	793.387296	4774420	0.5	0.9762174405436014
ERR176607	t10000	Ethambutol	0	0.004609736215166258	0	0.8076152304609219	0.7901960784313725	0.9271879483500718	0.8402510146780268	21.852720260620117	549.288864	3847284	0.5	0.7901960784313725
ERR176607	t10000	Isoniazid	0	0.020397670757675315	0	0.9233716475095786	0.9816700610997964	0.9680781758957655	0.9789216672852316	28.87401795387268	1306.753938	4615784	0.5	0.9816700610997964
ERR176607	t10000	Pyrazinamide	0	0.010533392376177451	0	0.4896755162241888	0.8512820512820513	0.901511457825451	0.8008751955296596	16.402596950531006	800.216514	2896160	0.6822648051115724	0.7538940809968847
ERR176607	t10000	Rifampicin	0	0.0067266127632951865	0	0.9181721572794899	0.9773755656108597	0.9694872601446995	0.978455419639427	26.646406173706055	538.851162	4775928	0.5	0.9773755656108597
ERR176624	t10000	Ethambutol	0	0.004086405448072277	0	0.7975951903807615	0.7944111776447106	0.926829268292683	0.8476471331294068	19.815134048461914	393.656832	3843676	0.5	0.7944111776447106
ERR176624	t10000	Isoniazid	1	0.0166508026483998	0	0.921455938697318	0.9806320081549439	0.967100977198697	0.9785858124579369	27.92999005317688	626.293514	4615804	0.5	0.9806320081549439
ERR176624	t10000	Pyrazinamide	0	0.010696535330756485	0	0.5073746312684366	0.8514851485148515	0.9039492930277914	0.8039951235283153	15.347253799438477	331.758504	2892356	0.6650728454724869	0.7601246105919003
ERR176624	t10000	Rifampicin	0	0.0068071033942303195	0	0.9202975557917109	0.9796380090497737	0.9707455174583203	0.9785811682114667	46.16529989242554	648.635196	4774700	0.5	0.9796380090497737
ERR176635	t10000	Ethambutol	0	0.00483446667733415	0	0.8136272545090181	0.7748091603053435	0.9243185078909613	0.8462587395121663	20.129026174545288	387.84242600000005	3849272	0.5	0.7748091603053435
ERR176635	t10000	Isoniazid	0	0.02117843741251602	0	0.9243295019157088	0.9796954314720813	0.9677524429967427	0.978651609062044	23.636420249938965	358.290655	4615228	0.5	0.9796954314720813
ERR176635	t10000	Pyrazinamide	0	0.010960831208009246	0	0.5221238938053098	0.8509615384615384	0.9058995611896635	0.8043511001518449	14.42730450630188	318.0892	2904708	0.6585259832145102	0.7507692307692307
ERR176635	t10000	Rifampicin	0	0.011386092547439863	0	0.9202975557917109	0.9796380090497737	0.9707455174583203	0.9784391269712083	27.855056524276733	683.210227	4776460	0.5	0.9796380090497737
ERR176659	t10000	Isoniazid	0	0.024049340472862373	0	0.9243295019157088	0.9826883910386965	0.968729641693811	0.9785945392262358	24.92580556869507	408.883625	4616528	0.5	0.9826883910386965
ERR176659	t10000	Rifampicin	0	0.0054064199998907405	0	0.9181721572794899	0.9795918367346939	0.9701163888015099	0.9783382347288004	26.61038064956665	529.0432820000001	4775860	0.5	0.9795918367346939
ERR176666	t10000	Isoniazid	0	0.03451171007915301	0	0.9233716475095786	0.9816700610997964	0.9680781758957655	0.9786312083701358	24.846402406692505	454.298077	4614956	0.5	0.9816700610997964
ERR176666	t10000	Rifampicin	0	0.018841752137206517	0	0.9192348565356004	0.9785067873303167	0.9701163888015099	0.9787248557088348	27.52157998085022	630.26074	4774284	0.5	0.9785067873303167
ERR176685	t10000	Isoniazid	0	0.016186137560124273	0	0.9224137931034483	0.981651376146789	0.9677524429967427	0.9787452088593425	21.6481032371521	370.711931	4615624	0.5	0.981651376146789
ERR176685	t10000	Rifampicin	0	0.006824728195640162	0	0.9213602550478215	0.9796610169491525	0.9710600817867254	0.9785185263156888	22.70169496536255	396.694892	4776028	0.5	0.9796610169491525
ERR176692	t10000	Isoniazid	0	0.018317638165350602	0	0.9233716475095786	0.9816700610997964	0.9680781758957655	0.9786537624294507	26.93576192855835	778.5985	4618696	0.5	0.9816700610997964
ERR176692	t10000	Rifampicin	0	0.007439061110257059	0	0.9202975557917109	0.9796380090497737	0.9707455174583203	0.9786234922380654	25.056259632110596	390.783483	4775432	0.5	0.9796380090497737
ERR176701	t10000	Isoniazid	0	0.02330874625090566	0	0.9233716475095786	0.9826707441386341	0.9684039087947883	0.9786931225447855	27.31990623474121	728.1913320000001	4615896	0.5	0.9826707441386341
ERR176701	t10000	Rifampicin	0	0.01647737415755441	0	0.9171094580233794	0.9784580498866213	0.9694872601446995	0.9786335981116272	24.076498985290527	636.693611	4775296	0.5	0.9784580498866213
ERR176736	t10000	Ethambutol	0	0.031063134697033	0	0.8056112224448898	0.7944664031620553	0.9279053084648493	0.8472123772332354	22.409295797348022	431.542902	3853260	0.5	0.7944664031620553
ERR176736	t10000	Isoniazid	1	0.9907429137390684	1	0.9195402298850575	0.9805924412665986	0.9664495114006515	0.9778666129128708	25.97230291366577	452.42564799999997	4615904	0.5	0.9805924412665986
ERR176736	t10000	Pyrazinamide	0	0.05716061933757221	0	0.5014749262536873	0.85	0.9029741589468552	0.8030530129980077	13.456902027130127	340.944975	2893920	0.6903329833213544	0.7538940809968847
ERR176736	t10000	Rifampicin	0	0.052003146751069665	0	0.9160467587672688	0.978433598183882	0.9691726958162944	0.9783273484545251	22.235711097717285	371.70541199999997	4775416	0.5	0.978433598183882
ERR176752	t10000	Ethambutol	0	0.07746452966074256	0	0.8336673346693386	0.7775700934579439	0.9275466284074605	0.8434929358519877	21.8198459148407	416.640554	3846520	0.5	0.7775700934579439
ERR176752	t10000	Isoniazid	1	0.9907337933244948	1	0.9224137931034483	0.9786585365853658	0.9667752442996743	0.9780419793915239	26.335362672805786	642.870674	4615652	0.5	0.9786585365853658
ERR176752	t10000	Pyrazinamide	0	0.06209650529379835	0	0.4896755162241888	0.8512820512820513	0.901511457825451	0.8047756247919405	13.973099946975708	348.436641	2893784	0.6821662731645132	0.7539432176656151
ERR176752	t10000	Rifampicin	0	0.09755099541422595	0	0.9171094580233794	0.9806818181818182	0.9701163888015099	0.978118802471654	25.785229682922363	513.3161650000001	4776444	0.5	0.9806818181818182
ERR176789	t10000	Isoniazid	0	0.016897206648238128	0	0.9233716475095786	0.9816700610997964	0.9680781758957655	0.9782894714644151	23.534462928771973	415.40243000000004	4614828	0.5	0.9816700610997964
ERR176789	t10000	Rifampicin	0	0.008164122260629953	0	0.9192348565356004	0.9762979683972912	0.9694872601446995	0.9785202863446281	27.05530071258545	446.97124	4774560	0.5	0.9762979683972912
ERR176804	t10000	Ethambutol	0	0.007415427633817197	0	0.8236472945891784	0.776937618147448	0.9261119081779053	0.8432138638986098	19.06259536743164	366.074355	3856768	0.5	0.776937618147448
ERR176804	t10000	Isoniazid	0	0.013988538189591223	0	0.9233716475095786	0.9816700610997964	0.9680781758957655	0.9786474111610916	24.078282356262207	542.358279	4618944	0.5	0.9816700610997964
ERR176804	t10000	Pyrazinamide	0	0.007478017299919461	0	0.5191740412979351	0.8502415458937198	0.9054119941491955	0.8057608015107008	16.0235493183136	435.37793600000003	2901116	0.6681198618238765	0.7484662576687117
ERR176804	t10000	Rifampicin	0	0.016119448643411558	0	0.9192348565356004	0.9774011299435028	0.9698018244731047	0.9784852597759996	22.645390033721924	426.499998	4775684	0.5	0.9774011299435028
ERR176825	t10000	Ethambutol	0	0.002146964351119049	0	0.8296593186372746	0.7781954887218046	0.9271879483500718	0.8447360910046645	25.186176776885986	323.524749	3855624	0.5	0.7781954887218046
ERR176825	t10000	Isoniazid	0	0.01918020891711843	0	0.9224137931034483	0.9826530612244898	0.9680781758957655	0.9785434575316424	24.16810917854309	395.41306499999996	4615832	0.5	0.9826530612244898
ERR176825	t10000	Pyrazinamide	0	0.008520420364677522	0	0.504424778761062	0.8507462686567164	0.9034617259873232	0.8059095628009905	15.454669713973999	295.790813	2901696	0.6856117398834104	0.7577639751552795
ERR176825	t10000	Rifampicin	0	0.015567670384294722	0	0.9213602550478215	0.9774520856820744	0.9704309531299151	0.9784341429315214	28.925857305526733	412.23591600000003	4774672	0.5	0.9774520856820744
ERR181674	t10000	Isoniazid	0	0.01739046155537245	0	0.9224137931034483	0.981651376146789	0.9677524429967427	0.9783875966206385	27.572202444076538	462.858039	4615676	0.5	0.981651376146789
ERR181674	t10000	Rifampicin	0	0.007479600119800938	0	0.9192348565356004	0.9807256235827665	0.9707455174583203	0.9785896580280667	25.995509386062622	543.094023	4775424	0.5	0.9807256235827665
ERR181682	t10000	Isoniazid	0	0.013558235415783788	0	0.9233716475095786	0.9826707441386341	0.9684039087947883	0.9788991855664665	23.686456203460693	504.762952	4615624	0.5	0.9826707441386341
ERR181682	t10000	Rifampicin	0	0.011144180576146427	0	0.9181721572794899	0.9784824462061155	0.9698018244731047	0.9781252322382974	27.504236698150635	436.35677400000003	4775548	0.5	0.9784824462061155
ERR181773	t10000	Isoniazid	0	0.04553122331859915	0	0.9224137931034483	0.9806517311608961	0.9674267100977199	0.9787704100499838	22.22094702720642	353.3517	4618280	0.5	0.9806517311608961
ERR181773	t10000	Rifampicin	0	0.035684791305495886	0	0.9181721572794899	0.9807037457434733	0.9704309531299151	0.97864319653134	26.38499116897583	550.759946	4776680	0.5	0.9807037457434733
ERR181777	t10000	Isoniazid	0	0.02420786628654193	0	0.9233716475095786	0.9826707441386341	0.9684039087947883	0.9783255584651964	23.04464888572693	386.234661	4616488	0.5	0.9826707441386341
ERR181777	t10000	Rifampicin	0	0.007087308332951322	0	0.9213602550478215	0.9796610169491525	0.9710600817867254	0.9787121210307623	24.722578048706055	490.409929	4776252	0.5	0.9796610169491525
ERR181786	t10000	Isoniazid	0	0.023820747809504928	0	0.9243295019157088	0.9826883910386965	0.968729641693811	0.9785357432274666	27.417449951171875	662.5213749999999	4615140	0.5	0.9826883910386965
ERR181786	t10000	Rifampicin	0	0.013740800951021597	0	0.9171094580233794	0.9795686719636776	0.9698018244731047	0.9790240576564857	27.68798828125	512.297772	4776636	0.5	0.9795686719636776
ERR181795	t10000	Isoniazid	0	0.016949832456573232	0	0.9233716475095786	0.9806714140386572	0.9677524429967427	0.97855345357278	24.78541898727417	370.024438	4615876	0.5	0.9806714140386572
ERR181795	t10000	Rifampicin	0	0.011099174013062282	0	0.9234856535600425	0.9786036036036037	0.9713746461151306	0.9786362896706428	26.996673583984375	574.776082	4774720	0.5	0.9786036036036037
ERR181808	t10000	Ethambutol	0	0.03313019000819838	0	0.8196392785571143	0.7673545966228893	0.9232424677187948	0.8401492392990919	19.62854266166687	366.85877600000003	3863828	0.5	0.7673545966228893
ERR181808	t10000	Isoniazid	1	0.9895501165092637	1	0.9195402298850575	0.9785932721712538	0.9657980456026058	0.9781297603667067	23.27150583267212	394.27664799999997	4615720	0.5	0.9785932721712538
ERR181808	t10000	Pyrazinamide	0	0.045341864286291424	0	0.49557522123893805	0.8527918781725888	0.9024865919063871	0.8040402279028442	14.908486127853394	292.84310000000005	2899820	0.6774945118499811	0.7515337423312883
ERR181808	t10000	Rifampicin	0	0.03536051227066024	0	0.9192348565356004	0.9774011299435028	0.9698018244731047	0.9781439940410073	24.423195123672485	391.81589099999997	4775644	0.5	0.9774011299435028
ERR181821	t10000	Isoniazid	0	0.032307357308054396	0	0.9243295019157088	0.9796954314720813	0.9677524429967427	0.97886327129137	23.680038690567017	447.377767	4618752	0.5	0.9796954314720813
ERR181821	t10000	Rifampicin	0	0.052524855202471285	0	0.9171094580233794	0.9795686719636776	0.9698018244731047	0.978485417048298	26.17409658432007	572.286372	4776344	0.5	0.9795686719636776
ERR181828	t10000	Isoniazid	0	0.09179280764235345	0	0.921455938697318	0.9806320081549439	0.967100977198697	0.9787076879924258	23.20249629020691	435.654219	4618264	0.5	0.9806320081549439
ERR181828	t10000	Rifampicin	0	0.09645425474350042	0	0.9181721572794899	0.9795918367346939	0.9701163888015099	0.978595492530421	26.365442276000977	715.286334	4775672	0.5	0.9795918367346939
ERR181863	t10000	Isoniazid	0	0.02034692742120185	0	0.9233716475095786	0.9816700610997964	0.9680781758957655	0.9787143056370221	23.58356475830078	440.900182	4617124	0.5	0.9816700610997964
ERR181863	t10000	Rifampicin	0	0.0060256196692024	0	0.9213602550478215	0.9807692307692307	0.9713746461151306	0.9785879058092213	24.415884494781494	406.457347	4777328	0.5	0.9807692307692307
ERR181868	t10000	Ethambutol	0	0.004349341770064679	0	0.8196392785571143	0.7716981132075472	0.9243185078909613	0.8475336587040329	19.33942985534668	369.109681	3844316	0.5	0.7716981132075472
ERR181868	t10000	Isoniazid	0	0.019011968409966513	0	0.9243295019157088	0.9816887080366226	0.9684039087947883	0.9786580455432138	23.788679599761963	463.442207	4618384	0.5	0.9816887080366226
ERR181868	t10000	Pyrazinamide	0	0.012379538146173054	0	0.5309734513274337	0.8530805687203792	0.9073622623110678	0.8037512280604098	15.737522602081299	395.884674	2897088	0.6546761389100016	0.7617554858934169
ERR181868	t10000	Rifampicin	0	0.0067537646361737575	0	0.9192348565356004	0.9807256235827665	0.9707455174583203	0.9786417680822959	24.793238162994385	457.140101	4774496	0.5	0.9807256235827665
ERR181874	t10000	Ethambutol	0	0.00576873481176059	0	0.8296593186372746	0.7781954887218046	0.9271879483500718	0.8445479256276431	21.349726676940918	404.245987	3843636	0.5	0.7781954887218046
ERR181874	t10000	Isoniazid	0	0.017974430899712342	0	0.9243295019157088	0.9826883910386965	0.968729641693811	0.9785534048868568	23.522117137908936	525.201553	4617316	0.5	0.9826883910386965
ERR181874	t10000	Pyrazinamide	0	0.012452758728005229	0	0.5191740412979351	0.8502415458937198	0.9054119941491955	0.8041100899825132	15.670937776565552	379.94989699999996	2896392	0.6655470825634237	0.753125
ERR181874	t10000	Rifampicin	0	0.00703738540913444	0	0.9192348565356004	0.9796149490373726	0.9704309531299151	0.9785314702317911	24.631876707077026	506.097599	4777608	0.5	0.9796149490373726
ERR181876	t10000	Ethambutol	0	0.005374756502248722	0	0.8096192384769539	0.7769230769230769	0.9243185078909613	0.8459861212753469	19.993080854415894	366.832274	3845320	0.5	0.7769230769230769
ERR181876	t10000	Isoniazid	0	0.0179195940960122	0	0.9204980842911877	0.9826175869120655	0.9674267100977199	0.9785200234604996	23.537291765213013	393.96191100000004	4618456	0.5	0.9826175869120655
ERR181876	t10000	Pyrazinamide	0	0.011581181805335568	0	0.49262536873156343	0.8520408163265306	0.9019990248659191	0.8011180673697489	14.635472774505615	308.287868	2902156	0.6842762764797562	0.7476635514018691
ERR181876	t10000	Rifampicin	0	0.0074003073252823775	0	0.9202975557917109	0.9807474518686297	0.9710600817867254	0.9786887962934911	24.683161735534668	378.701842	4774772	0.5	0.9807474518686297
ERR181879	t10000	Ethambutol	0	0.008036701904666007	0	0.7955911823647295	0.7876984126984127	0.9250358680057389	0.8462281131578039	19.91563630104065	376.98412099999996	3847860	0.5	0.7876984126984127
ERR181879	t10000	Isoniazid	0	0.022988000617401663	0	0.9243295019157088	0.9826883910386965	0.968729641693811	0.9786123811911358	23.42296051979065	359.018655	4614576	0.5	0.9826883910386965
ERR181879	t10000	Pyrazinamide	0	0.01427552115259127	0	0.48672566371681414	0.8505154639175257	0.9010238907849829	0.803027478071491	15.356375932693481	304.895978	2895688	0.6913773699308396	0.7617554858934169
ERR181879	t10000	Rifampicin	0	0.011828197775910942	0	0.9181721572794899	0.9795918367346939	0.9701163888015099	0.9785494930979972	24.506227493286133	468.70611299999996	4775708	0.5	0.9795918367346939
ERR181942	t10000	Ethambutol	0	0.017605722637482377	0	0.8216432865731463	0.7735849056603774	0.9250358680057389	0.8428615569337655	19.319107055664062	419.642833	3853080	0.5	0.7735849056603774
ERR181942	t10000	Isoniazid	1	0.8843306973599858	1	0.9233716475095786	0.9806714140386572	0.9677524429967427	0.9785416905092175	26.430715560913086	479.291152	4616248	0.5	0.9806714140386572
ERR181942	t10000	Pyrazinamide	0	0.038066482698049346	0	0.49262536873156343	0.8520408163265306	0.9019990248659191	0.8030561943720569	15.735781908035278	373.03118600000005	2901776	0.6885635965514959	0.7578616352201258
ERR181942	t10000	Rifampicin	0	0.06482442792931674	0	0.9192348565356004	0.9774011299435028	0.9698018244731047	0.9783543472533348	25.154734134674072	436.350337	4777300	0.5	0.9774011299435028
ERR181951	t10000	Isoniazid	0	0.04327634025579102	0	0.9224137931034483	0.9826530612244898	0.9680781758957655	0.9783899750460703	24.947913646697998	429.52427500000005	4615800	0.5	0.9826530612244898
ERR181951	t10000	Rifampicin	0	0.010317196309910777	0	0.9202975557917109	0.981859410430839	0.9713746461151306	0.9784879716412364	25.13589096069336	516.939542	4774420	0.5	0.981859410430839
ERR181985	t10000	Isoniazid	0	0.024209469674625547	0	0.921455938697318	0.983640081799591	0.9680781758957655	0.9785095183998842	24.263202667236328	475.19117900000003	4615236	0.5	0.983640081799591
ERR181985	t10000	Rifampicin	0	0.009315468092951373	0	0.9192348565356004	0.9796149490373726	0.9704309531299151	0.9788268959482903	24.409212350845337	406.142599	4775708	0.5	0.9796149490373726
ERR181989	t10000	Isoniazid	0	0.017300191152255673	0	0.9224137931034483	0.9826530612244898	0.9680781758957655	0.9789459265212169	23.651623964309692	475.399192	4616296	0.5	0.9826530612244898
ERR181989	t10000	Rifampicin	0	0.006794137857288579	0	0.9202975557917109	0.9796380090497737	0.9707455174583203	0.9783595006002217	26.10963273048401	604.610969	4774640	0.5	0.9796380090497737
ERR182016	t10000	Isoniazid	0	0.016442502293645186	0	0.9243295019157088	0.9836901121304791	0.9690553745928339	0.9786531106849677	24.31023335456848	615.092637	4615888	0.5	0.9836901121304791
ERR182016	t10000	Rifampicin	0	0.007307563888307418	0	0.9181721572794899	0.9795918367346939	0.9701163888015099	0.9784673413085491	25.681556463241577	696.6360540000001	4776592	0.5	0.9795918367346939
ERR182021	t10000	Isoniazid	0	0.016623658941696186	0	0.9233716475095786	0.9826707441386341	0.9684039087947883	0.9784574311763423	22.038206338882446	361.578116	4614872	0.5	0.9826707441386341
ERR182021	t10000	Rifampicin	0	0.021930214895303703	0	0.9181721572794899	0.9807037457434733	0.9704309531299151	0.9783745615260782	25.8103449344635	640.401934	4775972	0.5	0.9807037457434733
ERR182039	t10000	Isoniazid	0	0.020009201719920072	0	0.9243295019157088	0.9826883910386965	0.968729641693811	0.9788781039609599	23.795875072479248	478.003604	4615540	0.5	0.9826883910386965
ERR182039	t10000	Rifampicin	0	0.007181041680673448	0	0.9192348565356004	0.9807256235827665	0.9707455174583203	0.9788135645406943	25.229811429977417	466.727639	4774400	0.5	0.9807256235827665
ERR182045	t10000	Isoniazid	0	0.03786865945869507	0	0.9233716475095786	0.9816700610997964	0.9680781758957655	0.9783897544783567	24.341198444366455	430.259356	4614972	0.5	0.9816700610997964
ERR182045	t10000	Rifampicin	0	0.01498244991168533	0	0.9192348565356004	0.9774011299435028	0.9698018244731047	0.9785882792281777	24.736536026000977	430.421436	4775944	0.5	0.9774011299435028
ERR182049	t10000	Isoniazid	0	0.02198068970519727	0	0.9243295019157088	0.9816887080366226	0.9684039087947883	0.9784034820326625	24.98221707344055	440.038057	4616176	0.5	0.9816887080366226
ERR182049	t10000	Rifampicin	0	0.012908926632676544	0	0.9213602550478215	0.9774520856820744	0.9704309531299151	0.9788946895941814	25.454333782196045	644.104476	4775792	0.5	0.9774520856820744
ERR182050	t10000	Isoniazid	0	0.013958251776896599	0	0.9252873563218391	0.982706002034588	0.9690553745928339	0.9783432368165145	24.598477363586426	528.930078	4614492	0.5	0.982706002034588
ERR182050	t10000	Rifampicin	0	0.01568617029433629	0	0.9202975557917109	0.9785310734463277	0.9704309531299151	0.9788707701721818	26.63320016860962	609.524178	4775336	0.5	0.9785310734463277
ERR1873438	t10000	Ethambutol	1	0.8302100087154173	1	0.8176352705410822	0.783109404990403	0.926829268292683	0.8481780362178003	17.745921850204468	399.412796	3817396	0.5	0.783109404990403
ERR1873438	t10000	Isoniazid	1	0.9219209999454098	1	0.921455938697318	0.9816326530612245	0.9674267100977199	0.9782776940990666	24.054818630218506	373.559203	4613616	0.5	0.9816326530612245
ERR1873438	t10000	Pyrazinamide	0	0.9481992448150061	1	0.5191740412979351	0.8502415458937198	0.9054119941491955	0.8033669655305528	13.0140061378479	298.16614899999996	2875836	0.6640353877882369	0.7603833865814696
ERR1873438	t10000	Rifampicin	1	0.9929090247290221	1	0.9107332624867163	0.9760820045558086	0.9669707455174583	0.9763073311080483	23.81079339981079	342.43805799999996	4775704	0.5	0.9760820045558086
ERR1873447	t10000	Ethambutol	1	0.7902450252647327	1	0.8276553106212425	0.7836812144212524	0.9282639885222381	0.845965538970811	19.54618239402771	355.326756	3865696	0.5	0.7836812144212524
ERR1873447	t10000	Isoniazid	1	0.9950246192052449	1	0.9195402298850575	0.9775967413441955	0.965472312703583	0.9772488800248629	24.451658248901367	539.007794	4615876	0.5	0.9775967413441955
ERR1873447	t10000	Pyrazinamide	1	0.8839871976357888	1	0.49852507374631266	0.8535353535353535	0.9029741589468552	0.8060968375828905	16.104015111923218	363.057929	2901528	0.686086121005598	0.7569230769230769
ERR1873447	t10000	Rifampicin	1	0.9940672026138899	1	0.9117959617428267	0.9727891156462585	0.966341616860648	0.975147122863887	24.53735637664795	395.52535900000004	4774224	0.5	0.9727891156462585
ERR1873454	t10000	Ethambutol	1	0.6884676357338196	1	0.7094188376753507	0.7612903225806451	0.9081779053084649	0.7976801398742212	20.019217014312744	332.597154	3843896	0.5198276525406348	0.733201581027668
ERR1873454	t10000	Isoniazid	1	0.9957863542199306	1	0.8908045977011494	0.9799789251844047	0.9566775244299675	0.966474226255375	24.154886960983276	567.475635	4616868	0.5	0.9799789251844047
ERR1873454	t10000	Pyrazinamide	1	0.9689320259684975	1	0.56047197640118	0.852017937219731	0.9112627986348123	0.8123532313447877	14.964699506759644	291.540427	2889688	0.6519666173540001	0.765625
ERR1873454	t10000	Rifampicin	1	0.9886443245659593	1	0.9107332624867163	0.9850574712643678	0.9694872601446995	0.9759436186866484	24.463087558746338	414.92054900000005	4774488	0.5	0.9850574712643678
ERR1873468	t10000	Ethambutol	1	0.762356670187988	1	0.8016032064128257	0.7604562737642585	0.919296987087518	0.8356420826882927	19.90096163749695	388.027739	3837584	0.5	0.7604562737642585
ERR1873468	t10000	Isoniazid	1	0.9954808709140947	1	0.9157088122605364	0.9775051124744376	0.9641693811074918	0.9757309489891843	24.143742561340332	499.345014	4616168	0.5	0.9775051124744376
ERR1873468	t10000	Pyrazinamide	1	0.9865108296882917	1	0.4690265486725664	0.8502673796791443	0.8985860555826426	0.803481630414349	14.570335388183594	308.489872	2887240	0.7098611537852942	0.750788643533123
ERR1873468	t10000	Rifampicin	1	0.9929185972487644	1	0.9086078639744952	0.9738041002277904	0.9657124882038377	0.9748115887055802	25.41718816757202	364.869569	4774456	0.5	0.9738041002277904
ERR1873486	t10000	Ethambutol	0	0.7653787018700847	1	0.7975951903807615	0.7653846153846153	0.9200143472022956	0.8360048148560023	19.488889455795288	324.010699	3838468	0.5	0.7653846153846153
ERR1873486	t10000	Isoniazid	1	0.9955310982845041	1	0.9166666666666666	0.9785276073619632	0.9648208469055375	0.9757803302237865	25.652276754379272	366.54422200000005	4616668	0.5	0.9785276073619632
ERR1873486	t10000	Pyrazinamide	1	0.9634695616772523	1	0.4690265486725664	0.8502673796791443	0.8985860555826426	0.7989401154746874	14.967191457748413	337.118776	2890060	0.7090593689408095	0.7492260061919505
ERR1873486	t10000	Rifampicin	1	0.9936608703611144	1	0.9107332624867163	0.9727582292849035	0.9660270525322429	0.9751121385431623	28.276357650756836	985.535188	4776016	0.5	0.9727582292849035
ERR1873493	t10000	Ethambutol	0	0.573262443226192	1	0.8076152304609219	0.7855750487329435	0.9261119081779053	0.8452277932977039	20.418121099472046	357.628095	3849068	0.5	0.7855750487329435
ERR1873493	t10000	Isoniazid	1	0.9957744436338116	1	0.9233716475095786	0.9796747967479674	0.9674267100977199	0.9779959222630874	24.61138105392456	412.53042999999997	4616444	0.5	0.9796747967479674
ERR1873493	t10000	Pyrazinamide	1	0.9600493989867277	1	0.5221238938053098	0.8509615384615384	0.9058995611896635	0.8059820778873298	14.961814403533936	353.190313	2899576	0.6659423876824713	0.7630769230769231
ERR1873493	t10000	Rifampicin	1	0.9910250308156692	1	0.9160467587672688	0.9806598407281001	0.9698018244731047	0.9778547815516332	23.99581289291382	446.483703	4777628	0.5	0.9806598407281001
ERR1873526	t10000	Ethambutol	1	0.5851744375444837	1	0.7955911823647295	0.776908023483366	0.9225251076040172	0.8420692787070471	20.548644065856934	531.226148	3846772	0.5	0.776908023483366
ERR1873526	t10000	Isoniazid	1	0.9958750051798743	1	0.9195402298850575	0.9785932721712538	0.9657980456026058	0.9773611035592281	24.656874656677246	483.539971	4618832	0.5	0.9785932721712538
ERR1873526	t10000	Pyrazinamide	1	0.9535267036194076	1	0.5132743362831859	0.8529411764705882	0.9049244271087274	0.8040854599870468	15.575714826583862	366.769658	2892796	0.6735419495969062	0.7537993920972644
ERR1873526	t10000	Rifampicin	1	0.9912193200512206	1	0.9149840595111584	0.9806378132118451	0.9694872601446995	0.9775690850402975	26.293066024780273	643.163375	4775536	0.5	0.9806378132118451
ERR1873565	t10000	Ethambutol	1	0.7872599236363261	1	0.8036072144288577	0.7972166998011928	0.9282639885222381	0.8434262639721827	19.085796117782593	352.56491900000003	3827916	0.5	0.7972166998011928
ERR1873565	t10000	Isoniazid	1	0.9182490284676589	1	0.9204980842911877	0.9796126401630989	0.9664495114006515	0.9778874506966476	24.343829870224	474.360633	4615908	0.5	0.9796126401630989
ERR1873565	t10000	Pyrazinamide	1	0.9554833363018086	1	0.41887905604719766	0.8502994011976048	0.8917601170160897	0.7817702318224656	14.643861293792725	320.172105	2848568	0.7186988388044786	0.7438271604938271
ERR1873565	t10000	Rifampicin	1	0.9934330928770588	1	0.9086078639744952	0.9771428571428571	0.9666561811890532	0.976311426256473	24.16354727745056	435.20473699999997	4775164	0.5	0.9771428571428571
ERR190336	t10000	Isoniazid	0	0.014709361360142439	0	0.9233716475095786	0.9836734693877551	0.968729641693811	0.9785798226979264	23.868854761123657	473.09150999999997	4616220	0.5	0.9836734693877551
ERR190336	t10000	Rifampicin	0	0.01640104628183266	0	0.9160467587672688	0.978433598183882	0.9691726958162944	0.978308244058709	24.490957736968994	419.037209	4776796	0.5	0.978433598183882
ERR190346	t10000	Isoniazid	0	0.03174404697838846	0	0.9224137931034483	0.9826530612244898	0.9680781758957655	0.978564290344919	23.705246448516846	415.170172	4614508	0.5	0.9826530612244898
ERR190346	t10000	Rifampicin	0	0.020611297702491274	0	0.9202975557917109	0.9796380090497737	0.9707455174583203	0.9785423444866826	30.640909671783447	928.2847849999999	4773504	0.5	0.9796380090497737
ERR190348	t10000	Isoniazid	0	0.019223716317841172	0	0.9224137931034483	0.981651376146789	0.9677524429967427	0.9789096189124621	25.1679790019989	600.3586250000001	4615616	0.5	0.981651376146789
ERR190348	t10000	Rifampicin	0	0.006876581155787975	0	0.9192348565356004	0.9774011299435028	0.9698018244731047	0.978793140474742	26.203450679779053	435.359147	4773888	0.5	0.9774011299435028
ERR190352	t10000	Isoniazid	0	0.8714148446966491	1	0.921455938697318	0.982635342185904	0.9677524429967427	0.9786555960948754	24.7277193069458	468.27662000000004	4615820	0.5	0.982635342185904
ERR190352	t10000	Pyrazinamide	0	0.036799426697274734	0	0.504424778761062	0.8507462686567164	0.9034617259873232	0.8050205114917203	14.854629516601562	321.687088	2894476	0.6731365040625961	0.7586206896551724
ERR190352	t10000	Rifampicin	0	0.025357899781284193	0	0.9202975557917109	0.9774266365688488	0.9701163888015099	0.9784703816871241	25.53823733329773	549.3725430000001	4775332	0.5	0.9774266365688488
ERR190382	t10000	Isoniazid	0	0.012514386905066146	0	0.9233716475095786	0.9826707441386341	0.9684039087947883	0.9790067756676977	24.087929487228394	528.8780009999999	4615732	0.5	0.9826707441386341
ERR190382	t10000	Rifampicin	0	0.011549838870905422	0	0.9192348565356004	0.9807256235827665	0.9707455174583203	0.978736703789749	25.282021045684814	497.989377	4775384	0.5	0.9807256235827665
ERR190389	t10000	Isoniazid	0	0.06425494613526386	0	0.9224137931034483	0.9826530612244898	0.9680781758957655	0.9791115578314534	23.498449087142944	387.957006	4615652	0.5	0.9826530612244898
ERR190389	t10000	Rifampicin	0	0.009291013751158244	0	0.9171094580233794	0.9806818181818182	0.9701163888015099	0.9786075788978718	24.77355933189392	439.82237200000003	4775880	0.5	0.9806818181818182
ERR190397	t10000	Ethambutol	0	0.06029087176323968	0	0.8036072144288577	0.7940594059405941	0.9275466284074605	0.8430877363080591	20.59496569633484	657.532837	3846664	0.5	0.7940594059405941
ERR190397	t10000	Isoniazid	0	0.10256590213542788	0	0.9243295019157088	0.9836901121304791	0.9690553745928339	0.9791377307092202	23.53927707672119	424.252719	4615744	0.5	0.9836901121304791
ERR190397	t10000	Pyrazinamide	0	0.029363451218692927	0	0.4896755162241888	0.8512820512820513	0.901511457825451	0.803248782701935	15.664079904556274	394.018358	2892568	0.6935366031299947	0.7492260061919505
ERR190397	t10000	Rifampicin	0	0.04443073038115248	0	0.9192348565356004	0.9774011299435028	0.9698018244731047	0.9784808227491815	26.20249843597412	418.39736	4776656	0.5	0.9774011299435028
ERR190408	t10000	Isoniazid	0	0.016916734646893316	0	0.9224137931034483	0.981651376146789	0.9677524429967427	0.9785868089837995	23.287320613861084	427.096423	4615876	0.5	0.981651376146789
ERR190408	t10000	Rifampicin	0	0.006311637114900917	0	0.9192348565356004	0.9785067873303167	0.9701163888015099	0.9786426378684897	24.937808752059937	373.07341299999996	4776388	0.5	0.9785067873303167
ERR2041936	t10000	Ethambutol	1	0.8445109233803252	1	0.8276553106212425	0.7836812144212524	0.9282639885222381	0.8475702920927759	20.34399700164795	466.50361	3847272	0.5	0.7836812144212524
ERR2041936	t10000	Isoniazid	1	0.9953903368933515	1	0.9185823754789272	0.9795709908069459	0.9657980456026058	0.9770517992939475	29.23197865486145	964.843356	4618800	0.5	0.9795709908069459
ERR2041936	t10000	Pyrazinamide	0	0.32132735892480047	0	0.49557522123893805	0.8527918781725888	0.9024865919063871	0.8047252660087268	14.596108198165894	342.837917	2898908	0.6845701168843417	0.7431192660550459
ERR2041936	t10000	Rifampicin	1	0.9932832027710068	1	0.9086078639744952	0.9738041002277904	0.9657124882038377	0.9757789996885718	24.738369464874268	403.340075	4774468	0.5	0.9738041002277904
ERR212004	t10000	Isoniazid	0	0.057721694692645674	0	0.921455938697318	0.982635342185904	0.9677524429967427	0.978753675145573	24.279207944869995	515.89689	4615188	0.5	0.982635342185904
ERR212004	t10000	Rifampicin	0	0.010907418207459687	0	0.9171094580233794	0.9806818181818182	0.9701163888015099	0.9783843543637699	24.875321626663208	470.520666	4776492	0.5	0.9806818181818182
ERR212031	t10000	Isoniazid	0	0.016546595994030862	0	0.9233716475095786	0.9826707441386341	0.9684039087947883	0.9785230055202464	24.00905179977417	479.079635	4615748	0.5	0.9826707441386341
ERR212031	t10000	Rifampicin	0	0.005965126382907759	0	0.9213602550478215	0.9774520856820744	0.9704309531299151	0.9784540824002216	28.185864686965942	731.853311	4775708	0.5	0.9774520856820744
ERR212032	t10000	Isoniazid	0	0.025633501896632806	0	0.9243295019157088	0.9816887080366226	0.9684039087947883	0.9786007114294814	25.62325143814087	563.418932	4614708	0.5	0.9816887080366226
ERR212032	t10000	Rifampicin	0	0.007335511013438209	0	0.9171094580233794	0.9806818181818182	0.9701163888015099	0.9788874471001711	24.732327699661255	457.163788	4776044	0.5	0.9806818181818182
ERR212050	t10000	Isoniazid	0	0.020741850513930828	0	0.9252873563218391	0.982706002034588	0.9690553745928339	0.9790667066765572	26.073819637298584	587.94367	4615940	0.5	0.982706002034588
ERR212050	t10000	Rifampicin	0	0.0163288925181963	0	0.9171094580233794	0.9762443438914027	0.9688581314878892	0.9785662819963228	25.302032709121704	466.304821	4774232	0.5	0.9762443438914027
ERR212066	t10000	Isoniazid	0	0.01933481271280603	0	0.9224137931034483	0.9806517311608961	0.9674267100977199	0.9788509556257948	23.654568433761597	417.00978699999996	4615472	0.5	0.9806517311608961
ERR212066	t10000	Rifampicin	0	0.012339933419352012	0	0.9181721572794899	0.9795918367346939	0.9701163888015099	0.9787623732056259	25.912092685699463	487.957918	4774616	0.5	0.9795918367346939
ERR212089	t10000	Isoniazid	0	0.051132314198603326	0	0.9262452107279694	0.9797365754812564	0.9684039087947883	0.9787992538648199	23.505704641342163	400.747886	4616500	0.5	0.9797365754812564
ERR212089	t10000	Rifampicin	0	0.011376671758598909	0	0.9192348565356004	0.9807256235827665	0.9707455174583203	0.9788535161746637	25.068262577056885	372.461802	4775748	0.5	0.9807256235827665
ERR212104	t10000	Ethambutol	0	0.012991385038907278	0	0.8236472945891784	0.7740112994350282	0.9253945480631277	0.8465050401166009	20.44985342025757	403.112874	3852568	0.5	0.7740112994350282
ERR212104	t10000	Isoniazid	0	0.07919398719775386	0	0.9224137931034483	0.9826530612244898	0.9680781758957655	0.9786077676940855	22.858760595321655	400.384409	4616788	0.5	0.9826530612244898
ERR212104	t10000	Pyrazinamide	0	0.06797704265913687	0	0.4896755162241888	0.8512820512820513	0.901511457825451	0.8040099784007817	13.850789308547974	367.573382	2900820	0.6864989425753739	0.7453416149068323
ERR212104	t10000	Rifampicin	0	0.07543669370234567	0	0.9192348565356004	0.9796149490373726	0.9704309531299151	0.9787151310122923	25.061153888702393	384.19748000000004	4774436	0.5	0.9796149490373726
ERR212115	t10000	Ethambutol	0	0.003933729254831385	0	0.8136272545090181	0.7703984819734345	0.9232424677187948	0.8462249068606981	19.072723627090454	357.063635	3846720	0.5	0.7703984819734345
ERR212115	t10000	Isoniazid	0	0.02193317383171516	0	0.9243295019157088	0.9826883910386965	0.968729641693811	0.9787186719405556	26.013954401016235	576.888527	4618384	0.5	0.9826883910386965
ERR212115	t10000	Pyrazinamide	0	0.010636407846354825	0	0.5132743362831859	0.8529411764705882	0.9049244271087274	0.8028123888364073	14.469027042388916	337.204626	2896756	0.6705518108636028	0.7515723270440252
ERR212115	t10000	Rifampicin	0	0.01107878832404441	0	0.9181721572794899	0.9784824462061155	0.9698018244731047	0.9785519880246697	26.708171844482422	451.457604	4774832	0.5	0.9784824462061155
ERR212161	t10000	Isoniazid	0	0.019362206780974677	0	0.9233716475095786	0.9826707441386341	0.9684039087947883	0.9787272314159998	26.930988788604736	669.736353	4615596	0.5	0.9826707441386341
ERR212161	t10000	Rifampicin	0	0.011589125077445325	0	0.9192348565356004	0.9807256235827665	0.9707455174583203	0.978284762697146	24.322128772735596	411.490321	4775384	0.5	0.9807256235827665
ERR2124097	t10000	Ethambutol	1	0.6354411833013461	1	0.8316633266533067	0.7757009345794392	0.926829268292683	0.8451603120552521	20.052542686462402	371.087938	3835100	0.5	0.7757009345794392
ERR2124097	t10000	Isoniazid	1	0.9887096578283328	1	0.9224137931034483	0.9786585365853658	0.9667752442996743	0.9776324744690097	23.36589813232422	407.27494	4615164	0.5	0.9786585365853658
ERR2124097	t10000	Rifampicin	0	0.18002394523784362	0	0.9192348565356004	0.9807256235827665	0.9707455174583203	0.9785091224179203	25.644646406173706	461.59308200000004	4776344	0.5	0.9807256235827665
ERR2124104	t10000	Ethambutol	0	0.009489693994423969	0	0.8336673346693386	0.7790262172284644	0.9279053084648493	0.8431603714373228	20.708380460739136	367.15094	3791168	0.5	0.7790262172284644
ERR2124104	t10000	Isoniazid	0	0.014949212160259183	0	0.9204980842911877	0.9816138917262512	0.967100977198697	0.9784160567696231	23.582757472991943	361.802353	4615516	0.5	0.9816138917262512
ERR2124104	t10000	Rifampicin	0	0.008944374082800723	0	0.9181721572794899	0.9795918367346939	0.9701163888015099	0.9783297058442365	23.775912284851074	480.607714	4776796	0.5	0.9795918367346939
ERR2145490	t10000	Ethambutol	0	0.004795355543266751	0	0.8276553106212425	0.77196261682243	0.9253945480631277	0.8438759081268733	19.90504813194275	396.364672	3834320	0.5	0.77196261682243
ERR2145490	t10000	Isoniazid	0	0.057485091070542525	0	0.9233716475095786	0.9826707441386341	0.9684039087947883	0.9781984432961135	23.82257652282715	526.942841	4614772	0.5	0.9826707441386341
ERR2145490	t10000	Rifampicin	0	0.03442950219737801	0	0.9107332624867163	0.9794285714285714	0.9679144385026738	0.9770602553377127	29.256223917007446	398.373029	4776360	0.5	0.9794285714285714
ERR2145504	t10000	Ethambutol	0	0.012851472940391852	0	0.8256513026052105	0.7773584905660378	0.9264705882352942	0.8420802871307228	20.605469942092896	380.19255999999996	3852168	0.5	0.7773584905660378
ERR2145504	t10000	Isoniazid	0	0.030903490219081824	0	0.9243295019157088	0.9816887080366226	0.9684039087947883	0.9789034561363106	23.322251558303833	453.08972600000004	4614636	0.5	0.9816887080366226
ERR2145504	t10000	Rifampicin	0	0.06137738523660658	0	0.9202975557917109	0.9774266365688488	0.9701163888015099	0.978417445973306	27.174054384231567	509.179557	4776012	0.5	0.9774266365688488
ERR216980	t10000	Isoniazid	0	0.019723187388270388	0	0.9233716475095786	0.9826707441386341	0.9684039087947883	0.9787320094732435	25.41774582862854	530.837459	4615920	0.5	0.9826707441386341
ERR216980	t10000	Rifampicin	0	0.009012174377505556	0	0.9181721572794899	0.9795918367346939	0.9701163888015099	0.9785058544231648	26.08807349205017	513.9973279999999	4775084	0.5	0.9795918367346939
ERR221531	t10000	Isoniazid	0	0.017103707255491284	0	0.9272030651340997	0.9807497467071935	0.9690553745928339	0.978221357892817	27.73973274230957	707.566089	4616712	0.5	0.9807497467071935
ERR221531	t10000	Rifampicin	0	0.006649659038532097	0	0.9213602550478215	0.9785553047404063	0.9707455174583203	0.9784205515052339	27.58858823776245	442.898593	4776724	0.5	0.9785553047404063
ERR221547	t10000	Isoniazid	0	0.014076621855575736	0	0.921455938697318	0.9816326530612245	0.9674267100977199	0.9785350786273151	25.01169514656067	480.17886999999996	4616720	0.5	0.9816326530612245
ERR221547	t10000	Rifampicin	0	0.01694010817884649	0	0.9181721572794899	0.9807037457434733	0.9704309531299151	0.9785813012915361	26.00488305091858	451.205306	4774804	0.5	0.9807037457434733
ERR221584	t10000	Isoniazid	0	0.0420729069921645	0	0.9233716475095786	0.9836734693877551	0.968729641693811	0.9787300706119769	25.07994055747986	566.355265	4615508	0.5	0.9836734693877551
ERR221584	t10000	Rifampicin	0	0.07473403779300226	0	0.9192348565356004	0.9774011299435028	0.9698018244731047	0.978591512930029	23.35060739517212	522.590087	4776552	0.5	0.9774011299435028
ERR221596	t10000	Ethambutol	0	0.0103148705062085	0	0.7995991983967936	0.7900990099009901	0.9261119081779053	0.8436090606426191	20.657904386520386	378.497389	3825072	0.5	0.7900990099009901
ERR221596	t10000	Isoniazid	1	0.9081263798848955	1	0.921455938697318	0.9816326530612245	0.9674267100977199	0.9784196374627134	27.220367670059204	826.7424229999999	4618668	0.5	0.9816326530612245
ERR221596	t10000	Pyrazinamide	0	0.05913926674857248	0	0.4749262536873156	0.8563829787234043	0.9000487567040468	0.802170127455876	16.72946810722351	535.949997	2878708	0.7096061681696602	0.7561728395061729
ERR221596	t10000	Rifampicin	0	0.053216645479249036	0	0.8894792773645058	0.9620689655172414	0.9569046870084932	0.969686767579238	28.327325105667114	465.28178199999996	4777460	0.5	0.9620689655172414
ERR221609	t10000	Ethambutol	0	0.005038105763750594	0	0.8136272545090181	0.7718631178707225	0.9236011477761836	0.8452929877169074	20.922714233398438	487.594632	3843472	0.5	0.7718631178707225
ERR221609	t10000	Isoniazid	0	0.030260204714115526	0	0.9243295019157088	0.9806910569105691	0.9680781758957655	0.9785374746096016	24.998276710510254	424.82956	4615700	0.5	0.9806910569105691
ERR221609	t10000	Pyrazinamide	0	0.011632663219490162	0	0.5103244837758112	0.8522167487684729	0.9044368600682594	0.8060055810485757	15.748913288116455	499.3109	2894548	0.673141361918775	0.7563291139240507
ERR221609	t10000	Rifampicin	0	0.007741910138844488	0	0.9171094580233794	0.981797497155859	0.9704309531299151	0.9787295439797614	29.851857662200928	974.8670589999999	4774852	0.5	0.981797497155859
ERR245685	t10000	Isoniazid	0	0.012774877944778534	0	0.921455938697318	0.9816326530612245	0.9674267100977199	0.9788165005380284	25.805808305740356	594.6686589999999	4615708	0.5	0.9816326530612245
ERR245685	t10000	Rifampicin	0	0.015670107942285436	0	0.9192348565356004	0.9796149490373726	0.9704309531299151	0.9783862371444749	28.74710440635681	494.447081	4774720	0.5	0.9796149490373726
ERR245686	t10000	Isoniazid	0	0.021280263635507557	0	0.9243295019157088	0.9816887080366226	0.9684039087947883	0.9789413729525531	24.054065227508545	412.374982	4616024	0.5	0.9816887080366226
ERR245686	t10000	Rifampicin	0	0.012068478985438214	0	0.9181721572794899	0.9818181818181818	0.9707455174583203	0.9787689258507297	23.48145294189453	394.832214	4775856	0.5	0.9818181818181818
ERR245701	t10000	Isoniazid	0	0.048438518075546874	0	0.9243295019157088	0.9826883910386965	0.968729641693811	0.9786393673835942	23.073920249938965	661.189603	4616152	0.5	0.9826883910386965
ERR245701	t10000	Rifampicin	0	0.019432770528919806	0	0.9181721572794899	0.9795918367346939	0.9701163888015099	0.978709333181426	22.637829303741455	433.553549	4774184	0.5	0.9795918367346939
ERR245702	t10000	Isoniazid	0	0.017663657606004135	0	0.9243295019157088	0.9816887080366226	0.9684039087947883	0.9786245768035577	24.321735620498657	474.26541000000003	4615872	0.5	0.9816887080366226
ERR245702	t10000	Rifampicin	0	0.0059336580124285275	0	0.9192348565356004	0.9785067873303167	0.9701163888015099	0.9786663959258528	24.525522232055664	376.530441	4775112	0.5	0.9785067873303167
ERR245709	t10000	Isoniazid	0	0.024376471838356922	0	0.9243295019157088	0.9816887080366226	0.9684039087947883	0.97889009066569	25.67065954208374	391.556381	4615752	0.5	0.9816887080366226
ERR245709	t10000	Rifampicin	0	0.014431995135538046	0	0.9181721572794899	0.9773755656108597	0.9694872601446995	0.9785155001663298	26.245319366455078	347.59256799999997	4775400	0.5	0.9773755656108597
ERR245718	t10000	Ethambutol	0	0.02259793496188837	0	0.8236472945891784	0.776937618147448	0.9261119081779053	0.8468527104670299	22.716772317886353	584.054157	3844560	0.5	0.776937618147448
ERR245718	t10000	Isoniazid	1	0.9893086801673128	1	0.9224137931034483	0.9786585365853658	0.9667752442996743	0.9778968681279737	22.099100828170776	543.367323	4618916	0.5	0.9786585365853658
ERR245718	t10000	Pyrazinamide	0	0.06335655627466054	0	0.4808259587020649	0.8534031413612565	0.9005363237445149	0.8027901300837086	16.480621337890625	355.119769	2894436	0.6982858391272175	0.75
ERR245718	t10000	Rifampicin	0	0.13149060335587381	0	0.9171094580233794	0.9784580498866213	0.9694872601446995	0.9787297751468281	25.999039888381958	722.432664	4774348	0.5	0.9784580498866213
ERR245723	t10000	Isoniazid	0	0.0484627117146434	0	0.921455938697318	0.9816326530612245	0.9674267100977199	0.9783333770941564	25.052202463150024	600.777482	4615656	0.5	0.9816326530612245
ERR245723	t10000	Rifampicin	0	0.0426906584827157	0	0.9192348565356004	0.9785067873303167	0.9701163888015099	0.9784306447103477	26.006105184555054	444.340577	4773508	0.5	0.9785067873303167
ERR245727	t10000	Isoniazid	0	0.019248560954848344	0	0.9224137931034483	0.9826530612244898	0.9680781758957655	0.9786448681974842	24.279581308364868	431.866374	4616244	0.5	0.9826530612244898
ERR245727	t10000	Rifampicin	0	0.014962466169743368	0	0.9192348565356004	0.9807256235827665	0.9707455174583203	0.9786377699636628	31.518085956573486	686.55971	4776596	0.5	0.9807256235827665
ERR245733	t10000	Ethambutol	0	0.021225244430903158	0	0.8176352705410822	0.7712665406427222	0.9239598278335724	0.8442180922906568	20.425289392471313	339.464905	3846840	0.5	0.7712665406427222
ERR245733	t10000	Isoniazid	1	0.9870600898015629	1	0.9224137931034483	0.9776649746192894	0.9664495114006515	0.9776434443359563	22.831896543502808	350.380646	4614792	0.5	0.9776649746192894
ERR245733	t10000	Pyrazinamide	0	0.06368335353848176	0	0.5014749262536873	0.85	0.9029741589468552	0.8088646296876644	14.446653842926025	355.633844	2892652	0.6774575005355232	0.765079365079365
ERR245733	t10000	Rifampicin	0	0.1529777939941299	0	0.9171094580233794	0.9773499433748585	0.9691726958162944	0.9785797675126999	25.242151975631714	377.96223000000003	4775272	0.5	0.9773499433748585
ERR245736	t10000	Isoniazid	0	0.01556377712315636	0	0.9233716475095786	0.9806714140386572	0.9677524429967427	0.9787172174509439	24.981720209121704	491.74954499999996	4617100	0.5	0.9806714140386572
ERR245736	t10000	Rifampicin	0	0.014990318626753046	0	0.9192348565356004	0.9829545454545454	0.9713746461151306	0.9790282091270452	27.984689950942993	434.573283	4774784	0.5	0.9829545454545454
ERR245767	t10000	Isoniazid	0	0.014261490504730535	0	0.9224137931034483	0.981651376146789	0.9677524429967427	0.9785783995237731	27.08218240737915	741.5791489999999	4616080	0.5	0.981651376146789
ERR245767	t10000	Rifampicin	0	0.006995082610227338	0	0.9192348565356004	0.9785067873303167	0.9701163888015099	0.9784939056168991	29.650489330291748	517.897739	4776324	0.5	0.9785067873303167
ERR245773	t10000	Isoniazid	0	0.020172298075553877	0	0.9243295019157088	0.9806910569105691	0.9680781758957655	0.9785539668098491	27.948219060897827	1101.518102	4615836	0.5	0.9806910569105691
ERR245773	t10000	Rifampicin	0	0.008193200371351208	0	0.9171094580233794	0.9784580498866213	0.9694872601446995	0.9786770189930614	25.42237138748169	408.43665899999996	4775752	0.5	0.9784580498866213
ERR245777	t10000	Ethambutol	0	0.010553039629563886	0	0.8136272545090181	0.7945205479452054	0.9289813486370158	0.8452897932357906	20.871530294418335	466.436181	3846476	0.5	0.7945205479452054
ERR245777	t10000	Isoniazid	1	0.8715950907965173	1	0.9233716475095786	0.9816700610997964	0.9680781758957655	0.9783719691383671	25.082727432250977	468.04784	4616124	0.5	0.9816700610997964
ERR245777	t10000	Pyrazinamide	0	0.012548910493199986	0	0.5221238938053098	0.8509615384615384	0.9058995611896635	0.8027733689323753	15.554299592971802	381.42407000000003	2892096	0.6617707734435031	0.7530864197530864
ERR245777	t10000	Rifampicin	0	0.0192752590419191	0	0.9192348565356004	0.9762979683972912	0.9694872601446995	0.9785326061492976	27.475641012191772	424.25550699999997	4775936	0.5	0.9762979683972912
ERR245785	t10000	Isoniazid	0	0.014434581917201518	0	0.9233716475095786	0.9826707441386341	0.9684039087947883	0.9785774380486405	25.044082403182983	435.32703100000003	4616228	0.5	0.9826707441386341
ERR245785	t10000	Rifampicin	0	0.015260572476323727	0	0.9171094580233794	0.9795686719636776	0.9698018244731047	0.9784398603297745	31.876368284225464	540.365687	4776440	0.5	0.9795686719636776
ERR245787	t10000	Isoniazid	0	0.02148821907807998	0	0.9233716475095786	0.9816700610997964	0.9680781758957655	0.978275107829057	24.198604822158813	415.83954500000004	4615572	0.5	0.9816700610997964
ERR245787	t10000	Rifampicin	0	0.012254385804475715	0	0.9213602550478215	0.9785553047404063	0.9707455174583203	0.9786508598925285	32.407278299331665	468.071309	4776924	0.5	0.9785553047404063
ERR245798	t10000	Isoniazid	0	0.016557282211045507	0	0.921455938697318	0.9816326530612245	0.9674267100977199	0.9786365665725003	23.097407341003418	328.83943999999997	4615544	0.5	0.9816326530612245
ERR245798	t10000	Rifampicin	0	0.010025510249113018	0	0.9202975557917109	0.9807474518686297	0.9710600817867254	0.978779699534389	27.08801293373108	498.601779	4774684	0.5	0.9807474518686297
ERR3256128	t10000	Isoniazid	1	0.9951578113695092	1	0.8955938697318008	0.9821428571428571	0.958957654723127	0.9666954269292123	23.1458101272583	367.393396	4614600	0.5	0.9821428571428571
ERR3256128	t10000	Rifampicin	1	0.9933905993314875	1	0.9149840595111584	0.9772985244040863	0.9685435671594841	0.9746011659059147	27.52606201171875	324.42103399999996	4776420	0.5	0.9772985244040863
ERR3256132	t10000	Ethambutol	1	0.06803725275490227	0	0.8156312625250501	0.7752380952380953	0.9246771879483501	0.8456726267545412	21.828462839126587	497.618426	3854624	0.5	0.7752380952380953
ERR3256132	t10000	Isoniazid	1	0.9933965099659094	1	0.921455938697318	0.9766497461928934	0.9657980456026058	0.9776171040796882	24.055601119995117	371.417509	4614728	0.5	0.9766497461928934
ERR3256132	t10000	Rifampicin	1	0.9786710022536307	1	0.9096705632306057	0.9738339021615472	0.9660270525322429	0.9752127412299396	31.110556602478027	328.507088	4775516	0.5	0.9738339021615472
ERR3256158	t10000	Ethambutol	0	0.007101543293580162	0	0.8296593186372746	0.7723880597014925	0.9257532281205165	0.845756035704095	24.08331561088562	835.817217	3851996	0.5	0.7723880597014925
ERR3256158	t10000	Isoniazid	0	0.024838996679736998	0	0.9224137931034483	0.9806517311608961	0.9674267100977199	0.9786052549256147	24.3980929851532	569.4453960000001	4618040	0.5	0.9806517311608961
ERR3256158	t10000	Rifampicin	0	0.028515512903837182	0	0.9192348565356004	0.9796149490373726	0.9704309531299151	0.9783721499829501	29.187079668045044	510.97974500000004	4777128	0.5	0.9796149490373726
ERR3256200	t10000	Ethambutol	0	0.005876525759753734	0	0.8256513026052105	0.7773584905660378	0.9264705882352942	0.8446266193141874	23.45177721977234	673.04802	3851348	0.5	0.7773584905660378
ERR3256200	t10000	Isoniazid	0	0.008995713875112806	0	0.9224137931034483	0.9826530612244898	0.9680781758957655	0.9785530220554104	25.165372371673584	440.29554	4616368	0.5	0.9826530612244898
ERR3256200	t10000	Rifampicin	0	0.015160578689460994	0	0.9192348565356004	0.9796149490373726	0.9704309531299151	0.9784501239608457	34.58153033256531	1021.6596910000001	4773388	0.5	0.9796149490373726
ERR3256211	t10000	Ethambutol	0	0.01854871166328734	0	0.8316633266533067	0.7786116322701688	0.9275466284074605	0.8473707294065438	18.01527690887451	463.683856	3851572	0.5	0.7786116322701688
ERR3256211	t10000	Isoniazid	1	0.9867961343838098	1	0.9233716475095786	0.9776876267748479	0.9667752442996743	0.9775765643498293	24.997061491012573	440.16530700000004	4615580	0.5	0.9776876267748479
ERR3256211	t10000	Rifampicin	0	0.061757986006392325	0	0.9171094580233794	0.9762443438914027	0.9688581314878892	0.9780347690398862	31.32433557510376	454.67177599999997	4775764	0.5	0.9762443438914027
ERR3256223	t10000	Ethambutol	0	0.0064227786688321195	0	0.8196392785571143	0.7760910815939279	0.9253945480631277	0.8409370854174938	17.567168712615967	334.78547100000003	3843924	0.5	0.7760910815939279
ERR3256223	t10000	Isoniazid	0	0.015632537244382225	0	0.921455938697318	0.983640081799591	0.9680781758957655	0.97867335026806	23.192612409591675	375.321095	4615764	0.5	0.983640081799591
ERR3256223	t10000	Rifampicin	0	0.013171214390171194	0	0.9171094580233794	0.9806818181818182	0.9701163888015099	0.9785955021152731	28.54631233215332	491.651475	4775700	0.5	0.9806818181818182
ERR3256224	t10000	Ethambutol	0	0.00557649093007209	0	0.8316633266533067	0.7757009345794392	0.926829268292683	0.8451930838755225	17.345994234085083	333.39622199999997	3845480	0.5	0.7757009345794392
ERR3256224	t10000	Isoniazid	0	0.018411374219218297	0	0.9262452107279694	0.9817258883248731	0.9690553745928339	0.9784061321679751	24.926453351974487	436.26410899999996	4615904	0.5	0.9817258883248731
ERR3256224	t10000	Rifampicin	0	0.025110413313071834	0	0.9171094580233794	0.9806818181818182	0.9701163888015099	0.9786655719892781	39.00796413421631	666.4765120000001	4778004	0.5	0.9806818181818182
ERR3256276	t10000	Ethambutol	0	0.004502854010956725	0	0.8256513026052105	0.7847619047619048	0.9282639885222381	0.8453392873196762	20.214925050735474	351.626484	3840504	0.5	0.7847619047619048
ERR3256276	t10000	Isoniazid	0	0.007588437153431693	0	0.9243295019157088	0.9816887080366226	0.9684039087947883	0.9786501126286667	31.75335669517517	404.40639600000003	4616280	0.5	0.9816887080366226
ERR3256276	t10000	Rifampicin	0	0.012390103381445168	0	0.9213602550478215	0.9807692307692307	0.9713746461151306	0.9787988026491872	46.048099517822266	401.063926	4775688	0.5	0.9807692307692307
ERR550651	t10000	Ethambutol	1	0.8850628456208458	1	0.8336673346693386	0.7790262172284644	0.9279053084648493	0.8562081310484175	20.992807626724243	450.565429	3840712	0.5	0.7790262172284644
ERR550651	t10000	Isoniazid	1	0.9908260023179255	1	0.8017241379310345	0.9709976798143851	0.9244299674267101	0.9421653179722351	24.96851086616516	474.144548	4615872	0.7590680134695912	0.9608695652173913
ERR550651	t10000	Pyrazinamide	0	0.5148026722770603	0	0.504424778761062	0.8507462686567164	0.9034617259873232	0.8049089976540312	15.798447370529175	306.291542	2891404	0.6860770266759428	0.7492063492063492
ERR550651	t10000	Rifampicin	1	0.9940175352603656	1	0.9117959617428267	0.9738933030646992	0.9666561811890532	0.9759432872551299	31.563923120498657	373.59466399999997	4776256	0.5	0.9738933030646992
ERR550784	t10000	Ethambutol	1	0.8310861420146797	1	0.8336673346693386	0.7819548872180451	0.9286226685796269	0.8479104093488282	19.598013639450073	421.553711	3840088	0.5	0.7819548872180451
ERR550784	t10000	Isoniazid	1	0.995496851690479	1	0.9204980842911877	0.9786150712830958	0.9661237785016287	0.976943746220684	25.93978190422058	688.029247	4615152	0.5	0.9786150712830958
ERR550784	t10000	Pyrazinamide	0	0.3569555830990565	0	0.48672566371681414	0.8505154639175257	0.9010238907849829	0.803196375333038	14.93402647972107	423.559874	2891044	0.7019684222752073	0.7468354430379747
ERR550784	t10000	Rifampicin	1	0.9926010206162489	1	0.9117959617428267	0.9761092150170648	0.9672853098458635	0.9757484052813653	29.34383201599121	406.87265399999995	4776384	0.5	0.9761092150170648
ERR550786	t10000	Ethambutol	1	0.4093173274765947	0	0.8136272545090181	0.7748091603053435	0.9243185078909613	0.8458184528350068	22.103919982910156	697.5092030000001	3840952	0.5	0.7748091603053435
ERR550786	t10000	Isoniazid	1	0.9940285581647501	1	0.9204980842911877	0.9756345177664975	0.9651465798045603	0.9774584947284987	22.88055419921875	399.58389900000003	4615552	0.5	0.9756345177664975
ERR550786	t10000	Pyrazinamide	0	0.21910819288243155	0	0.49262536873156343	0.8520408163265306	0.9019990248659191	0.8038624200662061	14.593183994293213	300.59927600000003	2895468	0.681341351518035	0.7570977917981072
ERR550786	t10000	Rifampicin	1	0.9652132712583282	1	0.9086078639744952	0.9715909090909091	0.9650833595470274	0.9753565934861597	49.410733699798584	577.1839769999999	4774272	0.5	0.9715909090909091
ERR551591	t10000	Ethambutol	1	0.7782852632051589	1	0.8336673346693386	0.7804878048780488	0.9282639885222381	0.8464685424757961	19.991437196731567	448.190944	3826496	0.5	0.7804878048780488
ERR551591	t10000	Isoniazid	1	0.9948094240954015	1	0.9185823754789272	0.9775739041794088	0.9651465798045603	0.9781646154471537	24.569594144821167	333.044467	4615420	0.5	0.9775739041794088
ERR551591	t10000	Pyrazinamide	1	0.899187575818789	1	0.528023598820059	0.8523809523809524	0.9068746952705997	0.807712153063402	14.965427160263062	299.379689	2889780	0.6541637603342517	0.7492354740061162
ERR551591	t10000	Rifampicin	1	0.9832523911941234	1	0.8905419766206164	0.9654377880184332	0.9581629443221139	0.9734127764710789	24.724348783493042	477.661644	4776264	0.5	0.9654377880184332
ERR551726	t10000	Ethambutol	1	0.7803271596846626	1	0.8376753507014028	0.7712177121771218	0.9264705882352942	0.845348592669613	21.719449758529663	586.693112	3842248	0.5	0.7712177121771218
ERR551726	t10000	Isoniazid	1	0.9953835573514308	1	0.9195402298850575	0.9785932721712538	0.9657980456026058	0.9771445760370142	23.57651996612549	406.395586	4615724	0.5	0.9785932721712538
ERR551726	t10000	Pyrazinamide	0	0.6964253430954452	1	0.5250737463126843	0.8516746411483254	0.9063871282301317	0.8084771790994922	14.688243389129639	369.729277	2893952	0.6569251688335928	0.7569230769230769
ERR551726	t10000	Rifampicin	1	0.9935746324324576	1	0.9096705632306057	0.9749430523917996	0.966341616860648	0.9760090174115958	24.543489933013916	448.906767	4775812	0.5	0.9749430523917996
ERR551918	t10000	Ethambutol	1	0.8143245782684936	1	0.8216432865731463	0.7824427480916031	0.9271879483500718	0.8488559796537588	19.774068593978882	402.719448	3834580	0.5	0.7824427480916031
ERR551918	t10000	Isoniazid	1	0.9399781616728251	1	0.9233716475095786	0.9806714140386572	0.9677524429967427	0.9786661503223991	24.15719485282898	420.68611599999997	4615408	0.5	0.9806714140386572
ERR551918	t10000	Pyrazinamide	1	0.9249494064539281	1	0.5398230088495575	0.8511627906976744	0.908337396392004	0.8038726066787755	16.287510871887207	554.361592	2890396	0.6498990079484777	0.7492354740061162
ERR551918	t10000	Rifampicin	1	0.993521745822527	1	0.9096705632306057	0.9771689497716894	0.9669707455174583	0.9759274891161249	25.39130735397339	546.60632	4775660	0.5	0.9771689497716894
ERR552244	t10000	Ethambutol	1	0.757854450531451	1	0.8236472945891784	0.7754716981132076	0.9257532281205165	0.8511718535025444	19.30549430847168	382.043138	3833332	0.5	0.7754716981132076
ERR552244	t10000	Isoniazid	1	0.9953042971876745	1	0.9195402298850575	0.9795918367346939	0.9661237785016287	0.9764845533795219	23.84986424446106	392.575956	4616496	0.5	0.9795918367346939
ERR552244	t10000	Pyrazinamide	1	0.8016385012447372	1	0.5457227138643068	0.8525345622119815	0.90931253047294	0.8225035365885854	16.52832293510437	668.686244	2890516	0.6779413400454676	0.768025078369906
ERR552244	t10000	Rifampicin	1	0.9941580721998333	1	0.9096705632306057	0.9749430523917996	0.966341616860648	0.9751879501234489	24.809459686279297	454.46097499999996	4775464	0.5	0.9749430523917996
ERR552346	t10000	Ethambutol	1	0.7894877239268361	1	0.8256513026052105	0.77882797731569	0.926829268292683	0.8472487466242763	19.22122025489807	409.13002200000005	3833108	0.5	0.77882797731569
ERR552346	t10000	Isoniazid	1	0.9953170883113115	1	0.921455938697318	0.9796334012219959	0.9667752442996743	0.9767618744376272	25.565298318862915	655.477555	4615812	0.5	0.9796334012219959
ERR552346	t10000	Pyrazinamide	1	0.3408681155264565	0	0.49852507374631266	0.8535353535353535	0.9029741589468552	0.8088137564718632	14.713460445404053	397.928368	2886400	0.6833623655979953	0.7522935779816514
ERR552346	t10000	Rifampicin	1	0.9893564893201172	1	0.9075451647183846	0.9726651480637813	0.9650833595470274	0.9757949080401875	26.23689341545105	594.944382	4774420	0.5	0.9726651480637813
ERR552442	t10000	Ethambutol	0	0.6477988489048471	1	0.7835671342685371	0.7883064516129032	0.9236011477761836	0.8376752296266777	19.57757568359375	317.830279	3841476	0.5	0.7883064516129032
ERR552442	t10000	Isoniazid	1	0.8873043785154476	1	0.9128352490421456	0.9855222337125129	0.9657980456026058	0.9735762795860763	25.427180528640747	708.22069	4616240	0.5	0.9855222337125129
ERR552442	t10000	Pyrazinamide	0	0.3406340624150664	0	0.49262536873156343	0.8520408163265306	0.9019990248659191	0.7942771555029903	15.297747373580933	399.446652	2895112	0.672814927242579	0.7531645569620253
ERR552442	t10000	Rifampicin	1	0.9535694249071811	1	0.8097768331562167	0.9501246882793017	0.9311104120792703	0.9507484176740009	26.308170557022095	619.197807	4776252	0.6712594831582046	0.9182530795072789
ERR552500	t10000	Ethambutol	1	0.49804038116403554	0	0.8296593186372746	0.7781954887218046	0.9271879483500718	0.8470903093604554	17.927059650421143	309.544176	3830608	0.5	0.7781954887218046
ERR552500	t10000	Isoniazid	1	0.9944819541920976	1	0.9204980842911877	0.9796126401630989	0.9664495114006515	0.9766163569140104	25.165919303894043	491.642725	4617260	0.5	0.9796126401630989
ERR552500	t10000	Pyrazinamide	1	0.8590567600008397	1	0.4778761061946903	0.8571428571428571	0.9005363237445149	0.8100776911337993	13.776241302490234	391.975725	2884028	0.6998724659480793	0.7570093457943925
ERR552500	t10000	Rifampicin	1	0.9918228861198618	1	0.9096705632306057	0.9738339021615472	0.9660270525322429	0.9756291939862862	24.677802085876465	440.402335	4775532	0.5	0.9738339021615472
ERR553050	t10000	Ethambutol	1	0.8772805930758365	1	0.8236472945891784	0.7828571428571428	0.9275466284074605	0.8488943401705876	20.00421118736267	440.364187	3838780	0.5	0.7828571428571428
ERR553050	t10000	Isoniazid	1	0.9952432270411767	1	0.9185823754789272	0.9775739041794088	0.9651465798045603	0.975827039651071	26.69718885421753	674.968017	4617276	0.5	0.9775739041794088
ERR553050	t10000	Pyrazinamide	1	0.6614132973091479	0	0.5014749262536873	0.85	0.9029741589468552	0.8065091707030245	15.598904609680176	378.619716	2892328	0.6838764265526972	0.7530864197530864
ERR553050	t10000	Rifampicin	1	0.9908463648867679	1	0.9096705632306057	0.9749430523917996	0.966341616860648	0.9760440448941038	24.301853895187378	363.16537900000003	4775332	0.5	0.9749430523917996
SAMEA1015940	t10000	Ethambutol	0	0.81114190296698	1	0.8136272545090181	0.7792706333973128	0.9253945480631277	0.847028559637826	20.035706996917725	379.572254	3853048	0.5	0.7792706333973128
SAMEA1015940	t10000	Isoniazid	1	0.9954816668015448	1	0.9185823754789272	0.9795709908069459	0.9657980456026058	0.9772576260346453	23.94651174545288	482.93458200000003	4615808	0.5	0.9795709908069459
SAMEA1015940	t10000	Pyrazinamide	1	0.48991109413825357	0	0.5191740412979351	0.8502415458937198	0.9054119941491955	0.8062307730060112	15.410049676895142	325.263534	2899664	0.6617099348480986	0.7469512195121951
SAMEA1015940	t10000	Rifampicin	1	0.993903197403078	1	0.9096705632306057	0.9727272727272728	0.9657124882038377	0.9761172984487174	24.910502672195435	422.474403	4777000	0.5	0.9727272727272728
SAMEA1016078	t10000	Ethambutol	0	0.9044216192914373	1	0.7995991983967936	0.7702702702702703	0.9214490674318508	0.8328461563550622	157.24031782150269	944.9013090000001	3854292	0.5	0.7702702702702703
SAMEA1016078	t10000	Isoniazid	1	0.9955126700404247	1	0.9166666666666666	0.976530612244898	0.9641693811074918	0.9764449444800407	26.222718000411987	852.009157	4615928	0.5	0.976530612244898
SAMEA1016078	t10000	Pyrazinamide	0	0.6152672910095638	0	0.49262536873156343	0.8520408163265306	0.9019990248659191	0.8007929615338001	14.442744970321655	342.555571	2903724	0.6814807571970929	0.7484848484848485
SAMEA1016078	t10000	Rifampicin	1	0.9925038854070036	1	0.9107332624867163	0.9760820045558086	0.9669707455174583	0.97452125423182	31.839065313339233	1297.736941	4774468	0.5	0.9760820045558086
SAMEA1016120	t10000	Ethambutol	1	0.6597073348370506	1	0.8376753507014028	0.7783985102420856	0.9282639885222381	0.8442483735727909	17.99602723121643	377.31944400000003	3857888	0.5	0.7783985102420856
SAMEA1016120	t10000	Isoniazid	1	0.9952570164995941	1	0.9204980842911877	0.9776195320447609	0.9657980456026058	0.9770407787792614	37.182281732559204	447.408191	4615576	0.5	0.9776195320447609
SAMEA1016120	t10000	Pyrazinamide	1	0.3442846648683739	0	0.45132743362831856	0.85	0.8961482203803023	0.8010582568314466	15.487347841262817	374.711597	2905492	0.7170971617836425	0.7587301587301587
SAMEA1016120	t10000	Rifampicin	1	0.9939315487700267	1	0.9107332624867163	0.9749715585893061	0.9666561811890532	0.9755971536247019	71.16242384910583	655.783019	4774392	0.5	0.9749715585893061
SAMEA1016137	t10000	Ethambutol	1	0.7949256924003222	1	0.8136272545090181	0.7777777777777778	0.9250358680057389	0.843615579933905	17.87119698524475	387.271408	3852324	0.5	0.7777777777777778
SAMEA1016137	t10000	Isoniazid	1	0.9955415468814837	1	0.9204980842911877	0.9796126401630989	0.9664495114006515	0.9767658508805386	25.505494356155396	392.935514	4615740	0.5	0.9796126401630989
SAMEA1016137	t10000	Pyrazinamide	0	0.8907052613429205	1	0.48672566371681414	0.8505154639175257	0.9010238907849829	0.8023051926920235	15.627631664276123	370.18251200000003	2897152	0.6866860143972013	0.753125
SAMEA1016137	t10000	Rifampicin	1	0.9899783701327064	1	0.9086078639744952	0.976027397260274	0.966341616860648	0.9759035727544427	35.61516070365906	375.372363	4775748	0.5	0.976027397260274
SAMEA1016161	t10000	Ethambutol	0	0.011124140323292111	0	0.8196392785571143	0.7760910815939279	0.9253945480631277	0.8444120127789063	20.371601104736328	450.306203	3859108	0.5	0.7760910815939279
SAMEA1016161	t10000	Isoniazid	0	0.03439531734611107	0	0.9224137931034483	0.9806517311608961	0.9674267100977199	0.9785354341229121	22.474067211151123	561.547475	4616216	0.5	0.9806517311608961
SAMEA1016161	t10000	Pyrazinamide	0	0.00879816058132449	0	0.5073746312684366	0.8514851485148515	0.9039492930277914	0.8024948048012512	13.483619928359985	330.490377	2904664	0.6810219138611102	0.765079365079365
SAMEA1016161	t10000	Rifampicin	0	0.020909593212724974	0	0.9181721572794899	0.9784824462061155	0.9698018244731047	0.9781943892938918	24.12974262237549	600.0397670000001	4776428	0.5	0.9784824462061155
SAMEA1018850	t10000	Ethambutol	0	0.0031299950296229963	0	0.8296593186372746	0.776735459662289	0.926829268292683	0.8445927989714332	33.92337107658386	477.805094	3833548	0.5	0.776735459662289
SAMEA1018850	t10000	Isoniazid	0	0.018657471608899582	0	0.9224137931034483	0.9806517311608961	0.9674267100977199	0.9784990858121789	74.4712028503418	381.12484600000005	4616856	0.5	0.9806517311608961
SAMEA1018850	t10000	Pyrazinamide	0	0.006929106271790698	0	0.5250737463126843	0.8516746411483254	0.9063871282301317	0.8030276326103551	13.270051717758179	309.387123	2884472	0.6690753283928003	0.7601246105919003
SAMEA1018850	t10000	Rifampicin	0	0.012598256574010909	0	0.9160467587672688	0.9795454545454545	0.9694872601446995	0.9785919702830299	104.59975934028625	410.65633199999996	4776672	0.5	0.9795454545454545
SAMEA1018872	t10000	Ethambutol	0	0.009042360023626772	0	0.7975951903807615	0.7944111776447106	0.926829268292683	0.8476195803295694	24.36420512199402	469.521894	3856188	0.5	0.7944111776447106
SAMEA1018872	t10000	Isoniazid	0	0.03332977206985636	0	0.9224137931034483	0.981651376146789	0.9677524429967427	0.9785689959779151	52.36575770378113	427.25229	4616164	0.5	0.981651376146789
SAMEA1018872	t10000	Pyrazinamide	0	0.006798455371828003	0	0.4896755162241888	0.8512820512820513	0.901511457825451	0.8003000770032297	14.622386932373047	332.463763	2902528	0.6864242390298928	0.7539432176656151
SAMEA1018872	t10000	Rifampicin	0	0.014409361664164148	0	0.9202975557917109	0.9785310734463277	0.9704309531299151	0.9783247998477959	65.71277451515198	566.0845899999999	4774908	0.5	0.9785310734463277
SAMEA1018931	t10000	Ethambutol	0	0.006673932184104143	0	0.8296593186372746	0.7781954887218046	0.9271879483500718	0.8478337164345437	20.220720291137695	453.964576	3851844	0.5	0.7781954887218046
SAMEA1018931	t10000	Isoniazid	0	0.018195425647483627	0	0.9233716475095786	0.9816700610997964	0.9680781758957655	0.9786978291862901	22.919029712677002	448.691035	4616288	0.5	0.9816700610997964
SAMEA1018931	t10000	Pyrazinamide	0	0.007577246305927884	0	0.504424778761062	0.8507462686567164	0.9034617259873232	0.8026633881547098	15.720252275466919	579.294242	2902176	0.6790173090367793	0.7682539682539683
SAMEA1018931	t10000	Rifampicin	0	0.010097898399010912	0	0.9171094580233794	0.9795686719636776	0.9698018244731047	0.9786827498349225	26.217528581619263	689.406616	4777612	0.5	0.9795686719636776
SAMEA1018950	t10000	Ethambutol	0	0.005298643841734322	0	0.8236472945891784	0.7754716981132076	0.9257532281205165	0.8449411142885002	19.81691026687622	402.347828	3859492	0.5	0.7754716981132076
SAMEA1018950	t10000	Isoniazid	0	0.036031828770343124	0	0.9262452107279694	0.9817258883248731	0.9690553745928339	0.978425348996844	23.151400327682495	337.26045300000004	4616020	0.5	0.9817258883248731
SAMEA1018950	t10000	Pyrazinamide	0	0.00856994868075549	0	0.5073746312684366	0.8514851485148515	0.9039492930277914	0.8029003986998358	17.051836490631104	624.5864720000001	2903940	0.678746925891101	0.75
SAMEA1018950	t10000	Rifampicin	0	0.013028146005012764	0	0.9181721572794899	0.9784824462061155	0.9698018244731047	0.9785101176652556	26.697050094604492	362.84467600000005	4776804	0.5	0.9784824462061155
SAMEA1018960	t10000	Ethambutol	0	0.006269890214464333	0	0.8396793587174348	0.7702205882352942	0.9264705882352942	0.8433204381592073	20.722944259643555	481.100913	3847732	0.5	0.7702205882352942
SAMEA1018960	t10000	Isoniazid	0	0.020989368393870115	0	0.9233716475095786	0.9826707441386341	0.9684039087947883	0.9784750831557981	22.629398345947266	463.679873	4616016	0.5	0.9826707441386341
SAMEA1018960	t10000	Pyrazinamide	0	0.008572248887537734	0	0.5191740412979351	0.8502415458937198	0.9054119941491955	0.8038366163143169	15.06483006477356	384.214257	2896288	0.6704340238935941	0.7477203647416414
SAMEA1018960	t10000	Rifampicin	0	0.016620521056588965	0	0.9192348565356004	0.9796149490373726	0.9704309531299151	0.9787575740905123	24.234158992767334	442.95979700000004	4777160	0.5	0.9796149490373726
SAMEA1018995	t10000	Ethambutol	0	0.008073844492234743	0	0.8176352705410822	0.7786259541984732	0.9257532281205165	0.8436632291983265	19.454283237457275	364.431198	3848176	0.5	0.7786259541984732
SAMEA1018995	t10000	Isoniazid	0	0.033204721168573065	0	0.9233716475095786	0.9826707441386341	0.9684039087947883	0.9783126021221092	22.956169605255127	401.53182899999996	4616044	0.5	0.9826707441386341
SAMEA1018995	t10000	Pyrazinamide	0	0.006112367878494118	0	0.49262536873156343	0.8520408163265306	0.9019990248659191	0.7998724202151752	15.355491161346436	378.634843	2900660	0.6803327183284061	0.7634069400630915
SAMEA1018995	t10000	Rifampicin	0	0.013260675619456094	0	0.9213602550478215	0.9785553047404063	0.9707455174583203	0.9783304329551629	24.13859724998474	453.399598	4775028	0.5	0.9785553047404063
SAMEA1018998	t10000	Ethambutol	0	0.011071822448946375	0	0.8336673346693386	0.7761194029850746	0.9271879483500718	0.8464351403993359	21.331855297088623	455.460638	3857532	0.5	0.7761194029850746
SAMEA1018998	t10000	Isoniazid	0	0.03284700336166769	0	0.9233716475095786	0.9826707441386341	0.9684039087947883	0.9786316713550449	26.410523176193237	921.253572	4618520	0.5	0.9826707441386341
SAMEA1018998	t10000	Pyrazinamide	0	0.00784425085043001	0	0.5103244837758112	0.8522167487684729	0.9044368600682594	0.8020048377167295	19.75462508201599	949.6329139999999	2900056	0.675400333312808	0.753125
SAMEA1018998	t10000	Rifampicin	0	0.01506538814888768	0	0.9160467587672688	0.9773242630385488	0.9688581314878892	0.9783857139730193	28.095335483551025	967.385878	4777252	0.5	0.9773242630385488
SAMEA1019029	t10000	Ethambutol	0	0.00715609293635555	0	0.8136272545090181	0.7733333333333333	0.9239598278335724	0.8453797449096752	67.6375343799591	969.573099	3865352	0.5	0.7733333333333333
SAMEA1019029	t10000	Isoniazid	0	0.03158591268585583	0	0.9224137931034483	0.981651376146789	0.9677524429967427	0.9787794860872172	27.219926118850708	969.873519	4615248	0.5	0.981651376146789
SAMEA1019029	t10000	Pyrazinamide	0	0.006838121866915365	0	0.5132743362831859	0.8529411764705882	0.9049244271087274	0.8022437343229115	21.20771336555481	893.5403299999999	2900176	0.6718119750472997	0.7538940809968847
SAMEA1019029	t10000	Rifampicin	0	0.01545861689561983	0	0.9192348565356004	0.9807256235827665	0.9707455174583203	0.9786778413934838	45.7541184425354	433.55097	4776472	0.5	0.9807256235827665
SAMEA1019031	t10000	Ethambutol	0	0.010691711319411358	0	0.8016032064128257	0.7889546351084813	0.9261119081779053	0.8488322444183546	17.5257089138031	331.45257100000003	3851100	0.5	0.7889546351084813
SAMEA1019031	t10000	Isoniazid	0	0.03414498265979967	0	0.9233716475095786	0.9826707441386341	0.9684039087947883	0.9786410342763533	22.8680682182312	356.06033599999995	4616260	0.5	0.9826707441386341
SAMEA1019031	t10000	Pyrazinamide	0	0.007541395908084573	0	0.44837758112094395	0.8539325842696629	0.8961482203803023	0.8012474532194512	14.942652463912964	373.71689	2897016	0.7068273221954587	0.7605177993527508
SAMEA1019031	t10000	Rifampicin	0	0.015160292163174716	0	0.9202975557917109	0.9785310734463277	0.9704309531299151	0.9785409202911057	32.530768632888794	444.111467	4775476	0.5	0.9785310734463277
SAMEA1019047	t10000	Ethambutol	0	0.008004343067294598	0	0.8296593186372746	0.7723880597014925	0.9257532281205165	0.8424543016642715	19.74986243247986	366.88766200000003	3836128	0.5	0.7723880597014925
SAMEA1019047	t10000	Isoniazid	0	0.029554161534113	0	0.921455938697318	0.9806320081549439	0.967100977198697	0.9789181637794607	24.866974115371704	623.382982	4617784	0.5	0.9806320081549439
SAMEA1019047	t10000	Pyrazinamide	0	0.007809426872857154	0	0.4896755162241888	0.8512820512820513	0.901511457825451	0.8024103044304949	13.34465479850769	368.527303	2893708	0.6965892467572581	0.7602523659305994
SAMEA1019047	t10000	Rifampicin	0	0.013249808710433152	0	0.9171094580233794	0.9795686719636776	0.9698018244731047	0.9785623293687216	21.931893587112427	399.83310600000004	4776412	0.5	0.9795686719636776
SAMEA1019123	t10000	Ethambutol	0	0.008399612854658633	0	0.8196392785571143	0.7746212121212122	0.9250358680057389	0.8390297873077125	17.654576539993286	370.41738300000003	3831880	0.5	0.7746212121212122
SAMEA1019123	t10000	Isoniazid	0	0.02032694341812925	0	0.9233716475095786	0.9816700610997964	0.9680781758957655	0.97876368999517	21.356871128082275	427.801156	4616552	0.5	0.9816700610997964
SAMEA1019123	t10000	Pyrazinamide	0	0.008024622173112481	0	0.4808259587020649	0.8534031413612565	0.9005363237445149	0.8017516902694501	13.779263496398926	439.815363	2889512	0.6865676593061764	0.7554858934169278
SAMEA1019123	t10000	Rifampicin	0	0.010311223024054749	0	0.9149840595111584	0.9806378132118451	0.9694872601446995	0.978768583947159	22.21773862838745	407.949632	4776624	0.5	0.9806378132118451
SAMEA1019142	t10000	Ethambutol	0	0.006245458743509526	0	0.8336673346693386	0.7790262172284644	0.9279053084648493	0.849221641564854	20.05106520652771	428.773324	3844048	0.5	0.7790262172284644
SAMEA1019142	t10000	Isoniazid	0	0.01788256016323265	0	0.9243295019157088	0.9816887080366226	0.9684039087947883	0.9785301931905049	23.823309183120728	426.00298100000003	4615980	0.5	0.9816887080366226
SAMEA1019142	t10000	Pyrazinamide	0	0.02450546630015699	0	0.5545722713864307	0.8506787330316742	0.9102876645538761	0.8020544559729057	15.311585664749146	373.158824	2895184	0.6354097075361356	0.7610062893081762
SAMEA1019142	t10000	Rifampicin	0	0.011363766046732988	0	0.9160467587672688	0.978433598183882	0.9691726958162944	0.9786370160272876	27.347286224365234	488.17702299999996	4774136	0.5	0.978433598183882
SAMEA1019274	t10000	Ethambutol	0	0.0024157677995916005	0	0.8216432865731463	0.7721280602636534	0.9246771879483501	0.8416246310124817	17.88156747817993	408.226882	3854184	0.5	0.7721280602636534
SAMEA1019274	t10000	Isoniazid	0	0.018205611393611473	0	0.921455938697318	0.9816326530612245	0.9674267100977199	0.9785423091949609	20.99934411048889	333.32580399999995	4616200	0.5	0.9816326530612245
SAMEA1019274	t10000	Pyrazinamide	0	0.00657031981187169	0	0.504424778761062	0.8507462686567164	0.9034617259873232	0.8016645427447389	18.598714113235474	1033.733516	2902364	0.6721360229229676	0.7578616352201258
SAMEA1019274	t10000	Rifampicin	0	0.015584990216005882	0	0.9192348565356004	0.9774011299435028	0.9698018244731047	0.9785968307104634	23.296897172927856	539.8461619999999	4775952	0.5	0.9774011299435028
SAMEA1019281	t10000	Ethambutol	0	0.004986955378023318	0	0.7875751503006012	0.7955465587044535	0.9257532281205165	0.8465830276783008	19.676588535308838	374.415076	3865852	0.5	0.7955465587044535
SAMEA1019281	t10000	Isoniazid	0	0.016495624568636066	0	0.9233716475095786	0.9806714140386572	0.9677524429967427	0.9789149695114332	24.239068746566772	552.48093	4617028	0.5	0.9806714140386572
SAMEA1019281	t10000	Pyrazinamide	0	0.008327808927208772	0	0.5368731563421829	0.8504672897196262	0.9078498293515358	0.8064310014046544	18.64586877822876	786.436777	2895896	0.6565109556168257	0.7477203647416414
SAMEA1019281	t10000	Rifampicin	0	0.005803536342459777	0	0.9181721572794899	0.9795918367346939	0.9701163888015099	0.9785217116116306	22.353148937225342	412.268161	4777644	0.5	0.9795918367346939
SAMEA1019286	t10000	Ethambutol	0	0.005448602305397417	0	0.8156312625250501	0.7722960151802657	0.9239598278335724	0.8490252593562319	20.371580362319946	454.975176	3858180	0.5	0.7722960151802657
SAMEA1019286	t10000	Isoniazid	0	0.017308046617222114	0	0.9252873563218391	0.982706002034588	0.9690553745928339	0.9786670082707875	25.03394055366516	624.183667	4616032	0.5	0.982706002034588
SAMEA1019286	t10000	Pyrazinamide	0	0.009042601296346348	0	0.5250737463126843	0.8516746411483254	0.9063871282301317	0.801600261300639	13.174163341522217	334.78484399999996	2902716	0.6632993546771402	0.7476923076923077
SAMEA1019286	t10000	Rifampicin	0	0.005968668379532869	0	0.9160467587672688	0.9773242630385488	0.9688581314878892	0.9783585355951967	26.85100555419922	543.5401400000001	4775080	0.5	0.9773242630385488
SAMEA1019324	t10000	Ethambutol	0	0.004102735616292268	0	0.8356713426853707	0.7808988764044944	0.9286226685796269	0.8445177353328682	18.285075664520264	477.159638	3822068	0.5	0.7808988764044944
SAMEA1019324	t10000	Isoniazid	0	0.023346196691593154	0	0.9233716475095786	0.9826707441386341	0.9684039087947883	0.9786608547774156	23.915318965911865	467.353942	4616412	0.5	0.9826707441386341
SAMEA1019324	t10000	Pyrazinamide	0	0.00743854058453816	0	0.5103244837758112	0.8522167487684729	0.9044368600682594	0.8052413786793052	17.50262761116028	643.989121	2876476	0.6760985779513667	0.754601226993865
SAMEA1019324	t10000	Rifampicin	0	0.011915229921890627	0	0.9171094580233794	0.9806818181818182	0.9701163888015099	0.9786393903012043	27.156599044799805	480.753469	4775764	0.5	0.9806818181818182
SAMEA104172424	t10000	Ethambutol	0	0.40465875450463507	0	0.8256513026052105	0.7715355805243446	0.9250358680057389	0.8484125311271101	21.093231201171875	565.283991	3838608	0.5	0.7715355805243446
SAMEA104172424	t10000	Isoniazid	1	0.9956120366617605	1	0.9195402298850575	0.9775967413441955	0.965472312703583	0.9764515844388626	22.45911931991577	527.174467	4615696	0.5	0.9775967413441955
SAMEA104172424	t10000	Pyrazinamide	1	0.5273221927153563	0	0.5339233038348082	0.8537735849056604	0.9078498293515358	0.8071281310775134	15.610804080963135	353.89788400000003	2892680	0.6527388258861647	0.746177370030581
SAMEA104172424	t10000	Rifampicin	1	0.9898433777249226	1	0.9086078639744952	0.9738041002277904	0.9657124882038377	0.9758998158472509	27.067954540252686	425.56332000000003	4776608	0.5	0.9738041002277904
SAMEA104172507	t10000	Ethambutol	0	0.705694983959331	1	0.8236472945891784	0.776937618147448	0.9261119081779053	0.8508723310098996	20.713700532913208	516.0080170000001	3815756	0.5	0.776937618147448
SAMEA104172507	t10000	Isoniazid	1	0.9955983164849774	1	0.9204980842911877	0.9786150712830958	0.9661237785016287	0.9771732851214682	23.836834192276	382.906651	4616716	0.5	0.9786150712830958
SAMEA104172507	t10000	Pyrazinamide	1	0.7484483387282513	1	0.5162241887905604	0.8536585365853658	0.9054119941491955	0.8074637215822438	15.882548570632935	372.15288499999997	2875964	0.6788962216630713	0.7546583850931677
SAMEA104172507	t10000	Rifampicin	1	0.9936688998782798	1	0.9117959617428267	0.975	0.9669707455174583	0.9759033803097925	25.277289867401123	519.379123	4776392	0.5	0.975
SAMEA104302736	t10000	Ethambutol	0	0.30755882937506857	0	0.8016032064128257	0.7766990291262136	0.9232424677187948	0.8478474581408995	20.216371774673462	439.47066	3821708	0.5	0.7766990291262136
SAMEA104302736	t10000	Isoniazid	1	0.9951114572843412	1	0.9204980842911877	0.9776195320447609	0.9657980456026058	0.9768563737963202	21.50194215774536	391.03078100000005	4617044	0.5	0.9776195320447609
SAMEA104302736	t10000	Pyrazinamide	1	0.8361774216829411	1	0.5014749262536873	0.85	0.9029741589468552	0.8080041336287354	16.760780811309814	457.005607	2877496	0.6723233087975075	0.7523510971786834
SAMEA104302736	t10000	Rifampicin	1	0.9942203218164519	1	0.9096705632306057	0.9738339021615472	0.9660270525322429	0.9749322338146575	25.72389006614685	430.31385	4775048	0.5	0.9738339021615472
SAMEA104302756	t10000	Ethambutol	0	0.34905948495994976	0	0.8136272545090181	0.7822736030828517	0.9261119081779053	0.8520022755210874	19.599805116653442	462.784561	3731388	0.5	0.7822736030828517
SAMEA104302756	t10000	Isoniazid	0	0.9956499316780438	1	0.921455938697318	0.9776422764227642	0.9661237785016287	0.9772434573347315	23.610445022583008	559.840103	4615576	0.5	0.9776422764227642
SAMEA104302756	t10000	Pyrazinamide	0	0.827560358122477	1	0.4837758112094395	0.8541666666666666	0.9010238907849829	0.8047616442529822	13.629793882369995	478.773267	2806620	0.6942939426412805	0.759375
SAMEA104302756	t10000	Rifampicin	0	0.9939147293771375	1	0.9096705632306057	0.976054732041049	0.9666561811890532	0.97493190382147	22.50419044494629	388.103591	4776980	0.5	0.976054732041049
SAMEA104302762	t10000	Isoniazid	1	0.9953685608766428	1	0.9195402298850575	0.9785932721712538	0.9657980456026058	0.9769004876146634	25.035833597183228	581.349763	4616260	0.5	0.9785932721712538
SAMEA104302762	t10000	Rifampicin	1	0.9933058978144884	1	0.9117959617428267	0.9738933030646992	0.9666561811890532	0.9748434074852951	24.45194125175476	425.404024	4778108	0.5	0.9738933030646992
SAMEA104302770	t10000	Ethambutol	1	0.734218828698516	1	0.8236472945891784	0.7813688212927756	0.9271879483500718	0.8486418248030726	19.164940118789673	371.359093	3763924	0.5	0.7813688212927756
SAMEA104302770	t10000	Isoniazid	1	0.9956550283087983	1	0.9195402298850575	0.9775967413441955	0.965472312703583	0.9773597559900833	21.955816984176636	345.30151800000004	4619060	0.5	0.9775967413441955
SAMEA104302770	t10000	Pyrazinamide	1	0.8486681599503144	1	0.5014749262536873	0.85	0.9029741589468552	0.8087747773941256	15.136106729507446	297.65468100000004	2837428	0.6764159427653688	0.7537993920972644
SAMEA104302770	t10000	Rifampicin	1	0.9938521268063715	1	0.9064824654622742	0.9748571428571429	0.9653979238754326	0.9755369555084158	22.299885511398315	359.264361	4774500	0.5	0.9748571428571429
SAMEA104302773	t10000	Ethambutol	0	0.3724184497607986	0	0.8156312625250501	0.7796934865900383	0.9257532281205165	0.8476865165925135	19.534698486328125	443.36395600000003	3829156	0.5	0.7796934865900383
SAMEA104302773	t10000	Isoniazid	1	0.995089970111069	1	0.9195402298850575	0.9785932721712538	0.9657980456026058	0.9774061070719195	21.200403451919556	362.239515	4615932	0.5	0.9785932721712538
SAMEA104302773	t10000	Pyrazinamide	1	0.8432291019364431	1	0.5014749262536873	0.85	0.9029741589468552	0.8064463825025534	13.541492938995361	315.92006999999995	2880352	0.6882964055009079	0.7614678899082569
SAMEA104302773	t10000	Rifampicin	1	0.9919051039753107	1	0.9107332624867163	0.9760820045558086	0.9669707455174583	0.9750364513389964	25.933252811431885	563.23023	4775836	0.5	0.9760820045558086
SAMEA104302778	t10000	Ethambutol	0	0.3070017230190201	0	0.8136272545090181	0.7868217054263565	0.9271879483500718	0.8489886968987801	20.760260343551636	440.703226	3830200	0.5	0.7868217054263565
SAMEA104302778	t10000	Isoniazid	1	0.9949363461164898	1	0.9204980842911877	0.9786150712830958	0.9661237785016287	0.9767226615647732	24.43786597251892	451.947654	4616400	0.5	0.9786150712830958
SAMEA104302778	t10000	Pyrazinamide	1	0.7290056276111248	1	0.5221238938053098	0.8509615384615384	0.9058995611896635	0.8095527025007271	15.643815279006958	396.73771400000004	2877468	0.6665326390711677	0.7584097859327217
SAMEA104302778	t10000	Rifampicin	1	0.9934030547659215	1	0.9075451647183846	0.9748858447488584	0.9657124882038377	0.9749046561787437	22.306143760681152	410.125121	4775804	0.5	0.9748858447488584
SAMEA104394527	t10000	Ethambutol	0	0.02401207087257005	0	0.8216432865731463	0.775047258979206	0.9253945480631277	0.8474202139384424	21.855639934539795	481.113601	3839316	0.5	0.775047258979206
SAMEA104394527	t10000	Isoniazid	0	0.3425590883805776	0	0.9233716475095786	0.9786802030456853	0.967100977198697	0.9784774064556457	24.262428283691406	593.213607	4616156	0.5	0.9786802030456853
SAMEA104394527	t10000	Rifampicin	0	0.03449683829586001	0	0.9192348565356004	0.9796149490373726	0.9704309531299151	0.9788800308985015	25.135338306427002	518.9393	4776008	0.5	0.9796149490373726
SAMEA104394535	t10000	Ethambutol	0	0.021735142446189248	0	0.8216432865731463	0.775047258979206	0.9253945480631277	0.8440332533637314	19.78207015991211	434.206905	3840084	0.5	0.775047258979206
SAMEA104394535	t10000	Isoniazid	0	0.05892630143852735	0	0.9233716475095786	0.9836734693877551	0.968729641693811	0.9781961639449762	24.802539825439453	388.645301	4615848	0.5	0.9836734693877551
SAMEA104394535	t10000	Rifampicin	0	0.0527226631448161	0	0.9181721572794899	0.9795918367346939	0.9701163888015099	0.9786455007414636	22.542323350906372	397.53810799999997	4775720	0.5	0.9795918367346939
SAMEA104394542	t10000	Ethambutol	0	0.005473663888474457	0	0.8216432865731463	0.7721280602636534	0.9246771879483501	0.8453407350851248	17.990591049194336	394.390824	3842692	0.5	0.7721280602636534
SAMEA104394542	t10000	Isoniazid	0	0.014184005075936186	0	0.9224137931034483	0.981651376146789	0.9677524429967427	0.9776172025157334	25.359618186950684	398.772372	4616016	0.5	0.981651376146789
SAMEA104394542	t10000	Rifampicin	0	0.009425060871193939	0	0.9181721572794899	0.9807037457434733	0.9704309531299151	0.9784493532750247	27.130205631256104	468.75934700000005	4774912	0.5	0.9807037457434733
SAMEA104394546	t10000	Ethambutol	0	0.007687951387943621	0	0.8236472945891784	0.776937618147448	0.9261119081779053	0.8455520225883183	17.790722608566284	350.998375	3836140	0.5	0.776937618147448
SAMEA104394546	t10000	Isoniazid	0	0.023462472896115343	0	0.9224137931034483	0.9826530612244898	0.9680781758957655	0.9786703061952309	22.740539073944092	621.5022309999999	4616132	0.5	0.9826530612244898
SAMEA104394546	t10000	Rifampicin	0	0.014121341524755677	0	0.9192348565356004	0.9796149490373726	0.9704309531299151	0.9787654570149618	27.586246013641357	470.944414	4776112	0.5	0.9796149490373726
SAMEA104394572	t10000	Ethambutol	0	0.006225384865845897	0	0.8096192384769539	0.7651515151515151	0.9214490674318508	0.8442027613663258	21.27700710296631	406.775698	3845880	0.5	0.7651515151515151
SAMEA104394572	t10000	Isoniazid	0	0.01615320951581825	0	0.9233716475095786	0.9826707441386341	0.9684039087947883	0.9785422924268022	24.880351781845093	542.585863	4616272	0.5	0.9826707441386341
SAMEA104394572	t10000	Rifampicin	0	0.013263453894953679	0	0.9192348565356004	0.9807256235827665	0.9707455174583203	0.9785969395743419	34.36757183074951	331.983477	4777532	0.5	0.9807256235827665
SAMEA104394635	t10000	Ethambutol	0	0.0038252246102410702	0	0.8276553106212425	0.77196261682243	0.9253945480631277	0.8411375449479683	18.78624176979065	409.177739	3854456	0.5	0.77196261682243
SAMEA104394635	t10000	Isoniazid	0	0.019207662670227114	0	0.9224137931034483	0.9826530612244898	0.9680781758957655	0.9784852657920373	24.90049958229065	423.672334	4618672	0.5	0.9826530612244898
SAMEA104394635	t10000	Rifampicin	0	0.017621492449038812	0	0.9192348565356004	0.9796149490373726	0.9704309531299151	0.9785810068439307	29.589535236358643	512.295173	4775712	0.5	0.9796149490373726
SAMEA104394648	t10000	Ethambutol	0	0.004501917662974812	0	0.8176352705410822	0.7741935483870968	0.9246771879483501	0.8458283056328263	19.53757071495056	327.719541	3845260	0.5	0.7741935483870968
SAMEA104394648	t10000	Isoniazid	0	0.019785931753466733	0	0.9224137931034483	0.981651376146789	0.9677524429967427	0.978441937285378	23.152331590652466	555.1592830000001	4615300	0.5	0.981651376146789
SAMEA104394648	t10000	Rifampicin	0	0.026195084230215958	0	0.9202975557917109	0.9774266365688488	0.9701163888015099	0.9783210913299989	28.08736252784729	348.400441	4777376	0.5	0.9774266365688488
SAMEA104394649	t10000	Ethambutol	0	0.0030373963376450516	0	0.8356713426853707	0.7637362637362637	0.9243185078909613	0.8289185996564707	8.023688554763794	302.05912	2296396	0.5	0.7637362637362637
SAMEA104394649	t10000	Isoniazid	0	0.02085578087187661	0	0.9204980842911877	0.9796126401630989	0.9664495114006515	0.9772763713873877	22.837055921554565	403.454185	4615780	0.5	0.9796126401630989
SAMEA104394649	t10000	Rifampicin	0	0.019046891628339873	0	0.8841657810839533	0.9685681024447031	0.9572192513368984	0.9734740853894529	22.135382413864136	340.95833100000004	4285684	0.5	0.9685681024447031
SAMEA104394712	t10000	Ethambutol	0	0.0077301357116579565	0	0.8256513026052105	0.77882797731569	0.926829268292683	0.8507249472262097	20.8412024974823	555.894738	3804752	0.5	0.77882797731569
SAMEA104394712	t10000	Isoniazid	0	0.015852089139859058	0	0.9233716475095786	0.9816700610997964	0.9680781758957655	0.978413577320702	24.3426456451416	430.459162	4615692	0.5	0.9816700610997964
SAMEA104394712	t10000	Pyrazinamide	0	0.01111129865134252	0	0.4749262536873156	0.8518518518518519	0.8995611896635788	0.8028326178425864	13.640361785888672	419.798979	2867904	0.6966362973338394	0.7586206896551724
SAMEA104394712	t10000	Rifampicin	0	0.011787534062826692	0	0.9213602550478215	0.9807692307692307	0.9713746461151306	0.9786268024785459	28.697382926940918	803.977119	4775856	0.5	0.9807692307692307
SAMEA1100860	t10000	Ethambutol	0	0.008583423265601428	0	0.8156312625250501	0.7796934865900383	0.9257532281205165	0.8448034131000925	18.389987468719482	402.868151	3840260	0.5	0.7796934865900383
SAMEA1100860	t10000	Isoniazid	1	0.032326711006320216	0	0.9233716475095786	0.9826707441386341	0.9684039087947883	0.978343484832407	24.51849341392517	384.606793	4616000	0.5	0.9826707441386341
SAMEA1100860	t10000	Pyrazinamide	0	0.006044612981302767	0	0.5811209439528023	0.8528138528138528	0.9141882008776206	0.8083668468807372	13.48213815689087	341.37518700000004	2894820	0.6299304897877822	0.7561728395061729
SAMEA1100860	t10000	Rifampicin	0	0.013103373356418944	0	0.9192348565356004	0.9785067873303167	0.9701163888015099	0.9782103088956984	30.371132373809814	1085.142633	4776644	0.5	0.9785067873303167
SAMEA1100872	t10000	Ethambutol	0	0.008982647105681628	0	0.7975951903807615	0.7912524850894632	0.9261119081779053	0.8424677555201028	20.075942039489746	382.97767799999997	3844292	0.5	0.7912524850894632
SAMEA1100872	t10000	Isoniazid	1	0.03177851623271766	0	0.9262452107279694	0.9807302231237323	0.968729641693811	0.9783912267925606	23.78369951248169	484.030386	4614888	0.5	0.9807302231237323
SAMEA1100872	t10000	Pyrazinamide	0	0.007120335593891573	0	0.4837758112094395	0.8541666666666666	0.9010238907849829	0.8033363811075999	14.44750452041626	395.920369	2899760	0.6882556631742152	0.7577639751552795
SAMEA1100872	t10000	Rifampicin	0	0.016113402624366717	0	0.9171094580233794	0.981797497155859	0.9704309531299151	0.9784037367283243	22.53055429458618	418.96153699999996	4776044	0.5	0.981797497155859
SAMEA1100883	t10000	Ethambutol	0	0.004948206495198571	0	0.8276553106212425	0.779245283018868	0.9271879483500718	0.8453401805522732	19.14948296546936	394.15338499999996	3846192	0.5	0.779245283018868
SAMEA1100883	t10000	Isoniazid	0	0.018316040572174196	0	0.9233716475095786	0.9836734693877551	0.968729641693811	0.978526416732975	23.519591331481934	392.203058	4615892	0.5	0.9836734693877551
SAMEA1100883	t10000	Pyrazinamide	0	0.007759464805387737	0	0.4808259587020649	0.8534031413612565	0.9005363237445149	0.8015292353545225	14.798596143722534	331.825953	2894216	0.691119508468017	0.7538940809968847
SAMEA1100883	t10000	Rifampicin	0	0.015948765551473763	0	0.9202975557917109	0.981859410430839	0.9713746461151306	0.9785542664158658	24.985103130340576	392.848425	4777488	0.5	0.981859410430839
SAMEA1101276	t10000	Isoniazid	1	0.9956741469897431	1	0.921455938697318	0.9806320081549439	0.967100977198697	0.9778315215165326	28.0527663230896	1012.7439019999999	4614980	0.5	0.9806320081549439
SAMEA1101276	t10000	Rifampicin	1	0.9733255071718026	1	0.9160467587672688	0.9806598407281001	0.9698018244731047	0.9786287296620798	23.907302379608154	362.905206	4774920	0.5	0.9806598407281001
SAMEA1101283	t10000	Isoniazid	1	0.9948668214443824	1	0.9185823754789272	0.9785714285714285	0.965472312703583	0.977256251422681	22.08604097366333	390.68451300000004	4616228	0.5	0.9785714285714285
SAMEA1101283	t10000	Rifampicin	1	0.9896975749181518	1	0.9096705632306057	0.9749430523917996	0.966341616860648	0.9757970550172903	24.7775936126709	507.007874	4774704	0.5	0.9749430523917996
SAMEA1101296	t10000	Isoniazid	1	0.9956322257172934	1	0.9176245210727969	0.9785495403472931	0.9651465798045603	0.9762390240607124	23.464979887008667	471.438206	4616052	0.5	0.9785495403472931
SAMEA1101296	t10000	Rifampicin	1	0.9915994376079496	1	0.9107332624867163	0.9738636363636364	0.966341616860648	0.9742491094843458	23.604793787002563	412.772166	4774520	0.5	0.9738636363636364
SAMEA1101326	t10000	Isoniazid	0	0.4571403047985579	0	0.921455938697318	0.9806320081549439	0.967100977198697	0.9785444146451698	24.639983415603638	521.5621080000001	4615828	0.5	0.9806320081549439
SAMEA1101326	t10000	Rifampicin	1	0.9919268628663769	1	0.9117959617428267	0.9727891156462585	0.966341616860648	0.9764069498579031	24.925964832305908	397.201188	4775520	0.5	0.9727891156462585
SAMEA1101333	t10000	Isoniazid	0	0.03414800711638098	0	0.9233716475095786	0.9816700610997964	0.9680781758957655	0.9786407182622965	23.744587182998657	364.606225	4615844	0.5	0.9816700610997964
SAMEA1101333	t10000	Rifampicin	0	0.0214756692234269	0	0.9181721572794899	0.9807037457434733	0.9704309531299151	0.9785004857024343	25.685933113098145	581.7570499999999	4776412	0.5	0.9807037457434733
SAMEA1101339	t10000	Isoniazid	0	0.6638376001106759	1	0.9224137931034483	0.9806517311608961	0.9674267100977199	0.9786474217855855	23.685888051986694	366.183363	4618552	0.5	0.9806517311608961
SAMEA1101339	t10000	Rifampicin	1	0.9919085865421897	1	0.9096705632306057	0.976054732041049	0.9666561811890532	0.9754589682968494	24.573848247528076	419.36451500000004	4774528	0.5	0.976054732041049
SAMEA1101371	t10000	Isoniazid	1	0.9954308804860803	1	0.9204980842911877	0.9776195320447609	0.9657980456026058	0.9768545382972456	24.332337617874146	538.884103	4616896	0.5	0.9776195320447609
SAMEA1101371	t10000	Rifampicin	1	0.9935341789815858	1	0.9086078639744952	0.9738041002277904	0.9657124882038377	0.9748063269137919	24.254517078399658	414.818958	4776224	0.5	0.9738041002277904
SAMEA1101378	t10000	Isoniazid	0	0.193646086734757	0	0.921455938697318	0.982635342185904	0.9677524429967427	0.9783004419617799	24.132649660110474	540.594341	4615440	0.5	0.982635342185904
SAMEA1101378	t10000	Rifampicin	1	0.9856581983323257	1	0.9086078639744952	0.9771428571428571	0.9666561811890532	0.9765107659464259	25.95607614517212	500.369557	4775476	0.5	0.9771428571428571
SAMEA1101386	t10000	Isoniazid	1	0.9944167467332641	1	0.9224137931034483	0.9786585365853658	0.9667752442996743	0.977716325591593	24.256481647491455	459.82595	4615040	0.5	0.9786585365853658
SAMEA1101386	t10000	Rifampicin	0	0.10165160422224993	0	0.9181721572794899	0.9784824462061155	0.9698018244731047	0.9782932046753652	27.1469988822937	475.78132600000004	4775264	0.5	0.9784824462061155
SAMEA1101387	t10000	Isoniazid	1	0.9890884855837045	1	0.9224137931034483	0.9796541200406917	0.967100977198697	0.9777997313770713	23.343515634536743	451.10670100000004	4615900	0.5	0.9796541200406917
SAMEA1101387	t10000	Rifampicin	0	0.16231544111406154	0	0.9171094580233794	0.9795686719636776	0.9698018244731047	0.9785677159925055	24.020509958267212	427.589087	4776644	0.5	0.9795686719636776
SAMEA1101389	t10000	Isoniazid	0	0.49377089748600966	0	0.9204980842911877	0.9796126401630989	0.9664495114006515	0.9785783049969813	25.033432960510254	630.9851530000001	4615852	0.5	0.9796126401630989
SAMEA1101389	t10000	Rifampicin	1	0.9913263200086596	1	0.9128586609989373	0.9772468714448237	0.9679144385026738	0.9767915737127812	25.610682725906372	620.222366	4777688	0.5	0.9772468714448237
SAMEA1101390	t10000	Isoniazid	1	0.9936595236177854	1	0.9224137931034483	0.9796541200406917	0.967100977198697	0.9777418276466807	25.56895351409912	616.4803499999999	4615980	0.5	0.9796541200406917
SAMEA1101390	t10000	Rifampicin	0	0.10394826274916127	0	0.9181721572794899	0.9784824462061155	0.9698018244731047	0.9783820769658218	28.036743640899658	794.0313030000001	4774736	0.5	0.9784824462061155
SAMEA1101391	t10000	Isoniazid	0	0.71104466408145	1	0.921455938697318	0.9816326530612245	0.9674267100977199	0.978719347344922	25.266597270965576	672.865629	4618292	0.5	0.9816326530612245
SAMEA1101391	t10000	Rifampicin	1	0.9880312019647953	1	0.9075451647183846	0.976	0.9660270525322429	0.9762839525812395	30.345290422439575	1163.0357049999998	4773668	0.5	0.976
SAMEA1101524	t10000	Ethambutol	1	0.6563716510719609	1	0.8096192384769539	0.7769230769230769	0.9243185078909613	0.8489667635842361	20.80912208557129	540.531861	3834364	0.5	0.7769230769230769
SAMEA1101524	t10000	Isoniazid	1	0.9954064565762222	1	0.9204980842911877	0.9776195320447609	0.9657980456026058	0.9770341442373475	23.4467191696167	372.12531	4615828	0.5	0.9776195320447609
SAMEA1101524	t10000	Pyrazinamide	0	0.3874802929384629	0	0.49262536873156343	0.8520408163265306	0.9019990248659191	0.8055747146410831	15.127824068069458	434.122135	2880104	0.6973717590118692	0.7523219814241486
SAMEA1101524	t10000	Rifampicin	1	0.9938356456230922	1	0.9128586609989373	0.9761363636363637	0.9675998741742686	0.9751417970397669	24.978304862976074	479.752952	4776000	0.5	0.9761363636363637
SAMEA1101529	t10000	Ethambutol	0	0.23070976682812003	0	0.8256513026052105	0.7803030303030303	0.9271879483500718	0.8451952507356084	19.494800090789795	343.612438	3837400	0.5	0.7803030303030303
SAMEA1101529	t10000	Isoniazid	1	0.9935041755359435	1	0.9195402298850575	0.9766022380467956	0.9651465798045603	0.9774204615254655	29.01451086997986	885.232211	4615684	0.5	0.9766022380467956
SAMEA1101529	t10000	Pyrazinamide	1	0.8409637847562005	1	0.5575221238938053	0.8513513513513513	0.9107752315943443	0.822681327135855	15.231177568435669	416.71395299999995	2887256	0.6617967898544564	0.7753164556962026
SAMEA1101529	t10000	Rifampicin	1	0.70172359996255	1	0.9192348565356004	0.9796149490373726	0.9704309531299151	0.9785224905774923	25.914292097091675	363.28803899999997	4777076	0.5	0.9796149490373726
SAMEA1101535	t10000	Ethambutol	0	0.8456598655822396	1	0.8056112224448898	0.7701149425287356	0.9221664275466284	0.8410015516195846	19.645524740219116	403.06855	3840752	0.5	0.7701149425287356
SAMEA1101535	t10000	Isoniazid	1	0.9954172605969182	1	0.9128352490421456	0.984504132231405	0.965472312703583	0.9728921369716297	23.251964807510376	415.585731	4618740	0.5	0.984504132231405
SAMEA1101535	t10000	Pyrazinamide	0	0.3750880430473281	0	0.44837758112094395	0.8539325842696629	0.8961482203803023	0.7990583251073782	14.2624671459198	314.658562	2887084	0.711893512291258	0.7391304347826086
SAMEA1101535	t10000	Rifampicin	1	0.9795424418857062	1	0.8002125398512221	0.9507575757575758	0.9285938974520289	0.9497249521796839	27.130210161209106	408.46529400000003	4776700	0.6837095965799506	0.917607223476298
SAMEA1101537	t10000	Ethambutol	1	0.8124621461065384	1	0.8016032064128257	0.7677543186180422	0.921090387374462	0.8388236687410462	21.34163236618042	543.064304	3834592	0.5	0.7677543186180422
SAMEA1101537	t10000	Isoniazid	1	0.9954467920042379	1	0.9147509578544061	0.977482088024565	0.963843648208469	0.9759718732554835	24.148741722106934	408.374118	4616924	0.5	0.977482088024565
SAMEA1101537	t10000	Pyrazinamide	1	0.6473850983854043	0	0.5250737463126843	0.8516746411483254	0.9063871282301317	0.7996188771984037	16.202805757522583	389.23333099999996	2890776	0.6667845055282693	0.7507692307692307
SAMEA1101537	t10000	Rifampicin	1	0.9920218760389923	1	0.9107332624867163	0.970554926387316	0.9653979238754326	0.9747505709724404	27.789010763168335	501.558899	4774564	0.5	0.970554926387316
SAMEA1101545	t10000	Ethambutol	1	0.8785708790475678	1	0.8236472945891784	0.7740112994350282	0.9253945480631277	0.8461845069726117	19.265461444854736	391.400372	3841456	0.5	0.7740112994350282
SAMEA1101545	t10000	Isoniazid	1	0.9948039542182289	1	0.9185823754789272	0.9785714285714285	0.965472312703583	0.9770423747112853	25.024534940719604	553.7859619999999	4617656	0.5	0.9785714285714285
SAMEA1101545	t10000	Pyrazinamide	1	0.9232607698994424	1	0.5073746312684366	0.8514851485148515	0.9039492930277914	0.8043403495764024	15.279911279678345	376.19409199999996	2888928	0.6706668430574674	0.7492260061919505
SAMEA1101545	t10000	Rifampicin	1	0.993707701109312	1	0.9096705632306057	0.9738339021615472	0.9660270525322429	0.9761995222570489	25.499836206436157	373.867728	4774484	0.5	0.9738339021615472
SAMEA1101554	t10000	Ethambutol	1	0.6167777546092721	1	0.8216432865731463	0.7765151515151515	0.9257532281205165	0.8417266688770099	19.766098022460938	381.042681	3845892	0.5	0.7765151515151515
SAMEA1101554	t10000	Isoniazid	1	0.9580204696126872	1	0.9224137931034483	0.9786585365853658	0.9667752442996743	0.9793976361151309	23.377597093582153	418.53171399999997	4617220	0.5	0.9786585365853658
SAMEA1101554	t10000	Pyrazinamide	0	0.41390065050604036	0	0.49262536873156343	0.8520408163265306	0.9019990248659191	0.8030641262528322	16.026551485061646	469.830398	2891148	0.6894883517059754	0.7415384615384616
SAMEA1101554	t10000	Rifampicin	1	0.9922558084520162	1	0.9149840595111584	0.9761904761904762	0.9682290028310789	0.977463564278523	30.209017753601074	943.2897730000001	4775460	0.5	0.9761904761904762
