ID_A	ID_B	LD
NC_000962-16119-A	NC_000962-63146-T	0.987878
NC_000962-16119-A	NC_000962-87468-T	0.988211
NC_000962-16119-A	NC_000962-94388-A	0.97428
NC_000962-16119-A	NC_000962-147262-T	0.987534
NC_000962-16119-A	NC_000962-190816-C	0.985467
NC_000962-16119-A	NC_000962-208590-C	0.398584
NC_000962-16119-A	NC_000962-213147-A	0.996167
NC_000962-16119-A	NC_000962-222925-A	0.996863
NC_000962-16119-A	NC_000962-267751-C	0.997211
NC_000962-16119-A	NC_000962-311889-T	0.398584
NC_000962-16119-A	NC_000962-353309-A	0.987181
NC_000962-16119-A	NC_000962-353365-A	0.988923
NC_000962-16119-A	NC_000962-363464-A	0.995123
NC_000962-16119-A	NC_000962-484005-T	0.399275
NC_000962-16119-A	NC_000962-484596-T	0.986843
NC_000962-16119-A	NC_000962-555366-T	0.219008
NC_000962-16119-A	NC_000962-694531-G	0.901207
NC_000962-16119-A	NC_000962-757139-A	0.988216
NC_000962-16119-A	NC_000962-761155-T	0.109731
NC_000962-16119-A	NC_000962-811753-T	0.987873
NC_000962-16119-A	NC_000962-861216-G	0.993382
NC_000962-16119-A	NC_000962-940602-G	0.9865
NC_000962-16119-A	NC_000962-941722-G	0.399532
NC_000962-16119-A	NC_000962-1034758-T	0.995818
NC_000962-16119-A	NC_000962-1071966-G	0.995123
NC_000962-16119-A	NC_000962-1097442-T	0.995123
NC_000962-16119-A	NC_000962-1151304-A	0.399872
NC_000962-16119-A	NC_000962-1172085-A	0.996515
NC_000962-16119-A	NC_000962-1201581-C	0.987529
NC_000962-16119-A	NC_000962-1288698-A	0.996167
NC_000962-16119-A	NC_000962-1364706-A	0.221538
NC_000962-16119-A	NC_000962-1446733-A	0.40004
NC_000962-16119-A	NC_000962-1523817-T	0.387924
NC_000962-16119-A	NC_000962-1678706-C	0.988908
NC_000962-16119-A	NC_000962-1695796-T	0.9837
NC_000962-16119-A	NC_000962-1733325-G	0.996166
NC_000962-16119-A	NC_000962-1831220-C	0.987529
NC_000962-16119-A	NC_000962-1831226-G	0.987868
NC_000962-16119-A	NC_000962-1849051-T	0.996168
NC_000962-16119-A	NC_000962-1885385-G	0.994775
NC_000962-16119-A	NC_000962-1887060-G	0.219472
NC_000962-16119-A	NC_000962-1955941-C	0.987515
NC_000962-16119-A	NC_000962-1967543-A	0.988216
NC_000962-16119-A	NC_000962-1980652-T	0.98856
NC_000962-16119-A	NC_000962-2072313-A	0.986838
NC_000962-16119-A	NC_000962-2097270-T	0.996515
NC_000962-16119-A	NC_000962-2337179-T	0.987176
NC_000962-16119-A	NC_000962-2376135-G	0.119958
NC_000962-16119-A	NC_000962-2399734-A	0.987181
NC_000962-16119-A	NC_000962-2510350-G	0.987524
NC_000962-16119-A	NC_000962-2543395-C	0.987529
NC_000962-16119-A	NC_000962-2548700-T	0.970258
NC_000962-16119-A	NC_000962-2586076-G	0.985815
NC_000962-16119-A	NC_000962-2612256-T	0.991999
NC_000962-16119-A	NC_000962-2630740-C	0.948195
NC_000962-16119-A	NC_000962-2668467-A	0.221666
NC_000962-16119-A	NC_000962-2673818-G	0.987181
NC_000962-16119-A	NC_000962-2706663-T	0.997212
NC_000962-16119-A	NC_000962-2789798-T	0.988216
NC_000962-16119-A	NC_000962-2793810-A	0.995472
NC_000962-16119-A	NC_000962-2833329-A	0.988221
NC_000962-16119-A	NC_000962-2838897-G	0.400896
NC_000962-16119-A	NC_000962-2867594-A	0.943644
NC_000962-16119-A	NC_000962-2867756-C	0.932984
NC_000962-16119-A	NC_000962-2948230-A	0.985102
NC_000962-16119-A	NC_000962-2955957-C	0.996863
NC_000962-16119-A	NC_000962-2980861-G	0.977631
NC_000962-16119-A	NC_000962-3009834-G	0.997212
NC_000962-16119-A	NC_000962-3033189-A	0.987868
NC_000962-16119-A	NC_000962-3111476-T	0.985793
NC_000962-16119-A	NC_000962-3276703-G	0.987529
NC_000962-16119-A	NC_000962-3284855-T	0.984796
NC_000962-16119-A	NC_000962-3310174-A	0.397644
NC_000962-16119-A	NC_000962-3487108-T	0.986838
NC_000962-16119-A	NC_000962-3542049-A	0.988564
NC_000962-16119-A	NC_000962-3597249-G	0.9896
NC_000962-16119-A	NC_000962-3612813-C	0.995818
NC_000962-16119-A	NC_000962-3675504-T	0.819796
NC_000962-16119-A	NC_000962-3678249-C	0.988226
NC_000962-16119-A	NC_000962-3798596-G	0.980551
NC_000962-16119-A	NC_000962-3846791-G	0.936413
NC_000962-16119-A	NC_000962-3883178-C	0.901465
NC_000962-16119-A	NC_000962-3979990-G	0.988216
NC_000962-16119-A	NC_000962-3993058-A	0.987181
NC_000962-16119-A	NC_000962-4050811-A	0.994774
NC_000962-16119-A	NC_000962-4174131-C	0.986141
NC_000962-16119-A	NC_000962-4186678-A	0.99547
NC_000962-16119-A	NC_000962-4205325-G	0.986833
NC_000962-16119-A	NC_000962-4215433-T	0.400639
NC_000962-16119-A	NC_000962-4252066-C	0.996863
NC_000962-16119-A	NC_000962-4254431-A	0.987186
NC_000962-16119-A	NC_000962-4267647-C	0.986838
NC_000962-16119-A	NC_000962-4274541-A	0.222235
NC_000962-16119-A	NC_000962-4284429-A	0.987873
NC_000962-16119-A	NC_000962-4290135-T	0.986479
NC_000962-16119-A	NC_000962-4301075-C	0.987529
NC_000962-16119-A	NC_000962-4308395-A	0.987529
NC_000962-16119-A	NC_000962-4340028-C	0.995819
NC_000962-16119-A	NC_000962-4357804-G	0.987524
NC_000962-16119-A	NC_000962-4359653-T	0.995123
NC_000962-16119-A	NC_000962-4378504-C	0.984063
NC_000962-24125-A	NC_000962-147946-T	0.917992
NC_000962-24125-A	NC_000962-479632-T	0.203233
NC_000962-24125-A	NC_000962-572468-A	0.960418
NC_000962-24125-A	NC_000962-680782-T	0.771572
NC_000962-24125-A	NC_000962-761161-C	0.277299
NC_000962-24125-A	NC_000962-1967844-A	0.923824
NC_000962-24125-A	NC_000962-2128908-T	0.201421
NC_000962-24125-A	NC_000962-2401402-T	1.0
NC_000962-24125-A	NC_000962-2486496-A	0.960418
NC_000962-24125-A	NC_000962-3272997-G	1.0
NC_000962-24125-A	NC_000962-3633957-C	0.884474
NC_000962-24125-A	NC_000962-3695970-A	0.923824
NC_000962-24125-A	NC_000962-3903530-C	0.225432
NC_000962-24125-A	NC_000962-4011950-A	0.954121
NC_000962-24125-A	NC_000962-4409995-A	0.99318
NC_000962-63146-T	NC_000962-87468-T	0.996877
NC_000962-63146-T	NC_000962-94388-A	0.965065
NC_000962-63146-T	NC_000962-147262-T	0.996185
NC_000962-63146-T	NC_000962-190816-C	0.993417
NC_000962-63146-T	NC_000962-208590-C	0.395132
NC_000962-63146-T	NC_000962-213147-A	0.988225
NC_000962-63146-T	NC_000962-222925-A	0.988916
NC_000962-63146-T	NC_000962-267751-C	0.98788
NC_000962-63146-T	NC_000962-311889-T	0.395132
NC_000962-63146-T	NC_000962-353309-A	0.995145
NC_000962-63146-T	NC_000962-353365-A	0.996186
NC_000962-63146-T	NC_000962-363464-A	0.985804
NC_000962-63146-T	NC_000962-484005-T	0.395812
NC_000962-63146-T	NC_000962-484596-T	0.9948
NC_000962-63146-T	NC_000962-555366-T	0.217109
NC_000962-63146-T	NC_000962-694531-G	0.892723
NC_000962-63146-T	NC_000962-757139-A	0.996184
NC_000962-63146-T	NC_000962-761155-T	0.110299
NC_000962-63146-T	NC_000962-811753-T	0.996531
NC_000962-63146-T	NC_000962-861216-G	0.985461
NC_000962-63146-T	NC_000962-940602-G	0.99307
NC_000962-63146-T	NC_000962-941722-G	0.395473
NC_000962-63146-T	NC_000962-1034758-T	0.98788
NC_000962-63146-T	NC_000962-1071966-G	0.985804
NC_000962-63146-T	NC_000962-1097442-T	0.987187
NC_000962-63146-T	NC_000962-1151304-A	0.396405
NC_000962-63146-T	NC_000962-1172085-A	0.987189
NC_000962-63146-T	NC_000962-1201581-C	0.996878
NC_000962-63146-T	NC_000962-1288698-A	0.987533
NC_000962-63146-T	NC_000962-1364706-A	0.219054
NC_000962-63146-T	NC_000962-1446733-A	0.396574
NC_000962-63146-T	NC_000962-1523817-T	0.384527
NC_000962-63146-T	NC_000962-1678706-C	0.997571
NC_000962-63146-T	NC_000962-1695796-T	0.993758
NC_000962-63146-T	NC_000962-1733325-G	0.986151
NC_000962-63146-T	NC_000962-1831220-C	0.996185
NC_000962-63146-T	NC_000962-1831226-G	0.996531
NC_000962-63146-T	NC_000962-1849051-T	0.987531
NC_000962-63146-T	NC_000962-1885385-G	0.986149
NC_000962-63146-T	NC_000962-1887060-G	0.217569
NC_000962-63146-T	NC_000962-1955941-C	0.995491
NC_000962-63146-T	NC_000962-1967543-A	0.996184
NC_000962-63146-T	NC_000962-1980652-T	0.996531
NC_000962-63146-T	NC_000962-2072313-A	0.994799
NC_000962-63146-T	NC_000962-2097270-T	0.986496
NC_000962-63146-T	NC_000962-2337179-T	0.995837
NC_000962-63146-T	NC_000962-2376135-G	0.118918
NC_000962-63146-T	NC_000962-2399734-A	0.995145
NC_000962-63146-T	NC_000962-2510350-G	0.996184
NC_000962-63146-T	NC_000962-2543395-C	0.996878
NC_000962-63146-T	NC_000962-2548700-T	0.978078
NC_000962-63146-T	NC_000962-2586076-G	0.991689
NC_000962-63146-T	NC_000962-2612256-T	0.981319
NC_000962-63146-T	NC_000962-2630740-C	0.943358
NC_000962-63146-T	NC_000962-2668467-A	0.219745
NC_000962-63146-T	NC_000962-2673818-G	0.995145
NC_000962-63146-T	NC_000962-2706663-T	0.987187
NC_000962-63146-T	NC_000962-2789798-T	0.995491
NC_000962-63146-T	NC_000962-2793810-A	0.986149
NC_000962-63146-T	NC_000962-2833329-A	0.996878
NC_000962-63146-T	NC_000962-2838897-G	0.397423
NC_000962-63146-T	NC_000962-2867594-A	0.951571
NC_000962-63146-T	NC_000962-2867756-C	0.93983
NC_000962-63146-T	NC_000962-2948230-A	0.993759
NC_000962-63146-T	NC_000962-2955957-C	0.987532
NC_000962-63146-T	NC_000962-2980861-G	0.969766
NC_000962-63146-T	NC_000962-3009834-G	0.98857
NC_000962-63146-T	NC_000962-3033189-A	0.995144
NC_000962-63146-T	NC_000962-3111476-T	0.993759
NC_000962-63146-T	NC_000962-3276703-G	0.995492
NC_000962-63146-T	NC_000962-3284855-T	0.992731
NC_000962-63146-T	NC_000962-3310174-A	0.394198
NC_000962-63146-T	NC_000962-3487108-T	0.995492
NC_000962-63146-T	NC_000962-3542049-A	0.995838
NC_000962-63146-T	NC_000962-3597249-G	0.997571
NC_000962-63146-T	NC_000962-3612813-C	0.986496
NC_000962-63146-T	NC_000962-3675504-T	0.813348
NC_000962-63146-T	NC_000962-3678249-C	0.9948
NC_000962-63146-T	NC_000962-3798596-G	0.970676
NC_000962-63146-T	NC_000962-3846791-G	0.929432
NC_000962-63146-T	NC_000962-3883178-C	0.892973
NC_000962-63146-T	NC_000962-3979990-G	0.996184
NC_000962-63146-T	NC_000962-3993058-A	0.995838
NC_000962-63146-T	NC_000962-4050811-A	0.985461
NC_000962-63146-T	NC_000962-4174131-C	0.993413
NC_000962-63146-T	NC_000962-4186678-A	0.987533
NC_000962-63146-T	NC_000962-4205325-G	0.994798
NC_000962-63146-T	NC_000962-4215433-T	0.397169
NC_000962-63146-T	NC_000962-4252066-C	0.987534
NC_000962-63146-T	NC_000962-4254431-A	0.996531
NC_000962-63146-T	NC_000962-4267647-C	0.994799
NC_000962-63146-T	NC_000962-4274541-A	0.22031
NC_000962-63146-T	NC_000962-4284429-A	0.996531
NC_000962-63146-T	NC_000962-4290135-T	0.994451
NC_000962-63146-T	NC_000962-4301075-C	0.996185
NC_000962-63146-T	NC_000962-4308395-A	0.996185
NC_000962-63146-T	NC_000962-4340028-C	0.987878
NC_000962-63146-T	NC_000962-4357804-G	0.994106
NC_000962-63146-T	NC_000962-4359653-T	0.987186
NC_000962-63146-T	NC_000962-4378504-C	0.99272
NC_000962-87468-T	NC_000962-94388-A	0.966082
NC_000962-87468-T	NC_000962-147262-T	0.997225
NC_000962-87468-T	NC_000962-190816-C	0.994454
NC_000962-87468-T	NC_000962-208590-C	0.395223
NC_000962-87468-T	NC_000962-213147-A	0.987866
NC_000962-87468-T	NC_000962-222925-A	0.988558
NC_000962-87468-T	NC_000962-267751-C	0.988905
NC_000962-87468-T	NC_000962-311889-T	0.395223
NC_000962-87468-T	NC_000962-353309-A	0.99757
NC_000962-87468-T	NC_000962-353365-A	0.996533
NC_000962-87468-T	NC_000962-363464-A	0.986828
NC_000962-87468-T	NC_000962-484005-T	0.396501
NC_000962-87468-T	NC_000962-484596-T	0.996531
NC_000962-87468-T	NC_000962-555366-T	0.217487
NC_000962-87468-T	NC_000962-694531-G	0.892922
NC_000962-87468-T	NC_000962-757139-A	0.997917
NC_000962-87468-T	NC_000962-761155-T	0.110888
NC_000962-87468-T	NC_000962-811753-T	0.99757
NC_000962-87468-T	NC_000962-861216-G	0.986483
NC_000962-87468-T	NC_000962-940602-G	0.994107
NC_000962-87468-T	NC_000962-941722-G	0.396162
NC_000962-87468-T	NC_000962-1034758-T	0.989598
NC_000962-87468-T	NC_000962-1071966-G	0.986828
NC_000962-87468-T	NC_000962-1097442-T	0.988212
NC_000962-87468-T	NC_000962-1151304-A	0.395907
NC_000962-87468-T	NC_000962-1172085-A	0.988906
NC_000962-87468-T	NC_000962-1201581-C	0.99653
NC_000962-87468-T	NC_000962-1288698-A	0.988558
NC_000962-87468-T	NC_000962-1364706-A	0.219435
NC_000962-87468-T	NC_000962-1446733-A	0.397264
NC_000962-87468-T	NC_000962-1523817-T	0.385202
NC_000962-87468-T	NC_000962-1678706-C	0.997223
NC_000962-87468-T	NC_000962-1695796-T	0.994793
NC_000962-87468-T	NC_000962-1733325-G	0.987174
NC_000962-87468-T	NC_000962-1831220-C	0.99653
NC_000962-87468-T	NC_000962-1831226-G	0.996876
NC_000962-87468-T	NC_000962-1849051-T	0.988557
NC_000962-87468-T	NC_000962-1885385-G	0.985099
NC_000962-87468-T	NC_000962-1887060-G	0.21682
NC_000962-87468-T	NC_000962-1955941-C	0.996528
NC_000962-87468-T	NC_000962-1967543-A	0.998611
NC_000962-87468-T	NC_000962-1980652-T	0.998264
NC_000962-87468-T	NC_000962-2072313-A	0.997224
NC_000962-87468-T	NC_000962-2097270-T	0.988905
NC_000962-87468-T	NC_000962-2337179-T	0.998264
NC_000962-87468-T	NC_000962-2376135-G	0.119125
NC_000962-87468-T	NC_000962-2399734-A	0.996876
NC_000962-87468-T	NC_000962-2510350-G	0.998611
NC_000962-87468-T	NC_000962-2543395-C	0.997917
NC_000962-87468-T	NC_000962-2548700-T	0.97911
NC_000962-87468-T	NC_000962-2586076-G	0.993417
NC_000962-87468-T	NC_000962-2612256-T	0.98372
NC_000962-87468-T	NC_000962-2630740-C	0.94432
NC_000962-87468-T	NC_000962-2668467-A	0.218997
NC_000962-87468-T	NC_000962-2673818-G	0.996183
NC_000962-87468-T	NC_000962-2706663-T	0.988212
NC_000962-87468-T	NC_000962-2789798-T	0.998611
NC_000962-87468-T	NC_000962-2793810-A	0.988557
NC_000962-87468-T	NC_000962-2833329-A	0.997917
NC_000962-87468-T	NC_000962-2838897-G	0.397519
NC_000962-87468-T	NC_000962-2867594-A	0.953242
NC_000962-87468-T	NC_000962-2867756-C	0.941511
NC_000962-87468-T	NC_000962-2948230-A	0.994795
NC_000962-87468-T	NC_000962-2955957-C	0.988558
NC_000962-87468-T	NC_000962-2980861-G	0.970784
NC_000962-87468-T	NC_000962-3009834-G	0.989597
NC_000962-87468-T	NC_000962-3033189-A	0.997569
NC_000962-87468-T	NC_000962-3111476-T	0.995488
NC_000962-87468-T	NC_000962-3276703-G	0.997224
NC_000962-87468-T	NC_000962-3284855-T	0.993769
NC_000962-87468-T	NC_000962-3310174-A	0.394289
NC_000962-87468-T	NC_000962-3487108-T	0.997917
NC_000962-87468-T	NC_000962-3542049-A	0.996876
NC_000962-87468-T	NC_000962-3597249-G	0.997917
NC_000962-87468-T	NC_000962-3612813-C	0.98752
NC_000962-87468-T	NC_000962-3675504-T	0.8141
NC_000962-87468-T	NC_000962-3678249-C	0.996531
NC_000962-87468-T	NC_000962-3798596-G	0.972365
NC_000962-87468-T	NC_000962-3846791-G	0.929092
NC_000962-87468-T	NC_000962-3883178-C	0.893851
NC_000962-87468-T	NC_000962-3979990-G	0.996529
NC_000962-87468-T	NC_000962-3993058-A	0.996183
NC_000962-87468-T	NC_000962-4050811-A	0.987867
NC_000962-87468-T	NC_000962-4174131-C	0.995142
NC_000962-87468-T	NC_000962-4186678-A	0.987866
NC_000962-87468-T	NC_000962-4205325-G	0.997223
NC_000962-87468-T	NC_000962-4215433-T	0.397859
NC_000962-87468-T	NC_000962-4252066-C	0.988559
NC_000962-87468-T	NC_000962-4254431-A	0.996877
NC_000962-87468-T	NC_000962-4267647-C	0.997224
NC_000962-87468-T	NC_000962-4274541-A	0.220127
NC_000962-87468-T	NC_000962-4284429-A	0.998264
NC_000962-87468-T	NC_000962-4290135-T	0.995488
NC_000962-87468-T	NC_000962-4301075-C	0.997224
NC_000962-87468-T	NC_000962-4308395-A	0.997224
NC_000962-87468-T	NC_000962-4340028-C	0.988211
NC_000962-87468-T	NC_000962-4357804-G	0.995142
NC_000962-87468-T	NC_000962-4359653-T	0.986828
NC_000962-87468-T	NC_000962-4378504-C	0.993063
NC_000962-94388-A	NC_000962-147262-T	0.964726
NC_000962-94388-A	NC_000962-190816-C	0.964049
NC_000962-94388-A	NC_000962-208590-C	0.389383
NC_000962-94388-A	NC_000962-213147-A	0.973942
NC_000962-94388-A	NC_000962-222925-A	0.974624
NC_000962-94388-A	NC_000962-267751-C	0.974286
NC_000962-94388-A	NC_000962-311889-T	0.389383
NC_000962-94388-A	NC_000962-353309-A	0.966424
NC_000962-94388-A	NC_000962-353365-A	0.966768
NC_000962-94388-A	NC_000962-363464-A	0.973598
NC_000962-94388-A	NC_000962-484005-T	0.390635
NC_000962-94388-A	NC_000962-484596-T	0.964726
NC_000962-94388-A	NC_000962-555366-T	0.21427
NC_000962-94388-A	NC_000962-694531-G	0.88039
NC_000962-94388-A	NC_000962-757139-A	0.965403
NC_000962-94388-A	NC_000962-761155-T	0.113266
NC_000962-94388-A	NC_000962-811753-T	0.964384
NC_000962-94388-A	NC_000962-861216-G	0.971211
NC_000962-94388-A	NC_000962-940602-G	0.963708
NC_000962-94388-A	NC_000962-941722-G	0.390299
NC_000962-94388-A	NC_000962-1034758-T	0.974286
NC_000962-94388-A	NC_000962-1071966-G	0.972911
NC_000962-94388-A	NC_000962-1097442-T	0.974283
NC_000962-94388-A	NC_000962-1151304-A	0.390048
NC_000962-94388-A	NC_000962-1172085-A	0.974974
NC_000962-94388-A	NC_000962-1201581-C	0.966084
NC_000962-94388-A	NC_000962-1288698-A	0.974627
NC_000962-94388-A	NC_000962-1364706-A	0.216191
NC_000962-94388-A	NC_000962-1446733-A	0.391393
NC_000962-94388-A	NC_000962-1523817-T	0.379448
NC_000962-94388-A	NC_000962-1678706-C	0.966763
NC_000962-94388-A	NC_000962-1695796-T	0.962338
NC_000962-94388-A	NC_000962-1733325-G	0.973945
NC_000962-94388-A	NC_000962-1831220-C	0.965404
NC_000962-94388-A	NC_000962-1831226-G	0.966422
NC_000962-94388-A	NC_000962-1849051-T	0.973936
NC_000962-94388-A	NC_000962-1885385-G	0.971887
NC_000962-94388-A	NC_000962-1887060-G	0.214166
NC_000962-94388-A	NC_000962-1955941-C	0.96472
NC_000962-94388-A	NC_000962-1967543-A	0.966763
NC_000962-94388-A	NC_000962-1980652-T	0.965742
NC_000962-94388-A	NC_000962-2072313-A	0.965404
NC_000962-94388-A	NC_000962-2097270-T	0.974286
NC_000962-94388-A	NC_000962-2337179-T	0.965062
NC_000962-94388-A	NC_000962-2376135-G	0.116822
NC_000962-94388-A	NC_000962-2399734-A	0.966424
NC_000962-94388-A	NC_000962-2510350-G	0.966083
NC_000962-94388-A	NC_000962-2543395-C	0.964045
NC_000962-94388-A	NC_000962-2548700-T	0.947668
NC_000962-94388-A	NC_000962-2586076-G	0.962353
NC_000962-94388-A	NC_000962-2612256-T	0.969149
NC_000962-94388-A	NC_000962-2630740-C	0.926948
NC_000962-94388-A	NC_000962-2668467-A	0.215756
NC_000962-94388-A	NC_000962-2673818-G	0.965743
NC_000962-94388-A	NC_000962-2706663-T	0.973598
NC_000962-94388-A	NC_000962-2789798-T	0.966083
NC_000962-94388-A	NC_000962-2793810-A	0.973936
NC_000962-94388-A	NC_000962-2833329-A	0.964724
NC_000962-94388-A	NC_000962-2838897-G	0.391644
NC_000962-94388-A	NC_000962-2867594-A	0.922297
NC_000962-94388-A	NC_000962-2867756-C	0.911506
NC_000962-94388-A	NC_000962-2948230-A	0.963023
NC_000962-94388-A	NC_000962-2955957-C	0.973939
NC_000962-94388-A	NC_000962-2980861-G	0.957657
NC_000962-94388-A	NC_000962-3009834-G	0.973598
NC_000962-94388-A	NC_000962-3033189-A	0.966422
NC_000962-94388-A	NC_000962-3111476-T	0.963023
NC_000962-94388-A	NC_000962-3276703-G	0.965404
NC_000962-94388-A	NC_000962-3284855-T	0.962022
NC_000962-94388-A	NC_000962-3310174-A	0.388458
NC_000962-94388-A	NC_000962-3487108-T	0.964724
NC_000962-94388-A	NC_000962-3542049-A	0.966424
NC_000962-94388-A	NC_000962-3597249-G	0.966083
NC_000962-94388-A	NC_000962-3612813-C	0.973601
NC_000962-94388-A	NC_000962-3675504-T	0.800089
NC_000962-94388-A	NC_000962-3678249-C	0.966086
NC_000962-94388-A	NC_000962-3798596-G	0.957988
NC_000962-94388-A	NC_000962-3846791-G	0.915681
NC_000962-94388-A	NC_000962-3883178-C	0.881295
NC_000962-94388-A	NC_000962-3979990-G	0.966083
NC_000962-94388-A	NC_000962-3993058-A	0.965063
NC_000962-94388-A	NC_000962-4050811-A	0.973264
NC_000962-94388-A	NC_000962-4174131-C	0.962684
NC_000962-94388-A	NC_000962-4186678-A	0.973942
NC_000962-94388-A	NC_000962-4205325-G	0.964043
NC_000962-94388-A	NC_000962-4215433-T	0.391981
NC_000962-94388-A	NC_000962-4252066-C	0.973261
NC_000962-94388-A	NC_000962-4254431-A	0.965745
NC_000962-94388-A	NC_000962-4267647-C	0.964724
NC_000962-94388-A	NC_000962-4274541-A	0.216873
NC_000962-94388-A	NC_000962-4284429-A	0.965063
NC_000962-94388-A	NC_000962-4290135-T	0.965061
NC_000962-94388-A	NC_000962-4301075-C	0.965404
NC_000962-94388-A	NC_000962-4308395-A	0.966765
NC_000962-94388-A	NC_000962-4340028-C	0.973596
NC_000962-94388-A	NC_000962-4357804-G	0.964043
NC_000962-94388-A	NC_000962-4359653-T	0.972911
NC_000962-94388-A	NC_000962-4378504-C	0.961325
NC_000962-147262-T	NC_000962-190816-C	0.993763
NC_000962-147262-T	NC_000962-208590-C	0.3944
NC_000962-147262-T	NC_000962-213147-A	0.98719
NC_000962-147262-T	NC_000962-222925-A	0.987881
NC_000962-147262-T	NC_000962-267751-C	0.987537
NC_000962-147262-T	NC_000962-311889-T	0.394994
NC_000962-147262-T	NC_000962-353309-A	0.996185
NC_000962-147262-T	NC_000962-353365-A	0.99584
NC_000962-147262-T	NC_000962-363464-A	0.986844
NC_000962-147262-T	NC_000962-484005-T	0.395674
NC_000962-147262-T	NC_000962-484596-T	0.995147
NC_000962-147262-T	NC_000962-555366-T	0.217034
NC_000962-147262-T	NC_000962-694531-G	0.891738
NC_000962-147262-T	NC_000962-757139-A	0.996531
NC_000962-147262-T	NC_000962-761155-T	0.110985
NC_000962-147262-T	NC_000962-811753-T	0.996185
NC_000962-147262-T	NC_000962-861216-G	0.986501
NC_000962-147262-T	NC_000962-940602-G	0.993417
NC_000962-147262-T	NC_000962-941722-G	0.395929
NC_000962-147262-T	NC_000962-1034758-T	0.987537
NC_000962-147262-T	NC_000962-1071966-G	0.986152
NC_000962-147262-T	NC_000962-1097442-T	0.986153
NC_000962-147262-T	NC_000962-1151304-A	0.395674
NC_000962-147262-T	NC_000962-1172085-A	0.987538
NC_000962-147262-T	NC_000962-1201581-C	0.995839
NC_000962-147262-T	NC_000962-1288698-A	0.987882
NC_000962-147262-T	NC_000962-1364706-A	0.219543
NC_000962-147262-T	NC_000962-1446733-A	0.396436
NC_000962-147262-T	NC_000962-1523817-T	0.384392
NC_000962-147262-T	NC_000962-1678706-C	0.996531
NC_000962-147262-T	NC_000962-1695796-T	0.992721
NC_000962-147262-T	NC_000962-1733325-G	0.985809
NC_000962-147262-T	NC_000962-1831220-C	0.996532
NC_000962-147262-T	NC_000962-1831226-G	0.996878
NC_000962-147262-T	NC_000962-1849051-T	0.987188
NC_000962-147262-T	NC_000962-1885385-G	0.985807
NC_000962-147262-T	NC_000962-1887060-G	0.217494
NC_000962-147262-T	NC_000962-1955941-C	0.994452
NC_000962-147262-T	NC_000962-1967543-A	0.996531
NC_000962-147262-T	NC_000962-1980652-T	0.996878
NC_000962-147262-T	NC_000962-2072313-A	0.995839
NC_000962-147262-T	NC_000962-2097270-T	0.988228
NC_000962-147262-T	NC_000962-2337179-T	0.995492
NC_000962-147262-T	NC_000962-2376135-G	0.119425
NC_000962-147262-T	NC_000962-2399734-A	0.996185
NC_000962-147262-T	NC_000962-2510350-G	0.996531
NC_000962-147262-T	NC_000962-2543395-C	0.996532
NC_000962-147262-T	NC_000962-2548700-T	0.978419
NC_000962-147262-T	NC_000962-2586076-G	0.992035
NC_000962-147262-T	NC_000962-2612256-T	0.981667
NC_000962-147262-T	NC_000962-2630740-C	0.94303
NC_000962-147262-T	NC_000962-2668467-A	0.219669
NC_000962-147262-T	NC_000962-2673818-G	0.995492
NC_000962-147262-T	NC_000962-2706663-T	0.986844
NC_000962-147262-T	NC_000962-2789798-T	0.995838
NC_000962-147262-T	NC_000962-2793810-A	0.987188
NC_000962-147262-T	NC_000962-2833329-A	0.996532
NC_000962-147262-T	NC_000962-2838897-G	0.397285
NC_000962-147262-T	NC_000962-2867594-A	0.951238
NC_000962-147262-T	NC_000962-2867756-C	0.939494
NC_000962-147262-T	NC_000962-2948230-A	0.994106
NC_000962-147262-T	NC_000962-2955957-C	0.988573
NC_000962-147262-T	NC_000962-2980861-G	0.969426
NC_000962-147262-T	NC_000962-3009834-G	0.988919
NC_000962-147262-T	NC_000962-3033189-A	0.994799
NC_000962-147262-T	NC_000962-3111476-T	0.994106
NC_000962-147262-T	NC_000962-3276703-G	0.995839
NC_000962-147262-T	NC_000962-3284855-T	0.993077
NC_000962-147262-T	NC_000962-3310174-A	0.394061
NC_000962-147262-T	NC_000962-3487108-T	0.995146
NC_000962-147262-T	NC_000962-3542049-A	0.994799
NC_000962-147262-T	NC_000962-3597249-G	0.996531
NC_000962-147262-T	NC_000962-3612813-C	0.986154
NC_000962-147262-T	NC_000962-3675504-T	0.812403
NC_000962-147262-T	NC_000962-3678249-C	0.995839
NC_000962-147262-T	NC_000962-3798596-G	0.970339
NC_000962-147262-T	NC_000962-3846791-G	0.927773
NC_000962-147262-T	NC_000962-3883178-C	0.893338
NC_000962-147262-T	NC_000962-3979990-G	0.996531
NC_000962-147262-T	NC_000962-3993058-A	0.994799
NC_000962-147262-T	NC_000962-4050811-A	0.98581
NC_000962-147262-T	NC_000962-4174131-C	0.99376
NC_000962-147262-T	NC_000962-4186678-A	0.98719
NC_000962-147262-T	NC_000962-4205325-G	0.994453
NC_000962-147262-T	NC_000962-4215433-T	0.397031
NC_000962-147262-T	NC_000962-4252066-C	0.987883
NC_000962-147262-T	NC_000962-4254431-A	0.996185
NC_000962-147262-T	NC_000962-4267647-C	0.995839
NC_000962-147262-T	NC_000962-4274541-A	0.220234
NC_000962-147262-T	NC_000962-4284429-A	0.996185
NC_000962-147262-T	NC_000962-4290135-T	0.994106
NC_000962-147262-T	NC_000962-4301075-C	0.997225
NC_000962-147262-T	NC_000962-4308395-A	0.997225
NC_000962-147262-T	NC_000962-4340028-C	0.986843
NC_000962-147262-T	NC_000962-4357804-G	0.995145
NC_000962-147262-T	NC_000962-4359653-T	0.986152
NC_000962-147262-T	NC_000962-4378504-C	0.991684
NC_000962-147946-T	NC_000962-479632-T	0.209962
NC_000962-147946-T	NC_000962-572468-A	0.955825
NC_000962-147946-T	NC_000962-680782-T	0.798504
NC_000962-147946-T	NC_000962-761161-C	0.254057
NC_000962-147946-T	NC_000962-1967844-A	0.956169
NC_000962-147946-T	NC_000962-2128908-T	0.208086
NC_000962-147946-T	NC_000962-2401402-T	0.917992
NC_000962-147946-T	NC_000962-2486496-A	0.955825
NC_000962-147946-T	NC_000962-3272997-G	0.917992
NC_000962-147946-T	NC_000962-3633957-C	0.91542
NC_000962-147946-T	NC_000962-3695970-A	0.956169
NC_000962-147946-T	NC_000962-3903530-C	0.23295
NC_000962-147946-T	NC_000962-4011950-A	0.949552
NC_000962-147946-T	NC_000962-4409995-A	0.911721
NC_000962-190816-C	NC_000962-208590-C	0.393533
NC_000962-190816-C	NC_000962-213147-A	0.985814
NC_000962-190816-C	NC_000962-222925-A	0.986504
NC_000962-190816-C	NC_000962-267751-C	0.98616
NC_000962-190816-C	NC_000962-311889-T	0.394127
NC_000962-190816-C	NC_000962-353309-A	0.995493
NC_000962-190816-C	NC_000962-353365-A	0.995148
NC_000962-190816-C	NC_000962-363464-A	0.986159
NC_000962-190816-C	NC_000962-484005-T	0.395399
NC_000962-190816-C	NC_000962-484596-T	0.993763
NC_000962-190816-C	NC_000962-555366-T	0.216883
NC_000962-190816-C	NC_000962-694531-G	0.890443
NC_000962-190816-C	NC_000962-757139-A	0.995147
NC_000962-190816-C	NC_000962-761155-T	0.110849
NC_000962-190816-C	NC_000962-811753-T	0.994801
NC_000962-190816-C	NC_000962-861216-G	0.983054
NC_000962-190816-C	NC_000962-940602-G	0.99411
NC_000962-190816-C	NC_000962-941722-G	0.394469
NC_000962-190816-C	NC_000962-1034758-T	0.986851
NC_000962-190816-C	NC_000962-1071966-G	0.984086
NC_000962-190816-C	NC_000962-1097442-T	0.984777
NC_000962-190816-C	NC_000962-1151304-A	0.394807
NC_000962-190816-C	NC_000962-1172085-A	0.986853
NC_000962-190816-C	NC_000962-1201581-C	0.994455
NC_000962-190816-C	NC_000962-1288698-A	0.987196
NC_000962-190816-C	NC_000962-1364706-A	0.218262
NC_000962-190816-C	NC_000962-1446733-A	0.395568
NC_000962-190816-C	NC_000962-1523817-T	0.384122
NC_000962-190816-C	NC_000962-1678706-C	0.995147
NC_000962-190816-C	NC_000962-1695796-T	0.99134
NC_000962-190816-C	NC_000962-1733325-G	0.985815
NC_000962-190816-C	NC_000962-1831220-C	0.995147
NC_000962-190816-C	NC_000962-1831226-G	0.995493
NC_000962-190816-C	NC_000962-1849051-T	0.985812
NC_000962-190816-C	NC_000962-1885385-G	0.983741
NC_000962-190816-C	NC_000962-1887060-G	0.216779
NC_000962-190816-C	NC_000962-1955941-C	0.994454
NC_000962-190816-C	NC_000962-1967543-A	0.99584
NC_000962-190816-C	NC_000962-1980652-T	0.9948
NC_000962-190816-C	NC_000962-2072313-A	0.995147
NC_000962-190816-C	NC_000962-2097270-T	0.985469
NC_000962-190816-C	NC_000962-2337179-T	0.992724
NC_000962-190816-C	NC_000962-2376135-G	0.118794
NC_000962-190816-C	NC_000962-2399734-A	0.994801
NC_000962-190816-C	NC_000962-2510350-G	0.995147
NC_000962-190816-C	NC_000962-2543395-C	0.994455
NC_000962-190816-C	NC_000962-2548700-T	0.977051
NC_000962-190816-C	NC_000962-2586076-G	0.990655
NC_000962-190816-C	NC_000962-2612256-T	0.981673
NC_000962-190816-C	NC_000962-2630740-C	0.940329
NC_000962-190816-C	NC_000962-2668467-A	0.219516
NC_000962-190816-C	NC_000962-2673818-G	0.996186
NC_000962-190816-C	NC_000962-2706663-T	0.98685
NC_000962-190816-C	NC_000962-2789798-T	0.995147
NC_000962-190816-C	NC_000962-2793810-A	0.986503
NC_000962-190816-C	NC_000962-2833329-A	0.994455
NC_000962-190816-C	NC_000962-2838897-G	0.395822
NC_000962-190816-C	NC_000962-2867594-A	0.950571
NC_000962-190816-C	NC_000962-2867756-C	0.938823
NC_000962-190816-C	NC_000962-2948230-A	0.992032
NC_000962-190816-C	NC_000962-2955957-C	0.985813
NC_000962-190816-C	NC_000962-2980861-G	0.966703
NC_000962-190816-C	NC_000962-3009834-G	0.986159
NC_000962-190816-C	NC_000962-3033189-A	0.994108
NC_000962-190816-C	NC_000962-3111476-T	0.992724
NC_000962-190816-C	NC_000962-3276703-G	0.996533
NC_000962-190816-C	NC_000962-3284855-T	0.992387
NC_000962-190816-C	NC_000962-3310174-A	0.393787
NC_000962-190816-C	NC_000962-3487108-T	0.993763
NC_000962-190816-C	NC_000962-3542049-A	0.994801
NC_000962-190816-C	NC_000962-3597249-G	0.994454
NC_000962-190816-C	NC_000962-3612813-C	0.984088
NC_000962-190816-C	NC_000962-3675504-T	0.811177
NC_000962-190816-C	NC_000962-3678249-C	0.994455
NC_000962-190816-C	NC_000962-3798596-G	0.969665
NC_000962-190816-C	NC_000962-3846791-G	0.925787
NC_000962-190816-C	NC_000962-3883178-C	0.890693
NC_000962-190816-C	NC_000962-3979990-G	0.993762
NC_000962-190816-C	NC_000962-3993058-A	0.996186
NC_000962-190816-C	NC_000962-4050811-A	0.985816
NC_000962-190816-C	NC_000962-4174131-C	0.992378
NC_000962-190816-C	NC_000962-4186678-A	0.985814
NC_000962-190816-C	NC_000962-4205325-G	0.993762
NC_000962-190816-C	NC_000962-4215433-T	0.396161
NC_000962-190816-C	NC_000962-4252066-C	0.986506
NC_000962-190816-C	NC_000962-4254431-A	0.994109
NC_000962-190816-C	NC_000962-4267647-C	0.993763
NC_000962-190816-C	NC_000962-4274541-A	0.219516
NC_000962-190816-C	NC_000962-4284429-A	0.994801
NC_000962-190816-C	NC_000962-4290135-T	0.994108
NC_000962-190816-C	NC_000962-4301075-C	0.995147
NC_000962-190816-C	NC_000962-4308395-A	0.995147
NC_000962-190816-C	NC_000962-4340028-C	0.986158
NC_000962-190816-C	NC_000962-4357804-G	0.993762
NC_000962-190816-C	NC_000962-4359653-T	0.984776
NC_000962-190816-C	NC_000962-4378504-C	0.990303
NC_000962-208590-C	NC_000962-213147-A	0.398402
NC_000962-208590-C	NC_000962-222925-A	0.398723
NC_000962-208590-C	NC_000962-267751-C	0.398541
NC_000962-208590-C	NC_000962-311889-T	0.997425
NC_000962-208590-C	NC_000962-353309-A	0.394811
NC_000962-208590-C	NC_000962-353365-A	0.394127
NC_000962-208590-C	NC_000962-363464-A	0.398263
NC_000962-208590-C	NC_000962-484005-T	0.98849
NC_000962-208590-C	NC_000962-484596-T	0.3944
NC_000962-208590-C	NC_000962-555366-T	0.549871
NC_000962-208590-C	NC_000962-694531-G	0.441296
NC_000962-208590-C	NC_000962-757139-A	0.394949
NC_000962-208590-C	NC_000962-761155-T	0.168517
NC_000962-208590-C	NC_000962-811753-T	0.394811
NC_000962-208590-C	NC_000962-861216-G	0.398959
NC_000962-208590-C	NC_000962-940602-G	0.39367
NC_000962-208590-C	NC_000962-941722-G	0.989134
NC_000962-208590-C	NC_000962-1034758-T	0.398541
NC_000962-208590-C	NC_000962-1071966-G	0.397986
NC_000962-208590-C	NC_000962-1097442-T	0.398263
NC_000962-208590-C	NC_000962-1151304-A	0.991045
NC_000962-208590-C	NC_000962-1172085-A	0.39882
NC_000962-208590-C	NC_000962-1201581-C	0.395269
NC_000962-208590-C	NC_000962-1288698-A	0.398402
NC_000962-208590-C	NC_000962-1364706-A	0.553365
NC_000962-208590-C	NC_000962-1446733-A	0.992308
NC_000962-208590-C	NC_000962-1523817-T	0.979739
NC_000962-208590-C	NC_000962-1678706-C	0.395543
NC_000962-208590-C	NC_000962-1695796-T	0.396187
NC_000962-208590-C	NC_000962-1733325-G	0.398082
NC_000962-208590-C	NC_000962-1831220-C	0.394674
NC_000962-208590-C	NC_000962-1831226-G	0.395086
NC_000962-208590-C	NC_000962-1849051-T	0.397847
NC_000962-208590-C	NC_000962-1885385-G	0.396929
NC_000962-208590-C	NC_000962-1887060-G	0.548593
NC_000962-208590-C	NC_000962-1955941-C	0.394903
NC_000962-208590-C	NC_000962-1967543-A	0.394949
NC_000962-208590-C	NC_000962-1980652-T	0.395086
NC_000962-208590-C	NC_000962-2072313-A	0.394674
NC_000962-208590-C	NC_000962-2097270-T	0.398541
NC_000962-208590-C	NC_000962-2155168-G	0.111932
NC_000962-208590-C	NC_000962-2337179-T	0.395086
NC_000962-208590-C	NC_000962-2399734-A	0.394217
NC_000962-208590-C	NC_000962-2510350-G	0.394949
NC_000962-208590-C	NC_000962-2543395-C	0.394674
NC_000962-208590-C	NC_000962-2548700-T	0.387776
NC_000962-208590-C	NC_000962-2586076-G	0.39399
NC_000962-208590-C	NC_000962-2612256-T	0.396695
NC_000962-208590-C	NC_000962-2630740-C	0.397923
NC_000962-208590-C	NC_000962-2668467-A	0.553891
NC_000962-208590-C	NC_000962-2673818-G	0.394217
NC_000962-208590-C	NC_000962-2706663-T	0.398263
NC_000962-208590-C	NC_000962-2789798-T	0.394949
NC_000962-208590-C	NC_000962-2793810-A	0.397847
NC_000962-208590-C	NC_000962-2833329-A	0.394674
NC_000962-208590-C	NC_000962-2838897-G	0.992952
NC_000962-208590-C	NC_000962-2867594-A	0.385574
NC_000962-208590-C	NC_000962-2867756-C	0.372624
NC_000962-208590-C	NC_000962-2948230-A	0.393898
NC_000962-208590-C	NC_000962-2955957-C	0.398124
NC_000962-208590-C	NC_000962-2980861-G	0.39127
NC_000962-208590-C	NC_000962-3009834-G	0.398263
NC_000962-208590-C	NC_000962-3033189-A	0.394492
NC_000962-208590-C	NC_000962-3111476-T	0.394492
NC_000962-208590-C	NC_000962-3276703-G	0.394674
NC_000962-208590-C	NC_000962-3284855-T	0.393307
NC_000962-208590-C	NC_000962-3310174-A	0.996783
NC_000962-208590-C	NC_000962-3487108-T	0.394674
NC_000962-208590-C	NC_000962-3542049-A	0.394811
NC_000962-208590-C	NC_000962-3597249-G	0.395543
NC_000962-208590-C	NC_000962-3612813-C	0.397943
NC_000962-208590-C	NC_000962-3675504-T	0.482356
NC_000962-208590-C	NC_000962-3678249-C	0.3944
NC_000962-208590-C	NC_000962-3798596-G	0.405022
NC_000962-208590-C	NC_000962-3846791-G	0.378716
NC_000962-208590-C	NC_000962-3883178-C	0.438864
NC_000962-208590-C	NC_000962-3979990-G	0.394949
NC_000962-208590-C	NC_000962-3993058-A	0.394811
NC_000962-208590-C	NC_000962-4050811-A	0.397762
NC_000962-208590-C	NC_000962-4174131-C	0.394354
NC_000962-208590-C	NC_000962-4186678-A	0.398402
NC_000962-208590-C	NC_000962-4205325-G	0.394949
NC_000962-208590-C	NC_000962-4215433-T	0.993589
NC_000962-208590-C	NC_000962-4252066-C	0.398082
NC_000962-208590-C	NC_000962-4254431-A	0.394537
NC_000962-208590-C	NC_000962-4267647-C	0.394674
NC_000962-208590-C	NC_000962-4274541-A	0.556337
NC_000962-208590-C	NC_000962-4284429-A	0.394811
NC_000962-208590-C	NC_000962-4290135-T	0.394766
NC_000962-208590-C	NC_000962-4301075-C	0.394674
NC_000962-208590-C	NC_000962-4308395-A	0.394674
NC_000962-208590-C	NC_000962-4340028-C	0.397986
NC_000962-208590-C	NC_000962-4357804-G	0.394949
NC_000962-208590-C	NC_000962-4359653-T	0.398584
NC_000962-208590-C	NC_000962-4378504-C	0.395223
NC_000962-213147-A	NC_000962-222925-A	0.995818
NC_000962-213147-A	NC_000962-267751-C	0.996862
NC_000962-213147-A	NC_000962-311889-T	0.399001
NC_000962-213147-A	NC_000962-353309-A	0.986836
NC_000962-213147-A	NC_000962-353365-A	0.987196
NC_000962-213147-A	NC_000962-363464-A	0.995469
NC_000962-213147-A	NC_000962-484005-T	0.399693
NC_000962-213147-A	NC_000962-484596-T	0.986499
NC_000962-213147-A	NC_000962-555366-T	0.219238
NC_000962-213147-A	NC_000962-694531-G	0.901469
NC_000962-213147-A	NC_000962-757139-A	0.988563
NC_000962-213147-A	NC_000962-761155-T	0.110185
NC_000962-213147-A	NC_000962-811753-T	0.98822
NC_000962-213147-A	NC_000962-861216-G	0.993727
NC_000962-213147-A	NC_000962-940602-G	0.985465
NC_000962-213147-A	NC_000962-941722-G	0.399353
NC_000962-213147-A	NC_000962-1034758-T	0.996862
NC_000962-213147-A	NC_000962-1071966-G	0.994079
NC_000962-213147-A	NC_000962-1097442-T	0.996166
NC_000962-213147-A	NC_000962-1151304-A	0.399693
NC_000962-213147-A	NC_000962-1172085-A	0.996165
NC_000962-213147-A	NC_000962-1201581-C	0.987184
NC_000962-213147-A	NC_000962-1288698-A	0.996514
NC_000962-213147-A	NC_000962-1364706-A	0.221201
NC_000962-213147-A	NC_000962-1446733-A	0.400459
NC_000962-213147-A	NC_000962-1523817-T	0.388334
NC_000962-213147-A	NC_000962-1678706-C	0.988563
NC_000962-213147-A	NC_000962-1695796-T	0.984044
NC_000962-213147-A	NC_000962-1733325-G	0.99512
NC_000962-213147-A	NC_000962-1831220-C	0.987876
NC_000962-213147-A	NC_000962-1831226-G	0.988907
NC_000962-213147-A	NC_000962-1849051-T	0.995123
NC_000962-213147-A	NC_000962-1885385-G	0.99373
NC_000962-213147-A	NC_000962-1887060-G	0.219702
NC_000962-213147-A	NC_000962-1955941-C	0.987169
NC_000962-213147-A	NC_000962-1967543-A	0.987871
NC_000962-213147-A	NC_000962-1980652-T	0.988214
NC_000962-213147-A	NC_000962-2072313-A	0.986493
NC_000962-213147-A	NC_000962-2097270-T	0.995469
NC_000962-213147-A	NC_000962-2337179-T	0.986139
NC_000962-213147-A	NC_000962-2376135-G	0.119533
NC_000962-213147-A	NC_000962-2399734-A	0.986836
NC_000962-213147-A	NC_000962-2510350-G	0.987179
NC_000962-213147-A	NC_000962-2543395-C	0.987876
NC_000962-213147-A	NC_000962-2548700-T	0.969922
NC_000962-213147-A	NC_000962-2586076-G	0.984781
NC_000962-213147-A	NC_000962-2612256-T	0.991651
NC_000962-213147-A	NC_000962-2630740-C	0.948506
NC_000962-213147-A	NC_000962-2668467-A	0.221898
NC_000962-213147-A	NC_000962-2673818-G	0.98822
NC_000962-213147-A	NC_000962-2706663-T	0.996862
NC_000962-213147-A	NC_000962-2789798-T	0.987871
NC_000962-213147-A	NC_000962-2793810-A	0.995123
NC_000962-213147-A	NC_000962-2833329-A	0.988568
NC_000962-213147-A	NC_000962-2838897-G	0.401315
NC_000962-213147-A	NC_000962-2867594-A	0.943968
NC_000962-213147-A	NC_000962-2867756-C	0.932667
NC_000962-213147-A	NC_000962-2948230-A	0.984756
NC_000962-213147-A	NC_000962-2955957-C	0.996514
NC_000962-213147-A	NC_000962-2980861-G	0.977977
NC_000962-213147-A	NC_000962-3009834-G	0.996862
NC_000962-213147-A	NC_000962-3033189-A	0.98683
NC_000962-213147-A	NC_000962-3111476-T	0.984756
NC_000962-213147-A	NC_000962-3276703-G	0.987184
NC_000962-213147-A	NC_000962-3284855-T	0.984453
NC_000962-213147-A	NC_000962-3310174-A	0.398061
NC_000962-213147-A	NC_000962-3487108-T	0.987184
NC_000962-213147-A	NC_000962-3542049-A	0.987528
NC_000962-213147-A	NC_000962-3597249-G	0.987871
NC_000962-213147-A	NC_000962-3612813-C	0.994772
NC_000962-213147-A	NC_000962-3675504-T	0.819323
NC_000962-213147-A	NC_000962-3678249-C	0.987882
NC_000962-213147-A	NC_000962-3798596-G	0.98019
NC_000962-213147-A	NC_000962-3846791-G	0.936749
NC_000962-213147-A	NC_000962-3883178-C	0.900368
NC_000962-213147-A	NC_000962-3979990-G	0.987871
NC_000962-213147-A	NC_000962-3993058-A	0.98822
NC_000962-213147-A	NC_000962-4050811-A	0.994423
NC_000962-213147-A	NC_000962-4174131-C	0.985105
NC_000962-213147-A	NC_000962-4186678-A	0.996514
NC_000962-213147-A	NC_000962-4205325-G	0.986487
NC_000962-213147-A	NC_000962-4215433-T	0.401058
NC_000962-213147-A	NC_000962-4252066-C	0.996513
NC_000962-213147-A	NC_000962-4254431-A	0.988225
NC_000962-213147-A	NC_000962-4267647-C	0.985802
NC_000962-213147-A	NC_000962-4274541-A	0.222468
NC_000962-213147-A	NC_000962-4284429-A	0.98822
NC_000962-213147-A	NC_000962-4290135-T	0.986134
NC_000962-213147-A	NC_000962-4301075-C	0.987876
NC_000962-213147-A	NC_000962-4308395-A	0.987184
NC_000962-213147-A	NC_000962-4340028-C	0.996167
NC_000962-213147-A	NC_000962-4357804-G	0.986487
NC_000962-213147-A	NC_000962-4359653-T	0.994079
NC_000962-213147-A	NC_000962-4378504-C	0.983717
NC_000962-222925-A	NC_000962-267751-C	0.996863
NC_000962-222925-A	NC_000962-311889-T	0.398723
NC_000962-222925-A	NC_000962-353309-A	0.988219
NC_000962-222925-A	NC_000962-353365-A	0.987886
NC_000962-222925-A	NC_000962-363464-A	0.99547
NC_000962-222925-A	NC_000962-484005-T	0.399414
NC_000962-222925-A	NC_000962-484596-T	0.986498
NC_000962-222925-A	NC_000962-555366-T	0.219085
NC_000962-222925-A	NC_000962-694531-G	0.900159
NC_000962-222925-A	NC_000962-757139-A	0.98787
NC_000962-222925-A	NC_000962-761155-T	0.109798
NC_000962-222925-A	NC_000962-811753-T	0.987527
NC_000962-222925-A	NC_000962-861216-G	0.994425
NC_000962-222925-A	NC_000962-940602-G	0.985464
NC_000962-222925-A	NC_000962-941722-G	0.398477
NC_000962-222925-A	NC_000962-1034758-T	0.996863
NC_000962-222925-A	NC_000962-1071966-G	0.996167
NC_000962-222925-A	NC_000962-1097442-T	0.99547
NC_000962-222925-A	NC_000962-1151304-A	0.399414
NC_000962-222925-A	NC_000962-1172085-A	0.997559
NC_000962-222925-A	NC_000962-1201581-C	0.988567
NC_000962-222925-A	NC_000962-1288698-A	0.997211
NC_000962-222925-A	NC_000962-1364706-A	0.220478
NC_000962-222925-A	NC_000962-1446733-A	0.40018
NC_000962-222925-A	NC_000962-1523817-T	0.38806
NC_000962-222925-A	NC_000962-1678706-C	0.988562
NC_000962-222925-A	NC_000962-1695796-T	0.985428
NC_000962-222925-A	NC_000962-1733325-G	0.996514
NC_000962-222925-A	NC_000962-1831220-C	0.988567
NC_000962-222925-A	NC_000962-1831226-G	0.988906
NC_000962-222925-A	NC_000962-1849051-T	0.997909
NC_000962-222925-A	NC_000962-1885385-G	0.995123
NC_000962-222925-A	NC_000962-1887060-G	0.218982
NC_000962-222925-A	NC_000962-1955941-C	0.987169
NC_000962-222925-A	NC_000962-1967543-A	0.989255
NC_000962-222925-A	NC_000962-1980652-T	0.988214
NC_000962-222925-A	NC_000962-2072313-A	0.987875
NC_000962-222925-A	NC_000962-2097270-T	0.996166
NC_000962-222925-A	NC_000962-2337179-T	0.987522
NC_000962-222925-A	NC_000962-2376135-G	0.12
NC_000962-222925-A	NC_000962-2399734-A	0.988219
NC_000962-222925-A	NC_000962-2510350-G	0.989255
NC_000962-222925-A	NC_000962-2543395-C	0.987875
NC_000962-222925-A	NC_000962-2548700-T	0.969918
NC_000962-222925-A	NC_000962-2586076-G	0.9834
NC_000962-222925-A	NC_000962-2612256-T	0.990958
NC_000962-222925-A	NC_000962-2630740-C	0.949899
NC_000962-222925-A	NC_000962-2668467-A	0.221175
NC_000962-222925-A	NC_000962-2673818-G	0.987527
NC_000962-222925-A	NC_000962-2706663-T	0.996166
NC_000962-222925-A	NC_000962-2789798-T	0.987178
NC_000962-222925-A	NC_000962-2793810-A	0.996516
NC_000962-222925-A	NC_000962-2833329-A	0.988567
NC_000962-222925-A	NC_000962-2838897-G	0.400437
NC_000962-222925-A	NC_000962-2867594-A	0.943301
NC_000962-222925-A	NC_000962-2867756-C	0.931995
NC_000962-222925-A	NC_000962-2948230-A	0.986139
NC_000962-222925-A	NC_000962-2955957-C	0.996515
NC_000962-222925-A	NC_000962-2980861-G	0.977289
NC_000962-222925-A	NC_000962-3009834-G	0.99756
NC_000962-222925-A	NC_000962-3033189-A	0.987522
NC_000962-222925-A	NC_000962-3111476-T	0.986139
NC_000962-222925-A	NC_000962-3276703-G	0.988567
NC_000962-222925-A	NC_000962-3284855-T	0.984452
NC_000962-222925-A	NC_000962-3310174-A	0.397783
NC_000962-222925-A	NC_000962-3487108-T	0.987184
NC_000962-222925-A	NC_000962-3542049-A	0.988219
NC_000962-222925-A	NC_000962-3597249-G	0.989255
NC_000962-222925-A	NC_000962-3612813-C	0.99547
NC_000962-222925-A	NC_000962-3675504-T	0.82075
NC_000962-222925-A	NC_000962-3678249-C	0.987189
NC_000962-222925-A	NC_000962-3798596-G	0.979506
NC_000962-222925-A	NC_000962-3846791-G	0.936748
NC_000962-222925-A	NC_000962-3883178-C	0.901099
NC_000962-222925-A	NC_000962-3979990-G	0.98787
NC_000962-222925-A	NC_000962-3993058-A	0.987527
NC_000962-222925-A	NC_000962-4050811-A	0.995817
NC_000962-222925-A	NC_000962-4174131-C	0.985796
NC_000962-222925-A	NC_000962-4186678-A	0.995818
NC_000962-222925-A	NC_000962-4205325-G	0.986487
NC_000962-222925-A	NC_000962-4215433-T	0.400778
NC_000962-222925-A	NC_000962-4252066-C	0.996514
NC_000962-222925-A	NC_000962-4254431-A	0.988224
NC_000962-222925-A	NC_000962-4267647-C	0.987184
NC_000962-222925-A	NC_000962-4274541-A	0.221743
NC_000962-222925-A	NC_000962-4284429-A	0.988219
NC_000962-222925-A	NC_000962-4290135-T	0.986825
NC_000962-222925-A	NC_000962-4301075-C	0.987875
NC_000962-222925-A	NC_000962-4308395-A	0.987875
NC_000962-222925-A	NC_000962-4340028-C	0.996863
NC_000962-222925-A	NC_000962-4357804-G	0.986487
NC_000962-222925-A	NC_000962-4359653-T	0.996863
NC_000962-222925-A	NC_000962-4378504-C	0.983718
NC_000962-267751-C	NC_000962-311889-T	0.39914
NC_000962-267751-C	NC_000962-353309-A	0.987874
NC_000962-267751-C	NC_000962-353365-A	0.988234
NC_000962-267751-C	NC_000962-363464-A	0.995817
NC_000962-267751-C	NC_000962-484005-T	0.399833
NC_000962-267751-C	NC_000962-484596-T	0.987537
NC_000962-267751-C	NC_000962-555366-T	0.219314
NC_000962-267751-C	NC_000962-694531-G	0.901102
NC_000962-267751-C	NC_000962-757139-A	0.98891
NC_000962-267751-C	NC_000962-761155-T	0.110001
NC_000962-267751-C	NC_000962-811753-T	0.989259
NC_000962-267751-C	NC_000962-861216-G	0.994074
NC_000962-267751-C	NC_000962-940602-G	0.987194
NC_000962-267751-C	NC_000962-941722-G	0.399493
NC_000962-267751-C	NC_000962-1034758-T	0.996513
NC_000962-267751-C	NC_000962-1071966-G	0.995122
NC_000962-267751-C	NC_000962-1097442-T	0.996514
NC_000962-267751-C	NC_000962-1151304-A	0.399833
NC_000962-267751-C	NC_000962-1172085-A	0.997907
NC_000962-267751-C	NC_000962-1201581-C	0.988223
NC_000962-267751-C	NC_000962-1288698-A	0.997559
NC_000962-267751-C	NC_000962-1364706-A	0.221278
NC_000962-267751-C	NC_000962-1446733-A	0.400599
NC_000962-267751-C	NC_000962-1523817-T	0.388471
NC_000962-267751-C	NC_000962-1678706-C	0.988217
NC_000962-267751-C	NC_000962-1695796-T	0.984389
NC_000962-267751-C	NC_000962-1733325-G	0.996164
NC_000962-267751-C	NC_000962-1831220-C	0.988915
NC_000962-267751-C	NC_000962-1831226-G	0.989254
NC_000962-267751-C	NC_000962-1849051-T	0.996864
NC_000962-267751-C	NC_000962-1885385-G	0.99547
NC_000962-267751-C	NC_000962-1887060-G	0.219779
NC_000962-267751-C	NC_000962-1955941-C	0.987515
NC_000962-267751-C	NC_000962-1967543-A	0.98891
NC_000962-267751-C	NC_000962-1980652-T	0.989254
NC_000962-267751-C	NC_000962-2072313-A	0.988223
NC_000962-267751-C	NC_000962-2097270-T	0.99721
NC_000962-267751-C	NC_000962-2337179-T	0.987177
NC_000962-267751-C	NC_000962-2376135-G	0.120126
NC_000962-267751-C	NC_000962-2399734-A	0.987874
NC_000962-267751-C	NC_000962-2510350-G	0.98891
NC_000962-267751-C	NC_000962-2543395-C	0.988915
NC_000962-267751-C	NC_000962-2548700-T	0.970265
NC_000962-267751-C	NC_000962-2586076-G	0.985127
NC_000962-267751-C	NC_000962-2612256-T	0.991304
NC_000962-267751-C	NC_000962-2630740-C	0.948838
NC_000962-267751-C	NC_000962-2668467-A	0.221976
NC_000962-267751-C	NC_000962-2673818-G	0.987874
NC_000962-267751-C	NC_000962-2706663-T	0.998605
NC_000962-267751-C	NC_000962-2789798-T	0.988217
NC_000962-267751-C	NC_000962-2793810-A	0.996167
NC_000962-267751-C	NC_000962-2833329-A	0.988915
NC_000962-267751-C	NC_000962-2838897-G	0.401455
NC_000962-267751-C	NC_000962-2867594-A	0.944303
NC_000962-267751-C	NC_000962-2867756-C	0.934329
NC_000962-267751-C	NC_000962-2948230-A	0.985793
NC_000962-267751-C	NC_000962-2955957-C	0.996863
NC_000962-267751-C	NC_000962-2980861-G	0.979009
NC_000962-267751-C	NC_000962-3009834-G	0.997908
NC_000962-267751-C	NC_000962-3033189-A	0.987869
NC_000962-267751-C	NC_000962-3111476-T	0.986485
NC_000962-267751-C	NC_000962-3276703-G	0.988915
NC_000962-267751-C	NC_000962-3284855-T	0.98618
NC_000962-267751-C	NC_000962-3310174-A	0.3982
NC_000962-267751-C	NC_000962-3487108-T	0.987531
NC_000962-267751-C	NC_000962-3542049-A	0.989951
NC_000962-267751-C	NC_000962-3597249-G	0.98891
NC_000962-267751-C	NC_000962-3612813-C	0.996513
NC_000962-267751-C	NC_000962-3675504-T	0.820276
NC_000962-267751-C	NC_000962-3678249-C	0.988228
NC_000962-267751-C	NC_000962-3798596-G	0.981921
NC_000962-267751-C	NC_000962-3846791-G	0.937753
NC_000962-267751-C	NC_000962-3883178-C	0.900683
NC_000962-267751-C	NC_000962-3979990-G	0.987525
NC_000962-267751-C	NC_000962-3993058-A	0.988566
NC_000962-267751-C	NC_000962-4050811-A	0.995467
NC_000962-267751-C	NC_000962-4174131-C	0.987525
NC_000962-267751-C	NC_000962-4186678-A	0.995469
NC_000962-267751-C	NC_000962-4205325-G	0.988217
NC_000962-267751-C	NC_000962-4215433-T	0.401198
NC_000962-267751-C	NC_000962-4252066-C	0.997558
NC_000962-267751-C	NC_000962-4254431-A	0.988572
NC_000962-267751-C	NC_000962-4267647-C	0.987531
NC_000962-267751-C	NC_000962-4274541-A	0.222545
NC_000962-267751-C	NC_000962-4284429-A	0.988566
NC_000962-267751-C	NC_000962-4290135-T	0.985788
NC_000962-267751-C	NC_000962-4301075-C	0.987531
NC_000962-267751-C	NC_000962-4308395-A	0.988223
NC_000962-267751-C	NC_000962-4340028-C	0.995818
NC_000962-267751-C	NC_000962-4357804-G	0.988217
NC_000962-267751-C	NC_000962-4359653-T	0.995122
NC_000962-267751-C	NC_000962-4378504-C	0.984754
NC_000962-311889-T	NC_000962-353309-A	0.394811
NC_000962-311889-T	NC_000962-353365-A	0.39472
NC_000962-311889-T	NC_000962-363464-A	0.398263
NC_000962-311889-T	NC_000962-484005-T	0.989767
NC_000962-311889-T	NC_000962-484596-T	0.3944
NC_000962-311889-T	NC_000962-555366-T	0.549871
NC_000962-311889-T	NC_000962-694531-G	0.441296
NC_000962-311889-T	NC_000962-757139-A	0.395543
NC_000962-311889-T	NC_000962-761155-T	0.168517
NC_000962-311889-T	NC_000962-811753-T	0.395406
NC_000962-311889-T	NC_000962-861216-G	0.398959
NC_000962-311889-T	NC_000962-940602-G	0.394263
NC_000962-311889-T	NC_000962-941722-G	0.990411
NC_000962-311889-T	NC_000962-1034758-T	0.398541
NC_000962-311889-T	NC_000962-1071966-G	0.398584
NC_000962-311889-T	NC_000962-1097442-T	0.398263
NC_000962-311889-T	NC_000962-1151304-A	0.991045
NC_000962-311889-T	NC_000962-1172085-A	0.39882
NC_000962-311889-T	NC_000962-1201581-C	0.394674
NC_000962-311889-T	NC_000962-1288698-A	0.398402
NC_000962-311889-T	NC_000962-1364706-A	0.553365
NC_000962-311889-T	NC_000962-1446733-A	0.993589
NC_000962-311889-T	NC_000962-1523817-T	0.978474
NC_000962-311889-T	NC_000962-1678706-C	0.394949
NC_000962-311889-T	NC_000962-1695796-T	0.396187
NC_000962-311889-T	NC_000962-1733325-G	0.398681
NC_000962-311889-T	NC_000962-1831220-C	0.395269
NC_000962-311889-T	NC_000962-1831226-G	0.395681
NC_000962-311889-T	NC_000962-1849051-T	0.398445
NC_000962-311889-T	NC_000962-1885385-G	0.396929
NC_000962-311889-T	NC_000962-1887060-G	0.549813
NC_000962-311889-T	NC_000962-1955941-C	0.395498
NC_000962-311889-T	NC_000962-1967543-A	0.394949
NC_000962-311889-T	NC_000962-1980652-T	0.395086
NC_000962-311889-T	NC_000962-2072313-A	0.394674
NC_000962-311889-T	NC_000962-2097270-T	0.398541
NC_000962-311889-T	NC_000962-2155168-G	0.112238
NC_000962-311889-T	NC_000962-2337179-T	0.395086
NC_000962-311889-T	NC_000962-2399734-A	0.394811
NC_000962-311889-T	NC_000962-2510350-G	0.394949
NC_000962-311889-T	NC_000962-2543395-C	0.395269
NC_000962-311889-T	NC_000962-2548700-T	0.387776
NC_000962-311889-T	NC_000962-2586076-G	0.39399
NC_000962-311889-T	NC_000962-2612256-T	0.396695
NC_000962-311889-T	NC_000962-2630740-C	0.397319
NC_000962-311889-T	NC_000962-2668467-A	0.555113
NC_000962-311889-T	NC_000962-2673818-G	0.394217
NC_000962-311889-T	NC_000962-2706663-T	0.398862
NC_000962-311889-T	NC_000962-2789798-T	0.394949
NC_000962-311889-T	NC_000962-2793810-A	0.397847
NC_000962-311889-T	NC_000962-2833329-A	0.395269
NC_000962-311889-T	NC_000962-2838897-G	0.992952
NC_000962-311889-T	NC_000962-2867594-A	0.385574
NC_000962-311889-T	NC_000962-2867756-C	0.373193
NC_000962-311889-T	NC_000962-2948230-A	0.393304
NC_000962-311889-T	NC_000962-2955957-C	0.398723
NC_000962-311889-T	NC_000962-2980861-G	0.39127
NC_000962-311889-T	NC_000962-3009834-G	0.398862
NC_000962-311889-T	NC_000962-3033189-A	0.394492
NC_000962-311889-T	NC_000962-3111476-T	0.394492
NC_000962-311889-T	NC_000962-3276703-G	0.395269
NC_000962-311889-T	NC_000962-3284855-T	0.3939
NC_000962-311889-T	NC_000962-3310174-A	0.998069
NC_000962-311889-T	NC_000962-3487108-T	0.394674
NC_000962-311889-T	NC_000962-3542049-A	0.395406
NC_000962-311889-T	NC_000962-3597249-G	0.394949
NC_000962-311889-T	NC_000962-3612813-C	0.397943
NC_000962-311889-T	NC_000962-3675504-T	0.483051
NC_000962-311889-T	NC_000962-3678249-C	0.394994
NC_000962-311889-T	NC_000962-3798596-G	0.405022
NC_000962-311889-T	NC_000962-3846791-G	0.378716
NC_000962-311889-T	NC_000962-3883178-C	0.43951
NC_000962-311889-T	NC_000962-3979990-G	0.394949
NC_000962-311889-T	NC_000962-3993058-A	0.395406
NC_000962-311889-T	NC_000962-4050811-A	0.397762
NC_000962-311889-T	NC_000962-4174131-C	0.394949
NC_000962-311889-T	NC_000962-4186678-A	0.398402
NC_000962-311889-T	NC_000962-4205325-G	0.394949
NC_000962-311889-T	NC_000962-4215433-T	0.993589
NC_000962-311889-T	NC_000962-4252066-C	0.398681
NC_000962-311889-T	NC_000962-4254431-A	0.395132
NC_000962-311889-T	NC_000962-4267647-C	0.394674
NC_000962-311889-T	NC_000962-4274541-A	0.556337
NC_000962-311889-T	NC_000962-4284429-A	0.395406
NC_000962-311889-T	NC_000962-4290135-T	0.394766
NC_000962-311889-T	NC_000962-4301075-C	0.394674
NC_000962-311889-T	NC_000962-4308395-A	0.394674
NC_000962-311889-T	NC_000962-4340028-C	0.398584
NC_000962-311889-T	NC_000962-4357804-G	0.395543
NC_000962-311889-T	NC_000962-4359653-T	0.397986
NC_000962-311889-T	NC_000962-4378504-C	0.395818
NC_000962-353309-A	NC_000962-353365-A	0.996879
NC_000962-353309-A	NC_000962-363464-A	0.987181
NC_000962-353309-A	NC_000962-484005-T	0.396087
NC_000962-353309-A	NC_000962-484596-T	0.996185
NC_000962-353309-A	NC_000962-555366-T	0.21726
NC_000962-353309-A	NC_000962-694531-G	0.891991
NC_000962-353309-A	NC_000962-757139-A	0.996183
NC_000962-353309-A	NC_000962-761155-T	0.110937
NC_000962-353309-A	NC_000962-811753-T	0.995837
NC_000962-353309-A	NC_000962-861216-G	0.985455
NC_000962-353309-A	NC_000962-940602-G	0.994454
NC_000962-353309-A	NC_000962-941722-G	0.395749
NC_000962-353309-A	NC_000962-1034758-T	0.987874
NC_000962-353309-A	NC_000962-1071966-G	0.985798
NC_000962-353309-A	NC_000962-1097442-T	0.98649
NC_000962-353309-A	NC_000962-1151304-A	0.395494
NC_000962-353309-A	NC_000962-1172085-A	0.98926
NC_000962-353309-A	NC_000962-1201581-C	0.996877
NC_000962-353309-A	NC_000962-1288698-A	0.988912
NC_000962-353309-A	NC_000962-1364706-A	0.219206
NC_000962-353309-A	NC_000962-1446733-A	0.39685
NC_000962-353309-A	NC_000962-1523817-T	0.384797
NC_000962-353309-A	NC_000962-1678706-C	0.996877
NC_000962-353309-A	NC_000962-1695796-T	0.993063
NC_000962-353309-A	NC_000962-1733325-G	0.986837
NC_000962-353309-A	NC_000962-1831220-C	0.996877
NC_000962-353309-A	NC_000962-1831226-G	0.997223
NC_000962-353309-A	NC_000962-1849051-T	0.987526
NC_000962-353309-A	NC_000962-1885385-G	0.985453
NC_000962-353309-A	NC_000962-1887060-G	0.216594
NC_000962-353309-A	NC_000962-1955941-C	0.995489
NC_000962-353309-A	NC_000962-1967543-A	0.99757
NC_000962-353309-A	NC_000962-1980652-T	0.997223
NC_000962-353309-A	NC_000962-2072313-A	0.996877
NC_000962-353309-A	NC_000962-2097270-T	0.988566
NC_000962-353309-A	NC_000962-2337179-T	0.995836
NC_000962-353309-A	NC_000962-2376135-G	0.119001
NC_000962-353309-A	NC_000962-2399734-A	0.997224
NC_000962-353309-A	NC_000962-2510350-G	0.99757
NC_000962-353309-A	NC_000962-2543395-C	0.995491
NC_000962-353309-A	NC_000962-2548700-T	0.978764
NC_000962-353309-A	NC_000962-2586076-G	0.99238
NC_000962-353309-A	NC_000962-2612256-T	0.982693
NC_000962-353309-A	NC_000962-2630740-C	0.94265
NC_000962-353309-A	NC_000962-2668467-A	0.218769
NC_000962-353309-A	NC_000962-2673818-G	0.997224
NC_000962-353309-A	NC_000962-2706663-T	0.987181
NC_000962-353309-A	NC_000962-2789798-T	0.99757
NC_000962-353309-A	NC_000962-2793810-A	0.988218
NC_000962-353309-A	NC_000962-2833329-A	0.995491
NC_000962-353309-A	NC_000962-2838897-G	0.397105
NC_000962-353309-A	NC_000962-2867594-A	0.952239
NC_000962-353309-A	NC_000962-2867756-C	0.940502
NC_000962-353309-A	NC_000962-2948230-A	0.99445
NC_000962-353309-A	NC_000962-2955957-C	0.988219
NC_000962-353309-A	NC_000962-2980861-G	0.968399
NC_000962-353309-A	NC_000962-3009834-G	0.988565
NC_000962-353309-A	NC_000962-3033189-A	0.99653
NC_000962-353309-A	NC_000962-3111476-T	0.995143
NC_000962-353309-A	NC_000962-3276703-G	0.997571
NC_000962-353309-A	NC_000962-3284855-T	0.993423
NC_000962-353309-A	NC_000962-3310174-A	0.393878
NC_000962-353309-A	NC_000962-3487108-T	0.995491
NC_000962-353309-A	NC_000962-3542049-A	0.995837
NC_000962-353309-A	NC_000962-3597249-G	0.996877
NC_000962-353309-A	NC_000962-3612813-C	0.987182
NC_000962-353309-A	NC_000962-3675504-T	0.811926
NC_000962-353309-A	NC_000962-3678249-C	0.996185
NC_000962-353309-A	NC_000962-3798596-G	0.971351
NC_000962-353309-A	NC_000962-3846791-G	0.927436
NC_000962-353309-A	NC_000962-3883178-C	0.893594
NC_000962-353309-A	NC_000962-3979990-G	0.996183
NC_000962-353309-A	NC_000962-3993058-A	0.99653
NC_000962-353309-A	NC_000962-4050811-A	0.98753
NC_000962-353309-A	NC_000962-4174131-C	0.994104
NC_000962-353309-A	NC_000962-4186678-A	0.986836
NC_000962-353309-A	NC_000962-4205325-G	0.996183
NC_000962-353309-A	NC_000962-4215433-T	0.397445
NC_000962-353309-A	NC_000962-4252066-C	0.987529
NC_000962-353309-A	NC_000962-4254431-A	0.995838
NC_000962-353309-A	NC_000962-4267647-C	0.996184
NC_000962-353309-A	NC_000962-4274541-A	0.219898
NC_000962-353309-A	NC_000962-4284429-A	0.995837
NC_000962-353309-A	NC_000962-4290135-T	0.995836
NC_000962-353309-A	NC_000962-4301075-C	0.996184
NC_000962-353309-A	NC_000962-4308395-A	0.997571
NC_000962-353309-A	NC_000962-4340028-C	0.987181
NC_000962-353309-A	NC_000962-4357804-G	0.994797
NC_000962-353309-A	NC_000962-4359653-T	0.987181
NC_000962-353309-A	NC_000962-4378504-C	0.991335
NC_000962-353365-A	NC_000962-363464-A	0.98685
NC_000962-353365-A	NC_000962-484005-T	0.395399
NC_000962-353365-A	NC_000962-484596-T	0.99584
NC_000962-353365-A	NC_000962-555366-T	0.217447
NC_000962-353365-A	NC_000962-694531-G	0.891794
NC_000962-353365-A	NC_000962-757139-A	0.996533
NC_000962-353365-A	NC_000962-761155-T	0.110598
NC_000962-353365-A	NC_000962-811753-T	0.996879
NC_000962-353365-A	NC_000962-861216-G	0.985125
NC_000962-353365-A	NC_000962-940602-G	0.996187
NC_000962-353365-A	NC_000962-941722-G	0.396247
NC_000962-353365-A	NC_000962-1034758-T	0.987543
NC_000962-353365-A	NC_000962-1071966-G	0.986849
NC_000962-353365-A	NC_000962-1097442-T	0.988233
NC_000962-353365-A	NC_000962-1151304-A	0.395992
NC_000962-353365-A	NC_000962-1172085-A	0.988236
NC_000962-353365-A	NC_000962-1201581-C	0.996533
NC_000962-353365-A	NC_000962-1288698-A	0.988579
NC_000962-353365-A	NC_000962-1364706-A	0.219391
NC_000962-353365-A	NC_000962-1446733-A	0.396755
NC_000962-353365-A	NC_000962-1523817-T	0.384704
NC_000962-353365-A	NC_000962-1678706-C	0.997226
NC_000962-353365-A	NC_000962-1695796-T	0.992032
NC_000962-353365-A	NC_000962-1733325-G	0.988581
NC_000962-353365-A	NC_000962-1831220-C	0.997226
NC_000962-353365-A	NC_000962-1831226-G	0.997573
NC_000962-353365-A	NC_000962-1849051-T	0.988577
NC_000962-353365-A	NC_000962-1885385-G	0.985813
NC_000962-353365-A	NC_000962-1887060-G	0.217342
NC_000962-353365-A	NC_000962-1955941-C	0.996533
NC_000962-353365-A	NC_000962-1967543-A	0.997226
NC_000962-353365-A	NC_000962-1980652-T	0.996879
NC_000962-353365-A	NC_000962-2072313-A	0.99584
NC_000962-353365-A	NC_000962-2097270-T	0.988234
NC_000962-353365-A	NC_000962-2337179-T	0.995493
NC_000962-353365-A	NC_000962-2376135-G	0.118794
NC_000962-353365-A	NC_000962-2399734-A	0.996186
NC_000962-353365-A	NC_000962-2510350-G	0.996533
NC_000962-353365-A	NC_000962-2543395-C	0.996533
NC_000962-353365-A	NC_000962-2548700-T	0.978417
NC_000962-353365-A	NC_000962-2586076-G	0.992728
NC_000962-353365-A	NC_000962-2612256-T	0.983051
NC_000962-353365-A	NC_000962-2630740-C	0.94101
NC_000962-353365-A	NC_000962-2668467-A	0.219516
NC_000962-353365-A	NC_000962-2673818-G	0.996879
NC_000962-353365-A	NC_000962-2706663-T	0.988925
NC_000962-353365-A	NC_000962-2789798-T	0.997226
NC_000962-353365-A	NC_000962-2793810-A	0.988577
NC_000962-353365-A	NC_000962-2833329-A	0.996533
NC_000962-353365-A	NC_000962-2838897-G	0.39701
NC_000962-353365-A	NC_000962-2867594-A	0.951249
NC_000962-353365-A	NC_000962-2867756-C	0.940813
NC_000962-353365-A	NC_000962-2948230-A	0.993416
NC_000962-353365-A	NC_000962-2955957-C	0.987886
NC_000962-353365-A	NC_000962-2980861-G	0.968747
NC_000962-353365-A	NC_000962-3009834-G	0.988233
NC_000962-353365-A	NC_000962-3033189-A	0.996879
NC_000962-353365-A	NC_000962-3111476-T	0.995493
NC_000962-353365-A	NC_000962-3276703-G	0.997226
NC_000962-353365-A	NC_000962-3284855-T	0.993769
NC_000962-353365-A	NC_000962-3310174-A	0.393787
NC_000962-353365-A	NC_000962-3487108-T	0.995147
NC_000962-353365-A	NC_000962-3542049-A	0.996879
NC_000962-353365-A	NC_000962-3597249-G	0.997226
NC_000962-353365-A	NC_000962-3612813-C	0.986851
NC_000962-353365-A	NC_000962-3675504-T	0.8125
NC_000962-353365-A	NC_000962-3678249-C	0.997226
NC_000962-353365-A	NC_000962-3798596-G	0.97242
NC_000962-353365-A	NC_000962-3846791-G	0.928441
NC_000962-353365-A	NC_000962-3883178-C	0.894069
NC_000962-353365-A	NC_000962-3979990-G	0.99584
NC_000962-353365-A	NC_000962-3993058-A	0.996186
NC_000962-353365-A	NC_000962-4050811-A	0.987199
NC_000962-353365-A	NC_000962-4174131-C	0.995147
NC_000962-353365-A	NC_000962-4186678-A	0.987196
NC_000962-353365-A	NC_000962-4205325-G	0.995147
NC_000962-353365-A	NC_000962-4215433-T	0.396755
NC_000962-353365-A	NC_000962-4252066-C	0.987889
NC_000962-353365-A	NC_000962-4254431-A	0.997572
NC_000962-353365-A	NC_000962-4267647-C	0.996533
NC_000962-353365-A	NC_000962-4274541-A	0.220081
NC_000962-353365-A	NC_000962-4284429-A	0.996186
NC_000962-353365-A	NC_000962-4290135-T	0.995493
NC_000962-353365-A	NC_000962-4301075-C	0.99584
NC_000962-353365-A	NC_000962-4308395-A	0.997226
NC_000962-353365-A	NC_000962-4340028-C	0.98754
NC_000962-353365-A	NC_000962-4357804-G	0.99584
NC_000962-353365-A	NC_000962-4359653-T	0.986849
NC_000962-353365-A	NC_000962-4378504-C	0.99307
NC_000962-363464-A	NC_000962-484005-T	0.40075
NC_000962-363464-A	NC_000962-484596-T	0.986153
NC_000962-363464-A	NC_000962-555366-T	0.219161
NC_000962-363464-A	NC_000962-694531-G	0.899793
NC_000962-363464-A	NC_000962-757139-A	0.987525
NC_000962-363464-A	NC_000962-761155-T	0.11062
NC_000962-363464-A	NC_000962-811753-T	0.987873
NC_000962-363464-A	NC_000962-861216-G	0.99338
NC_000962-363464-A	NC_000962-940602-G	0.98581
NC_000962-363464-A	NC_000962-941722-G	0.399811
NC_000962-363464-A	NC_000962-1034758-T	0.995817
NC_000962-363464-A	NC_000962-1071966-G	0.994427
NC_000962-363464-A	NC_000962-1097442-T	0.995122
NC_000962-363464-A	NC_000962-1151304-A	0.40075
NC_000962-363464-A	NC_000962-1172085-A	0.996513
NC_000962-363464-A	NC_000962-1201581-C	0.98753
NC_000962-363464-A	NC_000962-1288698-A	0.997559
NC_000962-363464-A	NC_000962-1364706-A	0.221123
NC_000962-363464-A	NC_000962-1446733-A	0.400319
NC_000962-363464-A	NC_000962-1523817-T	0.388784
NC_000962-363464-A	NC_000962-1678706-C	0.988217
NC_000962-363464-A	NC_000962-1695796-T	0.983699
NC_000962-363464-A	NC_000962-1733325-G	0.994773
NC_000962-363464-A	NC_000962-1831220-C	0.98753
NC_000962-363464-A	NC_000962-1831226-G	0.987868
NC_000962-363464-A	NC_000962-1849051-T	0.995471
NC_000962-363464-A	NC_000962-1885385-G	0.994774
NC_000962-363464-A	NC_000962-1887060-G	0.219626
NC_000962-363464-A	NC_000962-1955941-C	0.98544
NC_000962-363464-A	NC_000962-1967543-A	0.988217
NC_000962-363464-A	NC_000962-1980652-T	0.98856
NC_000962-363464-A	NC_000962-2072313-A	0.988222
NC_000962-363464-A	NC_000962-2097270-T	0.996514
NC_000962-363464-A	NC_000962-2337179-T	0.985793
NC_000962-363464-A	NC_000962-2376135-G	0.119491
NC_000962-363464-A	NC_000962-2399734-A	0.98649
NC_000962-363464-A	NC_000962-2510350-G	0.988217
NC_000962-363464-A	NC_000962-2543395-C	0.98753
NC_000962-363464-A	NC_000962-2548700-T	0.970944
NC_000962-363464-A	NC_000962-2586076-G	0.983745
NC_000962-363464-A	NC_000962-2612256-T	0.991304
NC_000962-363464-A	NC_000962-2630740-C	0.947488
NC_000962-363464-A	NC_000962-2668467-A	0.221821
NC_000962-363464-A	NC_000962-2673818-G	0.988565
NC_000962-363464-A	NC_000962-2706663-T	0.996514
NC_000962-363464-A	NC_000962-2789798-T	0.986833
NC_000962-363464-A	NC_000962-2793810-A	0.996167
NC_000962-363464-A	NC_000962-2833329-A	0.986838
NC_000962-363464-A	NC_000962-2838897-G	0.401175
NC_000962-363464-A	NC_000962-2867594-A	0.942957
NC_000962-363464-A	NC_000962-2867756-C	0.932331
NC_000962-363464-A	NC_000962-2948230-A	0.985102
NC_000962-363464-A	NC_000962-2955957-C	0.996166
NC_000962-363464-A	NC_000962-2980861-G	0.976946
NC_000962-363464-A	NC_000962-3009834-G	0.995818
NC_000962-363464-A	NC_000962-3033189-A	0.987176
NC_000962-363464-A	NC_000962-3111476-T	0.985102
NC_000962-363464-A	NC_000962-3276703-G	0.98753
NC_000962-363464-A	NC_000962-3284855-T	0.984107
NC_000962-363464-A	NC_000962-3310174-A	0.397922
NC_000962-363464-A	NC_000962-3487108-T	0.986147
NC_000962-363464-A	NC_000962-3542049-A	0.98649
NC_000962-363464-A	NC_000962-3597249-G	0.987525
NC_000962-363464-A	NC_000962-3612813-C	0.995817
NC_000962-363464-A	NC_000962-3675504-T	0.819703
NC_000962-363464-A	NC_000962-3678249-C	0.988227
NC_000962-363464-A	NC_000962-3798596-G	0.979848
NC_000962-363464-A	NC_000962-3846791-G	0.935077
NC_000962-363464-A	NC_000962-3883178-C	0.900053
NC_000962-363464-A	NC_000962-3979990-G	0.987525
NC_000962-363464-A	NC_000962-3993058-A	0.987181
NC_000962-363464-A	NC_000962-4050811-A	0.994772
NC_000962-363464-A	NC_000962-4174131-C	0.98545
NC_000962-363464-A	NC_000962-4186678-A	0.995469
NC_000962-363464-A	NC_000962-4205325-G	0.986141
NC_000962-363464-A	NC_000962-4215433-T	0.400918
NC_000962-363464-A	NC_000962-4252066-C	0.996165
NC_000962-363464-A	NC_000962-4254431-A	0.986495
NC_000962-363464-A	NC_000962-4267647-C	0.986838
NC_000962-363464-A	NC_000962-4274541-A	0.22239
NC_000962-363464-A	NC_000962-4284429-A	0.98649
NC_000962-363464-A	NC_000962-4290135-T	0.985788
NC_000962-363464-A	NC_000962-4301075-C	0.988222
NC_000962-363464-A	NC_000962-4308395-A	0.988914
NC_000962-363464-A	NC_000962-4340028-C	0.995123
NC_000962-363464-A	NC_000962-4357804-G	0.986141
NC_000962-363464-A	NC_000962-4359653-T	0.994427
NC_000962-363464-A	NC_000962-4378504-C	0.982682
NC_000962-479632-T	NC_000962-572468-A	0.211609
NC_000962-479632-T	NC_000962-680782-T	0.263401
NC_000962-479632-T	NC_000962-1967844-A	0.219991
NC_000962-479632-T	NC_000962-2128908-T	0.991086
NC_000962-479632-T	NC_000962-2401402-T	0.203233
NC_000962-479632-T	NC_000962-2486496-A	0.211609
NC_000962-479632-T	NC_000962-3272997-G	0.203233
NC_000962-479632-T	NC_000962-3633957-C	0.229779
NC_000962-479632-T	NC_000962-3695970-A	0.219991
NC_000962-479632-T	NC_000962-3903530-C	0.895571
NC_000962-479632-T	NC_000962-4011950-A	0.210122
NC_000962-479632-T	NC_000962-4409995-A	0.201747
NC_000962-484005-T	NC_000962-484596-T	0.395674
NC_000962-484005-T	NC_000962-555366-T	0.544435
NC_000962-484005-T	NC_000962-694531-G	0.442771
NC_000962-484005-T	NC_000962-757139-A	0.396819
NC_000962-484005-T	NC_000962-761155-T	0.170344
NC_000962-484005-T	NC_000962-811753-T	0.397275
NC_000962-484005-T	NC_000962-861216-G	0.400253
NC_000962-484005-T	NC_000962-940602-G	0.395537
NC_000962-484005-T	NC_000962-941722-G	0.992972
NC_000962-484005-T	NC_000962-1034758-T	0.399833
NC_000962-484005-T	NC_000962-1071966-G	0.40047
NC_000962-484005-T	NC_000962-1097442-T	0.399554
NC_000962-484005-T	NC_000962-1151304-A	0.994885
NC_000962-484005-T	NC_000962-1172085-A	0.400113
NC_000962-484005-T	NC_000962-1201581-C	0.395949
NC_000962-484005-T	NC_000962-1288698-A	0.400291
NC_000962-484005-T	NC_000962-1364706-A	0.547902
NC_000962-484005-T	NC_000962-1446733-A	0.994881
NC_000962-484005-T	NC_000962-1523817-T	0.970929
NC_000962-484005-T	NC_000962-1678706-C	0.396225
NC_000962-484005-T	NC_000962-1695796-T	0.398064
NC_000962-484005-T	NC_000962-1733325-G	0.399375
NC_000962-484005-T	NC_000962-1831220-C	0.395949
NC_000962-484005-T	NC_000962-1831226-G	0.396363
NC_000962-484005-T	NC_000962-1849051-T	0.399733
NC_000962-484005-T	NC_000962-1885385-G	0.39822
NC_000962-484005-T	NC_000962-1887060-G	0.544378
NC_000962-484005-T	NC_000962-1955941-C	0.396183
NC_000962-484005-T	NC_000962-1967543-A	0.396225
NC_000962-484005-T	NC_000962-1980652-T	0.396957
NC_000962-484005-T	NC_000962-2072313-A	0.397137
NC_000962-484005-T	NC_000962-2097270-T	0.399833
NC_000962-484005-T	NC_000962-2155168-G	0.11304
NC_000962-484005-T	NC_000962-2337179-T	0.396363
NC_000962-484005-T	NC_000962-2399734-A	0.395494
NC_000962-484005-T	NC_000962-2510350-G	0.396225
NC_000962-484005-T	NC_000962-2543395-C	0.397137
NC_000962-484005-T	NC_000962-2548700-T	0.390193
NC_000962-484005-T	NC_000962-2586076-G	0.395262
NC_000962-484005-T	NC_000962-2612256-T	0.398578
NC_000962-484005-T	NC_000962-2630740-C	0.398691
NC_000962-484005-T	NC_000962-2668467-A	0.549636
NC_000962-484005-T	NC_000962-2673818-G	0.396087
NC_000962-484005-T	NC_000962-2706663-T	0.400151
NC_000962-484005-T	NC_000962-2789798-T	0.396225
NC_000962-484005-T	NC_000962-2793810-A	0.399733
NC_000962-484005-T	NC_000962-2833329-A	0.395949
NC_000962-484005-T	NC_000962-2838897-G	0.994243
NC_000962-484005-T	NC_000962-2867594-A	0.386877
NC_000962-484005-T	NC_000962-2867756-C	0.374373
NC_000962-484005-T	NC_000962-2948230-A	0.394583
NC_000962-484005-T	NC_000962-2955957-C	0.400012
NC_000962-484005-T	NC_000962-2980861-G	0.39312
NC_000962-484005-T	NC_000962-3009834-G	0.399554
NC_000962-484005-T	NC_000962-3033189-A	0.396363
NC_000962-484005-T	NC_000962-3111476-T	0.395769
NC_000962-484005-T	NC_000962-3276703-G	0.396543
NC_000962-484005-T	NC_000962-3284855-T	0.395168
NC_000962-484005-T	NC_000962-3310174-A	0.989129
NC_000962-484005-T	NC_000962-3487108-T	0.395949
NC_000962-484005-T	NC_000962-3542049-A	0.396087
NC_000962-484005-T	NC_000962-3597249-G	0.396225
NC_000962-484005-T	NC_000962-3612813-C	0.399833
NC_000962-484005-T	NC_000962-3675504-T	0.485397
NC_000962-484005-T	NC_000962-3678249-C	0.396267
NC_000962-484005-T	NC_000962-3798596-G	0.405736
NC_000962-484005-T	NC_000962-3846791-G	0.379952
NC_000962-484005-T	NC_000962-3883178-C	0.440978
NC_000962-484005-T	NC_000962-3979990-G	0.396225
NC_000962-484005-T	NC_000962-3993058-A	0.396681
NC_000962-484005-T	NC_000962-4050811-A	0.399057
NC_000962-484005-T	NC_000962-4174131-C	0.396819
NC_000962-484005-T	NC_000962-4186678-A	0.399693
NC_000962-484005-T	NC_000962-4205325-G	0.396819
NC_000962-484005-T	NC_000962-4215433-T	0.994881
NC_000962-484005-T	NC_000962-4252066-C	0.399973
NC_000962-484005-T	NC_000962-4254431-A	0.395812
NC_000962-484005-T	NC_000962-4267647-C	0.396543
NC_000962-484005-T	NC_000962-4274541-A	0.55085
NC_000962-484005-T	NC_000962-4284429-A	0.396087
NC_000962-484005-T	NC_000962-4290135-T	0.396045
NC_000962-484005-T	NC_000962-4301075-C	0.396543
NC_000962-484005-T	NC_000962-4308395-A	0.396543
NC_000962-484005-T	NC_000962-4340028-C	0.399872
NC_000962-484005-T	NC_000962-4357804-G	0.396225
NC_000962-484005-T	NC_000962-4359653-T	0.399275
NC_000962-484005-T	NC_000962-4378504-C	0.397095
NC_000962-484596-T	NC_000962-555366-T	0.217034
NC_000962-484596-T	NC_000962-694531-G	0.892414
NC_000962-484596-T	NC_000962-757139-A	0.995145
NC_000962-484596-T	NC_000962-761155-T	0.110985
NC_000962-484596-T	NC_000962-811753-T	0.994799
NC_000962-484596-T	NC_000962-861216-G	0.984428
NC_000962-484596-T	NC_000962-940602-G	0.993417
NC_000962-484596-T	NC_000962-941722-G	0.395929
NC_000962-484596-T	NC_000962-1034758-T	0.987537
NC_000962-484596-T	NC_000962-1071966-G	0.98477
NC_000962-484596-T	NC_000962-1097442-T	0.986844
NC_000962-484596-T	NC_000962-1151304-A	0.395674
NC_000962-484596-T	NC_000962-1172085-A	0.987538
NC_000962-484596-T	NC_000962-1201581-C	0.995146
NC_000962-484596-T	NC_000962-1288698-A	0.98719
NC_000962-484596-T	NC_000962-1364706-A	0.219543
NC_000962-484596-T	NC_000962-1446733-A	0.396436
NC_000962-484596-T	NC_000962-1523817-T	0.384392
NC_000962-484596-T	NC_000962-1678706-C	0.995838
NC_000962-484596-T	NC_000962-1695796-T	0.993413
NC_000962-484596-T	NC_000962-1733325-G	0.985117
NC_000962-484596-T	NC_000962-1831220-C	0.995146
NC_000962-484596-T	NC_000962-1831226-G	0.995492
NC_000962-484596-T	NC_000962-1849051-T	0.985806
NC_000962-484596-T	NC_000962-1885385-G	0.984425
NC_000962-484596-T	NC_000962-1887060-G	0.21693
NC_000962-484596-T	NC_000962-1955941-C	0.994452
NC_000962-484596-T	NC_000962-1967543-A	0.996531
NC_000962-484596-T	NC_000962-1980652-T	0.995492
NC_000962-484596-T	NC_000962-2072313-A	0.994453
NC_000962-484596-T	NC_000962-2097270-T	0.986845
NC_000962-484596-T	NC_000962-2337179-T	0.994799
NC_000962-484596-T	NC_000962-2376135-G	0.118877
NC_000962-484596-T	NC_000962-2399734-A	0.995492
NC_000962-484596-T	NC_000962-2510350-G	0.995838
NC_000962-484596-T	NC_000962-2543395-C	0.995146
NC_000962-484596-T	NC_000962-2548700-T	0.977735
NC_000962-484596-T	NC_000962-2586076-G	0.992035
NC_000962-484596-T	NC_000962-2612256-T	0.980978
NC_000962-484596-T	NC_000962-2630740-C	0.941666
NC_000962-484596-T	NC_000962-2668467-A	0.219104
NC_000962-484596-T	NC_000962-2673818-G	0.996185
NC_000962-484596-T	NC_000962-2706663-T	0.987535
NC_000962-484596-T	NC_000962-2789798-T	0.996531
NC_000962-484596-T	NC_000962-2793810-A	0.987188
NC_000962-484596-T	NC_000962-2833329-A	0.995839
NC_000962-484596-T	NC_000962-2838897-G	0.397285
NC_000962-484596-T	NC_000962-2867594-A	0.951916
NC_000962-484596-T	NC_000962-2867756-C	0.940157
NC_000962-484596-T	NC_000962-2948230-A	0.99203
NC_000962-484596-T	NC_000962-2955957-C	0.986498
NC_000962-484596-T	NC_000962-2980861-G	0.968744
NC_000962-484596-T	NC_000962-3009834-G	0.986844
NC_000962-484596-T	NC_000962-3033189-A	0.995492
NC_000962-484596-T	NC_000962-3111476-T	0.994106
NC_000962-484596-T	NC_000962-3276703-G	0.995146
NC_000962-484596-T	NC_000962-3284855-T	0.991695
NC_000962-484596-T	NC_000962-3310174-A	0.393468
NC_000962-484596-T	NC_000962-3487108-T	0.995146
NC_000962-484596-T	NC_000962-3542049-A	0.995492
NC_000962-484596-T	NC_000962-3597249-G	0.995145
NC_000962-484596-T	NC_000962-3612813-C	0.986845
NC_000962-484596-T	NC_000962-3675504-T	0.811079
NC_000962-484596-T	NC_000962-3678249-C	0.995147
NC_000962-484596-T	NC_000962-3798596-G	0.972406
NC_000962-484596-T	NC_000962-3846791-G	0.927773
NC_000962-484596-T	NC_000962-3883178-C	0.891987
NC_000962-484596-T	NC_000962-3979990-G	0.994453
NC_000962-484596-T	NC_000962-3993058-A	0.996185
NC_000962-484596-T	NC_000962-4050811-A	0.986501
NC_000962-484596-T	NC_000962-4174131-C	0.99376
NC_000962-484596-T	NC_000962-4186678-A	0.986499
NC_000962-484596-T	NC_000962-4205325-G	0.995838
NC_000962-484596-T	NC_000962-4215433-T	0.397031
NC_000962-484596-T	NC_000962-4252066-C	0.985809
NC_000962-484596-T	NC_000962-4254431-A	0.9948
NC_000962-484596-T	NC_000962-4267647-C	0.995146
NC_000962-484596-T	NC_000962-4274541-A	0.220234
NC_000962-484596-T	NC_000962-4284429-A	0.995492
NC_000962-484596-T	NC_000962-4290135-T	0.994799
NC_000962-484596-T	NC_000962-4301075-C	0.995839
NC_000962-484596-T	NC_000962-4308395-A	0.995839
NC_000962-484596-T	NC_000962-4340028-C	0.986843
NC_000962-484596-T	NC_000962-4357804-G	0.994453
NC_000962-484596-T	NC_000962-4359653-T	0.986843
NC_000962-484596-T	NC_000962-4378504-C	0.991684
NC_000962-555366-T	NC_000962-694531-G	0.242862
NC_000962-555366-T	NC_000962-757139-A	0.217336
NC_000962-555366-T	NC_000962-811753-T	0.217824
NC_000962-555366-T	NC_000962-861216-G	0.220113
NC_000962-555366-T	NC_000962-940602-G	0.217522
NC_000962-555366-T	NC_000962-941722-G	0.546512
NC_000962-555366-T	NC_000962-1034758-T	0.219883
NC_000962-555366-T	NC_000962-1071966-G	0.219008
NC_000962-555366-T	NC_000962-1097442-T	0.219729
NC_000962-555366-T	NC_000962-1151304-A	0.546862
NC_000962-555366-T	NC_000962-1172085-A	0.220037
NC_000962-555366-T	NC_000962-1201581-C	0.217184
NC_000962-555366-T	NC_000962-1288698-A	0.219806
NC_000962-555366-T	NC_000962-1364706-A	0.989523
NC_000962-555366-T	NC_000962-1446733-A	0.548266
NC_000962-555366-T	NC_000962-1472362-T	0.1495
NC_000962-555366-T	NC_000962-1523817-T	0.540623
NC_000962-555366-T	NC_000962-1678706-C	0.217336
NC_000962-555366-T	NC_000962-1695796-T	0.218017
NC_000962-555366-T	NC_000962-1733325-G	0.219391
NC_000962-555366-T	NC_000962-1831220-C	0.217749
NC_000962-555366-T	NC_000962-1831226-G	0.217976
NC_000962-555366-T	NC_000962-1849051-T	0.219499
NC_000962-555366-T	NC_000962-1885385-G	0.219085
NC_000962-555366-T	NC_000962-1887060-G	0.991592
NC_000962-555366-T	NC_000962-1955941-C	0.217638
NC_000962-555366-T	NC_000962-1967543-A	0.217336
NC_000962-555366-T	NC_000962-1980652-T	0.217411
NC_000962-555366-T	NC_000962-2072313-A	0.217184
NC_000962-555366-T	NC_000962-2097270-T	0.219314
NC_000962-555366-T	NC_000962-2337179-T	0.217411
NC_000962-555366-T	NC_000962-2399734-A	0.216696
NC_000962-555366-T	NC_000962-2510350-G	0.217336
NC_000962-555366-T	NC_000962-2543395-C	0.217749
NC_000962-555366-T	NC_000962-2548700-T	0.213942
NC_000962-555366-T	NC_000962-2586076-G	0.216807
NC_000962-555366-T	NC_000962-2612256-T	0.218626
NC_000962-555366-T	NC_000962-2630740-C	0.222383
NC_000962-555366-T	NC_000962-2668467-A	0.986418
NC_000962-555366-T	NC_000962-2673818-G	0.216696
NC_000962-555366-T	NC_000962-2706663-T	0.219729
NC_000962-555366-T	NC_000962-2789798-T	0.217336
NC_000962-555366-T	NC_000962-2793810-A	0.219499
NC_000962-555366-T	NC_000962-2833329-A	0.217184
NC_000962-555366-T	NC_000962-2838897-G	0.546698
NC_000962-555366-T	NC_000962-2867594-A	0.212511
NC_000962-555366-T	NC_000962-2867756-C	0.20504
NC_000962-555366-T	NC_000962-2948230-A	0.217411
NC_000962-555366-T	NC_000962-2955957-C	0.219085
NC_000962-555366-T	NC_000962-2980861-G	0.21587
NC_000962-555366-T	NC_000962-3009834-G	0.219161
NC_000962-555366-T	NC_000962-3033189-A	0.216847
NC_000962-555366-T	NC_000962-3111476-T	0.217976
NC_000962-555366-T	NC_000962-3276703-G	0.217184
NC_000962-555366-T	NC_000962-3284855-T	0.216431
NC_000962-555366-T	NC_000962-3310174-A	0.549516
NC_000962-555366-T	NC_000962-3487108-T	0.217184
NC_000962-555366-T	NC_000962-3542049-A	0.21726
NC_000962-555366-T	NC_000962-3597249-G	0.217336
NC_000962-555366-T	NC_000962-3612813-C	0.219314
NC_000962-555366-T	NC_000962-3675504-T	0.266137
NC_000962-555366-T	NC_000962-3678249-C	0.217034
NC_000962-555366-T	NC_000962-3798596-G	0.223459
NC_000962-555366-T	NC_000962-3846791-G	0.210718
NC_000962-555366-T	NC_000962-3883178-C	0.242492
NC_000962-555366-T	NC_000962-3979990-G	0.217336
NC_000962-555366-T	NC_000962-3993058-A	0.21726
NC_000962-555366-T	NC_000962-4050811-A	0.219544
NC_000962-555366-T	NC_000962-4174131-C	0.2179
NC_000962-555366-T	NC_000962-4186678-A	0.219238
NC_000962-555366-T	NC_000962-4205325-G	0.217336
NC_000962-555366-T	NC_000962-4215433-T	0.547049
NC_000962-555366-T	NC_000962-4247574-C	0.119857
NC_000962-555366-T	NC_000962-4252066-C	0.219391
NC_000962-555366-T	NC_000962-4254431-A	0.217673
NC_000962-555366-T	NC_000962-4267647-C	0.217749
NC_000962-555366-T	NC_000962-4274541-A	0.986418
NC_000962-555366-T	NC_000962-4284429-A	0.21726
NC_000962-555366-T	NC_000962-4290135-T	0.216998
NC_000962-555366-T	NC_000962-4301075-C	0.217184
NC_000962-555366-T	NC_000962-4308395-A	0.217184
NC_000962-555366-T	NC_000962-4340028-C	0.219008
NC_000962-555366-T	NC_000962-4357804-G	0.217336
NC_000962-555366-T	NC_000962-4359653-T	0.219008
NC_000962-555366-T	NC_000962-4378504-C	0.217487
NC_000962-572468-A	NC_000962-680782-T	0.80337
NC_000962-572468-A	NC_000962-761161-C	0.266081
NC_000962-572468-A	NC_000962-1967844-A	0.961897
NC_000962-572468-A	NC_000962-2128908-T	0.209723
NC_000962-572468-A	NC_000962-2401402-T	0.960418
NC_000962-572468-A	NC_000962-2486496-A	1.0
NC_000962-572468-A	NC_000962-3272997-G	0.960418
NC_000962-572468-A	NC_000962-3633957-C	0.920926
NC_000962-572468-A	NC_000962-3695970-A	0.961897
NC_000962-572468-A	NC_000962-3903530-C	0.234722
NC_000962-572468-A	NC_000962-4011950-A	0.993443
NC_000962-572468-A	NC_000962-4409995-A	0.953863
NC_000962-680782-T	NC_000962-761161-C	0.212563
NC_000962-680782-T	NC_000962-1967844-A	0.835194
NC_000962-680782-T	NC_000962-2128908-T	0.261053
NC_000962-680782-T	NC_000962-2401402-T	0.771572
NC_000962-680782-T	NC_000962-2486496-A	0.80337
NC_000962-680782-T	NC_000962-3272997-G	0.771572
NC_000962-680782-T	NC_000962-3633957-C	0.872351
NC_000962-680782-T	NC_000962-3695970-A	0.835194
NC_000962-680782-T	NC_000962-3903530-C	0.292172
NC_000962-680782-T	NC_000962-4011950-A	0.798078
NC_000962-680782-T	NC_000962-4409995-A	0.766281
NC_000962-694531-G	NC_000962-757139-A	0.892978
NC_000962-694531-G	NC_000962-761155-T	0.105838
NC_000962-694531-G	NC_000962-811753-T	0.892667
NC_000962-694531-G	NC_000962-861216-G	0.897961
NC_000962-694531-G	NC_000962-940602-G	0.890077
NC_000962-694531-G	NC_000962-941722-G	0.44241
NC_000962-694531-G	NC_000962-1034758-T	0.901102
NC_000962-694531-G	NC_000962-1071966-G	0.897805
NC_000962-694531-G	NC_000962-1097442-T	0.900473
NC_000962-694531-G	NC_000962-1151304-A	0.443418
NC_000962-694531-G	NC_000962-1172085-A	0.90105
NC_000962-694531-G	NC_000962-1201581-C	0.893034
NC_000962-694531-G	NC_000962-1288698-A	0.900788
NC_000962-694531-G	NC_000962-1364706-A	0.245022
NC_000962-694531-G	NC_000962-1446733-A	0.443574
NC_000962-694531-G	NC_000962-1523817-T	0.429956
NC_000962-694531-G	NC_000962-1678706-C	0.894331
NC_000962-694531-G	NC_000962-1695796-T	0.891036
NC_000962-694531-G	NC_000962-1733325-G	0.899374
NC_000962-694531-G	NC_000962-1831220-C	0.892357
NC_000962-694531-G	NC_000962-1831226-G	0.893288
NC_000962-694531-G	NC_000962-1849051-T	0.898851
NC_000962-694531-G	NC_000962-1885385-G	0.898798
NC_000962-694531-G	NC_000962-1887060-G	0.242762
NC_000962-694531-G	NC_000962-1955941-C	0.891513
NC_000962-694531-G	NC_000962-1967543-A	0.892978
NC_000962-694531-G	NC_000962-1980652-T	0.893288
NC_000962-694531-G	NC_000962-2072313-A	0.891681
NC_000962-694531-G	NC_000962-2097270-T	0.89974
NC_000962-694531-G	NC_000962-2337179-T	0.893288
NC_000962-694531-G	NC_000962-2376135-G	0.132426
NC_000962-694531-G	NC_000962-2399734-A	0.891315
NC_000962-694531-G	NC_000962-2510350-G	0.892301
NC_000962-694531-G	NC_000962-2543395-C	0.892357
NC_000962-694531-G	NC_000962-2548700-T	0.876757
NC_000962-694531-G	NC_000962-2586076-G	0.890809
NC_000962-694531-G	NC_000962-2612256-T	0.895561
NC_000962-694531-G	NC_000962-2630740-C	0.854719
NC_000962-694531-G	NC_000962-2668467-A	0.245179
NC_000962-694531-G	NC_000962-2673818-G	0.892667
NC_000962-694531-G	NC_000962-2706663-T	0.901154
NC_000962-694531-G	NC_000962-2789798-T	0.892978
NC_000962-694531-G	NC_000962-2793810-A	0.899531
NC_000962-694531-G	NC_000962-2833329-A	0.89371
NC_000962-694531-G	NC_000962-2838897-G	0.443859
NC_000962-694531-G	NC_000962-2867594-A	0.862254
NC_000962-694531-G	NC_000962-2867756-C	0.842493
NC_000962-694531-G	NC_000962-2948230-A	0.891259
NC_000962-694531-G	NC_000962-2955957-C	0.900159
NC_000962-694531-G	NC_000962-2980861-G	0.883986
NC_000962-694531-G	NC_000962-3009834-G	0.900473
NC_000962-694531-G	NC_000962-3033189-A	0.891935
NC_000962-694531-G	NC_000962-3111476-T	0.891259
NC_000962-694531-G	NC_000962-3276703-G	0.891681
NC_000962-694531-G	NC_000962-3284855-T	0.889265
NC_000962-694531-G	NC_000962-3310174-A	0.440286
NC_000962-694531-G	NC_000962-3487108-T	0.892357
NC_000962-694531-G	NC_000962-3542049-A	0.892667
NC_000962-694531-G	NC_000962-3597249-G	0.893654
NC_000962-694531-G	NC_000962-3612813-C	0.89974
NC_000962-694531-G	NC_000962-3675504-T	0.906951
NC_000962-694531-G	NC_000962-3678249-C	0.892414
NC_000962-694531-G	NC_000962-3798596-G	0.884303
NC_000962-694531-G	NC_000962-3846791-G	0.845702
NC_000962-694531-G	NC_000962-3883178-C	0.993749
NC_000962-694531-G	NC_000962-3979990-G	0.892978
NC_000962-694531-G	NC_000962-3993058-A	0.893344
NC_000962-694531-G	NC_000962-4050811-A	0.899322
NC_000962-694531-G	NC_000962-4174131-C	0.890273
NC_000962-694531-G	NC_000962-4186678-A	0.900107
NC_000962-694531-G	NC_000962-4205325-G	0.892978
NC_000962-694531-G	NC_000962-4215433-T	0.443574
NC_000962-694531-G	NC_000962-4252066-C	0.900736
NC_000962-694531-G	NC_000962-4254431-A	0.892047
NC_000962-694531-G	NC_000962-4267647-C	0.891681
NC_000962-694531-G	NC_000962-4274541-A	0.246411
NC_000962-694531-G	NC_000962-4284429-A	0.892667
NC_000962-694531-G	NC_000962-4290135-T	0.891879
NC_000962-694531-G	NC_000962-4301075-C	0.893034
NC_000962-694531-G	NC_000962-4308395-A	0.892357
NC_000962-694531-G	NC_000962-4340028-C	0.899845
NC_000962-694531-G	NC_000962-4357804-G	0.891625
NC_000962-694531-G	NC_000962-4359653-T	0.899165
NC_000962-694531-G	NC_000962-4378504-C	0.888866
NC_000962-757139-A	NC_000962-761155-T	0.110753
NC_000962-757139-A	NC_000962-811753-T	0.998264
NC_000962-757139-A	NC_000962-861216-G	0.985106
NC_000962-757139-A	NC_000962-940602-G	0.9948
NC_000962-757139-A	NC_000962-941722-G	0.395293
NC_000962-757139-A	NC_000962-1034758-T	0.98891
NC_000962-757139-A	NC_000962-1071966-G	0.986141
NC_000962-757139-A	NC_000962-1097442-T	0.987525
NC_000962-757139-A	NC_000962-1151304-A	0.396225
NC_000962-757139-A	NC_000962-1172085-A	0.988219
NC_000962-757139-A	NC_000962-1201581-C	0.995837
NC_000962-757139-A	NC_000962-1288698-A	0.987871
NC_000962-757139-A	NC_000962-1364706-A	0.218718
NC_000962-757139-A	NC_000962-1446733-A	0.396988
NC_000962-757139-A	NC_000962-1523817-T	0.384932
NC_000962-757139-A	NC_000962-1678706-C	0.997223
NC_000962-757139-A	NC_000962-1695796-T	0.993408
NC_000962-757139-A	NC_000962-1733325-G	0.987872
NC_000962-757139-A	NC_000962-1831220-C	0.99653
NC_000962-757139-A	NC_000962-1831226-G	0.996876
NC_000962-757139-A	NC_000962-1849051-T	0.988562
NC_000962-757139-A	NC_000962-1885385-G	0.985796
NC_000962-757139-A	NC_000962-1887060-G	0.217796
NC_000962-757139-A	NC_000962-1955941-C	0.997223
NC_000962-757139-A	NC_000962-1967543-A	0.997917
NC_000962-757139-A	NC_000962-1980652-T	0.998264
NC_000962-757139-A	NC_000962-2072313-A	0.997224
NC_000962-757139-A	NC_000962-2097270-T	0.987525
NC_000962-757139-A	NC_000962-2337179-T	0.996183
NC_000962-757139-A	NC_000962-2376135-G	0.119042
NC_000962-757139-A	NC_000962-2399734-A	0.996183
NC_000962-757139-A	NC_000962-2510350-G	0.997223
NC_000962-757139-A	NC_000962-2543395-C	0.997918
NC_000962-757139-A	NC_000962-2548700-T	0.979107
NC_000962-757139-A	NC_000962-2586076-G	0.993417
NC_000962-757139-A	NC_000962-2612256-T	0.983725
NC_000962-757139-A	NC_000962-2630740-C	0.943662
NC_000962-757139-A	NC_000962-2668467-A	0.219409
NC_000962-757139-A	NC_000962-2673818-G	0.996183
NC_000962-757139-A	NC_000962-2706663-T	0.988909
NC_000962-757139-A	NC_000962-2789798-T	0.997917
NC_000962-757139-A	NC_000962-2793810-A	0.989254
NC_000962-757139-A	NC_000962-2833329-A	0.997918
NC_000962-757139-A	NC_000962-2838897-G	0.397243
NC_000962-757139-A	NC_000962-2867594-A	0.953252
NC_000962-757139-A	NC_000962-2867756-C	0.942166
NC_000962-757139-A	NC_000962-2948230-A	0.994103
NC_000962-757139-A	NC_000962-2955957-C	0.988562
NC_000962-757139-A	NC_000962-2980861-G	0.969421
NC_000962-757139-A	NC_000962-3009834-G	0.988909
NC_000962-757139-A	NC_000962-3033189-A	0.99757
NC_000962-757139-A	NC_000962-3111476-T	0.994103
NC_000962-757139-A	NC_000962-3276703-G	0.997224
NC_000962-757139-A	NC_000962-3284855-T	0.993769
NC_000962-757139-A	NC_000962-3310174-A	0.394609
NC_000962-757139-A	NC_000962-3487108-T	0.997224
NC_000962-757139-A	NC_000962-3542049-A	0.99757
NC_000962-757139-A	NC_000962-3597249-G	0.997223
NC_000962-757139-A	NC_000962-3612813-C	0.986833
NC_000962-757139-A	NC_000962-3675504-T	0.814196
NC_000962-757139-A	NC_000962-3678249-C	0.997225
NC_000962-757139-A	NC_000962-3798596-G	0.972378
NC_000962-757139-A	NC_000962-3846791-G	0.927766
NC_000962-757139-A	NC_000962-3883178-C	0.892553
NC_000962-757139-A	NC_000962-3979990-G	0.995836
NC_000962-757139-A	NC_000962-3993058-A	0.996877
NC_000962-757139-A	NC_000962-4050811-A	0.987181
NC_000962-757139-A	NC_000962-4174131-C	0.995143
NC_000962-757139-A	NC_000962-4186678-A	0.987179
NC_000962-757139-A	NC_000962-4205325-G	0.997223
NC_000962-757139-A	NC_000962-4215433-T	0.397583
NC_000962-757139-A	NC_000962-4252066-C	0.988564
NC_000962-757139-A	NC_000962-4254431-A	0.996184
NC_000962-757139-A	NC_000962-4267647-C	0.995144
NC_000962-757139-A	NC_000962-4274541-A	0.219974
NC_000962-757139-A	NC_000962-4284429-A	0.998264
NC_000962-757139-A	NC_000962-4290135-T	0.995489
NC_000962-757139-A	NC_000962-4301075-C	0.99653
NC_000962-757139-A	NC_000962-4308395-A	0.995837
NC_000962-757139-A	NC_000962-4340028-C	0.988908
NC_000962-757139-A	NC_000962-4357804-G	0.995836
NC_000962-757139-A	NC_000962-4359653-T	0.98545
NC_000962-757139-A	NC_000962-4378504-C	0.993757
NC_000962-761139-G	NC_000962-1018945-T	0.136627
NC_000962-761155-T	NC_000962-811753-T	0.110685
NC_000962-761155-T	NC_000962-861216-G	0.109703
NC_000962-761155-T	NC_000962-940602-G	0.110415
NC_000962-761155-T	NC_000962-941722-G	0.171026
NC_000962-761155-T	NC_000962-1034758-T	0.10975
NC_000962-761155-T	NC_000962-1071966-G	0.110233
NC_000962-761155-T	NC_000962-1097442-T	0.109866
NC_000962-761155-T	NC_000962-1151304-A	0.169921
NC_000962-761155-T	NC_000962-1172085-A	0.110137
NC_000962-761155-T	NC_000962-1201581-C	0.110869
NC_000962-761155-T	NC_000962-1288698-A	0.110185
NC_000962-761155-T	NC_000962-1446733-A	0.170158
NC_000962-761155-T	NC_000962-1523817-T	0.166573
NC_000962-761155-T	NC_000962-1678706-C	0.110502
NC_000962-761155-T	NC_000962-1695796-T	0.110357
NC_000962-761155-T	NC_000962-1733325-G	0.109818
NC_000962-761155-T	NC_000962-1831220-C	0.110618
NC_000962-761155-T	NC_000962-1831226-G	0.110821
NC_000962-761155-T	NC_000962-1849051-T	0.109914
NC_000962-761155-T	NC_000962-1885385-G	0.109297
NC_000962-761155-T	NC_000962-1955941-C	0.110772
NC_000962-761155-T	NC_000962-1967543-A	0.110753
NC_000962-761155-T	NC_000962-1980652-T	0.110569
NC_000962-761155-T	NC_000962-2072313-A	0.110869
NC_000962-761155-T	NC_000962-2097270-T	0.110504
NC_000962-761155-T	NC_000962-2155168-G	0.340668
NC_000962-761155-T	NC_000962-2337179-T	0.110821
NC_000962-761155-T	NC_000962-2399734-A	0.110685
NC_000962-761155-T	NC_000962-2510350-G	0.111004
NC_000962-761155-T	NC_000962-2543395-C	0.110618
NC_000962-761155-T	NC_000962-2548700-T	0.109945
NC_000962-761155-T	NC_000962-2586076-G	0.109779
NC_000962-761155-T	NC_000962-2612256-T	0.109894
NC_000962-761155-T	NC_000962-2630740-C	0.109891
NC_000962-761155-T	NC_000962-2673818-G	0.110937
NC_000962-761155-T	NC_000962-2706663-T	0.110117
NC_000962-761155-T	NC_000962-2789798-T	0.110753
NC_000962-761155-T	NC_000962-2793810-A	0.109914
NC_000962-761155-T	NC_000962-2833329-A	0.110367
NC_000962-761155-T	NC_000962-2838897-G	0.169993
NC_000962-761155-T	NC_000962-2867594-A	0.106725
NC_000962-761155-T	NC_000962-2867756-C	0.115151
NC_000962-761155-T	NC_000962-2948230-A	0.110569
NC_000962-761155-T	NC_000962-2955957-C	0.109798
NC_000962-761155-T	NC_000962-2980861-G	0.108443
NC_000962-761155-T	NC_000962-3009834-G	0.109615
NC_000962-761155-T	NC_000962-3033189-A	0.110821
NC_000962-761155-T	NC_000962-3111476-T	0.110569
NC_000962-761155-T	NC_000962-3276703-G	0.110869
NC_000962-761155-T	NC_000962-3284855-T	0.110194
NC_000962-761155-T	NC_000962-3310174-A	0.168774
NC_000962-761155-T	NC_000962-3487108-T	0.110367
NC_000962-761155-T	NC_000962-3542049-A	0.110685
NC_000962-761155-T	NC_000962-3597249-G	0.110502
NC_000962-761155-T	NC_000962-3612813-C	0.110504
NC_000962-761155-T	NC_000962-3675504-T	0.10497
NC_000962-761155-T	NC_000962-3678249-C	0.110985
NC_000962-761155-T	NC_000962-3798596-G	0.112139
NC_000962-761155-T	NC_000962-3846791-G	0.10582
NC_000962-761155-T	NC_000962-3883178-C	0.105829
NC_000962-761155-T	NC_000962-3979990-G	0.110753
NC_000962-761155-T	NC_000962-3993058-A	0.110937
NC_000962-761155-T	NC_000962-4050811-A	0.110205
NC_000962-761155-T	NC_000962-4174131-C	0.111256
NC_000962-761155-T	NC_000962-4186678-A	0.109683
NC_000962-761155-T	NC_000962-4205325-G	0.110502
NC_000962-761155-T	NC_000962-4215433-T	0.170158
NC_000962-761155-T	NC_000962-4247429-G	0.151477
NC_000962-761155-T	NC_000962-4252066-C	0.110069
NC_000962-761155-T	NC_000962-4254431-A	0.110801
NC_000962-761155-T	NC_000962-4267647-C	0.11112
NC_000962-761155-T	NC_000962-4284429-A	0.110434
NC_000962-761155-T	NC_000962-4290135-T	0.109952
NC_000962-761155-T	NC_000962-4301075-C	0.110618
NC_000962-761155-T	NC_000962-4308395-A	0.111372
NC_000962-761155-T	NC_000962-4340028-C	0.10948
NC_000962-761155-T	NC_000962-4357804-G	0.110753
NC_000962-761155-T	NC_000962-4359653-T	0.109731
NC_000962-761155-T	NC_000962-4378504-C	0.110637
NC_000962-761161-C	NC_000962-1967844-A	0.25571
NC_000962-761161-C	NC_000962-2401402-T	0.277299
NC_000962-761161-C	NC_000962-2486496-A	0.266081
NC_000962-761161-C	NC_000962-3272997-G	0.277299
NC_000962-761161-C	NC_000962-3633957-C	0.244558
NC_000962-761161-C	NC_000962-3695970-A	0.25571
NC_000962-761161-C	NC_000962-4011950-A	0.264296
NC_000962-761161-C	NC_000962-4409995-A	0.275366
NC_000962-811753-T	NC_000962-861216-G	0.986146
NC_000962-811753-T	NC_000962-940602-G	0.995839
NC_000962-811753-T	NC_000962-941722-G	0.396936
NC_000962-811753-T	NC_000962-1034758-T	0.988566
NC_000962-811753-T	NC_000962-1071966-G	0.987181
NC_000962-811753-T	NC_000962-1097442-T	0.987873
NC_000962-811753-T	NC_000962-1151304-A	0.39787
NC_000962-811753-T	NC_000962-1172085-A	0.988568
NC_000962-811753-T	NC_000962-1201581-C	0.996184
NC_000962-811753-T	NC_000962-1288698-A	0.989604
NC_000962-811753-T	NC_000962-1364706-A	0.219206
NC_000962-811753-T	NC_000962-1446733-A	0.397445
NC_000962-811753-T	NC_000962-1523817-T	0.385962
NC_000962-811753-T	NC_000962-1678706-C	0.996877
NC_000962-811753-T	NC_000962-1695796-T	0.993756
NC_000962-811753-T	NC_000962-1733325-G	0.987529
NC_000962-811753-T	NC_000962-1831220-C	0.997571
NC_000962-811753-T	NC_000962-1831226-G	0.997917
NC_000962-811753-T	NC_000962-1849051-T	0.98891
NC_000962-811753-T	NC_000962-1885385-G	0.986144
NC_000962-811753-T	NC_000962-1887060-G	0.218285
NC_000962-811753-T	NC_000962-1955941-C	0.996183
NC_000962-811753-T	NC_000962-1967543-A	0.996877
NC_000962-811753-T	NC_000962-1980652-T	0.998611
NC_000962-811753-T	NC_000962-2072313-A	0.997571
NC_000962-811753-T	NC_000962-2097270-T	0.987874
NC_000962-811753-T	NC_000962-2337179-T	0.995836
NC_000962-811753-T	NC_000962-2376135-G	0.119001
NC_000962-811753-T	NC_000962-2399734-A	0.995144
NC_000962-811753-T	NC_000962-2510350-G	0.996877
NC_000962-811753-T	NC_000962-2543395-C	0.999653
NC_000962-811753-T	NC_000962-2548700-T	0.980817
NC_000962-811753-T	NC_000962-2586076-G	0.993071
NC_000962-811753-T	NC_000962-2612256-T	0.984072
NC_000962-811753-T	NC_000962-2630740-C	0.94265
NC_000962-811753-T	NC_000962-2668467-A	0.220463
NC_000962-811753-T	NC_000962-2673818-G	0.99653
NC_000962-811753-T	NC_000962-2706663-T	0.98995
NC_000962-811753-T	NC_000962-2789798-T	0.996877
NC_000962-811753-T	NC_000962-2793810-A	0.988218
NC_000962-811753-T	NC_000962-2833329-A	0.997571
NC_000962-811753-T	NC_000962-2838897-G	0.3977
NC_000962-811753-T	NC_000962-2867594-A	0.952239
NC_000962-811753-T	NC_000962-2867756-C	0.941166
NC_000962-811753-T	NC_000962-2948230-A	0.993758
NC_000962-811753-T	NC_000962-2955957-C	0.988911
NC_000962-811753-T	NC_000962-2980861-G	0.971129
NC_000962-811753-T	NC_000962-3009834-G	0.989258
NC_000962-811753-T	NC_000962-3033189-A	0.99653
NC_000962-811753-T	NC_000962-3111476-T	0.995143
NC_000962-811753-T	NC_000962-3276703-G	0.997571
NC_000962-811753-T	NC_000962-3284855-T	0.994806
NC_000962-811753-T	NC_000962-3310174-A	0.395066
NC_000962-811753-T	NC_000962-3487108-T	0.996184
NC_000962-811753-T	NC_000962-3542049-A	0.99653
NC_000962-811753-T	NC_000962-3597249-G	0.99757
NC_000962-811753-T	NC_000962-3612813-C	0.987182
NC_000962-811753-T	NC_000962-3675504-T	0.815239
NC_000962-811753-T	NC_000962-3678249-C	0.996878
NC_000962-811753-T	NC_000962-3798596-G	0.97273
NC_000962-811753-T	NC_000962-3846791-G	0.928764
NC_000962-811753-T	NC_000962-3883178-C	0.893594
NC_000962-811753-T	NC_000962-3979990-G	0.996183
NC_000962-811753-T	NC_000962-3993058-A	0.99653
NC_000962-811753-T	NC_000962-4050811-A	0.986146
NC_000962-811753-T	NC_000962-4174131-C	0.996877
NC_000962-811753-T	NC_000962-4186678-A	0.986836
NC_000962-811753-T	NC_000962-4205325-G	0.996877
NC_000962-811753-T	NC_000962-4215433-T	0.397445
NC_000962-811753-T	NC_000962-4252066-C	0.989606
NC_000962-811753-T	NC_000962-4254431-A	0.997224
NC_000962-811753-T	NC_000962-4267647-C	0.996877
NC_000962-811753-T	NC_000962-4274541-A	0.220463
NC_000962-811753-T	NC_000962-4284429-A	0.997224
NC_000962-811753-T	NC_000962-4290135-T	0.99445
NC_000962-811753-T	NC_000962-4301075-C	0.996877
NC_000962-811753-T	NC_000962-4308395-A	0.996877
NC_000962-811753-T	NC_000962-4340028-C	0.987873
NC_000962-811753-T	NC_000962-4357804-G	0.99549
NC_000962-811753-T	NC_000962-4359653-T	0.985798
NC_000962-811753-T	NC_000962-4378504-C	0.993411
NC_000962-861216-G	NC_000962-940602-G	0.983395
NC_000962-861216-G	NC_000962-941722-G	0.40051
NC_000962-861216-G	NC_000962-1034758-T	0.995467
NC_000962-861216-G	NC_000962-1071966-G	0.991991
NC_000962-861216-G	NC_000962-1097442-T	0.994076
NC_000962-861216-G	NC_000962-1151304-A	0.400851
NC_000962-861216-G	NC_000962-1172085-A	0.995466
NC_000962-861216-G	NC_000962-1201581-C	0.985803
NC_000962-861216-G	NC_000962-1288698-A	0.995816
NC_000962-861216-G	NC_000962-1364706-A	0.22151
NC_000962-861216-G	NC_000962-1446733-A	0.401618
NC_000962-861216-G	NC_000962-1523817-T	0.38947
NC_000962-861216-G	NC_000962-1678706-C	0.986489
NC_000962-861216-G	NC_000962-1695796-T	0.98266
NC_000962-861216-G	NC_000962-1733325-G	0.99303
NC_000962-861216-G	NC_000962-1831220-C	0.986495
NC_000962-861216-G	NC_000962-1831226-G	0.986832
NC_000962-861216-G	NC_000962-1849051-T	0.994427
NC_000962-861216-G	NC_000962-1885385-G	0.991643
NC_000962-861216-G	NC_000962-1887060-G	0.219441
NC_000962-861216-G	NC_000962-1955941-C	0.983711
NC_000962-861216-G	NC_000962-1967543-A	0.986489
NC_000962-861216-G	NC_000962-1980652-T	0.986832
NC_000962-861216-G	NC_000962-2072313-A	0.985803
NC_000962-861216-G	NC_000962-2097270-T	0.994074
NC_000962-861216-G	NC_000962-2337179-T	0.984757
NC_000962-861216-G	NC_000962-2376135-G	0.120805
NC_000962-861216-G	NC_000962-2399734-A	0.984763
NC_000962-861216-G	NC_000962-2510350-G	0.986489
NC_000962-861216-G	NC_000962-2543395-C	0.986495
NC_000962-861216-G	NC_000962-2548700-T	0.969247
NC_000962-861216-G	NC_000962-2586076-G	0.982022
NC_000962-861216-G	NC_000962-2612256-T	0.989567
NC_000962-861216-G	NC_000962-2630740-C	0.947092
NC_000962-861216-G	NC_000962-2668467-A	0.221639
NC_000962-861216-G	NC_000962-2673818-G	0.985455
NC_000962-861216-G	NC_000962-2706663-T	0.994076
NC_000962-861216-G	NC_000962-2789798-T	0.985106
NC_000962-861216-G	NC_000962-2793810-A	0.994427
NC_000962-861216-G	NC_000962-2833329-A	0.985803
NC_000962-861216-G	NC_000962-2838897-G	0.401876
NC_000962-861216-G	NC_000962-2867594-A	0.941241
NC_000962-861216-G	NC_000962-2867756-C	0.928716
NC_000962-861216-G	NC_000962-2948230-A	0.983375
NC_000962-861216-G	NC_000962-2955957-C	0.994425
NC_000962-861216-G	NC_000962-2980861-G	0.977295
NC_000962-861216-G	NC_000962-3009834-G	0.995468
NC_000962-861216-G	NC_000962-3033189-A	0.984066
NC_000962-861216-G	NC_000962-3111476-T	0.984757
NC_000962-861216-G	NC_000962-3276703-G	0.985112
NC_000962-861216-G	NC_000962-3284855-T	0.982387
NC_000962-861216-G	NC_000962-3310174-A	0.398019
NC_000962-861216-G	NC_000962-3487108-T	0.985112
NC_000962-861216-G	NC_000962-3542049-A	0.984072
NC_000962-861216-G	NC_000962-3597249-G	0.986489
NC_000962-861216-G	NC_000962-3612813-C	0.992683
NC_000962-861216-G	NC_000962-3675504-T	0.817803
NC_000962-861216-G	NC_000962-3678249-C	0.984428
NC_000962-861216-G	NC_000962-3798596-G	0.97809
NC_000962-861216-G	NC_000962-3846791-G	0.935413
NC_000962-861216-G	NC_000962-3883178-C	0.899586
NC_000962-861216-G	NC_000962-3979990-G	0.985797
NC_000962-861216-G	NC_000962-3993058-A	0.984072
NC_000962-861216-G	NC_000962-4050811-A	0.993028
NC_000962-861216-G	NC_000962-4174131-C	0.983033
NC_000962-861216-G	NC_000962-4186678-A	0.994423
NC_000962-861216-G	NC_000962-4205325-G	0.984415
NC_000962-861216-G	NC_000962-4215433-T	0.401618
NC_000962-861216-G	NC_000962-4252066-C	0.994422
NC_000962-861216-G	NC_000962-4254431-A	0.986152
NC_000962-861216-G	NC_000962-4267647-C	0.985803
NC_000962-861216-G	NC_000962-4274541-A	0.222779
NC_000962-861216-G	NC_000962-4284429-A	0.985455
NC_000962-861216-G	NC_000962-4290135-T	0.98406
NC_000962-861216-G	NC_000962-4301075-C	0.987187
NC_000962-861216-G	NC_000962-4308395-A	0.985803
NC_000962-861216-G	NC_000962-4340028-C	0.993382
NC_000962-861216-G	NC_000962-4357804-G	0.984415
NC_000962-861216-G	NC_000962-4359653-T	0.993382
NC_000962-861216-G	NC_000962-4378504-C	0.980955
NC_000962-940602-G	NC_000962-941722-G	0.396384
NC_000962-940602-G	NC_000962-1034758-T	0.985811
NC_000962-940602-G	NC_000962-1071966-G	0.984428
NC_000962-940602-G	NC_000962-1097442-T	0.98581
NC_000962-940602-G	NC_000962-1151304-A	0.39613
NC_000962-940602-G	NC_000962-1172085-A	0.986504
NC_000962-940602-G	NC_000962-1201581-C	0.9948
NC_000962-940602-G	NC_000962-1288698-A	0.987539
NC_000962-940602-G	NC_000962-1364706-A	0.218902
NC_000962-940602-G	NC_000962-1446733-A	0.396299
NC_000962-940602-G	NC_000962-1523817-T	0.385421
NC_000962-940602-G	NC_000962-1678706-C	0.9948
NC_000962-940602-G	NC_000962-1695796-T	0.9903
NC_000962-940602-G	NC_000962-1733325-G	0.986157
NC_000962-940602-G	NC_000962-1831220-C	0.996186
NC_000962-940602-G	NC_000962-1831226-G	0.995839
NC_000962-940602-G	NC_000962-1849051-T	0.986845
NC_000962-940602-G	NC_000962-1885385-G	0.983393
NC_000962-940602-G	NC_000962-1887060-G	0.217418
NC_000962-940602-G	NC_000962-1955941-C	0.994107
NC_000962-940602-G	NC_000962-1967543-A	0.995492
NC_000962-940602-G	NC_000962-1980652-T	0.995146
NC_000962-940602-G	NC_000962-2072313-A	0.9948
NC_000962-940602-G	NC_000962-2097270-T	0.985811
NC_000962-940602-G	NC_000962-2337179-T	0.992377
NC_000962-940602-G	NC_000962-2376135-G	0.118836
NC_000962-940602-G	NC_000962-2399734-A	0.994454
NC_000962-940602-G	NC_000962-2510350-G	0.9948
NC_000962-940602-G	NC_000962-2543395-C	0.995493
NC_000962-940602-G	NC_000962-2548700-T	0.97876
NC_000962-940602-G	NC_000962-2586076-G	0.99169
NC_000962-940602-G	NC_000962-2612256-T	0.982704
NC_000962-940602-G	NC_000962-2630740-C	0.939294
NC_000962-940602-G	NC_000962-2668467-A	0.220157
NC_000962-940602-G	NC_000962-2673818-G	0.995839
NC_000962-940602-G	NC_000962-2706663-T	0.987884
NC_000962-940602-G	NC_000962-2789798-T	0.9948
NC_000962-940602-G	NC_000962-2793810-A	0.986845
NC_000962-940602-G	NC_000962-2833329-A	0.9948
NC_000962-940602-G	NC_000962-2838897-G	0.396553
NC_000962-940602-G	NC_000962-2867594-A	0.949548
NC_000962-940602-G	NC_000962-2867756-C	0.939159
NC_000962-940602-G	NC_000962-2948230-A	0.991685
NC_000962-940602-G	NC_000962-2955957-C	0.985464
NC_000962-940602-G	NC_000962-2980861-G	0.967723
NC_000962-940602-G	NC_000962-3009834-G	0.986501
NC_000962-940602-G	NC_000962-3033189-A	0.993761
NC_000962-940602-G	NC_000962-3111476-T	0.994453
NC_000962-940602-G	NC_000962-3276703-G	0.996186
NC_000962-940602-G	NC_000962-3284855-T	0.993423
NC_000962-940602-G	NC_000962-3310174-A	0.393924
NC_000962-940602-G	NC_000962-3487108-T	0.993416
NC_000962-940602-G	NC_000962-3542049-A	0.995146
NC_000962-940602-G	NC_000962-3597249-G	0.9948
NC_000962-940602-G	NC_000962-3612813-C	0.983739
NC_000962-940602-G	NC_000962-3675504-T	0.811459
NC_000962-940602-G	NC_000962-3678249-C	0.994801
NC_000962-940602-G	NC_000962-3798596-G	0.970691
NC_000962-940602-G	NC_000962-3846791-G	0.926116
NC_000962-940602-G	NC_000962-3883178-C	0.891002
NC_000962-940602-G	NC_000962-3979990-G	0.994107
NC_000962-940602-G	NC_000962-3993058-A	0.995146
NC_000962-940602-G	NC_000962-4050811-A	0.985467
NC_000962-940602-G	NC_000962-4174131-C	0.993415
NC_000962-940602-G	NC_000962-4186678-A	0.984774
NC_000962-940602-G	NC_000962-4205325-G	0.993415
NC_000962-940602-G	NC_000962-4215433-T	0.396299
NC_000962-940602-G	NC_000962-4252066-C	0.986849
NC_000962-940602-G	NC_000962-4254431-A	0.995147
NC_000962-940602-G	NC_000962-4267647-C	0.9948
NC_000962-940602-G	NC_000962-4274541-A	0.220157
NC_000962-940602-G	NC_000962-4284429-A	0.994454
NC_000962-940602-G	NC_000962-4290135-T	0.993068
NC_000962-940602-G	NC_000962-4301075-C	0.9948
NC_000962-940602-G	NC_000962-4308395-A	0.9948
NC_000962-940602-G	NC_000962-4340028-C	0.985119
NC_000962-940602-G	NC_000962-4357804-G	0.994107
NC_000962-940602-G	NC_000962-4359653-T	0.984428
NC_000962-940602-G	NC_000962-4378504-C	0.991339
NC_000962-941722-G	NC_000962-1034758-T	0.399493
NC_000962-941722-G	NC_000962-1071966-G	0.400129
NC_000962-941722-G	NC_000962-1097442-T	0.399811
NC_000962-941722-G	NC_000962-1151304-A	0.996802
NC_000962-941722-G	NC_000962-1172085-A	0.399772
NC_000962-941722-G	NC_000962-1201581-C	0.396204
NC_000962-941722-G	NC_000962-1288698-A	0.400549
NC_000962-941722-G	NC_000962-1364706-A	0.551194
NC_000962-941722-G	NC_000962-1446733-A	0.996802
NC_000962-941722-G	NC_000962-1523817-T	0.974075
NC_000962-941722-G	NC_000962-1678706-C	0.395886
NC_000962-941722-G	NC_000962-1695796-T	0.397129
NC_000962-941722-G	NC_000962-1733325-G	0.399035
NC_000962-941722-G	NC_000962-1831220-C	0.396204
NC_000962-941722-G	NC_000962-1831226-G	0.396618
NC_000962-941722-G	NC_000962-1849051-T	0.399392
NC_000962-941722-G	NC_000962-1885385-G	0.397285
NC_000962-941722-G	NC_000962-1887060-G	0.545241
NC_000962-941722-G	NC_000962-1955941-C	0.395251
NC_000962-941722-G	NC_000962-1967543-A	0.395293
NC_000962-941722-G	NC_000962-1980652-T	0.396024
NC_000962-941722-G	NC_000962-2072313-A	0.395611
NC_000962-941722-G	NC_000962-2097270-T	0.40009
NC_000962-941722-G	NC_000962-2155168-G	0.113822
NC_000962-941722-G	NC_000962-2337179-T	0.396024
NC_000962-941722-G	NC_000962-2399734-A	0.395156
NC_000962-941722-G	NC_000962-2510350-G	0.395293
NC_000962-941722-G	NC_000962-2543395-C	0.396798
NC_000962-941722-G	NC_000962-2548700-T	0.390444
NC_000962-941722-G	NC_000962-2586076-G	0.394924
NC_000962-941722-G	NC_000962-2612256-T	0.398239
NC_000962-941722-G	NC_000962-2630740-C	0.397753
NC_000962-941722-G	NC_000962-2668467-A	0.551712
NC_000962-941722-G	NC_000962-2673818-G	0.395749
NC_000962-941722-G	NC_000962-2706663-T	0.400409
NC_000962-941722-G	NC_000962-2789798-T	0.395886
NC_000962-941722-G	NC_000962-2793810-A	0.398795
NC_000962-941722-G	NC_000962-2833329-A	0.395611
NC_000962-941722-G	NC_000962-2838897-G	0.996162
NC_000962-941722-G	NC_000962-2867594-A	0.385958
NC_000962-941722-G	NC_000962-2867756-C	0.373477
NC_000962-941722-G	NC_000962-2948230-A	0.393654
NC_000962-941722-G	NC_000962-2955957-C	0.399671
NC_000962-941722-G	NC_000962-2980861-G	0.393372
NC_000962-941722-G	NC_000962-3009834-G	0.399214
NC_000962-941722-G	NC_000962-3033189-A	0.395431
NC_000962-941722-G	NC_000962-3111476-T	0.396024
NC_000962-941722-G	NC_000962-3276703-G	0.395611
NC_000962-941722-G	NC_000962-3284855-T	0.39483
NC_000962-941722-G	NC_000962-3310174-A	0.989772
NC_000962-941722-G	NC_000962-3487108-T	0.395018
NC_000962-941722-G	NC_000962-3542049-A	0.395156
NC_000962-941722-G	NC_000962-3597249-G	0.395886
NC_000962-941722-G	NC_000962-3612813-C	0.399493
NC_000962-941722-G	NC_000962-3675504-T	0.48432
NC_000962-941722-G	NC_000962-3678249-C	0.395929
NC_000962-941722-G	NC_000962-3798596-G	0.406603
NC_000962-941722-G	NC_000962-3846791-G	0.3802
NC_000962-941722-G	NC_000962-3883178-C	0.441906
NC_000962-941722-G	NC_000962-3979990-G	0.395886
NC_000962-941722-G	NC_000962-3993058-A	0.395749
NC_000962-941722-G	NC_000962-4050811-A	0.398121
NC_000962-941722-G	NC_000962-4174131-C	0.397074
NC_000962-941722-G	NC_000962-4186678-A	0.399353
NC_000962-941722-G	NC_000962-4205325-G	0.395293
NC_000962-941722-G	NC_000962-4215433-T	0.995523
NC_000962-941722-G	NC_000962-4252066-C	0.399633
NC_000962-941722-G	NC_000962-4254431-A	0.396066
NC_000962-941722-G	NC_000962-4267647-C	0.397392
NC_000962-941722-G	NC_000962-4274541-A	0.552928
NC_000962-941722-G	NC_000962-4284429-A	0.395156
NC_000962-941722-G	NC_000962-4290135-T	0.395113
NC_000962-941722-G	NC_000962-4301075-C	0.396204
NC_000962-941722-G	NC_000962-4308395-A	0.396798
NC_000962-941722-G	NC_000962-4340028-C	0.398338
NC_000962-941722-G	NC_000962-4357804-G	0.395886
NC_000962-941722-G	NC_000962-4359653-T	0.398935
NC_000962-941722-G	NC_000962-4378504-C	0.396162
NC_000962-1018945-T	NC_000962-4243221-T	0.131285
NC_000962-1034758-T	NC_000962-1071966-G	0.993731
NC_000962-1034758-T	NC_000962-1097442-T	0.997211
NC_000962-1034758-T	NC_000962-1151304-A	0.399833
NC_000962-1034758-T	NC_000962-1172085-A	0.997907
NC_000962-1034758-T	NC_000962-1201581-C	0.987531
NC_000962-1034758-T	NC_000962-1288698-A	0.997559
NC_000962-1034758-T	NC_000962-1364706-A	0.220709
NC_000962-1034758-T	NC_000962-1446733-A	0.401198
NC_000962-1034758-T	NC_000962-1523817-T	0.389058
NC_000962-1034758-T	NC_000962-1678706-C	0.98891
NC_000962-1034758-T	NC_000962-1695796-T	0.985773
NC_000962-1034758-T	NC_000962-1733325-G	0.996164
NC_000962-1034758-T	NC_000962-1831220-C	0.988223
NC_000962-1034758-T	NC_000962-1831226-G	0.988561
NC_000962-1034758-T	NC_000962-1849051-T	0.996864
NC_000962-1034758-T	NC_000962-1885385-G	0.993382
NC_000962-1034758-T	NC_000962-1887060-G	0.218644
NC_000962-1034758-T	NC_000962-1955941-C	0.987515
NC_000962-1034758-T	NC_000962-1967543-A	0.989602
NC_000962-1034758-T	NC_000962-1980652-T	0.988561
NC_000962-1034758-T	NC_000962-2072313-A	0.987531
NC_000962-1034758-T	NC_000962-2097270-T	0.995816
NC_000962-1034758-T	NC_000962-2337179-T	0.987869
NC_000962-1034758-T	NC_000962-2376135-G	0.120126
NC_000962-1034758-T	NC_000962-2399734-A	0.987874
NC_000962-1034758-T	NC_000962-2510350-G	0.98891
NC_000962-1034758-T	NC_000962-2543395-C	0.988915
NC_000962-1034758-T	NC_000962-2548700-T	0.970948
NC_000962-1034758-T	NC_000962-2586076-G	0.984436
NC_000962-1034758-T	NC_000962-2612256-T	0.992693
NC_000962-1034758-T	NC_000962-2630740-C	0.950211
NC_000962-1034758-T	NC_000962-2668467-A	0.220839
NC_000962-1034758-T	NC_000962-2673818-G	0.987874
NC_000962-1034758-T	NC_000962-2706663-T	0.997211
NC_000962-1034758-T	NC_000962-2789798-T	0.98891
NC_000962-1034758-T	NC_000962-2793810-A	0.99756
NC_000962-1034758-T	NC_000962-2833329-A	0.988915
NC_000962-1034758-T	NC_000962-2838897-G	0.400856
NC_000962-1034758-T	NC_000962-2867594-A	0.944981
NC_000962-1034758-T	NC_000962-2867756-C	0.932341
NC_000962-1034758-T	NC_000962-2948230-A	0.985102
NC_000962-1034758-T	NC_000962-2955957-C	0.996166
NC_000962-1034758-T	NC_000962-2980861-G	0.979009
NC_000962-1034758-T	NC_000962-3009834-G	0.997211
NC_000962-1034758-T	NC_000962-3033189-A	0.987869
NC_000962-1034758-T	NC_000962-3111476-T	0.986485
NC_000962-1034758-T	NC_000962-3276703-G	0.987531
NC_000962-1034758-T	NC_000962-3284855-T	0.984109
NC_000962-1034758-T	NC_000962-3310174-A	0.397602
NC_000962-1034758-T	NC_000962-3487108-T	0.988915
NC_000962-1034758-T	NC_000962-3542049-A	0.987874
NC_000962-1034758-T	NC_000962-3597249-G	0.988217
NC_000962-1034758-T	NC_000962-3612813-C	0.99512
NC_000962-1034758-T	NC_000962-3675504-T	0.820943
NC_000962-1034758-T	NC_000962-3678249-C	0.986845
NC_000962-1034758-T	NC_000962-3798596-G	0.981227
NC_000962-1034758-T	NC_000962-3846791-G	0.937753
NC_000962-1034758-T	NC_000962-3883178-C	0.901363
NC_000962-1034758-T	NC_000962-3979990-G	0.987525
NC_000962-1034758-T	NC_000962-3993058-A	0.987874
NC_000962-1034758-T	NC_000962-4050811-A	0.996164
NC_000962-1034758-T	NC_000962-4174131-C	0.98545
NC_000962-1034758-T	NC_000962-4186678-A	0.997559
NC_000962-1034758-T	NC_000962-4205325-G	0.987525
NC_000962-1034758-T	NC_000962-4215433-T	0.401198
NC_000962-1034758-T	NC_000962-4252066-C	0.996164
NC_000962-1034758-T	NC_000962-4254431-A	0.98788
NC_000962-1034758-T	NC_000962-4267647-C	0.987531
NC_000962-1034758-T	NC_000962-4274541-A	0.221976
NC_000962-1034758-T	NC_000962-4284429-A	0.989259
NC_000962-1034758-T	NC_000962-4290135-T	0.987171
NC_000962-1034758-T	NC_000962-4301075-C	0.988915
NC_000962-1034758-T	NC_000962-4308395-A	0.987531
NC_000962-1034758-T	NC_000962-4340028-C	0.997211
NC_000962-1034758-T	NC_000962-4357804-G	0.986142
NC_000962-1034758-T	NC_000962-4359653-T	0.995122
NC_000962-1034758-T	NC_000962-4378504-C	0.984063
NC_000962-1071966-G	NC_000962-1097442-T	0.994427
NC_000962-1071966-G	NC_000962-1151304-A	0.40047
NC_000962-1071966-G	NC_000962-1172085-A	0.994426
NC_000962-1071966-G	NC_000962-1201581-C	0.985455
NC_000962-1071966-G	NC_000962-1288698-A	0.99547
NC_000962-1071966-G	NC_000962-1364706-A	0.221538
NC_000962-1071966-G	NC_000962-1446733-A	0.40004
NC_000962-1071966-G	NC_000962-1523817-T	0.38851
NC_000962-1071966-G	NC_000962-1678706-C	0.98545
NC_000962-1071966-G	NC_000962-1695796-T	0.98301
NC_000962-1071966-G	NC_000962-1733325-G	0.994078
NC_000962-1071966-G	NC_000962-1831220-C	0.986146
NC_000962-1071966-G	NC_000962-1831226-G	0.987176
NC_000962-1071966-G	NC_000962-1849051-T	0.996168
NC_000962-1071966-G	NC_000962-1885385-G	0.992689
NC_000962-1071966-G	NC_000962-1887060-G	0.22004
NC_000962-1071966-G	NC_000962-1955941-C	0.984749
NC_000962-1071966-G	NC_000962-1967543-A	0.986833
NC_000962-1071966-G	NC_000962-1980652-T	0.987176
NC_000962-1071966-G	NC_000962-2072313-A	0.986838
NC_000962-1071966-G	NC_000962-2097270-T	0.995122
NC_000962-1071966-G	NC_000962-2337179-T	0.985793
NC_000962-1071966-G	NC_000962-2376135-G	0.117763
NC_000962-1071966-G	NC_000962-2399734-A	0.985798
NC_000962-1071966-G	NC_000962-2510350-G	0.986833
NC_000962-1071966-G	NC_000962-2543395-C	0.987529
NC_000962-1071966-G	NC_000962-2548700-T	0.968893
NC_000962-1071966-G	NC_000962-2586076-G	0.982365
NC_000962-1071966-G	NC_000962-2612256-T	0.989224
NC_000962-1071966-G	NC_000962-2630740-C	0.946139
NC_000962-1071966-G	NC_000962-2668467-A	0.222235
NC_000962-1071966-G	NC_000962-2673818-G	0.985798
NC_000962-1071966-G	NC_000962-2706663-T	0.995123
NC_000962-1071966-G	NC_000962-2789798-T	0.98545
NC_000962-1071966-G	NC_000962-2793810-A	0.994776
NC_000962-1071966-G	NC_000962-2833329-A	0.986838
NC_000962-1071966-G	NC_000962-2838897-G	0.400896
NC_000962-1071966-G	NC_000962-2867594-A	0.940261
NC_000962-1071966-G	NC_000962-2867756-C	0.930997
NC_000962-1071966-G	NC_000962-2948230-A	0.98303
NC_000962-1071966-G	NC_000962-2955957-C	0.995471
NC_000962-1071966-G	NC_000962-2980861-G	0.976258
NC_000962-1071966-G	NC_000962-3009834-G	0.995819
NC_000962-1071966-G	NC_000962-3033189-A	0.986484
NC_000962-1071966-G	NC_000962-3111476-T	0.984411
NC_000962-1071966-G	NC_000962-3276703-G	0.986838
NC_000962-1071966-G	NC_000962-3284855-T	0.983416
NC_000962-1071966-G	NC_000962-3310174-A	0.398242
NC_000962-1071966-G	NC_000962-3487108-T	0.984765
NC_000962-1071966-G	NC_000962-3542049-A	0.985798
NC_000962-1071966-G	NC_000962-3597249-G	0.986833
NC_000962-1071966-G	NC_000962-3612813-C	0.994426
NC_000962-1071966-G	NC_000962-3675504-T	0.81913
NC_000962-1071966-G	NC_000962-3678249-C	0.987534
NC_000962-1071966-G	NC_000962-3798596-G	0.977778
NC_000962-1071966-G	NC_000962-3846791-G	0.934408
NC_000962-1071966-G	NC_000962-3883178-C	0.899425
NC_000962-1071966-G	NC_000962-3979990-G	0.986141
NC_000962-1071966-G	NC_000962-3993058-A	0.985107
NC_000962-1071966-G	NC_000962-4050811-A	0.993382
NC_000962-1071966-G	NC_000962-4174131-C	0.986141
NC_000962-1071966-G	NC_000962-4186678-A	0.993383
NC_000962-1071966-G	NC_000962-4205325-G	0.984759
NC_000962-1071966-G	NC_000962-4215433-T	0.400639
NC_000962-1071966-G	NC_000962-4252066-C	0.99547
NC_000962-1071966-G	NC_000962-4254431-A	0.987186
NC_000962-1071966-G	NC_000962-4267647-C	0.986838
NC_000962-1071966-G	NC_000962-4274541-A	0.222235
NC_000962-1071966-G	NC_000962-4284429-A	0.985798
NC_000962-1071966-G	NC_000962-4290135-T	0.983715
NC_000962-1071966-G	NC_000962-4301075-C	0.986146
NC_000962-1071966-G	NC_000962-4308395-A	0.986838
NC_000962-1071966-G	NC_000962-4340028-C	0.994428
NC_000962-1071966-G	NC_000962-4357804-G	0.984759
NC_000962-1071966-G	NC_000962-4359653-T	0.993732
NC_000962-1071966-G	NC_000962-4378504-C	0.982682
NC_000962-1097442-T	NC_000962-1151304-A	0.400151
NC_000962-1097442-T	NC_000962-1172085-A	0.996513
NC_000962-1097442-T	NC_000962-1201581-C	0.98753
NC_000962-1097442-T	NC_000962-1288698-A	0.996862
NC_000962-1097442-T	NC_000962-1364706-A	0.221123
NC_000962-1097442-T	NC_000962-1446733-A	0.400918
NC_000962-1097442-T	NC_000962-1523817-T	0.388784
NC_000962-1097442-T	NC_000962-1678706-C	0.988217
NC_000962-1097442-T	NC_000962-1695796-T	0.983699
NC_000962-1097442-T	NC_000962-1733325-G	0.995469
NC_000962-1097442-T	NC_000962-1831220-C	0.98753
NC_000962-1097442-T	NC_000962-1831226-G	0.98856
NC_000962-1097442-T	NC_000962-1849051-T	0.996167
NC_000962-1097442-T	NC_000962-1885385-G	0.994078
NC_000962-1097442-T	NC_000962-1887060-G	0.219058
NC_000962-1097442-T	NC_000962-1955941-C	0.986131
NC_000962-1097442-T	NC_000962-1967543-A	0.988909
NC_000962-1097442-T	NC_000962-1980652-T	0.987868
NC_000962-1097442-T	NC_000962-2072313-A	0.986838
NC_000962-1097442-T	NC_000962-2097270-T	0.995817
NC_000962-1097442-T	NC_000962-2337179-T	0.986484
NC_000962-1097442-T	NC_000962-2376135-G	0.119491
NC_000962-1097442-T	NC_000962-2399734-A	0.98649
NC_000962-1097442-T	NC_000962-2510350-G	0.988217
NC_000962-1097442-T	NC_000962-2543395-C	0.988222
NC_000962-1097442-T	NC_000962-2548700-T	0.969579
NC_000962-1097442-T	NC_000962-2586076-G	0.984435
NC_000962-1097442-T	NC_000962-2612256-T	0.991999
NC_000962-1097442-T	NC_000962-2630740-C	0.948173
NC_000962-1097442-T	NC_000962-2668467-A	0.221252
NC_000962-1097442-T	NC_000962-2673818-G	0.987181
NC_000962-1097442-T	NC_000962-2706663-T	0.997211
NC_000962-1097442-T	NC_000962-2789798-T	0.987525
NC_000962-1097442-T	NC_000962-2793810-A	0.996864
NC_000962-1097442-T	NC_000962-2833329-A	0.988222
NC_000962-1097442-T	NC_000962-2838897-G	0.401175
NC_000962-1097442-T	NC_000962-2867594-A	0.942957
NC_000962-1097442-T	NC_000962-2867756-C	0.931669
NC_000962-1097442-T	NC_000962-2948230-A	0.984411
NC_000962-1097442-T	NC_000962-2955957-C	0.994774
NC_000962-1097442-T	NC_000962-2980861-G	0.97832
NC_000962-1097442-T	NC_000962-3009834-G	0.996514
NC_000962-1097442-T	NC_000962-3033189-A	0.987176
NC_000962-1097442-T	NC_000962-3111476-T	0.986484
NC_000962-1097442-T	NC_000962-3276703-G	0.986838
NC_000962-1097442-T	NC_000962-3284855-T	0.983417
NC_000962-1097442-T	NC_000962-3310174-A	0.397324
NC_000962-1097442-T	NC_000962-3487108-T	0.98753
NC_000962-1097442-T	NC_000962-3542049-A	0.987181
NC_000962-1097442-T	NC_000962-3597249-G	0.987525
NC_000962-1097442-T	NC_000962-3612813-C	0.994425
NC_000962-1097442-T	NC_000962-3675504-T	0.820369
NC_000962-1097442-T	NC_000962-3678249-C	0.987535
NC_000962-1097442-T	NC_000962-3798596-G	0.981236
NC_000962-1097442-T	NC_000962-3846791-G	0.937083
NC_000962-1097442-T	NC_000962-3883178-C	0.900053
NC_000962-1097442-T	NC_000962-3979990-G	0.986833
NC_000962-1097442-T	NC_000962-3993058-A	0.98649
NC_000962-1097442-T	NC_000962-4050811-A	0.995468
NC_000962-1097442-T	NC_000962-4174131-C	0.98545
NC_000962-1097442-T	NC_000962-4186678-A	0.996166
NC_000962-1097442-T	NC_000962-4205325-G	0.986141
NC_000962-1097442-T	NC_000962-4215433-T	0.400918
NC_000962-1097442-T	NC_000962-4252066-C	0.995469
NC_000962-1097442-T	NC_000962-4254431-A	0.989263
NC_000962-1097442-T	NC_000962-4267647-C	0.98753
NC_000962-1097442-T	NC_000962-4274541-A	0.22239
NC_000962-1097442-T	NC_000962-4284429-A	0.987873
NC_000962-1097442-T	NC_000962-4290135-T	0.985096
NC_000962-1097442-T	NC_000962-4301075-C	0.98753
NC_000962-1097442-T	NC_000962-4308395-A	0.98753
NC_000962-1097442-T	NC_000962-4340028-C	0.995123
NC_000962-1097442-T	NC_000962-4357804-G	0.986141
NC_000962-1097442-T	NC_000962-4359653-T	0.994427
NC_000962-1097442-T	NC_000962-4378504-C	0.983372
NC_000962-1151304-A	NC_000962-1172085-A	0.400113
NC_000962-1151304-A	NC_000962-1201581-C	0.396543
NC_000962-1151304-A	NC_000962-1288698-A	0.40089
NC_000962-1151304-A	NC_000962-1364706-A	0.55033
NC_000962-1151304-A	NC_000962-1446733-A	0.99744
NC_000962-1151304-A	NC_000962-1523817-T	0.973443
NC_000962-1151304-A	NC_000962-1678706-C	0.396819
NC_000962-1151304-A	NC_000962-1695796-T	0.397468
NC_000962-1151304-A	NC_000962-1733325-G	0.399375
NC_000962-1151304-A	NC_000962-1831220-C	0.396543
NC_000962-1151304-A	NC_000962-1831226-G	0.396957
NC_000962-1151304-A	NC_000962-1849051-T	0.399733
NC_000962-1151304-A	NC_000962-1885385-G	0.398817
NC_000962-1151304-A	NC_000962-1887060-G	0.546803
NC_000962-1151304-A	NC_000962-1955941-C	0.395589
NC_000962-1151304-A	NC_000962-1967543-A	0.395631
NC_000962-1151304-A	NC_000962-1980652-T	0.396957
NC_000962-1151304-A	NC_000962-2072313-A	0.396543
NC_000962-1151304-A	NC_000962-2097270-T	0.399833
NC_000962-1151304-A	NC_000962-2155168-G	0.11304
NC_000962-1151304-A	NC_000962-2337179-T	0.395769
NC_000962-1151304-A	NC_000962-2399734-A	0.394901
NC_000962-1151304-A	NC_000962-2510350-G	0.395631
NC_000962-1151304-A	NC_000962-2543395-C	0.397731
NC_000962-1151304-A	NC_000962-2548700-T	0.39078
NC_000962-1151304-A	NC_000962-2586076-G	0.395262
NC_000962-1151304-A	NC_000962-2612256-T	0.398578
NC_000962-1151304-A	NC_000962-2630740-C	0.398691
NC_000962-1151304-A	NC_000962-2668467-A	0.552065
NC_000962-1151304-A	NC_000962-2673818-G	0.396087
NC_000962-1151304-A	NC_000962-2706663-T	0.40075
NC_000962-1151304-A	NC_000962-2789798-T	0.395631
NC_000962-1151304-A	NC_000962-2793810-A	0.399733
NC_000962-1151304-A	NC_000962-2833329-A	0.395949
NC_000962-1151304-A	NC_000962-2838897-G	0.9968
NC_000962-1151304-A	NC_000962-2867594-A	0.386289
NC_000962-1151304-A	NC_000962-2867756-C	0.373804
NC_000962-1151304-A	NC_000962-2948230-A	0.394583
NC_000962-1151304-A	NC_000962-2955957-C	0.400012
NC_000962-1151304-A	NC_000962-2980861-G	0.39371
NC_000962-1151304-A	NC_000962-3009834-G	0.399554
NC_000962-1151304-A	NC_000962-3033189-A	0.395769
NC_000962-1151304-A	NC_000962-3111476-T	0.396363
NC_000962-1151304-A	NC_000962-3276703-G	0.395949
NC_000962-1151304-A	NC_000962-3284855-T	0.395168
NC_000962-1151304-A	NC_000962-3310174-A	0.990406
NC_000962-1151304-A	NC_000962-3487108-T	0.395356
NC_000962-1151304-A	NC_000962-3542049-A	0.395494
NC_000962-1151304-A	NC_000962-3597249-G	0.396819
NC_000962-1151304-A	NC_000962-3612813-C	0.399833
NC_000962-1151304-A	NC_000962-3675504-T	0.486092
NC_000962-1151304-A	NC_000962-3678249-C	0.396267
NC_000962-1151304-A	NC_000962-3798596-G	0.406946
NC_000962-1151304-A	NC_000962-3846791-G	0.380529
NC_000962-1151304-A	NC_000962-3883178-C	0.441623
NC_000962-1151304-A	NC_000962-3979990-G	0.396225
NC_000962-1151304-A	NC_000962-3993058-A	0.396087
NC_000962-1151304-A	NC_000962-4050811-A	0.39846
NC_000962-1151304-A	NC_000962-4174131-C	0.397413
NC_000962-1151304-A	NC_000962-4186678-A	0.399693
NC_000962-1151304-A	NC_000962-4205325-G	0.396225
NC_000962-1151304-A	NC_000962-4215433-T	0.99616
NC_000962-1151304-A	NC_000962-4252066-C	0.399973
NC_000962-1151304-A	NC_000962-4254431-A	0.396405
NC_000962-1151304-A	NC_000962-4267647-C	0.397137
NC_000962-1151304-A	NC_000962-4274541-A	0.553282
NC_000962-1151304-A	NC_000962-4284429-A	0.395494
NC_000962-1151304-A	NC_000962-4290135-T	0.395451
NC_000962-1151304-A	NC_000962-4301075-C	0.396543
NC_000962-1151304-A	NC_000962-4308395-A	0.396543
NC_000962-1151304-A	NC_000962-4340028-C	0.399275
NC_000962-1151304-A	NC_000962-4357804-G	0.396225
NC_000962-1151304-A	NC_000962-4359653-T	0.399872
NC_000962-1151304-A	NC_000962-4378504-C	0.397095
NC_000962-1172085-A	NC_000962-1201581-C	0.988917
NC_000962-1172085-A	NC_000962-1288698-A	0.998953
NC_000962-1172085-A	NC_000962-1364706-A	0.220863
NC_000962-1172085-A	NC_000962-1446733-A	0.401478
NC_000962-1172085-A	NC_000962-1523817-T	0.389333
NC_000962-1172085-A	NC_000962-1678706-C	0.988911
NC_000962-1172085-A	NC_000962-1695796-T	0.98508
NC_000962-1172085-A	NC_000962-1733325-G	0.996861
NC_000962-1172085-A	NC_000962-1831220-C	0.989609
NC_000962-1172085-A	NC_000962-1831226-G	0.989948
NC_000962-1172085-A	NC_000962-1849051-T	0.997561
NC_000962-1172085-A	NC_000962-1885385-G	0.995469
NC_000962-1172085-A	NC_000962-1887060-G	0.218797
NC_000962-1172085-A	NC_000962-1955941-C	0.986823
NC_000962-1172085-A	NC_000962-1967543-A	0.989604
NC_000962-1172085-A	NC_000962-1980652-T	0.989255
NC_000962-1172085-A	NC_000962-2072313-A	0.988917
NC_000962-1172085-A	NC_000962-2097270-T	0.99721
NC_000962-1172085-A	NC_000962-2337179-T	0.987177
NC_000962-1172085-A	NC_000962-2376135-G	0.12021
NC_000962-1172085-A	NC_000962-2399734-A	0.987875
NC_000962-1172085-A	NC_000962-2510350-G	0.989604
NC_000962-1172085-A	NC_000962-2543395-C	0.988224
NC_000962-1172085-A	NC_000962-2548700-T	0.971635
NC_000962-1172085-A	NC_000962-2586076-G	0.985128
NC_000962-1172085-A	NC_000962-2612256-T	0.992693
NC_000962-1172085-A	NC_000962-2630740-C	0.949504
NC_000962-1172085-A	NC_000962-2668467-A	0.220993
NC_000962-1172085-A	NC_000962-2673818-G	0.988568
NC_000962-1172085-A	NC_000962-2706663-T	0.997908
NC_000962-1172085-A	NC_000962-2789798-T	0.988219
NC_000962-1172085-A	NC_000962-2793810-A	0.997561
NC_000962-1172085-A	NC_000962-2833329-A	0.987532
NC_000962-1172085-A	NC_000962-2838897-G	0.401136
NC_000962-1172085-A	NC_000962-2867594-A	0.944972
NC_000962-1172085-A	NC_000962-2867756-C	0.933014
NC_000962-1172085-A	NC_000962-2948230-A	0.986486
NC_000962-1172085-A	NC_000962-2955957-C	0.996862
NC_000962-1172085-A	NC_000962-2980861-G	0.979012
NC_000962-1172085-A	NC_000962-3009834-G	0.99721
NC_000962-1172085-A	NC_000962-3033189-A	0.98787
NC_000962-1172085-A	NC_000962-3111476-T	0.987177
NC_000962-1172085-A	NC_000962-3276703-G	0.988917
NC_000962-1172085-A	NC_000962-3284855-T	0.984801
NC_000962-1172085-A	NC_000962-3310174-A	0.39788
NC_000962-1172085-A	NC_000962-3487108-T	0.987532
NC_000962-1172085-A	NC_000962-3542049-A	0.988568
NC_000962-1172085-A	NC_000962-3597249-G	0.988911
NC_000962-1172085-A	NC_000962-3612813-C	0.996512
NC_000962-1172085-A	NC_000962-3675504-T	0.820183
NC_000962-1172085-A	NC_000962-3678249-C	0.987538
NC_000962-1172085-A	NC_000962-3798596-G	0.981913
NC_000962-1172085-A	NC_000962-3846791-G	0.937755
NC_000962-1172085-A	NC_000962-3883178-C	0.901994
NC_000962-1172085-A	NC_000962-3979990-G	0.988219
NC_000962-1172085-A	NC_000962-3993058-A	0.988568
NC_000962-1172085-A	NC_000962-4050811-A	0.996163
NC_000962-1172085-A	NC_000962-4174131-C	0.986834
NC_000962-1172085-A	NC_000962-4186678-A	0.996165
NC_000962-1172085-A	NC_000962-4205325-G	0.988219
NC_000962-1172085-A	NC_000962-4215433-T	0.401478
NC_000962-1172085-A	NC_000962-4252066-C	0.996861
NC_000962-1172085-A	NC_000962-4254431-A	0.988573
NC_000962-1172085-A	NC_000962-4267647-C	0.988224
NC_000962-1172085-A	NC_000962-4274541-A	0.222131
NC_000962-1172085-A	NC_000962-4284429-A	0.987875
NC_000962-1172085-A	NC_000962-4290135-T	0.987172
NC_000962-1172085-A	NC_000962-4301075-C	0.988224
NC_000962-1172085-A	NC_000962-4308395-A	0.988917
NC_000962-1172085-A	NC_000962-4340028-C	0.995818
NC_000962-1172085-A	NC_000962-4357804-G	0.987526
NC_000962-1172085-A	NC_000962-4359653-T	0.995818
NC_000962-1172085-A	NC_000962-4378504-C	0.982681
NC_000962-1201581-C	NC_000962-1288698-A	0.989261
NC_000962-1201581-C	NC_000962-1364706-A	0.21913
NC_000962-1201581-C	NC_000962-1446733-A	0.396712
NC_000962-1201581-C	NC_000962-1523817-T	0.385244
NC_000962-1201581-C	NC_000962-1678706-C	0.998611
NC_000962-1201581-C	NC_000962-1695796-T	0.992718
NC_000962-1201581-C	NC_000962-1733325-G	0.986494
NC_000962-1201581-C	NC_000962-1831220-C	0.997224
NC_000962-1201581-C	NC_000962-1831226-G	0.997571
NC_000962-1201581-C	NC_000962-1849051-T	0.987875
NC_000962-1201581-C	NC_000962-1885385-G	0.987184
NC_000962-1201581-C	NC_000962-1887060-G	0.217081
NC_000962-1201581-C	NC_000962-1955941-C	0.99445
NC_000962-1201581-C	NC_000962-1967543-A	0.997224
NC_000962-1201581-C	NC_000962-1980652-T	0.997571
NC_000962-1201581-C	NC_000962-2072313-A	0.996531
NC_000962-1201581-C	NC_000962-2097270-T	0.988223
NC_000962-1201581-C	NC_000962-2337179-T	0.994797
NC_000962-1201581-C	NC_000962-2376135-G	0.11896
NC_000962-1201581-C	NC_000962-2399734-A	0.995491
NC_000962-1201581-C	NC_000962-2510350-G	0.997224
NC_000962-1201581-C	NC_000962-2543395-C	0.995838
NC_000962-1201581-C	NC_000962-2548700-T	0.979789
NC_000962-1201581-C	NC_000962-2586076-G	0.992726
NC_000962-1201581-C	NC_000962-2612256-T	0.982351
NC_000962-1201581-C	NC_000962-2630740-C	0.943004
NC_000962-1201581-C	NC_000962-2668467-A	0.219257
NC_000962-1201581-C	NC_000962-2673818-G	0.996877
NC_000962-1201581-C	NC_000962-2706663-T	0.98753
NC_000962-1201581-C	NC_000962-2789798-T	0.995837
NC_000962-1201581-C	NC_000962-2793810-A	0.987183
NC_000962-1201581-C	NC_000962-2833329-A	0.995838
NC_000962-1201581-C	NC_000962-2838897-G	0.397561
NC_000962-1201581-C	NC_000962-2867594-A	0.951905
NC_000962-1201581-C	NC_000962-2867756-C	0.939502
NC_000962-1201581-C	NC_000962-2948230-A	0.994797
NC_000962-1201581-C	NC_000962-2955957-C	0.988567
NC_000962-1201581-C	NC_000962-2980861-G	0.968741
NC_000962-1201581-C	NC_000962-3009834-G	0.988222
NC_000962-1201581-C	NC_000962-3033189-A	0.99549
NC_000962-1201581-C	NC_000962-3111476-T	0.994797
NC_000962-1201581-C	NC_000962-3276703-G	0.996531
NC_000962-1201581-C	NC_000962-3284855-T	0.993077
NC_000962-1201581-C	NC_000962-3310174-A	0.393741
NC_000962-1201581-C	NC_000962-3487108-T	0.995145
NC_000962-1201581-C	NC_000962-3542049-A	0.995491
NC_000962-1201581-C	NC_000962-3597249-G	0.997918
NC_000962-1201581-C	NC_000962-3612813-C	0.986839
NC_000962-1201581-C	NC_000962-3675504-T	0.812306
NC_000962-1201581-C	NC_000962-3678249-C	0.995839
NC_000962-1201581-C	NC_000962-3798596-G	0.971703
NC_000962-1201581-C	NC_000962-3846791-G	0.929098
NC_000962-1201581-C	NC_000962-3883178-C	0.893283
NC_000962-1201581-C	NC_000962-3979990-G	0.99653
NC_000962-1201581-C	NC_000962-3993058-A	0.995491
NC_000962-1201581-C	NC_000962-4050811-A	0.986495
NC_000962-1201581-C	NC_000962-4174131-C	0.993759
NC_000962-1201581-C	NC_000962-4186678-A	0.987876
NC_000962-1201581-C	NC_000962-4205325-G	0.995144
NC_000962-1201581-C	NC_000962-4215433-T	0.397307
NC_000962-1201581-C	NC_000962-4252066-C	0.987877
NC_000962-1201581-C	NC_000962-4254431-A	0.996878
NC_000962-1201581-C	NC_000962-4267647-C	0.995838
NC_000962-1201581-C	NC_000962-4274541-A	0.220387
NC_000962-1201581-C	NC_000962-4284429-A	0.995491
NC_000962-1201581-C	NC_000962-4290135-T	0.994797
NC_000962-1201581-C	NC_000962-4301075-C	0.996531
NC_000962-1201581-C	NC_000962-4308395-A	0.997918
NC_000962-1201581-C	NC_000962-4340028-C	0.986146
NC_000962-1201581-C	NC_000962-4357804-G	0.995144
NC_000962-1201581-C	NC_000962-4359653-T	0.987529
NC_000962-1201581-C	NC_000962-4378504-C	0.99099
NC_000962-1288698-A	NC_000962-1364706-A	0.221201
NC_000962-1288698-A	NC_000962-1446733-A	0.401058
NC_000962-1288698-A	NC_000962-1523817-T	0.389508
NC_000962-1288698-A	NC_000962-1678706-C	0.989256
NC_000962-1288698-A	NC_000962-1695796-T	0.985427
NC_000962-1288698-A	NC_000962-1733325-G	0.996513
NC_000962-1288698-A	NC_000962-1831220-C	0.989953
NC_000962-1288698-A	NC_000962-1831226-G	0.990292
NC_000962-1288698-A	NC_000962-1849051-T	0.997212
NC_000962-1288698-A	NC_000962-1885385-G	0.995122
NC_000962-1288698-A	NC_000962-1887060-G	0.219135
NC_000962-1288698-A	NC_000962-1955941-C	0.986477
NC_000962-1288698-A	NC_000962-1967543-A	0.989256
NC_000962-1288698-A	NC_000962-1980652-T	0.989599
NC_000962-1288698-A	NC_000962-2072313-A	0.989261
NC_000962-1288698-A	NC_000962-2097270-T	0.997559
NC_000962-1288698-A	NC_000962-2337179-T	0.98683
NC_000962-1288698-A	NC_000962-2376135-G	0.120084
NC_000962-1288698-A	NC_000962-2399734-A	0.987528
NC_000962-1288698-A	NC_000962-2510350-G	0.989256
NC_000962-1288698-A	NC_000962-2543395-C	0.989261
NC_000962-1288698-A	NC_000962-2548700-T	0.972654
NC_000962-1288698-A	NC_000962-2586076-G	0.984781
NC_000962-1288698-A	NC_000962-2612256-T	0.99304
NC_000962-1288698-A	NC_000962-2630740-C	0.949192
NC_000962-1288698-A	NC_000962-2668467-A	0.221898
NC_000962-1288698-A	NC_000962-2673818-G	0.989604
NC_000962-1288698-A	NC_000962-2706663-T	0.998256
NC_000962-1288698-A	NC_000962-2789798-T	0.987871
NC_000962-1288698-A	NC_000962-2793810-A	0.997212
NC_000962-1288698-A	NC_000962-2833329-A	0.987876
NC_000962-1288698-A	NC_000962-2838897-G	0.401315
NC_000962-1288698-A	NC_000962-2867594-A	0.943968
NC_000962-1288698-A	NC_000962-2867756-C	0.932005
NC_000962-1288698-A	NC_000962-2948230-A	0.986139
NC_000962-1288698-A	NC_000962-2955957-C	0.997211
NC_000962-1288698-A	NC_000962-2980861-G	0.979352
NC_000962-1288698-A	NC_000962-3009834-G	0.997559
NC_000962-1288698-A	NC_000962-3033189-A	0.987522
NC_000962-1288698-A	NC_000962-3111476-T	0.987522
NC_000962-1288698-A	NC_000962-3276703-G	0.989261
NC_000962-1288698-A	NC_000962-3284855-T	0.985834
NC_000962-1288698-A	NC_000962-3310174-A	0.398061
NC_000962-1288698-A	NC_000962-3487108-T	0.987184
NC_000962-1288698-A	NC_000962-3542049-A	0.987528
NC_000962-1288698-A	NC_000962-3597249-G	0.989256
NC_000962-1288698-A	NC_000962-3612813-C	0.996165
NC_000962-1288698-A	NC_000962-3675504-T	0.820656
NC_000962-1288698-A	NC_000962-3678249-C	0.987882
NC_000962-1288698-A	NC_000962-3798596-G	0.981579
NC_000962-1288698-A	NC_000962-3846791-G	0.937418
NC_000962-1288698-A	NC_000962-3883178-C	0.90241
NC_000962-1288698-A	NC_000962-3979990-G	0.988563
NC_000962-1288698-A	NC_000962-3993058-A	0.98822
NC_000962-1288698-A	NC_000962-4050811-A	0.995816
NC_000962-1288698-A	NC_000962-4174131-C	0.987179
NC_000962-1288698-A	NC_000962-4186678-A	0.996514
NC_000962-1288698-A	NC_000962-4205325-G	0.987179
NC_000962-1288698-A	NC_000962-4215433-T	0.401058
NC_000962-1288698-A	NC_000962-4252066-C	0.997907
NC_000962-1288698-A	NC_000962-4254431-A	0.988917
NC_000962-1288698-A	NC_000962-4267647-C	0.989261
NC_000962-1288698-A	NC_000962-4274541-A	0.222468
NC_000962-1288698-A	NC_000962-4284429-A	0.987528
NC_000962-1288698-A	NC_000962-4290135-T	0.986825
NC_000962-1288698-A	NC_000962-4301075-C	0.989261
NC_000962-1288698-A	NC_000962-4308395-A	0.989953
NC_000962-1288698-A	NC_000962-4340028-C	0.99547
NC_000962-1288698-A	NC_000962-4357804-G	0.987179
NC_000962-1288698-A	NC_000962-4359653-T	0.996167
NC_000962-1288698-A	NC_000962-4378504-C	0.983027
NC_000962-1364706-A	NC_000962-1446733-A	0.550525
NC_000962-1364706-A	NC_000962-1472362-T	0.148504
NC_000962-1364706-A	NC_000962-1523817-T	0.542849
NC_000962-1364706-A	NC_000962-1678706-C	0.219283
NC_000962-1364706-A	NC_000962-1695796-T	0.219404
NC_000962-1364706-A	NC_000962-1733325-G	0.220218
NC_000962-1364706-A	NC_000962-1831220-C	0.21913
NC_000962-1364706-A	NC_000962-1831226-G	0.219359
NC_000962-1364706-A	NC_000962-1849051-T	0.220324
NC_000962-1364706-A	NC_000962-1885385-G	0.221046
NC_000962-1364706-A	NC_000962-1887060-G	0.987438
NC_000962-1364706-A	NC_000962-1955941-C	0.219022
NC_000962-1364706-A	NC_000962-1967543-A	0.218718
NC_000962-1364706-A	NC_000962-1980652-T	0.219359
NC_000962-1364706-A	NC_000962-2072313-A	0.218566
NC_000962-1364706-A	NC_000962-2097270-T	0.221847
NC_000962-1364706-A	NC_000962-2337179-T	0.219359
NC_000962-1364706-A	NC_000962-2399734-A	0.218642
NC_000962-1364706-A	NC_000962-2510350-G	0.218718
NC_000962-1364706-A	NC_000962-2543395-C	0.21913
NC_000962-1364706-A	NC_000962-2548700-T	0.215299
NC_000962-1364706-A	NC_000962-2586076-G	0.21875
NC_000962-1364706-A	NC_000962-2612256-T	0.21945
NC_000962-1364706-A	NC_000962-2630740-C	0.223824
NC_000962-1364706-A	NC_000962-2668467-A	0.994774
NC_000962-1364706-A	NC_000962-2673818-G	0.218642
NC_000962-1364706-A	NC_000962-2706663-T	0.221123
NC_000962-1364706-A	NC_000962-2789798-T	0.219283
NC_000962-1364706-A	NC_000962-2793810-A	0.220324
NC_000962-1364706-A	NC_000962-2833329-A	0.21913
NC_000962-1364706-A	NC_000962-2838897-G	0.551389
NC_000962-1364706-A	NC_000962-2867594-A	0.213899
NC_000962-1364706-A	NC_000962-2867756-C	0.206884
NC_000962-1364706-A	NC_000962-2948230-A	0.218794
NC_000962-1364706-A	NC_000962-2955957-C	0.221615
NC_000962-1364706-A	NC_000962-2980861-G	0.217239
NC_000962-1364706-A	NC_000962-3009834-G	0.221123
NC_000962-1364706-A	NC_000962-3033189-A	0.218794
NC_000962-1364706-A	NC_000962-3111476-T	0.219359
NC_000962-1364706-A	NC_000962-3276703-G	0.218566
NC_000962-1364706-A	NC_000962-3284855-T	0.218371
NC_000962-1364706-A	NC_000962-3310174-A	0.553009
NC_000962-1364706-A	NC_000962-3487108-T	0.218566
NC_000962-1364706-A	NC_000962-3542049-A	0.218642
NC_000962-1364706-A	NC_000962-3597249-G	0.219283
NC_000962-1364706-A	NC_000962-3612813-C	0.221847
NC_000962-1364706-A	NC_000962-3675504-T	0.267165
NC_000962-1364706-A	NC_000962-3678249-C	0.219543
NC_000962-1364706-A	NC_000962-3798596-G	0.224877
NC_000962-1364706-A	NC_000962-3846791-G	0.212061
NC_000962-1364706-A	NC_000962-3883178-C	0.244644
NC_000962-1364706-A	NC_000962-3979990-G	0.219283
NC_000962-1364706-A	NC_000962-3993058-A	0.218642
NC_000962-1364706-A	NC_000962-4050811-A	0.220941
NC_000962-1364706-A	NC_000962-4174131-C	0.219848
NC_000962-1364706-A	NC_000962-4186678-A	0.221201
NC_000962-1364706-A	NC_000962-4205325-G	0.218718
NC_000962-1364706-A	NC_000962-4215433-T	0.550525
NC_000962-1364706-A	NC_000962-4247574-C	0.119061
NC_000962-1364706-A	NC_000962-4252066-C	0.221355
NC_000962-1364706-A	NC_000962-4254431-A	0.219054
NC_000962-1364706-A	NC_000962-4267647-C	0.219696
NC_000962-1364706-A	NC_000962-4274541-A	0.994774
NC_000962-1364706-A	NC_000962-4284429-A	0.218642
NC_000962-1364706-A	NC_000962-4290135-T	0.218382
NC_000962-1364706-A	NC_000962-4301075-C	0.21913
NC_000962-1364706-A	NC_000962-4308395-A	0.219696
NC_000962-1364706-A	NC_000962-4340028-C	0.220401
NC_000962-1364706-A	NC_000962-4357804-G	0.219283
NC_000962-1364706-A	NC_000962-4359653-T	0.220969
NC_000962-1364706-A	NC_000962-4378504-C	0.219435
NC_000962-1446733-A	NC_000962-1523817-T	0.974692
NC_000962-1446733-A	NC_000962-1678706-C	0.396988
NC_000962-1446733-A	NC_000962-1695796-T	0.398232
NC_000962-1446733-A	NC_000962-1733325-G	0.400739
NC_000962-1446733-A	NC_000962-1831220-C	0.397307
NC_000962-1446733-A	NC_000962-1831226-G	0.397721
NC_000962-1446733-A	NC_000962-1849051-T	0.400499
NC_000962-1446733-A	NC_000962-1885385-G	0.398386
NC_000962-1446733-A	NC_000962-1887060-G	0.545777
NC_000962-1446733-A	NC_000962-1955941-C	0.396945
NC_000962-1446733-A	NC_000962-1967543-A	0.396988
NC_000962-1446733-A	NC_000962-1980652-T	0.397126
NC_000962-1446733-A	NC_000962-2072313-A	0.396712
NC_000962-1446733-A	NC_000962-2097270-T	0.400599
NC_000962-1446733-A	NC_000962-2155168-G	0.112977
NC_000962-1446733-A	NC_000962-2337179-T	0.397126
NC_000962-1446733-A	NC_000962-2399734-A	0.396255
NC_000962-1446733-A	NC_000962-2510350-G	0.396988
NC_000962-1446733-A	NC_000962-2543395-C	0.397307
NC_000962-1446733-A	NC_000962-2548700-T	0.390365
NC_000962-1446733-A	NC_000962-2586076-G	0.396024
NC_000962-1446733-A	NC_000962-2612256-T	0.399343
NC_000962-1446733-A	NC_000962-2630740-C	0.39944
NC_000962-1446733-A	NC_000962-2668467-A	0.551048
NC_000962-1446733-A	NC_000962-2673818-G	0.396255
NC_000962-1446733-A	NC_000962-2706663-T	0.400918
NC_000962-1446733-A	NC_000962-2789798-T	0.396988
NC_000962-1446733-A	NC_000962-2793810-A	0.400499
NC_000962-1446733-A	NC_000962-2833329-A	0.396712
NC_000962-1446733-A	NC_000962-2838897-G	0.998077
NC_000962-1446733-A	NC_000962-2867594-A	0.387618
NC_000962-1446733-A	NC_000962-2867756-C	0.374548
NC_000962-1446733-A	NC_000962-2948230-A	0.395343
NC_000962-1446733-A	NC_000962-2955957-C	0.40018
NC_000962-1446733-A	NC_000962-2980861-G	0.39388
NC_000962-1446733-A	NC_000962-3009834-G	0.400319
NC_000962-1446733-A	NC_000962-3033189-A	0.396531
NC_000962-1446733-A	NC_000962-3111476-T	0.397126
NC_000962-1446733-A	NC_000962-3276703-G	0.396712
NC_000962-1446733-A	NC_000962-3284855-T	0.395337
NC_000962-1446733-A	NC_000962-3310174-A	0.991669
NC_000962-1446733-A	NC_000962-3487108-T	0.396712
NC_000962-1446733-A	NC_000962-3542049-A	0.39685
NC_000962-1446733-A	NC_000962-3597249-G	0.396988
NC_000962-1446733-A	NC_000962-3612813-C	0.4
NC_000962-1446733-A	NC_000962-3675504-T	0.485542
NC_000962-1446733-A	NC_000962-3678249-C	0.396436
NC_000962-1446733-A	NC_000962-3798596-G	0.407719
NC_000962-1446733-A	NC_000962-3846791-G	0.381273
NC_000962-1446733-A	NC_000962-3883178-C	0.442425
NC_000962-1446733-A	NC_000962-3979990-G	0.396988
NC_000962-1446733-A	NC_000962-3993058-A	0.39685
NC_000962-1446733-A	NC_000962-4050811-A	0.399821
NC_000962-1446733-A	NC_000962-4174131-C	0.396988
NC_000962-1446733-A	NC_000962-4186678-A	0.400459
NC_000962-1446733-A	NC_000962-4205325-G	0.396988
NC_000962-1446733-A	NC_000962-4215433-T	0.998717
NC_000962-1446733-A	NC_000962-4252066-C	0.40014
NC_000962-1446733-A	NC_000962-4254431-A	0.397169
NC_000962-1446733-A	NC_000962-4267647-C	0.397307
NC_000962-1446733-A	NC_000962-4274541-A	0.553483
NC_000962-1446733-A	NC_000962-4284429-A	0.39685
NC_000962-1446733-A	NC_000962-4290135-T	0.396807
NC_000962-1446733-A	NC_000962-4301075-C	0.396712
NC_000962-1446733-A	NC_000962-4308395-A	0.396712
NC_000962-1446733-A	NC_000962-4340028-C	0.40004
NC_000962-1446733-A	NC_000962-4357804-G	0.396988
NC_000962-1446733-A	NC_000962-4359653-T	0.40004
NC_000962-1446733-A	NC_000962-4378504-C	0.397264
NC_000962-1472362-T	NC_000962-1887060-G	0.149167
NC_000962-1472362-T	NC_000962-2668467-A	0.14801
NC_000962-1472362-T	NC_000962-4247574-C	0.392555
NC_000962-1472362-T	NC_000962-4274541-A	0.14801
NC_000962-1523817-T	NC_000962-1678706-C	0.384932
NC_000962-1523817-T	NC_000962-1695796-T	0.386736
NC_000962-1523817-T	NC_000962-1733325-G	0.388608
NC_000962-1523817-T	NC_000962-1831220-C	0.385244
NC_000962-1523817-T	NC_000962-1831226-G	0.38565
NC_000962-1523817-T	NC_000962-1849051-T	0.388959
NC_000962-1523817-T	NC_000962-1885385-G	0.386304
NC_000962-1523817-T	NC_000962-1887060-G	0.538162
NC_000962-1523817-T	NC_000962-1955941-C	0.38489
NC_000962-1523817-T	NC_000962-1967543-A	0.384932
NC_000962-1523817-T	NC_000962-1980652-T	0.385067
NC_000962-1523817-T	NC_000962-2072313-A	0.385244
NC_000962-1523817-T	NC_000962-2097270-T	0.388471
NC_000962-1523817-T	NC_000962-2155168-G	0.1109
NC_000962-1523817-T	NC_000962-2337179-T	0.385067
NC_000962-1523817-T	NC_000962-2399734-A	0.384214
NC_000962-1523817-T	NC_000962-2510350-G	0.384932
NC_000962-1523817-T	NC_000962-2543395-C	0.385827
NC_000962-1523817-T	NC_000962-2548700-T	0.389441
NC_000962-1523817-T	NC_000962-2586076-G	0.383987
NC_000962-1523817-T	NC_000962-2612256-T	0.387826
NC_000962-1523817-T	NC_000962-2630740-C	0.387345
NC_000962-1523817-T	NC_000962-2668467-A	0.544564
NC_000962-1523817-T	NC_000962-2673818-G	0.384797
NC_000962-1523817-T	NC_000962-2706663-T	0.389371
NC_000962-1523817-T	NC_000962-2789798-T	0.384932
NC_000962-1523817-T	NC_000962-2793810-A	0.388373
NC_000962-1523817-T	NC_000962-2833329-A	0.384662
NC_000962-1523817-T	NC_000962-2838897-G	0.974064
NC_000962-1523817-T	NC_000962-2867594-A	0.375758
NC_000962-1523817-T	NC_000962-2867756-C	0.362939
NC_000962-1523817-T	NC_000962-2948230-A	0.383321
NC_000962-1523817-T	NC_000962-2955957-C	0.38806
NC_000962-1523817-T	NC_000962-2980861-G	0.382465
NC_000962-1523817-T	NC_000962-3009834-G	0.388197
NC_000962-1523817-T	NC_000962-3033189-A	0.384485
NC_000962-1523817-T	NC_000962-3111476-T	0.385067
NC_000962-1523817-T	NC_000962-3276703-G	0.385244
NC_000962-1523817-T	NC_000962-3284855-T	0.383896
NC_000962-1523817-T	NC_000962-3310174-A	0.979106
NC_000962-1523817-T	NC_000962-3487108-T	0.384662
NC_000962-1523817-T	NC_000962-3542049-A	0.384797
NC_000962-1523817-T	NC_000962-3597249-G	0.384932
NC_000962-1523817-T	NC_000962-3612813-C	0.387885
NC_000962-1523817-T	NC_000962-3675504-T	0.471723
NC_000962-1523817-T	NC_000962-3678249-C	0.384392
NC_000962-1523817-T	NC_000962-3798596-G	0.395449
NC_000962-1523817-T	NC_000962-3846791-G	0.370102
NC_000962-1523817-T	NC_000962-3883178-C	0.428831
NC_000962-1523817-T	NC_000962-3979990-G	0.384932
NC_000962-1523817-T	NC_000962-3993058-A	0.385379
NC_000962-1523817-T	NC_000962-4050811-A	0.38771
NC_000962-1523817-T	NC_000962-4174131-C	0.385515
NC_000962-1523817-T	NC_000962-4186678-A	0.388334
NC_000962-1523817-T	NC_000962-4205325-G	0.384932
NC_000962-1523817-T	NC_000962-4215433-T	0.974692
NC_000962-1523817-T	NC_000962-4252066-C	0.388608
NC_000962-1523817-T	NC_000962-4254431-A	0.385109
NC_000962-1523817-T	NC_000962-4267647-C	0.385827
NC_000962-1523817-T	NC_000962-4274541-A	0.545767
NC_000962-1523817-T	NC_000962-4284429-A	0.384797
NC_000962-1523817-T	NC_000962-4290135-T	0.384755
NC_000962-1523817-T	NC_000962-4301075-C	0.385244
NC_000962-1523817-T	NC_000962-4308395-A	0.385244
NC_000962-1523817-T	NC_000962-4340028-C	0.387924
NC_000962-1523817-T	NC_000962-4357804-G	0.384932
NC_000962-1523817-T	NC_000962-4359653-T	0.387924
NC_000962-1523817-T	NC_000962-4378504-C	0.385202
NC_000962-1678706-C	NC_000962-1695796-T	0.993408
NC_000962-1678706-C	NC_000962-1733325-G	0.98718
NC_000962-1678706-C	NC_000962-1831220-C	0.997224
NC_000962-1678706-C	NC_000962-1831226-G	0.99757
NC_000962-1678706-C	NC_000962-1849051-T	0.987178
NC_000962-1678706-C	NC_000962-1885385-G	0.987178
NC_000962-1678706-C	NC_000962-1887060-G	0.217232
NC_000962-1678706-C	NC_000962-1955941-C	0.995835
NC_000962-1678706-C	NC_000962-1967543-A	0.997917
NC_000962-1678706-C	NC_000962-1980652-T	0.998264
NC_000962-1678706-C	NC_000962-2072313-A	0.99653
NC_000962-1678706-C	NC_000962-2097270-T	0.988217
NC_000962-1678706-C	NC_000962-2337179-T	0.995489
NC_000962-1678706-C	NC_000962-2376135-G	0.119042
NC_000962-1678706-C	NC_000962-2399734-A	0.996183
NC_000962-1678706-C	NC_000962-2510350-G	0.997223
NC_000962-1678706-C	NC_000962-2543395-C	0.99653
NC_000962-1678706-C	NC_000962-2548700-T	0.979791
NC_000962-1678706-C	NC_000962-2586076-G	0.994109
NC_000962-1678706-C	NC_000962-2612256-T	0.983725
NC_000962-1678706-C	NC_000962-2630740-C	0.943662
NC_000962-1678706-C	NC_000962-2668467-A	0.219409
NC_000962-1678706-C	NC_000962-2673818-G	0.99757
NC_000962-1678706-C	NC_000962-2706663-T	0.988217
NC_000962-1678706-C	NC_000962-2789798-T	0.997223
NC_000962-1678706-C	NC_000962-2793810-A	0.98787
NC_000962-1678706-C	NC_000962-2833329-A	0.997224
NC_000962-1678706-C	NC_000962-2838897-G	0.397838
NC_000962-1678706-C	NC_000962-2867594-A	0.953252
NC_000962-1678706-C	NC_000962-2867756-C	0.940174
NC_000962-1678706-C	NC_000962-2948230-A	0.994796
NC_000962-1678706-C	NC_000962-2955957-C	0.988562
NC_000962-1678706-C	NC_000962-2980861-G	0.969421
NC_000962-1678706-C	NC_000962-3009834-G	0.988909
NC_000962-1678706-C	NC_000962-3033189-A	0.996183
NC_000962-1678706-C	NC_000962-3111476-T	0.994796
NC_000962-1678706-C	NC_000962-3276703-G	0.99653
NC_000962-1678706-C	NC_000962-3284855-T	0.993769
NC_000962-1678706-C	NC_000962-3310174-A	0.394015
NC_000962-1678706-C	NC_000962-3487108-T	0.99653
NC_000962-1678706-C	NC_000962-3542049-A	0.996183
NC_000962-1678706-C	NC_000962-3597249-G	0.998611
NC_000962-1678706-C	NC_000962-3612813-C	0.986833
NC_000962-1678706-C	NC_000962-3675504-T	0.812871
NC_000962-1678706-C	NC_000962-3678249-C	0.996531
NC_000962-1678706-C	NC_000962-3798596-G	0.972378
NC_000962-1678706-C	NC_000962-3846791-G	0.929095
NC_000962-1678706-C	NC_000962-3883178-C	0.893905
NC_000962-1678706-C	NC_000962-3979990-G	0.997223
NC_000962-1678706-C	NC_000962-3993058-A	0.996183
NC_000962-1678706-C	NC_000962-4050811-A	0.987181
NC_000962-1678706-C	NC_000962-4174131-C	0.993758
NC_000962-1678706-C	NC_000962-4186678-A	0.989256
NC_000962-1678706-C	NC_000962-4205325-G	0.995836
NC_000962-1678706-C	NC_000962-4215433-T	0.397583
NC_000962-1678706-C	NC_000962-4252066-C	0.988564
NC_000962-1678706-C	NC_000962-4254431-A	0.996877
NC_000962-1678706-C	NC_000962-4267647-C	0.995837
NC_000962-1678706-C	NC_000962-4274541-A	0.22054
NC_000962-1678706-C	NC_000962-4284429-A	0.996877
NC_000962-1678706-C	NC_000962-4290135-T	0.996182
NC_000962-1678706-C	NC_000962-4301075-C	0.997918
NC_000962-1678706-C	NC_000962-4308395-A	0.997918
NC_000962-1678706-C	NC_000962-4340028-C	0.987524
NC_000962-1678706-C	NC_000962-4357804-G	0.995836
NC_000962-1678706-C	NC_000962-4359653-T	0.987524
NC_000962-1678706-C	NC_000962-4378504-C	0.992372
NC_000962-1695796-T	NC_000962-1733325-G	0.983352
NC_000962-1695796-T	NC_000962-1831220-C	0.992718
NC_000962-1695796-T	NC_000962-1831226-G	0.993061
NC_000962-1695796-T	NC_000962-1849051-T	0.984738
NC_000962-1695796-T	NC_000962-1885385-G	0.981283
NC_000962-1695796-T	NC_000962-1887060-G	0.21735
NC_000962-1695796-T	NC_000962-1955941-C	0.992711
NC_000962-1695796-T	NC_000962-1967543-A	0.994101
NC_000962-1695796-T	NC_000962-1980652-T	0.993754
NC_000962-1695796-T	NC_000962-2072313-A	0.993411
NC_000962-1695796-T	NC_000962-2097270-T	0.983698
NC_000962-1695796-T	NC_000962-2337179-T	0.993754
NC_000962-1695796-T	NC_000962-2376135-G	0.118867
NC_000962-1695796-T	NC_000962-2399734-A	0.99237
NC_000962-1695796-T	NC_000962-2510350-G	0.994101
NC_000962-1695796-T	NC_000962-2543395-C	0.994104
NC_000962-1695796-T	NC_000962-2548700-T	0.976726
NC_000962-1695796-T	NC_000962-2586076-G	0.988921
NC_000962-1695796-T	NC_000962-2612256-T	0.97991
NC_000962-1695796-T	NC_000962-2630740-C	0.941844
NC_000962-1695796-T	NC_000962-2668467-A	0.220098
NC_000962-1695796-T	NC_000962-2673818-G	0.993063
NC_000962-1695796-T	NC_000962-2706663-T	0.98439
NC_000962-1695796-T	NC_000962-2789798-T	0.993408
NC_000962-1695796-T	NC_000962-2793810-A	0.984047
NC_000962-1695796-T	NC_000962-2833329-A	0.993411
NC_000962-1695796-T	NC_000962-2838897-G	0.398488
NC_000962-1695796-T	NC_000962-2867594-A	0.949471
NC_000962-1695796-T	NC_000962-2867756-C	0.936566
NC_000962-1695796-T	NC_000962-2948230-A	0.990291
NC_000962-1695796-T	NC_000962-2955957-C	0.984045
NC_000962-1695796-T	NC_000962-2980861-G	0.967024
NC_000962-1695796-T	NC_000962-3009834-G	0.985082
NC_000962-1695796-T	NC_000962-3033189-A	0.993061
NC_000962-1695796-T	NC_000962-3111476-T	0.990983
NC_000962-1695796-T	NC_000962-3276703-G	0.993411
NC_000962-1695796-T	NC_000962-3284855-T	0.989968
NC_000962-1695796-T	NC_000962-3310174-A	0.395847
NC_000962-1695796-T	NC_000962-3487108-T	0.993411
NC_000962-1695796-T	NC_000962-3542049-A	0.993063
NC_000962-1695796-T	NC_000962-3597249-G	0.994101
NC_000962-1695796-T	NC_000962-3612813-C	0.983698
NC_000962-1695796-T	NC_000962-3675504-T	0.814759
NC_000962-1695796-T	NC_000962-3678249-C	0.991336
NC_000962-1695796-T	NC_000962-3798596-G	0.968527
NC_000962-1695796-T	NC_000962-3846791-G	0.926091
NC_000962-1695796-T	NC_000962-3883178-C	0.891971
NC_000962-1695796-T	NC_000962-3979990-G	0.993408
NC_000962-1695796-T	NC_000962-3993058-A	0.993063
NC_000962-1695796-T	NC_000962-4050811-A	0.983351
NC_000962-1695796-T	NC_000962-4174131-C	0.990638
NC_000962-1695796-T	NC_000962-4186678-A	0.984044
NC_000962-1695796-T	NC_000962-4205325-G	0.993408
NC_000962-1695796-T	NC_000962-4215433-T	0.398828
NC_000962-1695796-T	NC_000962-4252066-C	0.984735
NC_000962-1695796-T	NC_000962-4254431-A	0.992373
NC_000962-1695796-T	NC_000962-4267647-C	0.992718
NC_000962-1695796-T	NC_000962-4274541-A	0.220664
NC_000962-1695796-T	NC_000962-4284429-A	0.993756
NC_000962-1695796-T	NC_000962-4290135-T	0.993059
NC_000962-1695796-T	NC_000962-4301075-C	0.994104
NC_000962-1695796-T	NC_000962-4308395-A	0.993411
NC_000962-1695796-T	NC_000962-4340028-C	0.985083
NC_000962-1695796-T	NC_000962-4357804-G	0.990638
NC_000962-1695796-T	NC_000962-4359653-T	0.984392
NC_000962-1695796-T	NC_000962-4378504-C	0.989252
NC_000962-1733325-G	NC_000962-1831220-C	0.987877
NC_000962-1733325-G	NC_000962-1831226-G	0.988215
NC_000962-1733325-G	NC_000962-1849051-T	0.997212
NC_000962-1733325-G	NC_000962-1885385-G	0.993034
NC_000962-1733325-G	NC_000962-1887060-G	0.218721
NC_000962-1733325-G	NC_000962-1955941-C	0.987169
NC_000962-1733325-G	NC_000962-1967543-A	0.988564
NC_000962-1733325-G	NC_000962-1980652-T	0.987523
NC_000962-1733325-G	NC_000962-2072313-A	0.987186
NC_000962-1733325-G	NC_000962-2097270-T	0.995468
NC_000962-1733325-G	NC_000962-2337179-T	0.986139
NC_000962-1733325-G	NC_000962-2376135-G	0.120168
NC_000962-1733325-G	NC_000962-2399734-A	0.986837
NC_000962-1733325-G	NC_000962-2510350-G	0.987872
NC_000962-1733325-G	NC_000962-2543395-C	0.987186
NC_000962-1733325-G	NC_000962-2548700-T	0.969243
NC_000962-1733325-G	NC_000962-2586076-G	0.983401
NC_000962-1733325-G	NC_000962-2612256-T	0.991651
NC_000962-1733325-G	NC_000962-2630740-C	0.947113
NC_000962-1733325-G	NC_000962-2668467-A	0.220916
NC_000962-1733325-G	NC_000962-2673818-G	0.986837
NC_000962-1733325-G	NC_000962-2706663-T	0.996862
NC_000962-1733325-G	NC_000962-2789798-T	0.98718
NC_000962-1733325-G	NC_000962-2793810-A	0.996515
NC_000962-1733325-G	NC_000962-2833329-A	0.987186
NC_000962-1733325-G	NC_000962-2838897-G	0.400397
NC_000962-1733325-G	NC_000962-2867594-A	0.942604
NC_000962-1733325-G	NC_000962-2867756-C	0.932015
NC_000962-1733325-G	NC_000962-2948230-A	0.985448
NC_000962-1733325-G	NC_000962-2955957-C	0.995121
NC_000962-1733325-G	NC_000962-2980861-G	0.976606
NC_000962-1733325-G	NC_000962-3009834-G	0.996165
NC_000962-1733325-G	NC_000962-3033189-A	0.987523
NC_000962-1733325-G	NC_000962-3111476-T	0.985448
NC_000962-1733325-G	NC_000962-3276703-G	0.987877
NC_000962-1733325-G	NC_000962-3284855-T	0.983765
NC_000962-1733325-G	NC_000962-3310174-A	0.397741
NC_000962-1733325-G	NC_000962-3487108-T	0.986494
NC_000962-1733325-G	NC_000962-3542049-A	0.988221
NC_000962-1733325-G	NC_000962-3597249-G	0.987872
NC_000962-1733325-G	NC_000962-3612813-C	0.994075
NC_000962-1733325-G	NC_000962-3675504-T	0.82123
NC_000962-1733325-G	NC_000962-3678249-C	0.987191
NC_000962-1733325-G	NC_000962-3798596-G	0.980181
NC_000962-1733325-G	NC_000962-3846791-G	0.935412
NC_000962-1733325-G	NC_000962-3883178-C	0.900998
NC_000962-1733325-G	NC_000962-3979990-G	0.986488
NC_000962-1733325-G	NC_000962-3993058-A	0.986837
NC_000962-1733325-G	NC_000962-4050811-A	0.995118
NC_000962-1733325-G	NC_000962-4174131-C	0.985105
NC_000962-1733325-G	NC_000962-4186678-A	0.994424
NC_000962-1733325-G	NC_000962-4205325-G	0.985796
NC_000962-1733325-G	NC_000962-4215433-T	0.400739
NC_000962-1733325-G	NC_000962-4252066-C	0.995816
NC_000962-1733325-G	NC_000962-4254431-A	0.987534
NC_000962-1733325-G	NC_000962-4267647-C	0.986494
NC_000962-1733325-G	NC_000962-4274541-A	0.221484
NC_000962-1733325-G	NC_000962-4284429-A	0.987529
NC_000962-1733325-G	NC_000962-4290135-T	0.986134
NC_000962-1733325-G	NC_000962-4301075-C	0.986494
NC_000962-1733325-G	NC_000962-4308395-A	0.986494
NC_000962-1733325-G	NC_000962-4340028-C	0.99547
NC_000962-1733325-G	NC_000962-4357804-G	0.986488
NC_000962-1733325-G	NC_000962-4359653-T	0.994078
NC_000962-1733325-G	NC_000962-4378504-C	0.983026
NC_000962-1831220-C	NC_000962-1831226-G	0.998959
NC_000962-1831220-C	NC_000962-1849051-T	0.988567
NC_000962-1831220-C	NC_000962-1885385-G	0.986492
NC_000962-1831220-C	NC_000962-1887060-G	0.217645
NC_000962-1831220-C	NC_000962-1955941-C	0.995143
NC_000962-1831220-C	NC_000962-1967543-A	0.997224
NC_000962-1831220-C	NC_000962-1980652-T	0.997571
NC_000962-1831220-C	NC_000962-2072313-A	0.996531
NC_000962-1831220-C	NC_000962-2097270-T	0.988223
NC_000962-1831220-C	NC_000962-2337179-T	0.994797
NC_000962-1831220-C	NC_000962-2376135-G	0.11896
NC_000962-1831220-C	NC_000962-2399734-A	0.996184
NC_000962-1831220-C	NC_000962-2510350-G	0.997224
NC_000962-1831220-C	NC_000962-2543395-C	0.997224
NC_000962-1831220-C	NC_000962-2548700-T	0.979789
NC_000962-1831220-C	NC_000962-2586076-G	0.992726
NC_000962-1831220-C	NC_000962-2612256-T	0.98304
NC_000962-1831220-C	NC_000962-2630740-C	0.942322
NC_000962-1831220-C	NC_000962-2668467-A	0.219821
NC_000962-1831220-C	NC_000962-2673818-G	0.996877
NC_000962-1831220-C	NC_000962-2706663-T	0.988914
NC_000962-1831220-C	NC_000962-2789798-T	0.995837
NC_000962-1831220-C	NC_000962-2793810-A	0.987875
NC_000962-1831220-C	NC_000962-2833329-A	0.996531
NC_000962-1831220-C	NC_000962-2838897-G	0.397561
NC_000962-1831220-C	NC_000962-2867594-A	0.951905
NC_000962-1831220-C	NC_000962-2867756-C	0.940166
NC_000962-1831220-C	NC_000962-2948230-A	0.994105
NC_000962-1831220-C	NC_000962-2955957-C	0.988567
NC_000962-1831220-C	NC_000962-2980861-G	0.969424
NC_000962-1831220-C	NC_000962-3009834-G	0.988914
NC_000962-1831220-C	NC_000962-3033189-A	0.99549
NC_000962-1831220-C	NC_000962-3111476-T	0.99549
NC_000962-1831220-C	NC_000962-3276703-G	0.997224
NC_000962-1831220-C	NC_000962-3284855-T	0.993768
NC_000962-1831220-C	NC_000962-3310174-A	0.394335
NC_000962-1831220-C	NC_000962-3487108-T	0.995145
NC_000962-1831220-C	NC_000962-3542049-A	0.996184
NC_000962-1831220-C	NC_000962-3597249-G	0.997224
NC_000962-1831220-C	NC_000962-3612813-C	0.986839
NC_000962-1831220-C	NC_000962-3675504-T	0.812968
NC_000962-1831220-C	NC_000962-3678249-C	0.996532
NC_000962-1831220-C	NC_000962-3798596-G	0.972392
NC_000962-1831220-C	NC_000962-3846791-G	0.928434
NC_000962-1831220-C	NC_000962-3883178-C	0.893959
NC_000962-1831220-C	NC_000962-3979990-G	0.99653
NC_000962-1831220-C	NC_000962-3993058-A	0.996184
NC_000962-1831220-C	NC_000962-4050811-A	0.986495
NC_000962-1831220-C	NC_000962-4174131-C	0.995144
NC_000962-1831220-C	NC_000962-4186678-A	0.987184
NC_000962-1831220-C	NC_000962-4205325-G	0.995144
NC_000962-1831220-C	NC_000962-4215433-T	0.397307
NC_000962-1831220-C	NC_000962-4252066-C	0.98857
NC_000962-1831220-C	NC_000962-4254431-A	0.997571
NC_000962-1831220-C	NC_000962-4267647-C	0.996531
NC_000962-1831220-C	NC_000962-4274541-A	0.220387
NC_000962-1831220-C	NC_000962-4284429-A	0.996184
NC_000962-1831220-C	NC_000962-4290135-T	0.994797
NC_000962-1831220-C	NC_000962-4301075-C	0.996531
NC_000962-1831220-C	NC_000962-4308395-A	0.997224
NC_000962-1831220-C	NC_000962-4340028-C	0.986838
NC_000962-1831220-C	NC_000962-4357804-G	0.995837
NC_000962-1831220-C	NC_000962-4359653-T	0.986838
NC_000962-1831220-C	NC_000962-4378504-C	0.991682
NC_000962-1831226-G	NC_000962-1849051-T	0.988906
NC_000962-1831226-G	NC_000962-1885385-G	0.98683
NC_000962-1831226-G	NC_000962-1887060-G	0.217872
NC_000962-1831226-G	NC_000962-1955941-C	0.995488
NC_000962-1831226-G	NC_000962-1967543-A	0.99757
NC_000962-1831226-G	NC_000962-1980652-T	0.997917
NC_000962-1831226-G	NC_000962-2072313-A	0.996877
NC_000962-1831226-G	NC_000962-2097270-T	0.988561
NC_000962-1831226-G	NC_000962-2337179-T	0.995142
NC_000962-1831226-G	NC_000962-2376135-G	0.118536
NC_000962-1831226-G	NC_000962-2399734-A	0.99653
NC_000962-1831226-G	NC_000962-2510350-G	0.99757
NC_000962-1831226-G	NC_000962-2543395-C	0.997571
NC_000962-1831226-G	NC_000962-2548700-T	0.980135
NC_000962-1831226-G	NC_000962-2586076-G	0.993763
NC_000962-1831226-G	NC_000962-2612256-T	0.983377
NC_000962-1831226-G	NC_000962-2630740-C	0.942625
NC_000962-1831226-G	NC_000962-2668467-A	0.220051
NC_000962-1831226-G	NC_000962-2673818-G	0.997223
NC_000962-1831226-G	NC_000962-2706663-T	0.989253
NC_000962-1831226-G	NC_000962-2789798-T	0.996183
NC_000962-1831226-G	NC_000962-2793810-A	0.988213
NC_000962-1831226-G	NC_000962-2833329-A	0.996877
NC_000962-1831226-G	NC_000962-2838897-G	0.397976
NC_000962-1831226-G	NC_000962-2867594-A	0.952228
NC_000962-1831226-G	NC_000962-2867756-C	0.940511
NC_000962-1831226-G	NC_000962-2948230-A	0.994449
NC_000962-1831226-G	NC_000962-2955957-C	0.988906
NC_000962-1831226-G	NC_000962-2980861-G	0.969761
NC_000962-1831226-G	NC_000962-3009834-G	0.989253
NC_000962-1831226-G	NC_000962-3033189-A	0.995835
NC_000962-1831226-G	NC_000962-3111476-T	0.995835
NC_000962-1831226-G	NC_000962-3276703-G	0.997571
NC_000962-1831226-G	NC_000962-3284855-T	0.994115
NC_000962-1831226-G	NC_000962-3310174-A	0.394746
NC_000962-1831226-G	NC_000962-3487108-T	0.99549
NC_000962-1831226-G	NC_000962-3542049-A	0.99653
NC_000962-1831226-G	NC_000962-3597249-G	0.99757
NC_000962-1831226-G	NC_000962-3612813-C	0.987177
NC_000962-1831226-G	NC_000962-3675504-T	0.813154
NC_000962-1831226-G	NC_000962-3678249-C	0.997571
NC_000962-1831226-G	NC_000962-3798596-G	0.972716
NC_000962-1831226-G	NC_000962-3846791-G	0.928761
NC_000962-1831226-G	NC_000962-3883178-C	0.894216
NC_000962-1831226-G	NC_000962-3979990-G	0.99757
NC_000962-1831226-G	NC_000962-3993058-A	0.99653
NC_000962-1831226-G	NC_000962-4050811-A	0.986832
NC_000962-1831226-G	NC_000962-4174131-C	0.995489
NC_000962-1831226-G	NC_000962-4186678-A	0.987522
NC_000962-1831226-G	NC_000962-4205325-G	0.995489
NC_000962-1831226-G	NC_000962-4215433-T	0.397721
NC_000962-1831226-G	NC_000962-4252066-C	0.988908
NC_000962-1831226-G	NC_000962-4254431-A	0.998612
NC_000962-1831226-G	NC_000962-4267647-C	0.996877
NC_000962-1831226-G	NC_000962-4274541-A	0.220616
NC_000962-1831226-G	NC_000962-4284429-A	0.99653
NC_000962-1831226-G	NC_000962-4290135-T	0.995141
NC_000962-1831226-G	NC_000962-4301075-C	0.996877
NC_000962-1831226-G	NC_000962-4308395-A	0.997571
NC_000962-1831226-G	NC_000962-4340028-C	0.987176
NC_000962-1831226-G	NC_000962-4357804-G	0.996183
NC_000962-1831226-G	NC_000962-4359653-T	0.987176
NC_000962-1831226-G	NC_000962-4378504-C	0.992025
NC_000962-1849051-T	NC_000962-1885385-G	0.994428
NC_000962-1849051-T	NC_000962-1887060-G	0.219396
NC_000962-1849051-T	NC_000962-1955941-C	0.987169
NC_000962-1849051-T	NC_000962-1967543-A	0.989254
NC_000962-1849051-T	NC_000962-1980652-T	0.988906
NC_000962-1849051-T	NC_000962-2072313-A	0.988567
NC_000962-1849051-T	NC_000962-2097270-T	0.996167
NC_000962-1849051-T	NC_000962-2337179-T	0.987522
NC_000962-1849051-T	NC_000962-2376135-G	0.119916
NC_000962-1849051-T	NC_000962-2399734-A	0.987526
NC_000962-1849051-T	NC_000962-2510350-G	0.989254
NC_000962-1849051-T	NC_000962-2543395-C	0.989259
NC_000962-1849051-T	NC_000962-2548700-T	0.97128
NC_000962-1849051-T	NC_000962-2586076-G	0.983399
NC_000962-1849051-T	NC_000962-2612256-T	0.991653
NC_000962-1849051-T	NC_000962-2630740-C	0.948549
NC_000962-1849051-T	NC_000962-2668467-A	0.221021
NC_000962-1849051-T	NC_000962-2673818-G	0.986835
NC_000962-1849051-T	NC_000962-2706663-T	0.996864
NC_000962-1849051-T	NC_000962-2789798-T	0.987178
NC_000962-1849051-T	NC_000962-2793810-A	0.997909
NC_000962-1849051-T	NC_000962-2833329-A	0.987875
NC_000962-1849051-T	NC_000962-2838897-G	0.400157
NC_000962-1849051-T	NC_000962-2867594-A	0.942633
NC_000962-1849051-T	NC_000962-2867756-C	0.932648
NC_000962-1849051-T	NC_000962-2948230-A	0.985448
NC_000962-1849051-T	NC_000962-2955957-C	0.996516
NC_000962-1849051-T	NC_000962-2980861-G	0.977974
NC_000962-1849051-T	NC_000962-3009834-G	0.99756
NC_000962-1849051-T	NC_000962-3033189-A	0.988213
NC_000962-1849051-T	NC_000962-3111476-T	0.98683
NC_000962-1849051-T	NC_000962-3276703-G	0.988567
NC_000962-1849051-T	NC_000962-3284855-T	0.98445
NC_000962-1849051-T	NC_000962-3310174-A	0.397506
NC_000962-1849051-T	NC_000962-3487108-T	0.987183
NC_000962-1849051-T	NC_000962-3542049-A	0.988218
NC_000962-1849051-T	NC_000962-3597249-G	0.988562
NC_000962-1849051-T	NC_000962-3612813-C	0.995471
NC_000962-1849051-T	NC_000962-3675504-T	0.82151
NC_000962-1849051-T	NC_000962-3678249-C	0.98788
NC_000962-1849051-T	NC_000962-3798596-G	0.980209
NC_000962-1849051-T	NC_000962-3846791-G	0.936747
NC_000962-1849051-T	NC_000962-3883178-C	0.90115
NC_000962-1849051-T	NC_000962-3979990-G	0.987178
NC_000962-1849051-T	NC_000962-3993058-A	0.986835
NC_000962-1849051-T	NC_000962-4050811-A	0.995819
NC_000962-1849051-T	NC_000962-4174131-C	0.986487
NC_000962-1849051-T	NC_000962-4186678-A	0.995123
NC_000962-1849051-T	NC_000962-4205325-G	0.987178
NC_000962-1849051-T	NC_000962-4215433-T	0.400499
NC_000962-1849051-T	NC_000962-4252066-C	0.996515
NC_000962-1849051-T	NC_000962-4254431-A	0.988915
NC_000962-1849051-T	NC_000962-4267647-C	0.987875
NC_000962-1849051-T	NC_000962-4274541-A	0.221589
NC_000962-1849051-T	NC_000962-4284429-A	0.988218
NC_000962-1849051-T	NC_000962-4290135-T	0.986134
NC_000962-1849051-T	NC_000962-4301075-C	0.987183
NC_000962-1849051-T	NC_000962-4308395-A	0.987183
NC_000962-1849051-T	NC_000962-4340028-C	0.996864
NC_000962-1849051-T	NC_000962-4357804-G	0.986487
NC_000962-1849051-T	NC_000962-4359653-T	0.995472
NC_000962-1849051-T	NC_000962-4378504-C	0.984409
NC_000962-1885385-G	NC_000962-1887060-G	0.220117
NC_000962-1885385-G	NC_000962-1955941-C	0.983712
NC_000962-1885385-G	NC_000962-1967543-A	0.985796
NC_000962-1885385-G	NC_000962-1980652-T	0.98683
NC_000962-1885385-G	NC_000962-2072313-A	0.985801
NC_000962-1885385-G	NC_000962-2097270-T	0.994773
NC_000962-1885385-G	NC_000962-2337179-T	0.983375
NC_000962-1885385-G	NC_000962-2376135-G	0.12
NC_000962-1885385-G	NC_000962-2399734-A	0.984762
NC_000962-1885385-G	NC_000962-2510350-G	0.985796
NC_000962-1885385-G	NC_000962-2543395-C	0.985801
NC_000962-1885385-G	NC_000962-2548700-T	0.968554
NC_000962-1885385-G	NC_000962-2586076-G	0.98202
NC_000962-1885385-G	NC_000962-2612256-T	0.988876
NC_000962-1885385-G	NC_000962-2630740-C	0.946471
NC_000962-1885385-G	NC_000962-2668467-A	0.221743
NC_000962-1885385-G	NC_000962-2673818-G	0.985453
NC_000962-1885385-G	NC_000962-2706663-T	0.994774
NC_000962-1885385-G	NC_000962-2789798-T	0.984414
NC_000962-1885385-G	NC_000962-2793810-A	0.993733
NC_000962-1885385-G	NC_000962-2833329-A	0.98511
NC_000962-1885385-G	NC_000962-2838897-G	0.399241
NC_000962-1885385-G	NC_000962-2867594-A	0.943301
NC_000962-1885385-G	NC_000962-2867756-C	0.931333
NC_000962-1885385-G	NC_000962-2948230-A	0.984066
NC_000962-1885385-G	NC_000962-2955957-C	0.995123
NC_000962-1885385-G	NC_000962-2980861-G	0.97523
NC_000962-1885385-G	NC_000962-3009834-G	0.994774
NC_000962-1885385-G	NC_000962-3033189-A	0.984756
NC_000962-1885385-G	NC_000962-3111476-T	0.983375
NC_000962-1885385-G	NC_000962-3276703-G	0.985801
NC_000962-1885385-G	NC_000962-3284855-T	0.982383
NC_000962-1885385-G	NC_000962-3310174-A	0.395992
NC_000962-1885385-G	NC_000962-3487108-T	0.983729
NC_000962-1885385-G	NC_000962-3542049-A	0.985453
NC_000962-1885385-G	NC_000962-3597249-G	0.986487
NC_000962-1885385-G	NC_000962-3612813-C	0.994078
NC_000962-1885385-G	NC_000962-3675504-T	0.81875
NC_000962-1885385-G	NC_000962-3678249-C	0.985807
NC_000962-1885385-G	NC_000962-3798596-G	0.978119
NC_000962-1885385-G	NC_000962-3846791-G	0.934743
NC_000962-1885385-G	NC_000962-3883178-C	0.89838
NC_000962-1885385-G	NC_000962-3979990-G	0.985796
NC_000962-1885385-G	NC_000962-3993058-A	0.985453
NC_000962-1885385-G	NC_000962-4050811-A	0.992338
NC_000962-1885385-G	NC_000962-4174131-C	0.984414
NC_000962-1885385-G	NC_000962-4186678-A	0.99373
NC_000962-1885385-G	NC_000962-4205325-G	0.985105
NC_000962-1885385-G	NC_000962-4215433-T	0.398984
NC_000962-1885385-G	NC_000962-4252066-C	0.994425
NC_000962-1885385-G	NC_000962-4254431-A	0.986149
NC_000962-1885385-G	NC_000962-4267647-C	0.984419
NC_000962-1885385-G	NC_000962-4274541-A	0.222313
NC_000962-1885385-G	NC_000962-4284429-A	0.984762
NC_000962-1885385-G	NC_000962-4290135-T	0.98337
NC_000962-1885385-G	NC_000962-4301075-C	0.98511
NC_000962-1885385-G	NC_000962-4308395-A	0.987184
NC_000962-1885385-G	NC_000962-4340028-C	0.993384
NC_000962-1885385-G	NC_000962-4357804-G	0.985105
NC_000962-1885385-G	NC_000962-4359653-T	0.993384
NC_000962-1885385-G	NC_000962-4378504-C	0.980957
NC_000962-1887060-G	NC_000962-1955941-C	0.217535
NC_000962-1887060-G	NC_000962-1967543-A	0.216669
NC_000962-1887060-G	NC_000962-1980652-T	0.217872
NC_000962-1887060-G	NC_000962-2072313-A	0.217081
NC_000962-1887060-G	NC_000962-2097270-T	0.219211
NC_000962-1887060-G	NC_000962-2337179-T	0.216744
NC_000962-1887060-G	NC_000962-2399734-A	0.216594
NC_000962-1887060-G	NC_000962-2510350-G	0.216669
NC_000962-1887060-G	NC_000962-2543395-C	0.218209
NC_000962-1887060-G	NC_000962-2548700-T	0.213837
NC_000962-1887060-G	NC_000962-2586076-G	0.216704
NC_000962-1887060-G	NC_000962-2612256-T	0.217392
NC_000962-1887060-G	NC_000962-2630740-C	0.22171
NC_000962-1887060-G	NC_000962-2668467-A	0.986422
NC_000962-1887060-G	NC_000962-2673818-G	0.216594
NC_000962-1887060-G	NC_000962-2706663-T	0.219626
NC_000962-1887060-G	NC_000962-2789798-T	0.216669
NC_000962-1887060-G	NC_000962-2793810-A	0.218829
NC_000962-1887060-G	NC_000962-2833329-A	0.217645
NC_000962-1887060-G	NC_000962-2838897-G	0.54664
NC_000962-1887060-G	NC_000962-2867594-A	0.211857
NC_000962-1887060-G	NC_000962-2867756-C	0.205474
NC_000962-1887060-G	NC_000962-2948230-A	0.216744
NC_000962-1887060-G	NC_000962-2955957-C	0.220117
NC_000962-1887060-G	NC_000962-2980861-G	0.215206
NC_000962-1887060-G	NC_000962-3009834-G	0.219626
NC_000962-1887060-G	NC_000962-3033189-A	0.216744
NC_000962-1887060-G	NC_000962-3111476-T	0.217308
NC_000962-1887060-G	NC_000962-3276703-G	0.217081
NC_000962-1887060-G	NC_000962-3284855-T	0.21689
NC_000962-1887060-G	NC_000962-3310174-A	0.549459
NC_000962-1887060-G	NC_000962-3487108-T	0.216518
NC_000962-1887060-G	NC_000962-3542049-A	0.217157
NC_000962-1887060-G	NC_000962-3597249-G	0.217232
NC_000962-1887060-G	NC_000962-3612813-C	0.219779
NC_000962-1887060-G	NC_000962-3675504-T	0.26604
NC_000962-1887060-G	NC_000962-3678249-C	0.218058
NC_000962-1887060-G	NC_000962-3798596-G	0.222781
NC_000962-1887060-G	NC_000962-3846791-G	0.210063
NC_000962-1887060-G	NC_000962-3883178-C	0.241779
NC_000962-1887060-G	NC_000962-3979990-G	0.217232
NC_000962-1887060-G	NC_000962-3993058-A	0.217157
NC_000962-1887060-G	NC_000962-4050811-A	0.218874
NC_000962-1887060-G	NC_000962-4174131-C	0.218361
NC_000962-1887060-G	NC_000962-4186678-A	0.219135
NC_000962-1887060-G	NC_000962-4205325-G	0.217232
NC_000962-1887060-G	NC_000962-4215433-T	0.545777
NC_000962-1887060-G	NC_000962-4247574-C	0.119591
NC_000962-1887060-G	NC_000962-4252066-C	0.219856
NC_000962-1887060-G	NC_000962-4254431-A	0.217569
NC_000962-1887060-G	NC_000962-4267647-C	0.217081
NC_000962-1887060-G	NC_000962-4274541-A	0.984339
NC_000962-1887060-G	NC_000962-4284429-A	0.217157
NC_000962-1887060-G	NC_000962-4290135-T	0.216333
NC_000962-1887060-G	NC_000962-4301075-C	0.217081
NC_000962-1887060-G	NC_000962-4308395-A	0.217081
NC_000962-1887060-G	NC_000962-4340028-C	0.219472
NC_000962-1887060-G	NC_000962-4357804-G	0.217796
NC_000962-1887060-G	NC_000962-4359653-T	0.218905
NC_000962-1887060-G	NC_000962-4378504-C	0.218513
NC_000962-1955941-C	NC_000962-1967543-A	0.996529
NC_000962-1955941-C	NC_000962-1980652-T	0.996181
NC_000962-1955941-C	NC_000962-2072313-A	0.995143
NC_000962-1955941-C	NC_000962-2097270-T	0.986131
NC_000962-1955941-C	NC_000962-2337179-T	0.995488
NC_000962-1955941-C	NC_000962-2376135-G	0.119208
NC_000962-1955941-C	NC_000962-2399734-A	0.994796
NC_000962-1955941-C	NC_000962-2510350-G	0.995835
NC_000962-1955941-C	NC_000962-2543395-C	0.995837
NC_000962-1955941-C	NC_000962-2548700-T	0.977061
NC_000962-1955941-C	NC_000962-2586076-G	0.992033
NC_000962-1955941-C	NC_000962-2612256-T	0.982335
NC_000962-1955941-C	NC_000962-2630740-C	0.941565
NC_000962-1955941-C	NC_000962-2668467-A	0.219715
NC_000962-1955941-C	NC_000962-2673818-G	0.995489
NC_000962-1955941-C	NC_000962-2706663-T	0.987515
NC_000962-1955941-C	NC_000962-2789798-T	0.997223
NC_000962-1955941-C	NC_000962-2793810-A	0.987169
NC_000962-1955941-C	NC_000962-2833329-A	0.99653
NC_000962-1955941-C	NC_000962-2838897-G	0.3972
NC_000962-1955941-C	NC_000962-2867594-A	0.953912
NC_000962-1955941-C	NC_000962-2867756-C	0.940192
NC_000962-1955941-C	NC_000962-2948230-A	0.992716
NC_000962-1955941-C	NC_000962-2955957-C	0.986477
NC_000962-1955941-C	NC_000962-2980861-G	0.968052
NC_000962-1955941-C	NC_000962-3009834-G	0.987515
NC_000962-1955941-C	NC_000962-3033189-A	0.996181
NC_000962-1955941-C	NC_000962-3111476-T	0.993409
NC_000962-1955941-C	NC_000962-3276703-G	0.99653
NC_000962-1955941-C	NC_000962-3284855-T	0.993078
NC_000962-1955941-C	NC_000962-3310174-A	0.394564
NC_000962-1955941-C	NC_000962-3487108-T	0.995837
NC_000962-1955941-C	NC_000962-3542049-A	0.996876
NC_000962-1955941-C	NC_000962-3597249-G	0.996529
NC_000962-1955941-C	NC_000962-3612813-C	0.985439
NC_000962-1955941-C	NC_000962-3675504-T	0.812016
NC_000962-1955941-C	NC_000962-3678249-C	0.995145
NC_000962-1955941-C	NC_000962-3798596-G	0.973042
NC_000962-1955941-C	NC_000962-3846791-G	0.927095
NC_000962-1955941-C	NC_000962-3883178-C	0.891768
NC_000962-1955941-C	NC_000962-3979990-G	0.995142
NC_000962-1955941-C	NC_000962-3993058-A	0.996183
NC_000962-1955941-C	NC_000962-4050811-A	0.986477
NC_000962-1955941-C	NC_000962-4174131-C	0.993063
NC_000962-1955941-C	NC_000962-4186678-A	0.985785
NC_000962-1955941-C	NC_000962-4205325-G	0.995835
NC_000962-1955941-C	NC_000962-4215433-T	0.39754
NC_000962-1955941-C	NC_000962-4252066-C	0.987169
NC_000962-1955941-C	NC_000962-4254431-A	0.994798
NC_000962-1955941-C	NC_000962-4267647-C	0.993757
NC_000962-1955941-C	NC_000962-4274541-A	0.22028
NC_000962-1955941-C	NC_000962-4284429-A	0.996876
NC_000962-1955941-C	NC_000962-4290135-T	0.995487
NC_000962-1955941-C	NC_000962-4301075-C	0.995143
NC_000962-1955941-C	NC_000962-4308395-A	0.99445
NC_000962-1955941-C	NC_000962-4340028-C	0.988207
NC_000962-1955941-C	NC_000962-4357804-G	0.994449
NC_000962-1955941-C	NC_000962-4359653-T	0.98544
NC_000962-1955941-C	NC_000962-4378504-C	0.993061
NC_000962-1967543-A	NC_000962-1980652-T	0.998264
NC_000962-1967543-A	NC_000962-2072313-A	0.997918
NC_000962-1967543-A	NC_000962-2097270-T	0.98891
NC_000962-1967543-A	NC_000962-2337179-T	0.996876
NC_000962-1967543-A	NC_000962-2376135-G	0.119042
NC_000962-1967543-A	NC_000962-2399734-A	0.99757
NC_000962-1967543-A	NC_000962-2510350-G	0.999305
NC_000962-1967543-A	NC_000962-2543395-C	0.997224
NC_000962-1967543-A	NC_000962-2548700-T	0.979107
NC_000962-1967543-A	NC_000962-2586076-G	0.994109
NC_000962-1967543-A	NC_000962-2612256-T	0.984415
NC_000962-1967543-A	NC_000962-2630740-C	0.943662
NC_000962-1967543-A	NC_000962-2668467-A	0.218845
NC_000962-1967543-A	NC_000962-2673818-G	0.99757
NC_000962-1967543-A	NC_000962-2706663-T	0.988909
NC_000962-1967543-A	NC_000962-2789798-T	0.997917
NC_000962-1967543-A	NC_000962-2793810-A	0.989946
NC_000962-1967543-A	NC_000962-2833329-A	0.997918
NC_000962-1967543-A	NC_000962-2838897-G	0.397243
NC_000962-1967543-A	NC_000962-2867594-A	0.953252
NC_000962-1967543-A	NC_000962-2867756-C	0.941502
NC_000962-1967543-A	NC_000962-2948230-A	0.995489
NC_000962-1967543-A	NC_000962-2955957-C	0.98787
NC_000962-1967543-A	NC_000962-2980861-G	0.970104
NC_000962-1967543-A	NC_000962-3009834-G	0.989601
NC_000962-1967543-A	NC_000962-3033189-A	0.99757
NC_000962-1967543-A	NC_000962-3111476-T	0.996183
NC_000962-1967543-A	NC_000962-3276703-G	0.997918
NC_000962-1967543-A	NC_000962-3284855-T	0.993769
NC_000962-1967543-A	NC_000962-3310174-A	0.394015
NC_000962-1967543-A	NC_000962-3487108-T	0.997918
NC_000962-1967543-A	NC_000962-3542049-A	0.99757
NC_000962-1967543-A	NC_000962-3597249-G	0.997917
NC_000962-1967543-A	NC_000962-3612813-C	0.986833
NC_000962-1967543-A	NC_000962-3675504-T	0.813534
NC_000962-1967543-A	NC_000962-3678249-C	0.997225
NC_000962-1967543-A	NC_000962-3798596-G	0.973068
NC_000962-1967543-A	NC_000962-3846791-G	0.92843
NC_000962-1967543-A	NC_000962-3883178-C	0.893229
NC_000962-1967543-A	NC_000962-3979990-G	0.99653
NC_000962-1967543-A	NC_000962-3993058-A	0.996877
NC_000962-1967543-A	NC_000962-4050811-A	0.989258
NC_000962-1967543-A	NC_000962-4174131-C	0.99445
NC_000962-1967543-A	NC_000962-4186678-A	0.988563
NC_000962-1967543-A	NC_000962-4205325-G	0.99653
NC_000962-1967543-A	NC_000962-4215433-T	0.397583
NC_000962-1967543-A	NC_000962-4252066-C	0.988564
NC_000962-1967543-A	NC_000962-4254431-A	0.997571
NC_000962-1967543-A	NC_000962-4267647-C	0.997224
NC_000962-1967543-A	NC_000962-4274541-A	0.219974
NC_000962-1967543-A	NC_000962-4284429-A	0.998264
NC_000962-1967543-A	NC_000962-4290135-T	0.996182
NC_000962-1967543-A	NC_000962-4301075-C	0.997918
NC_000962-1967543-A	NC_000962-4308395-A	0.997224
NC_000962-1967543-A	NC_000962-4340028-C	0.988216
NC_000962-1967543-A	NC_000962-4357804-G	0.99653
NC_000962-1967543-A	NC_000962-4359653-T	0.987524
NC_000962-1967543-A	NC_000962-4378504-C	0.993064
NC_000962-1967844-A	NC_000962-2128908-T	0.21803
NC_000962-1967844-A	NC_000962-2401402-T	0.923824
NC_000962-1967844-A	NC_000962-2486496-A	0.961897
NC_000962-1967844-A	NC_000962-3272997-G	0.923824
NC_000962-1967844-A	NC_000962-3633957-C	0.957405
NC_000962-1967844-A	NC_000962-3695970-A	1.0
NC_000962-1967844-A	NC_000962-3903530-C	0.24402
NC_000962-1967844-A	NC_000962-4011950-A	0.955586
NC_000962-1967844-A	NC_000962-4409995-A	0.917514
NC_000962-1980652-T	NC_000962-2072313-A	0.998264
NC_000962-1980652-T	NC_000962-2097270-T	0.989254
NC_000962-1980652-T	NC_000962-2337179-T	0.996529
NC_000962-1980652-T	NC_000962-2376135-G	0.119084
NC_000962-1980652-T	NC_000962-2399734-A	0.995836
NC_000962-1980652-T	NC_000962-2510350-G	0.998264
NC_000962-1980652-T	NC_000962-2543395-C	0.998264
NC_000962-1980652-T	NC_000962-2548700-T	0.98082
NC_000962-1980652-T	NC_000962-2586076-G	0.994455
NC_000962-1980652-T	NC_000962-2612256-T	0.984067
NC_000962-1980652-T	NC_000962-2630740-C	0.943308
NC_000962-1980652-T	NC_000962-2668467-A	0.219486
NC_000962-1980652-T	NC_000962-2673818-G	0.997223
NC_000962-1980652-T	NC_000962-2706663-T	0.98856
NC_000962-1980652-T	NC_000962-2789798-T	0.99757
NC_000962-1980652-T	NC_000962-2793810-A	0.988906
NC_000962-1980652-T	NC_000962-2833329-A	0.997571
NC_000962-1980652-T	NC_000962-2838897-G	0.397976
NC_000962-1980652-T	NC_000962-2867594-A	0.952907
NC_000962-1980652-T	NC_000962-2867756-C	0.941174
NC_000962-1980652-T	NC_000962-2948230-A	0.995142
NC_000962-1980652-T	NC_000962-2955957-C	0.989599
NC_000962-1980652-T	NC_000962-2980861-G	0.970444
NC_000962-1980652-T	NC_000962-3009834-G	0.989945
NC_000962-1980652-T	NC_000962-3033189-A	0.997223
NC_000962-1980652-T	NC_000962-3111476-T	0.995835
NC_000962-1980652-T	NC_000962-3276703-G	0.997571
NC_000962-1980652-T	NC_000962-3284855-T	0.994807
NC_000962-1980652-T	NC_000962-3310174-A	0.394152
NC_000962-1980652-T	NC_000962-3487108-T	0.996877
NC_000962-1980652-T	NC_000962-3542049-A	0.99653
NC_000962-1980652-T	NC_000962-3597249-G	0.998958
NC_000962-1980652-T	NC_000962-3612813-C	0.987869
NC_000962-1980652-T	NC_000962-3675504-T	0.813817
NC_000962-1980652-T	NC_000962-3678249-C	0.997571
NC_000962-1980652-T	NC_000962-3798596-G	0.972716
NC_000962-1980652-T	NC_000962-3846791-G	0.928761
NC_000962-1980652-T	NC_000962-3883178-C	0.894216
NC_000962-1980652-T	NC_000962-3979990-G	0.99757
NC_000962-1980652-T	NC_000962-3993058-A	0.995836
NC_000962-1980652-T	NC_000962-4050811-A	0.987524
NC_000962-1980652-T	NC_000962-4174131-C	0.995489
NC_000962-1980652-T	NC_000962-4186678-A	0.988214
NC_000962-1980652-T	NC_000962-4205325-G	0.99757
NC_000962-1980652-T	NC_000962-4215433-T	0.397721
NC_000962-1980652-T	NC_000962-4252066-C	0.989601
NC_000962-1980652-T	NC_000962-4254431-A	0.997224
NC_000962-1980652-T	NC_000962-4267647-C	0.996877
NC_000962-1980652-T	NC_000962-4274541-A	0.220616
NC_000962-1980652-T	NC_000962-4284429-A	0.997223
NC_000962-1980652-T	NC_000962-4290135-T	0.995835
NC_000962-1980652-T	NC_000962-4301075-C	0.997571
NC_000962-1980652-T	NC_000962-4308395-A	0.997571
NC_000962-1980652-T	NC_000962-4340028-C	0.987868
NC_000962-1980652-T	NC_000962-4357804-G	0.996183
NC_000962-1980652-T	NC_000962-4359653-T	0.987176
NC_000962-1980652-T	NC_000962-4378504-C	0.99341
NC_000962-2072313-A	NC_000962-2097270-T	0.988223
NC_000962-2072313-A	NC_000962-2337179-T	0.99549
NC_000962-2072313-A	NC_000962-2376135-G	0.119508
NC_000962-2072313-A	NC_000962-2399734-A	0.995491
NC_000962-2072313-A	NC_000962-2510350-G	0.997918
NC_000962-2072313-A	NC_000962-2543395-C	0.997224
NC_000962-2072313-A	NC_000962-2548700-T	0.979789
NC_000962-2072313-A	NC_000962-2586076-G	0.992726
NC_000962-2072313-A	NC_000962-2612256-T	0.98373
NC_000962-2072313-A	NC_000962-2630740-C	0.942322
NC_000962-2072313-A	NC_000962-2668467-A	0.219257
NC_000962-2072313-A	NC_000962-2673818-G	0.996877
NC_000962-2072313-A	NC_000962-2706663-T	0.988222
NC_000962-2072313-A	NC_000962-2789798-T	0.99653
NC_000962-2072313-A	NC_000962-2793810-A	0.988567
NC_000962-2072313-A	NC_000962-2833329-A	0.995838
NC_000962-2072313-A	NC_000962-2838897-G	0.396967
NC_000962-2072313-A	NC_000962-2867594-A	0.951905
NC_000962-2072313-A	NC_000962-2867756-C	0.940829
NC_000962-2072313-A	NC_000962-2948230-A	0.99549
NC_000962-2072313-A	NC_000962-2955957-C	0.987875
NC_000962-2072313-A	NC_000962-2980861-G	0.970106
NC_000962-2072313-A	NC_000962-3009834-G	0.988222
NC_000962-2072313-A	NC_000962-3033189-A	0.996877
NC_000962-2072313-A	NC_000962-3111476-T	0.994797
NC_000962-2072313-A	NC_000962-3276703-G	0.997918
NC_000962-2072313-A	NC_000962-3284855-T	0.99446
NC_000962-2072313-A	NC_000962-3310174-A	0.394335
NC_000962-2072313-A	NC_000962-3487108-T	0.995838
NC_000962-2072313-A	NC_000962-3542049-A	0.996184
NC_000962-2072313-A	NC_000962-3597249-G	0.997224
NC_000962-2072313-A	NC_000962-3612813-C	0.986839
NC_000962-2072313-A	NC_000962-3675504-T	0.81363
NC_000962-2072313-A	NC_000962-3678249-C	0.996532
NC_000962-2072313-A	NC_000962-3798596-G	0.971703
NC_000962-2072313-A	NC_000962-3846791-G	0.927105
NC_000962-2072313-A	NC_000962-3883178-C	0.892608
NC_000962-2072313-A	NC_000962-3979990-G	0.995837
NC_000962-2072313-A	NC_000962-3993058-A	0.996184
NC_000962-2072313-A	NC_000962-4050811-A	0.987187
NC_000962-2072313-A	NC_000962-4174131-C	0.995144
NC_000962-2072313-A	NC_000962-4186678-A	0.986493
NC_000962-2072313-A	NC_000962-4205325-G	0.99653
NC_000962-2072313-A	NC_000962-4215433-T	0.397307
NC_000962-2072313-A	NC_000962-4252066-C	0.98857
NC_000962-2072313-A	NC_000962-4254431-A	0.996185
NC_000962-2072313-A	NC_000962-4267647-C	0.996531
NC_000962-2072313-A	NC_000962-4274541-A	0.219821
NC_000962-2072313-A	NC_000962-4284429-A	0.996184
NC_000962-2072313-A	NC_000962-4290135-T	0.994797
NC_000962-2072313-A	NC_000962-4301075-C	0.997224
NC_000962-2072313-A	NC_000962-4308395-A	0.997224
NC_000962-2072313-A	NC_000962-4340028-C	0.986838
NC_000962-2072313-A	NC_000962-4357804-G	0.995837
NC_000962-2072313-A	NC_000962-4359653-T	0.986146
NC_000962-2072313-A	NC_000962-4378504-C	0.991682
NC_000962-2097270-T	NC_000962-2337179-T	0.987177
NC_000962-2097270-T	NC_000962-2376135-G	0.120126
NC_000962-2097270-T	NC_000962-2399734-A	0.987182
NC_000962-2097270-T	NC_000962-2510350-G	0.98891
NC_000962-2097270-T	NC_000962-2543395-C	0.987531
NC_000962-2097270-T	NC_000962-2548700-T	0.970265
NC_000962-2097270-T	NC_000962-2586076-G	0.984436
NC_000962-2097270-T	NC_000962-2612256-T	0.991304
NC_000962-2097270-T	NC_000962-2630740-C	0.948152
NC_000962-2097270-T	NC_000962-2668467-A	0.221407
NC_000962-2097270-T	NC_000962-2673818-G	0.987874
NC_000962-2097270-T	NC_000962-2706663-T	0.996514
NC_000962-2097270-T	NC_000962-2789798-T	0.988217
NC_000962-2097270-T	NC_000962-2793810-A	0.996167
NC_000962-2097270-T	NC_000962-2833329-A	0.987531
NC_000962-2097270-T	NC_000962-2838897-G	0.401455
NC_000962-2097270-T	NC_000962-2867594-A	0.942948
NC_000962-2097270-T	NC_000962-2867756-C	0.932341
NC_000962-2097270-T	NC_000962-2948230-A	0.986485
NC_000962-2097270-T	NC_000962-2955957-C	0.996863
NC_000962-2097270-T	NC_000962-2980861-G	0.977635
NC_000962-2097270-T	NC_000962-3009834-G	0.997211
NC_000962-2097270-T	NC_000962-3033189-A	0.987869
NC_000962-2097270-T	NC_000962-3111476-T	0.986485
NC_000962-2097270-T	NC_000962-3276703-G	0.988223
NC_000962-2097270-T	NC_000962-3284855-T	0.984799
NC_000962-2097270-T	NC_000962-3310174-A	0.397602
NC_000962-2097270-T	NC_000962-3487108-T	0.986839
NC_000962-2097270-T	NC_000962-3542049-A	0.987182
NC_000962-2097270-T	NC_000962-3597249-G	0.98891
NC_000962-2097270-T	NC_000962-3612813-C	0.995816
NC_000962-2097270-T	NC_000962-3675504-T	0.819609
NC_000962-2097270-T	NC_000962-3678249-C	0.988228
NC_000962-2097270-T	NC_000962-3798596-G	0.980533
NC_000962-2097270-T	NC_000962-3846791-G	0.935746
NC_000962-2097270-T	NC_000962-3883178-C	0.901363
NC_000962-2097270-T	NC_000962-3979990-G	0.988217
NC_000962-2097270-T	NC_000962-3993058-A	0.98649
NC_000962-2097270-T	NC_000962-4050811-A	0.995467
NC_000962-2097270-T	NC_000962-4174131-C	0.986142
NC_000962-2097270-T	NC_000962-4186678-A	0.995469
NC_000962-2097270-T	NC_000962-4205325-G	0.986833
NC_000962-2097270-T	NC_000962-4215433-T	0.401198
NC_000962-2097270-T	NC_000962-4252066-C	0.996861
NC_000962-2097270-T	NC_000962-4254431-A	0.98788
NC_000962-2097270-T	NC_000962-4267647-C	0.988223
NC_000962-2097270-T	NC_000962-4274541-A	0.222545
NC_000962-2097270-T	NC_000962-4284429-A	0.987182
NC_000962-2097270-T	NC_000962-4290135-T	0.985788
NC_000962-2097270-T	NC_000962-4301075-C	0.987531
NC_000962-2097270-T	NC_000962-4308395-A	0.989608
NC_000962-2097270-T	NC_000962-4340028-C	0.994426
NC_000962-2097270-T	NC_000962-4357804-G	0.986833
NC_000962-2097270-T	NC_000962-4359653-T	0.995122
NC_000962-2097270-T	NC_000962-4378504-C	0.982681
NC_000962-2128908-T	NC_000962-2401402-T	0.201421
NC_000962-2128908-T	NC_000962-2486496-A	0.209723
NC_000962-2128908-T	NC_000962-3272997-G	0.201421
NC_000962-2128908-T	NC_000962-3633957-C	0.22773
NC_000962-2128908-T	NC_000962-3695970-A	0.21803
NC_000962-2128908-T	NC_000962-3903530-C	0.887585
NC_000962-2128908-T	NC_000962-4011950-A	0.208248
NC_000962-2128908-T	NC_000962-4409995-A	0.199947
NC_000962-2155168-G	NC_000962-2838897-G	0.113146
NC_000962-2155168-G	NC_000962-2867756-C	0.106191
NC_000962-2155168-G	NC_000962-3310174-A	0.112407
NC_000962-2155168-G	NC_000962-4215433-T	0.112977
NC_000962-2155168-G	NC_000962-4247429-G	0.138436
NC_000962-2155168-G	NC_000962-4247431-A	0.115036
NC_000962-2337179-T	NC_000962-2376135-G	0.119084
NC_000962-2337179-T	NC_000962-2399734-A	0.995143
NC_000962-2337179-T	NC_000962-2510350-G	0.99757
NC_000962-2337179-T	NC_000962-2543395-C	0.996183
NC_000962-2337179-T	NC_000962-2548700-T	0.977399
NC_000962-2337179-T	NC_000962-2586076-G	0.991688
NC_000962-2337179-T	NC_000962-2612256-T	0.981998
NC_000962-2337179-T	NC_000962-2630740-C	0.942625
NC_000962-2337179-T	NC_000962-2668467-A	0.218921
NC_000962-2337179-T	NC_000962-2673818-G	0.99445
NC_000962-2337179-T	NC_000962-2706663-T	0.986484
NC_000962-2337179-T	NC_000962-2789798-T	0.996876
NC_000962-2337179-T	NC_000962-2793810-A	0.98683
NC_000962-2337179-T	NC_000962-2833329-A	0.996877
NC_000962-2337179-T	NC_000962-2838897-G	0.397381
NC_000962-2337179-T	NC_000962-2867594-A	0.951549
NC_000962-2337179-T	NC_000962-2867756-C	0.940511
NC_000962-2337179-T	NC_000962-2948230-A	0.993064
NC_000962-2337179-T	NC_000962-2955957-C	0.98683
NC_000962-2337179-T	NC_000962-2980861-G	0.969079
NC_000962-2337179-T	NC_000962-3009834-G	0.987868
NC_000962-2337179-T	NC_000962-3033189-A	0.996529
NC_000962-2337179-T	NC_000962-3111476-T	0.994449
NC_000962-2337179-T	NC_000962-3276703-G	0.99549
NC_000962-2337179-T	NC_000962-3284855-T	0.99204
NC_000962-2337179-T	NC_000962-3310174-A	0.394152
NC_000962-2337179-T	NC_000962-3487108-T	0.996183
NC_000962-2337179-T	NC_000962-3542049-A	0.995836
NC_000962-2337179-T	NC_000962-3597249-G	0.996876
NC_000962-2337179-T	NC_000962-3612813-C	0.987177
NC_000962-2337179-T	NC_000962-3675504-T	0.813817
NC_000962-2337179-T	NC_000962-3678249-C	0.995492
NC_000962-2337179-T	NC_000962-3798596-G	0.970648
NC_000962-2337179-T	NC_000962-3846791-G	0.928096
NC_000962-2337179-T	NC_000962-3883178-C	0.894216
NC_000962-2337179-T	NC_000962-3979990-G	0.995489
NC_000962-2337179-T	NC_000962-3993058-A	0.995143
NC_000962-2337179-T	NC_000962-4050811-A	0.98614
NC_000962-2337179-T	NC_000962-4174131-C	0.993411
NC_000962-2337179-T	NC_000962-4186678-A	0.986139
NC_000962-2337179-T	NC_000962-4205325-G	0.996183
NC_000962-2337179-T	NC_000962-4215433-T	0.397721
NC_000962-2337179-T	NC_000962-4252066-C	0.986831
NC_000962-2337179-T	NC_000962-4254431-A	0.995144
NC_000962-2337179-T	NC_000962-4267647-C	0.996183
NC_000962-2337179-T	NC_000962-4274541-A	0.220051
NC_000962-2337179-T	NC_000962-4284429-A	0.99653
NC_000962-2337179-T	NC_000962-4290135-T	0.995141
NC_000962-2337179-T	NC_000962-4301075-C	0.99549
NC_000962-2337179-T	NC_000962-4308395-A	0.99549
NC_000962-2337179-T	NC_000962-4340028-C	0.987176
NC_000962-2337179-T	NC_000962-4357804-G	0.993411
NC_000962-2337179-T	NC_000962-4359653-T	0.985793
NC_000962-2337179-T	NC_000962-4378504-C	0.992025
NC_000962-2376135-G	NC_000962-2399734-A	0.119001
NC_000962-2376135-G	NC_000962-2510350-G	0.119042
NC_000962-2376135-G	NC_000962-2543395-C	0.11896
NC_000962-2376135-G	NC_000962-2548700-T	0.116879
NC_000962-2376135-G	NC_000962-2586076-G	0.118207
NC_000962-2376135-G	NC_000962-2612256-T	0.119199
NC_000962-2376135-G	NC_000962-2630740-C	0.118193
NC_000962-2376135-G	NC_000962-2673818-G	0.119001
NC_000962-2376135-G	NC_000962-2706663-T	0.120042
NC_000962-2376135-G	NC_000962-2789798-T	0.119042
NC_000962-2376135-G	NC_000962-2793810-A	0.119916
NC_000962-2376135-G	NC_000962-2833329-A	0.11896
NC_000962-2376135-G	NC_000962-2867594-A	0.118144
NC_000962-2376135-G	NC_000962-2867756-C	0.112308
NC_000962-2376135-G	NC_000962-2948230-A	0.119633
NC_000962-2376135-G	NC_000962-2955957-C	0.12
NC_000962-2376135-G	NC_000962-2980861-G	0.118477
NC_000962-2376135-G	NC_000962-3009834-G	0.120042
NC_000962-2376135-G	NC_000962-3033189-A	0.119084
NC_000962-2376135-G	NC_000962-3111476-T	0.118536
NC_000962-2376135-G	NC_000962-3276703-G	0.11896
NC_000962-2376135-G	NC_000962-3284855-T	0.118547
NC_000962-2376135-G	NC_000962-3487108-T	0.11896
NC_000962-2376135-G	NC_000962-3542049-A	0.119001
NC_000962-2376135-G	NC_000962-3597249-G	0.119042
NC_000962-2376135-G	NC_000962-3612813-C	0.120126
NC_000962-2376135-G	NC_000962-3675504-T	0.145407
NC_000962-2376135-G	NC_000962-3678249-C	0.11833
NC_000962-2376135-G	NC_000962-3798596-G	0.122081
NC_000962-2376135-G	NC_000962-3846791-G	0.113584
NC_000962-2376135-G	NC_000962-3883178-C	0.132483
NC_000962-2376135-G	NC_000962-3979990-G	0.118495
NC_000962-2376135-G	NC_000962-3993058-A	0.119001
NC_000962-2376135-G	NC_000962-4050811-A	0.120252
NC_000962-2376135-G	NC_000962-4174131-C	0.119042
NC_000962-2376135-G	NC_000962-4186678-A	0.120084
NC_000962-2376135-G	NC_000962-4205325-G	0.119042
NC_000962-2376135-G	NC_000962-4252066-C	0.120168
NC_000962-2376135-G	NC_000962-4254431-A	0.118371
NC_000962-2376135-G	NC_000962-4267647-C	0.11896
NC_000962-2376135-G	NC_000962-4284429-A	0.119001
NC_000962-2376135-G	NC_000962-4290135-T	0.119167
NC_000962-2376135-G	NC_000962-4301075-C	0.119508
NC_000962-2376135-G	NC_000962-4308395-A	0.11896
NC_000962-2376135-G	NC_000962-4340028-C	0.119958
NC_000962-2376135-G	NC_000962-4357804-G	0.119591
NC_000962-2376135-G	NC_000962-4359653-T	0.119958
NC_000962-2376135-G	NC_000962-4378504-C	0.119125
NC_000962-2399734-A	NC_000962-2510350-G	0.996877
NC_000962-2399734-A	NC_000962-2543395-C	0.995491
NC_000962-2399734-A	NC_000962-2548700-T	0.977397
NC_000962-2399734-A	NC_000962-2586076-G	0.991688
NC_000962-2399734-A	NC_000962-2612256-T	0.982003
NC_000962-2399734-A	NC_000962-2630740-C	0.941968
NC_000962-2399734-A	NC_000962-2668467-A	0.218769
NC_000962-2399734-A	NC_000962-2673818-G	0.99653
NC_000962-2399734-A	NC_000962-2706663-T	0.987181
NC_000962-2399734-A	NC_000962-2789798-T	0.996183
NC_000962-2399734-A	NC_000962-2793810-A	0.987526
NC_000962-2399734-A	NC_000962-2833329-A	0.996184
NC_000962-2399734-A	NC_000962-2838897-G	0.39651
NC_000962-2399734-A	NC_000962-2867594-A	0.952239
NC_000962-2399734-A	NC_000962-2867756-C	0.941166
NC_000962-2399734-A	NC_000962-2948230-A	0.993065
NC_000962-2399734-A	NC_000962-2955957-C	0.987527
NC_000962-2399734-A	NC_000962-2980861-G	0.967717
NC_000962-2399734-A	NC_000962-3009834-G	0.988565
NC_000962-2399734-A	NC_000962-3033189-A	0.99653
NC_000962-2399734-A	NC_000962-3111476-T	0.993758
NC_000962-2399734-A	NC_000962-3276703-G	0.996184
NC_000962-2399734-A	NC_000962-3284855-T	0.992731
NC_000962-2399734-A	NC_000962-3310174-A	0.393878
NC_000962-2399734-A	NC_000962-3487108-T	0.995491
NC_000962-2399734-A	NC_000962-3542049-A	0.99653
NC_000962-2399734-A	NC_000962-3597249-G	0.99549
NC_000962-2399734-A	NC_000962-3612813-C	0.98649
NC_000962-2399734-A	NC_000962-3675504-T	0.812588
NC_000962-2399734-A	NC_000962-3678249-C	0.996185
NC_000962-2399734-A	NC_000962-3798596-G	0.970662
NC_000962-2399734-A	NC_000962-3846791-G	0.927436
NC_000962-2399734-A	NC_000962-3883178-C	0.892243
NC_000962-2399734-A	NC_000962-3979990-G	0.994797
NC_000962-2399734-A	NC_000962-3993058-A	0.995837
NC_000962-2399734-A	NC_000962-4050811-A	0.986838
NC_000962-2399734-A	NC_000962-4174131-C	0.993412
NC_000962-2399734-A	NC_000962-4186678-A	0.986836
NC_000962-2399734-A	NC_000962-4205325-G	0.994104
NC_000962-2399734-A	NC_000962-4215433-T	0.39685
NC_000962-2399734-A	NC_000962-4252066-C	0.986837
NC_000962-2399734-A	NC_000962-4254431-A	0.995838
NC_000962-2399734-A	NC_000962-4267647-C	0.995491
NC_000962-2399734-A	NC_000962-4274541-A	0.219333
NC_000962-2399734-A	NC_000962-4284429-A	0.99653
NC_000962-2399734-A	NC_000962-4290135-T	0.99445
NC_000962-2399734-A	NC_000962-4301075-C	0.996184
NC_000962-2399734-A	NC_000962-4308395-A	0.996184
NC_000962-2399734-A	NC_000962-4340028-C	0.987181
NC_000962-2399734-A	NC_000962-4357804-G	0.994797
NC_000962-2399734-A	NC_000962-4359653-T	0.985798
NC_000962-2399734-A	NC_000962-4378504-C	0.992027
NC_000962-2401402-T	NC_000962-2486496-A	0.960418
NC_000962-2401402-T	NC_000962-3272997-G	1.0
NC_000962-2401402-T	NC_000962-3633957-C	0.884474
NC_000962-2401402-T	NC_000962-3695970-A	0.923824
NC_000962-2401402-T	NC_000962-3903530-C	0.225432
NC_000962-2401402-T	NC_000962-4011950-A	0.954121
NC_000962-2401402-T	NC_000962-4409995-A	0.99318
NC_000962-2486496-A	NC_000962-3272997-G	0.960418
NC_000962-2486496-A	NC_000962-3633957-C	0.920926
NC_000962-2486496-A	NC_000962-3695970-A	0.961897
NC_000962-2486496-A	NC_000962-3903530-C	0.234722
NC_000962-2486496-A	NC_000962-4011950-A	0.993443
NC_000962-2486496-A	NC_000962-4409995-A	0.953863
NC_000962-2510350-G	NC_000962-2543395-C	0.997224
NC_000962-2510350-G	NC_000962-2548700-T	0.979107
NC_000962-2510350-G	NC_000962-2586076-G	0.993417
NC_000962-2510350-G	NC_000962-2612256-T	0.983725
NC_000962-2510350-G	NC_000962-2630740-C	0.943662
NC_000962-2510350-G	NC_000962-2668467-A	0.218845
NC_000962-2510350-G	NC_000962-2673818-G	0.996877
NC_000962-2510350-G	NC_000962-2706663-T	0.988217
NC_000962-2510350-G	NC_000962-2789798-T	0.997223
NC_000962-2510350-G	NC_000962-2793810-A	0.989254
NC_000962-2510350-G	NC_000962-2833329-A	0.997224
NC_000962-2510350-G	NC_000962-2838897-G	0.397243
NC_000962-2510350-G	NC_000962-2867594-A	0.952573
NC_000962-2510350-G	NC_000962-2867756-C	0.941502
NC_000962-2510350-G	NC_000962-2948230-A	0.995489
NC_000962-2510350-G	NC_000962-2955957-C	0.98787
NC_000962-2510350-G	NC_000962-2980861-G	0.970104
NC_000962-2510350-G	NC_000962-3009834-G	0.989601
NC_000962-2510350-G	NC_000962-3033189-A	0.996876
NC_000962-2510350-G	NC_000962-3111476-T	0.996183
NC_000962-2510350-G	NC_000962-3276703-G	0.997918
NC_000962-2510350-G	NC_000962-3284855-T	0.993769
NC_000962-2510350-G	NC_000962-3310174-A	0.394015
NC_000962-2510350-G	NC_000962-3487108-T	0.997224
NC_000962-2510350-G	NC_000962-3542049-A	0.996877
NC_000962-2510350-G	NC_000962-3597249-G	0.997917
NC_000962-2510350-G	NC_000962-3612813-C	0.987525
NC_000962-2510350-G	NC_000962-3675504-T	0.813534
NC_000962-2510350-G	NC_000962-3678249-C	0.997225
NC_000962-2510350-G	NC_000962-3798596-G	0.972378
NC_000962-2510350-G	NC_000962-3846791-G	0.92843
NC_000962-2510350-G	NC_000962-3883178-C	0.893229
NC_000962-2510350-G	NC_000962-3979990-G	0.99653
NC_000962-2510350-G	NC_000962-3993058-A	0.996183
NC_000962-2510350-G	NC_000962-4050811-A	0.988565
NC_000962-2510350-G	NC_000962-4174131-C	0.99445
NC_000962-2510350-G	NC_000962-4186678-A	0.987871
NC_000962-2510350-G	NC_000962-4205325-G	0.99653
NC_000962-2510350-G	NC_000962-4215433-T	0.397583
NC_000962-2510350-G	NC_000962-4252066-C	0.988564
NC_000962-2510350-G	NC_000962-4254431-A	0.997571
NC_000962-2510350-G	NC_000962-4267647-C	0.997224
NC_000962-2510350-G	NC_000962-4274541-A	0.219974
NC_000962-2510350-G	NC_000962-4284429-A	0.99757
NC_000962-2510350-G	NC_000962-4290135-T	0.995489
NC_000962-2510350-G	NC_000962-4301075-C	0.997224
NC_000962-2510350-G	NC_000962-4308395-A	0.997224
NC_000962-2510350-G	NC_000962-4340028-C	0.987524
NC_000962-2510350-G	NC_000962-4357804-G	0.995836
NC_000962-2510350-G	NC_000962-4359653-T	0.987524
NC_000962-2510350-G	NC_000962-4378504-C	0.992372
NC_000962-2543395-C	NC_000962-2548700-T	0.980473
NC_000962-2543395-C	NC_000962-2586076-G	0.992726
NC_000962-2543395-C	NC_000962-2612256-T	0.98373
NC_000962-2543395-C	NC_000962-2630740-C	0.943004
NC_000962-2543395-C	NC_000962-2668467-A	0.220387
NC_000962-2543395-C	NC_000962-2673818-G	0.996184
NC_000962-2543395-C	NC_000962-2706663-T	0.989606
NC_000962-2543395-C	NC_000962-2789798-T	0.99653
NC_000962-2543395-C	NC_000962-2793810-A	0.988567
NC_000962-2543395-C	NC_000962-2833329-A	0.997918
NC_000962-2543395-C	NC_000962-2838897-G	0.397561
NC_000962-2543395-C	NC_000962-2867594-A	0.951905
NC_000962-2543395-C	NC_000962-2867756-C	0.940829
NC_000962-2543395-C	NC_000962-2948230-A	0.993412
NC_000962-2543395-C	NC_000962-2955957-C	0.988567
NC_000962-2543395-C	NC_000962-2980861-G	0.971471
NC_000962-2543395-C	NC_000962-3009834-G	0.989606
NC_000962-2543395-C	NC_000962-3033189-A	0.996183
NC_000962-2543395-C	NC_000962-3111476-T	0.99549
NC_000962-2543395-C	NC_000962-3276703-G	0.997224
NC_000962-2543395-C	NC_000962-3284855-T	0.99446
NC_000962-2543395-C	NC_000962-3310174-A	0.394929
NC_000962-2543395-C	NC_000962-3487108-T	0.996531
NC_000962-2543395-C	NC_000962-3542049-A	0.996184
NC_000962-2543395-C	NC_000962-3597249-G	0.997224
NC_000962-2543395-C	NC_000962-3612813-C	0.986839
NC_000962-2543395-C	NC_000962-3675504-T	0.815619
NC_000962-2543395-C	NC_000962-3678249-C	0.996532
NC_000962-2543395-C	NC_000962-3798596-G	0.972392
NC_000962-2543395-C	NC_000962-3846791-G	0.929098
NC_000962-2543395-C	NC_000962-3883178-C	0.893283
NC_000962-2543395-C	NC_000962-3979990-G	0.995837
NC_000962-2543395-C	NC_000962-3993058-A	0.996184
NC_000962-2543395-C	NC_000962-4050811-A	0.986495
NC_000962-2543395-C	NC_000962-4174131-C	0.99653
NC_000962-2543395-C	NC_000962-4186678-A	0.987184
NC_000962-2543395-C	NC_000962-4205325-G	0.99653
NC_000962-2543395-C	NC_000962-4215433-T	0.397307
NC_000962-2543395-C	NC_000962-4252066-C	0.989262
NC_000962-2543395-C	NC_000962-4254431-A	0.997571
NC_000962-2543395-C	NC_000962-4267647-C	0.997224
NC_000962-2543395-C	NC_000962-4274541-A	0.220387
NC_000962-2543395-C	NC_000962-4284429-A	0.997571
NC_000962-2543395-C	NC_000962-4290135-T	0.994104
NC_000962-2543395-C	NC_000962-4301075-C	0.997224
NC_000962-2543395-C	NC_000962-4308395-A	0.996531
NC_000962-2543395-C	NC_000962-4340028-C	0.988221
NC_000962-2543395-C	NC_000962-4357804-G	0.995144
NC_000962-2543395-C	NC_000962-4359653-T	0.986146
NC_000962-2543395-C	NC_000962-4378504-C	0.993758
NC_000962-2548700-T	NC_000962-2586076-G	0.976026
NC_000962-2548700-T	NC_000962-2612256-T	0.967183
NC_000962-2548700-T	NC_000962-2630740-C	0.925798
NC_000962-2548700-T	NC_000962-2668467-A	0.215978
NC_000962-2548700-T	NC_000962-2673818-G	0.979448
NC_000962-2548700-T	NC_000962-2706663-T	0.970944
NC_000962-2548700-T	NC_000962-2789798-T	0.978423
NC_000962-2548700-T	NC_000962-2793810-A	0.970597
NC_000962-2548700-T	NC_000962-2833329-A	0.978421
NC_000962-2548700-T	NC_000962-2838897-G	0.390615
NC_000962-2548700-T	NC_000962-2867594-A	0.935104
NC_000962-2548700-T	NC_000962-2867756-C	0.922605
NC_000962-2548700-T	NC_000962-2948230-A	0.976032
NC_000962-2548700-T	NC_000962-2955957-C	0.971283
NC_000962-2548700-T	NC_000962-2980861-G	0.952997
NC_000962-2548700-T	NC_000962-3009834-G	0.970944
NC_000962-2548700-T	NC_000962-3033189-A	0.978082
NC_000962-2548700-T	NC_000962-3111476-T	0.978082
NC_000962-2548700-T	NC_000962-3276703-G	0.979105
NC_000962-2548700-T	NC_000962-3284855-T	0.976365
NC_000962-2548700-T	NC_000962-3310174-A	0.38744
NC_000962-2548700-T	NC_000962-3487108-T	0.977737
NC_000962-2548700-T	NC_000962-3542049-A	0.977397
NC_000962-2548700-T	NC_000962-3597249-G	0.979791
NC_000962-2548700-T	NC_000962-3612813-C	0.969582
NC_000962-2548700-T	NC_000962-3675504-T	0.799395
NC_000962-2548700-T	NC_000962-3678249-C	0.978419
NC_000962-2548700-T	NC_000962-3798596-G	0.955394
NC_000962-2548700-T	NC_000962-3846791-G	0.91312
NC_000962-2548700-T	NC_000962-3883178-C	0.878323
NC_000962-2548700-T	NC_000962-3979990-G	0.979791
NC_000962-2548700-T	NC_000962-3993058-A	0.97808
NC_000962-2548700-T	NC_000962-4050811-A	0.968565
NC_000962-2548700-T	NC_000962-4174131-C	0.977739
NC_000962-2548700-T	NC_000962-4186678-A	0.969922
NC_000962-2548700-T	NC_000962-4205325-G	0.979791
NC_000962-2548700-T	NC_000962-4215433-T	0.390365
NC_000962-2548700-T	NC_000962-4252066-C	0.971291
NC_000962-2548700-T	NC_000962-4254431-A	0.978762
NC_000962-2548700-T	NC_000962-4267647-C	0.979105
NC_000962-2548700-T	NC_000962-4274541-A	0.216536
NC_000962-2548700-T	NC_000962-4284429-A	0.97808
NC_000962-2548700-T	NC_000962-4290135-T	0.977401
NC_000962-2548700-T	NC_000962-4301075-C	0.979789
NC_000962-2548700-T	NC_000962-4308395-A	0.979789
NC_000962-2548700-T	NC_000962-4340028-C	0.969575
NC_000962-2548700-T	NC_000962-4357804-G	0.977056
NC_000962-2548700-T	NC_000962-4359653-T	0.968893
NC_000962-2548700-T	NC_000962-4378504-C	0.974326
NC_000962-2586076-G	NC_000962-2612256-T	0.980643
NC_000962-2586076-G	NC_000962-2630740-C	0.93864
NC_000962-2586076-G	NC_000962-2668467-A	0.218876
NC_000962-2586076-G	NC_000962-2673818-G	0.993071
NC_000962-2586076-G	NC_000962-2706663-T	0.985126
NC_000962-2586076-G	NC_000962-2789798-T	0.993417
NC_000962-2586076-G	NC_000962-2793810-A	0.984089
NC_000962-2586076-G	NC_000962-2833329-A	0.993417
NC_000962-2586076-G	NC_000962-2838897-G	0.396872
NC_000962-2586076-G	NC_000962-2867594-A	0.94956
NC_000962-2586076-G	NC_000962-2867756-C	0.937163
NC_000962-2586076-G	NC_000962-2948230-A	0.990305
NC_000962-2586076-G	NC_000962-2955957-C	0.98409
NC_000962-2586076-G	NC_000962-2980861-G	0.967046
NC_000962-2586076-G	NC_000962-3009834-G	0.985126
NC_000962-2586076-G	NC_000962-3033189-A	0.992379
NC_000962-2586076-G	NC_000962-3111476-T	0.991688
NC_000962-2586076-G	NC_000962-3276703-G	0.992726
NC_000962-2586076-G	NC_000962-3284855-T	0.98997
NC_000962-2586076-G	NC_000962-3310174-A	0.393058
NC_000962-2586076-G	NC_000962-3487108-T	0.992726
NC_000962-2586076-G	NC_000962-3542049-A	0.993071
NC_000962-2586076-G	NC_000962-3597249-G	0.994109
NC_000962-2586076-G	NC_000962-3612813-C	0.983056
NC_000962-2586076-G	NC_000962-3675504-T	0.809573
NC_000962-2586076-G	NC_000962-3678249-C	0.993418
NC_000962-2586076-G	NC_000962-3798596-G	0.969329
NC_000962-2586076-G	NC_000962-3846791-G	0.926121
NC_000962-2586076-G	NC_000962-3883178-C	0.889709
NC_000962-2586076-G	NC_000962-3979990-G	0.994109
NC_000962-2586076-G	NC_000962-3993058-A	0.99238
NC_000962-2586076-G	NC_000962-4050811-A	0.983402
NC_000962-2586076-G	NC_000962-4174131-C	0.990651
NC_000962-2586076-G	NC_000962-4186678-A	0.98409
NC_000962-2586076-G	NC_000962-4205325-G	0.992725
NC_000962-2586076-G	NC_000962-4215433-T	0.396618
NC_000962-2586076-G	NC_000962-4252066-C	0.984782
NC_000962-2586076-G	NC_000962-4254431-A	0.993072
NC_000962-2586076-G	NC_000962-4267647-C	0.992034
NC_000962-2586076-G	NC_000962-4274541-A	0.220005
NC_000962-2586076-G	NC_000962-4284429-A	0.993071
NC_000962-2586076-G	NC_000962-4290135-T	0.991687
NC_000962-2586076-G	NC_000962-4301075-C	0.993417
NC_000962-2586076-G	NC_000962-4308395-A	0.992726
NC_000962-2586076-G	NC_000962-4340028-C	0.983054
NC_000962-2586076-G	NC_000962-4357804-G	0.992725
NC_000962-2586076-G	NC_000962-4359653-T	0.982365
NC_000962-2586076-G	NC_000962-4378504-C	0.988578
NC_000962-2612256-T	NC_000962-2630740-C	0.9438
NC_000962-2612256-T	NC_000962-2668467-A	0.220145
NC_000962-2612256-T	NC_000962-2673818-G	0.983382
NC_000962-2612256-T	NC_000962-2706663-T	0.992693
NC_000962-2612256-T	NC_000962-2789798-T	0.983725
NC_000962-2612256-T	NC_000962-2793810-A	0.992347
NC_000962-2612256-T	NC_000962-2833329-A	0.98304
NC_000962-2612256-T	NC_000962-2838897-G	0.399002
NC_000962-2612256-T	NC_000962-2867594-A	0.939274
NC_000962-2612256-T	NC_000962-2867756-C	0.927341
NC_000962-2612256-T	NC_000962-2948230-A	0.980619
NC_000962-2612256-T	NC_000962-2955957-C	0.990958
NC_000962-2612256-T	NC_000962-2980861-G	0.973857
NC_000962-2612256-T	NC_000962-3009834-G	0.991999
NC_000962-2612256-T	NC_000962-3033189-A	0.982687
NC_000962-2612256-T	NC_000962-3111476-T	0.981998
NC_000962-2612256-T	NC_000962-3276703-G	0.98373
NC_000962-2612256-T	NC_000962-3284855-T	0.980315
NC_000962-2612256-T	NC_000962-3310174-A	0.396355
NC_000962-2612256-T	NC_000962-3487108-T	0.98304
NC_000962-2612256-T	NC_000962-3542049-A	0.982693
NC_000962-2612256-T	NC_000962-3597249-G	0.983725
NC_000962-2612256-T	NC_000962-3612813-C	0.989221
NC_000962-2612256-T	NC_000962-3675504-T	0.817701
NC_000962-2612256-T	NC_000962-3678249-C	0.982356
NC_000962-2612256-T	NC_000962-3798596-G	0.976073
NC_000962-2612256-T	NC_000962-3846791-G	0.932073
NC_000962-2612256-T	NC_000962-3883178-C	0.896499
NC_000962-2612256-T	NC_000962-3979990-G	0.983035
NC_000962-2612256-T	NC_000962-3993058-A	0.982693
NC_000962-2612256-T	NC_000962-4050811-A	0.990956
NC_000962-2612256-T	NC_000962-4174131-C	0.980966
NC_000962-2612256-T	NC_000962-4186678-A	0.991651
NC_000962-2612256-T	NC_000962-4205325-G	0.982345
NC_000962-2612256-T	NC_000962-4215433-T	0.399343
NC_000962-2612256-T	NC_000962-4252066-C	0.992345
NC_000962-2612256-T	NC_000962-4254431-A	0.983388
NC_000962-2612256-T	NC_000962-4267647-C	0.98304
NC_000962-2612256-T	NC_000962-4274541-A	0.220712
NC_000962-2612256-T	NC_000962-4284429-A	0.983382
NC_000962-2612256-T	NC_000962-4290135-T	0.981993
NC_000962-2612256-T	NC_000962-4301075-C	0.98373
NC_000962-2612256-T	NC_000962-4308395-A	0.98304
NC_000962-2612256-T	NC_000962-4340028-C	0.990611
NC_000962-2612256-T	NC_000962-4357804-G	0.981656
NC_000962-2612256-T	NC_000962-4359653-T	0.989224
NC_000962-2612256-T	NC_000962-4378504-C	0.978206
NC_000962-2630740-C	NC_000962-2668467-A	0.223968
NC_000962-2630740-C	NC_000962-2673818-G	0.941968
NC_000962-2630740-C	NC_000962-2706663-T	0.948173
NC_000962-2630740-C	NC_000962-2789798-T	0.942979
NC_000962-2630740-C	NC_000962-2793810-A	0.949235
NC_000962-2630740-C	NC_000962-2833329-A	0.943004
NC_000962-2630740-C	NC_000962-2838897-G	0.399705
NC_000962-2630740-C	NC_000962-2867594-A	0.900193
NC_000962-2630740-C	NC_000962-2867756-C	0.888851
NC_000962-2630740-C	NC_000962-2948230-A	0.940579
NC_000962-2630740-C	NC_000962-2955957-C	0.948527
NC_000962-2630740-C	NC_000962-2980861-G	0.933489
NC_000962-2630740-C	NC_000962-3009834-G	0.949546
NC_000962-2630740-C	NC_000962-3033189-A	0.941943
NC_000962-2630740-C	NC_000962-3111476-T	0.940579
NC_000962-2630740-C	NC_000962-3276703-G	0.942322
NC_000962-2630740-C	NC_000962-3284855-T	0.939727
NC_000962-2630740-C	NC_000962-3310174-A	0.396379
NC_000962-2630740-C	NC_000962-3487108-T	0.943004
NC_000962-2630740-C	NC_000962-3542049-A	0.941968
NC_000962-2630740-C	NC_000962-3597249-G	0.943662
NC_000962-2630740-C	NC_000962-3612813-C	0.947466
NC_000962-2630740-C	NC_000962-3675504-T	0.788613
NC_000962-2630740-C	NC_000962-3678249-C	0.940984
NC_000962-2630740-C	NC_000962-3798596-G	0.931949
NC_000962-2630740-C	NC_000962-3846791-G	0.894028
NC_000962-2630740-C	NC_000962-3883178-C	0.853754
NC_000962-2630740-C	NC_000962-3979990-G	0.942297
NC_000962-2630740-C	NC_000962-3993058-A	0.941968
NC_000962-2630740-C	NC_000962-4050811-A	0.947778
NC_000962-2630740-C	NC_000962-4174131-C	0.940933
NC_000962-2630740-C	NC_000962-4186678-A	0.948506
NC_000962-2630740-C	NC_000962-4205325-G	0.942297
NC_000962-2630740-C	NC_000962-4215433-T	0.400044
NC_000962-2630740-C	NC_000962-4252066-C	0.948485
NC_000962-2630740-C	NC_000962-4254431-A	0.941994
NC_000962-2630740-C	NC_000962-4267647-C	0.942322
NC_000962-2630740-C	NC_000962-4274541-A	0.225124
NC_000962-2630740-C	NC_000962-4284429-A	0.943333
NC_000962-2630740-C	NC_000962-4290135-T	0.9426
NC_000962-2630740-C	NC_000962-4301075-C	0.943004
NC_000962-2630740-C	NC_000962-4308395-A	0.942322
NC_000962-2630740-C	NC_000962-4340028-C	0.949567
NC_000962-2630740-C	NC_000962-4357804-G	0.940933
NC_000962-2630740-C	NC_000962-4359653-T	0.948195
NC_000962-2630740-C	NC_000962-4378504-C	0.938182
NC_000962-2668467-A	NC_000962-2673818-G	0.219333
NC_000962-2668467-A	NC_000962-2706663-T	0.22239
NC_000962-2668467-A	NC_000962-2789798-T	0.218845
NC_000962-2668467-A	NC_000962-2793810-A	0.220453
NC_000962-2668467-A	NC_000962-2833329-A	0.219821
NC_000962-2668467-A	NC_000962-2838897-G	0.55191
NC_000962-2668467-A	NC_000962-2867594-A	0.214034
NC_000962-2668467-A	NC_000962-2867756-C	0.206996
NC_000962-2668467-A	NC_000962-2948230-A	0.218921
NC_000962-2668467-A	NC_000962-2955957-C	0.221743
NC_000962-2668467-A	NC_000962-2980861-G	0.217925
NC_000962-2668467-A	NC_000962-3009834-G	0.221821
NC_000962-2668467-A	NC_000962-3033189-A	0.218357
NC_000962-2668467-A	NC_000962-3111476-T	0.219486
NC_000962-2668467-A	NC_000962-3276703-G	0.219821
NC_000962-2668467-A	NC_000962-3284855-T	0.219624
NC_000962-2668467-A	NC_000962-3310174-A	0.555979
NC_000962-2668467-A	NC_000962-3487108-T	0.218693
NC_000962-2668467-A	NC_000962-3542049-A	0.219333
NC_000962-2668467-A	NC_000962-3597249-G	0.219409
NC_000962-2668467-A	NC_000962-3612813-C	0.221407
NC_000962-2668467-A	NC_000962-3675504-T	0.26867
NC_000962-2668467-A	NC_000962-3678249-C	0.219669
NC_000962-2668467-A	NC_000962-3798596-G	0.22501
NC_000962-2668467-A	NC_000962-3846791-G	0.212182
NC_000962-2668467-A	NC_000962-3883178-C	0.244186
NC_000962-2668467-A	NC_000962-3979990-G	0.219409
NC_000962-2668467-A	NC_000962-3993058-A	0.219898
NC_000962-2668467-A	NC_000962-4050811-A	0.221071
NC_000962-2668467-A	NC_000962-4174131-C	0.22054
NC_000962-2668467-A	NC_000962-4186678-A	0.22133
NC_000962-2668467-A	NC_000962-4205325-G	0.218845
NC_000962-2668467-A	NC_000962-4215433-T	0.551048
NC_000962-2668467-A	NC_000962-4247574-C	0.118667
NC_000962-2668467-A	NC_000962-4252066-C	0.222623
NC_000962-2668467-A	NC_000962-4254431-A	0.219745
NC_000962-2668467-A	NC_000962-4267647-C	0.219821
NC_000962-2668467-A	NC_000962-4274541-A	0.993736
NC_000962-2668467-A	NC_000962-4284429-A	0.219333
NC_000962-2668467-A	NC_000962-4290135-T	0.21851
NC_000962-2668467-A	NC_000962-4301075-C	0.219821
NC_000962-2668467-A	NC_000962-4308395-A	0.219821
NC_000962-2668467-A	NC_000962-4340028-C	0.221098
NC_000962-2668467-A	NC_000962-4357804-G	0.219974
NC_000962-2668467-A	NC_000962-4359653-T	0.221098
NC_000962-2668467-A	NC_000962-4378504-C	0.220127
NC_000962-2673818-G	NC_000962-2706663-T	0.988565
NC_000962-2673818-G	NC_000962-2789798-T	0.996877
NC_000962-2673818-G	NC_000962-2793810-A	0.988218
NC_000962-2673818-G	NC_000962-2833329-A	0.996184
NC_000962-2673818-G	NC_000962-2838897-G	0.397105
NC_000962-2673818-G	NC_000962-2867594-A	0.952918
NC_000962-2673818-G	NC_000962-2867756-C	0.940502
NC_000962-2673818-G	NC_000962-2948230-A	0.993758
NC_000962-2673818-G	NC_000962-2955957-C	0.987527
NC_000962-2673818-G	NC_000962-2980861-G	0.969081
NC_000962-2673818-G	NC_000962-3009834-G	0.987873
NC_000962-2673818-G	NC_000962-3033189-A	0.99653
NC_000962-2673818-G	NC_000962-3111476-T	0.995143
NC_000962-2673818-G	NC_000962-3276703-G	0.997571
NC_000962-2673818-G	NC_000962-3284855-T	0.994114
NC_000962-2673818-G	NC_000962-3310174-A	0.393878
NC_000962-2673818-G	NC_000962-3487108-T	0.995491
NC_000962-2673818-G	NC_000962-3542049-A	0.995837
NC_000962-2673818-G	NC_000962-3597249-G	0.996877
NC_000962-2673818-G	NC_000962-3612813-C	0.98649
NC_000962-2673818-G	NC_000962-3675504-T	0.811926
NC_000962-2673818-G	NC_000962-3678249-C	0.996185
NC_000962-2673818-G	NC_000962-3798596-G	0.972041
NC_000962-2673818-G	NC_000962-3846791-G	0.927436
NC_000962-2673818-G	NC_000962-3883178-C	0.892918
NC_000962-2673818-G	NC_000962-3979990-G	0.996183
NC_000962-2673818-G	NC_000962-3993058-A	0.997224
NC_000962-2673818-G	NC_000962-4050811-A	0.98753
NC_000962-2673818-G	NC_000962-4174131-C	0.994104
NC_000962-2673818-G	NC_000962-4186678-A	0.987528
NC_000962-2673818-G	NC_000962-4205325-G	0.99549
NC_000962-2673818-G	NC_000962-4215433-T	0.39685
NC_000962-2673818-G	NC_000962-4252066-C	0.988221
NC_000962-2673818-G	NC_000962-4254431-A	0.995838
NC_000962-2673818-G	NC_000962-4267647-C	0.996184
NC_000962-2673818-G	NC_000962-4274541-A	0.219898
NC_000962-2673818-G	NC_000962-4284429-A	0.995837
NC_000962-2673818-G	NC_000962-4290135-T	0.995836
NC_000962-2673818-G	NC_000962-4301075-C	0.997571
NC_000962-2673818-G	NC_000962-4308395-A	0.997571
NC_000962-2673818-G	NC_000962-4340028-C	0.987181
NC_000962-2673818-G	NC_000962-4357804-G	0.99549
NC_000962-2673818-G	NC_000962-4359653-T	0.987181
NC_000962-2673818-G	NC_000962-4378504-C	0.992027
NC_000962-2706663-T	NC_000962-2789798-T	0.988217
NC_000962-2706663-T	NC_000962-2793810-A	0.996864
NC_000962-2706663-T	NC_000962-2833329-A	0.988914
NC_000962-2706663-T	NC_000962-2838897-G	0.401175
NC_000962-2706663-T	NC_000962-2867594-A	0.944312
NC_000962-2706663-T	NC_000962-2867756-C	0.933656
NC_000962-2706663-T	NC_000962-2948230-A	0.985102
NC_000962-2706663-T	NC_000962-2955957-C	0.996166
NC_000962-2706663-T	NC_000962-2980861-G	0.979694
NC_000962-2706663-T	NC_000962-3009834-G	0.997211
NC_000962-2706663-T	NC_000962-3033189-A	0.987868
NC_000962-2706663-T	NC_000962-3111476-T	0.986484
NC_000962-2706663-T	NC_000962-3276703-G	0.988914
NC_000962-2706663-T	NC_000962-3284855-T	0.985488
NC_000962-2706663-T	NC_000962-3310174-A	0.39852
NC_000962-2706663-T	NC_000962-3487108-T	0.98753
NC_000962-2706663-T	NC_000962-3542049-A	0.989258
NC_000962-2706663-T	NC_000962-3597249-G	0.988217
NC_000962-2706663-T	NC_000962-3612813-C	0.995817
NC_000962-2706663-T	NC_000962-3675504-T	0.821036
NC_000962-2706663-T	NC_000962-3678249-C	0.988227
NC_000962-2706663-T	NC_000962-3798596-G	0.982625
NC_000962-2706663-T	NC_000962-3846791-G	0.937083
NC_000962-2706663-T	NC_000962-3883178-C	0.900733
NC_000962-2706663-T	NC_000962-3979990-G	0.986833
NC_000962-2706663-T	NC_000962-3993058-A	0.989258
NC_000962-2706663-T	NC_000962-4050811-A	0.995468
NC_000962-2706663-T	NC_000962-4174131-C	0.988217
NC_000962-2706663-T	NC_000962-4186678-A	0.995469
NC_000962-2706663-T	NC_000962-4205325-G	0.987525
NC_000962-2706663-T	NC_000962-4215433-T	0.400918
NC_000962-2706663-T	NC_000962-4252066-C	0.997559
NC_000962-2706663-T	NC_000962-4254431-A	0.98857
NC_000962-2706663-T	NC_000962-4267647-C	0.988222
NC_000962-2706663-T	NC_000962-4274541-A	0.22239
NC_000962-2706663-T	NC_000962-4284429-A	0.988565
NC_000962-2706663-T	NC_000962-4290135-T	0.985788
NC_000962-2706663-T	NC_000962-4301075-C	0.988222
NC_000962-2706663-T	NC_000962-4308395-A	0.988222
NC_000962-2706663-T	NC_000962-4340028-C	0.995819
NC_000962-2706663-T	NC_000962-4357804-G	0.988217
NC_000962-2706663-T	NC_000962-4359653-T	0.994427
NC_000962-2706663-T	NC_000962-4378504-C	0.984063
NC_000962-2789798-T	NC_000962-2793810-A	0.988562
NC_000962-2789798-T	NC_000962-2833329-A	0.997224
NC_000962-2789798-T	NC_000962-2838897-G	0.397243
NC_000962-2789798-T	NC_000962-2867594-A	0.953252
NC_000962-2789798-T	NC_000962-2867756-C	0.941502
NC_000962-2789798-T	NC_000962-2948230-A	0.994103
NC_000962-2789798-T	NC_000962-2955957-C	0.98787
NC_000962-2789798-T	NC_000962-2980861-G	0.969421
NC_000962-2789798-T	NC_000962-3009834-G	0.988217
NC_000962-2789798-T	NC_000962-3033189-A	0.99757
NC_000962-2789798-T	NC_000962-3111476-T	0.994796
NC_000962-2789798-T	NC_000962-3276703-G	0.997224
NC_000962-2789798-T	NC_000962-3284855-T	0.993769
NC_000962-2789798-T	NC_000962-3310174-A	0.394015
NC_000962-2789798-T	NC_000962-3487108-T	0.997224
NC_000962-2789798-T	NC_000962-3542049-A	0.996877
NC_000962-2789798-T	NC_000962-3597249-G	0.997223
NC_000962-2789798-T	NC_000962-3612813-C	0.986833
NC_000962-2789798-T	NC_000962-3675504-T	0.812871
NC_000962-2789798-T	NC_000962-3678249-C	0.996531
NC_000962-2789798-T	NC_000962-3798596-G	0.972378
NC_000962-2789798-T	NC_000962-3846791-G	0.927766
NC_000962-2789798-T	NC_000962-3883178-C	0.893229
NC_000962-2789798-T	NC_000962-3979990-G	0.995836
NC_000962-2789798-T	NC_000962-3993058-A	0.996877
NC_000962-2789798-T	NC_000962-4050811-A	0.987873
NC_000962-2789798-T	NC_000962-4174131-C	0.99445
NC_000962-2789798-T	NC_000962-4186678-A	0.987179
NC_000962-2789798-T	NC_000962-4205325-G	0.997223
NC_000962-2789798-T	NC_000962-4215433-T	0.397583
NC_000962-2789798-T	NC_000962-4252066-C	0.987872
NC_000962-2789798-T	NC_000962-4254431-A	0.995491
NC_000962-2789798-T	NC_000962-4267647-C	0.995837
NC_000962-2789798-T	NC_000962-4274541-A	0.219974
NC_000962-2789798-T	NC_000962-4284429-A	0.99757
NC_000962-2789798-T	NC_000962-4290135-T	0.996182
NC_000962-2789798-T	NC_000962-4301075-C	0.99653
NC_000962-2789798-T	NC_000962-4308395-A	0.99653
NC_000962-2789798-T	NC_000962-4340028-C	0.988216
NC_000962-2789798-T	NC_000962-4357804-G	0.995143
NC_000962-2789798-T	NC_000962-4359653-T	0.986141
NC_000962-2789798-T	NC_000962-4378504-C	0.993064
NC_000962-2793810-A	NC_000962-2833329-A	0.987875
NC_000962-2793810-A	NC_000962-2838897-G	0.400157
NC_000962-2793810-A	NC_000962-2867594-A	0.94331
NC_000962-2793810-A	NC_000962-2867756-C	0.932648
NC_000962-2793810-A	NC_000962-2948230-A	0.985448
NC_000962-2793810-A	NC_000962-2955957-C	0.99582
NC_000962-2793810-A	NC_000962-2980861-G	0.977974
NC_000962-2793810-A	NC_000962-3009834-G	0.996864
NC_000962-2793810-A	NC_000962-3033189-A	0.988213
NC_000962-2793810-A	NC_000962-3111476-T	0.987522
NC_000962-2793810-A	NC_000962-3276703-G	0.988567
NC_000962-2793810-A	NC_000962-3284855-T	0.98445
NC_000962-2793810-A	NC_000962-3310174-A	0.396908
NC_000962-2793810-A	NC_000962-3487108-T	0.987875
NC_000962-2793810-A	NC_000962-3542049-A	0.987526
NC_000962-2793810-A	NC_000962-3597249-G	0.98787
NC_000962-2793810-A	NC_000962-3612813-C	0.994775
NC_000962-2793810-A	NC_000962-3675504-T	0.820843
NC_000962-2793810-A	NC_000962-3678249-C	0.98788
NC_000962-2793810-A	NC_000962-3798596-G	0.980903
NC_000962-2793810-A	NC_000962-3846791-G	0.936079
NC_000962-2793810-A	NC_000962-3883178-C	0.90047
NC_000962-2793810-A	NC_000962-3979990-G	0.986487
NC_000962-2793810-A	NC_000962-3993058-A	0.987526
NC_000962-2793810-A	NC_000962-4050811-A	0.997212
NC_000962-2793810-A	NC_000962-4174131-C	0.985796
NC_000962-2793810-A	NC_000962-4186678-A	0.995819
NC_000962-2793810-A	NC_000962-4205325-G	0.98787
NC_000962-2793810-A	NC_000962-4215433-T	0.400499
NC_000962-2793810-A	NC_000962-4252066-C	0.995819
NC_000962-2793810-A	NC_000962-4254431-A	0.988223
NC_000962-2793810-A	NC_000962-4267647-C	0.987875
NC_000962-2793810-A	NC_000962-4274541-A	0.221589
NC_000962-2793810-A	NC_000962-4284429-A	0.988218
NC_000962-2793810-A	NC_000962-4290135-T	0.986825
NC_000962-2793810-A	NC_000962-4301075-C	0.987875
NC_000962-2793810-A	NC_000962-4308395-A	0.987183
NC_000962-2793810-A	NC_000962-4340028-C	0.996864
NC_000962-2793810-A	NC_000962-4357804-G	0.986487
NC_000962-2793810-A	NC_000962-4359653-T	0.995472
NC_000962-2793810-A	NC_000962-4378504-C	0.984409
NC_000962-2833329-A	NC_000962-2838897-G	0.397561
NC_000962-2833329-A	NC_000962-2867594-A	0.952584
NC_000962-2833329-A	NC_000962-2867756-C	0.940829
NC_000962-2833329-A	NC_000962-2948230-A	0.993412
NC_000962-2833329-A	NC_000962-2955957-C	0.987875
NC_000962-2833329-A	NC_000962-2980861-G	0.970106
NC_000962-2833329-A	NC_000962-3009834-G	0.989606
NC_000962-2833329-A	NC_000962-3033189-A	0.996183
NC_000962-2833329-A	NC_000962-3111476-T	0.99549
NC_000962-2833329-A	NC_000962-3276703-G	0.996531
NC_000962-2833329-A	NC_000962-3284855-T	0.993768
NC_000962-2833329-A	NC_000962-3310174-A	0.394335
NC_000962-2833329-A	NC_000962-3487108-T	0.997224
NC_000962-2833329-A	NC_000962-3542049-A	0.996877
NC_000962-2833329-A	NC_000962-3597249-G	0.997224
NC_000962-2833329-A	NC_000962-3612813-C	0.986148
NC_000962-2833329-A	NC_000962-3675504-T	0.81363
NC_000962-2833329-A	NC_000962-3678249-C	0.996532
NC_000962-2833329-A	NC_000962-3798596-G	0.972392
NC_000962-2833329-A	NC_000962-3846791-G	0.928434
NC_000962-2833329-A	NC_000962-3883178-C	0.892608
NC_000962-2833329-A	NC_000962-3979990-G	0.995837
NC_000962-2833329-A	NC_000962-3993058-A	0.996877
NC_000962-2833329-A	NC_000962-4050811-A	0.987187
NC_000962-2833329-A	NC_000962-4174131-C	0.995144
NC_000962-2833329-A	NC_000962-4186678-A	0.987876
NC_000962-2833329-A	NC_000962-4205325-G	0.99653
NC_000962-2833329-A	NC_000962-4215433-T	0.397307
NC_000962-2833329-A	NC_000962-4252066-C	0.98857
NC_000962-2833329-A	NC_000962-4254431-A	0.996878
NC_000962-2833329-A	NC_000962-4267647-C	0.996531
NC_000962-2833329-A	NC_000962-4274541-A	0.220387
NC_000962-2833329-A	NC_000962-4284429-A	0.998265
NC_000962-2833329-A	NC_000962-4290135-T	0.99549
NC_000962-2833329-A	NC_000962-4301075-C	0.997224
NC_000962-2833329-A	NC_000962-4308395-A	0.995838
NC_000962-2833329-A	NC_000962-4340028-C	0.988221
NC_000962-2833329-A	NC_000962-4357804-G	0.995837
NC_000962-2833329-A	NC_000962-4359653-T	0.986146
NC_000962-2833329-A	NC_000962-4378504-C	0.993758
NC_000962-2838897-G	NC_000962-2867594-A	0.387874
NC_000962-2838897-G	NC_000962-2867756-C	0.374788
NC_000962-2838897-G	NC_000962-2948230-A	0.395598
NC_000962-2838897-G	NC_000962-2955957-C	0.401035
NC_000962-2838897-G	NC_000962-2980861-G	0.394133
NC_000962-2838897-G	NC_000962-3009834-G	0.401175
NC_000962-2838897-G	NC_000962-3033189-A	0.396786
NC_000962-2838897-G	NC_000962-3111476-T	0.397381
NC_000962-2838897-G	NC_000962-3276703-G	0.396967
NC_000962-2838897-G	NC_000962-3284855-T	0.396185
NC_000962-2838897-G	NC_000962-3310174-A	0.991033
NC_000962-2838897-G	NC_000962-3487108-T	0.396967
NC_000962-2838897-G	NC_000962-3542049-A	0.397105
NC_000962-2838897-G	NC_000962-3597249-G	0.397838
NC_000962-2838897-G	NC_000962-3612813-C	0.400856
NC_000962-2838897-G	NC_000962-3675504-T	0.484463
NC_000962-2838897-G	NC_000962-3678249-C	0.397285
NC_000962-2838897-G	NC_000962-3798596-G	0.407981
NC_000962-2838897-G	NC_000962-3846791-G	0.381521
NC_000962-2838897-G	NC_000962-3883178-C	0.442062
NC_000962-2838897-G	NC_000962-3979990-G	0.397838
NC_000962-2838897-G	NC_000962-3993058-A	0.397105
NC_000962-2838897-G	NC_000962-4050811-A	0.400078
NC_000962-2838897-G	NC_000962-4174131-C	0.397243
NC_000962-2838897-G	NC_000962-4186678-A	0.401315
NC_000962-2838897-G	NC_000962-4205325-G	0.397243
NC_000962-2838897-G	NC_000962-4215433-T	0.999359
NC_000962-2838897-G	NC_000962-4252066-C	0.400996
NC_000962-2838897-G	NC_000962-4254431-A	0.397423
NC_000962-2838897-G	NC_000962-4267647-C	0.397561
NC_000962-2838897-G	NC_000962-4274541-A	0.554346
NC_000962-2838897-G	NC_000962-4284429-A	0.397105
NC_000962-2838897-G	NC_000962-4290135-T	0.397062
NC_000962-2838897-G	NC_000962-4301075-C	0.397561
NC_000962-2838897-G	NC_000962-4308395-A	0.397561
NC_000962-2838897-G	NC_000962-4340028-C	0.400297
NC_000962-2838897-G	NC_000962-4357804-G	0.397838
NC_000962-2838897-G	NC_000962-4359653-T	0.400896
NC_000962-2838897-G	NC_000962-4378504-C	0.398114
NC_000962-2867594-A	NC_000962-2867756-C	0.911896
NC_000962-2867594-A	NC_000962-2948230-A	0.950192
NC_000962-2867594-A	NC_000962-2955957-C	0.943301
NC_000962-2867594-A	NC_000962-2980861-G	0.926831
NC_000962-2867594-A	NC_000962-3009834-G	0.943634
NC_000962-2867594-A	NC_000962-3033189-A	0.952907
NC_000962-2867594-A	NC_000962-3111476-T	0.950192
NC_000962-2867594-A	NC_000962-3276703-G	0.951905
NC_000962-2867594-A	NC_000962-3284855-T	0.949252
NC_000962-2867594-A	NC_000962-3310174-A	0.384653
NC_000962-2867594-A	NC_000962-3487108-T	0.952584
NC_000962-2867594-A	NC_000962-3542049-A	0.952918
NC_000962-2867594-A	NC_000962-3597249-G	0.952573
NC_000962-2867594-A	NC_000962-3612813-C	0.942948
NC_000962-2867594-A	NC_000962-3675504-T	0.783093
NC_000962-2867594-A	NC_000962-3678249-C	0.951238
NC_000962-2867594-A	NC_000962-3798596-G	0.930588
NC_000962-2867594-A	NC_000962-3846791-G	0.886952
NC_000962-2867594-A	NC_000962-3883178-C	0.861218
NC_000962-2867594-A	NC_000962-3979990-G	0.951894
NC_000962-2867594-A	NC_000962-3993058-A	0.952918
NC_000962-2867594-A	NC_000962-4050811-A	0.943272
NC_000962-2867594-A	NC_000962-4174131-C	0.949859
NC_000962-2867594-A	NC_000962-4186678-A	0.943968
NC_000962-2867594-A	NC_000962-4205325-G	0.952573
NC_000962-2867594-A	NC_000962-4215433-T	0.388207
NC_000962-2867594-A	NC_000962-4252066-C	0.943959
NC_000962-2867594-A	NC_000962-4254431-A	0.950893
NC_000962-2867594-A	NC_000962-4267647-C	0.950548
NC_000962-2867594-A	NC_000962-4274541-A	0.215153
NC_000962-2867594-A	NC_000962-4284429-A	0.952918
NC_000962-2867594-A	NC_000962-4290135-T	0.951539
NC_000962-2867594-A	NC_000962-4301075-C	0.952584
NC_000962-2867594-A	NC_000962-4308395-A	0.951905
NC_000962-2867594-A	NC_000962-4340028-C	0.943644
NC_000962-2867594-A	NC_000962-4357804-G	0.951215
NC_000962-2867594-A	NC_000962-4359653-T	0.941613
NC_000962-2867594-A	NC_000962-4378504-C	0.947814
NC_000962-2867756-C	NC_000962-2948230-A	0.937857
NC_000962-2867756-C	NC_000962-2955957-C	0.932657
NC_000962-2867756-C	NC_000962-2980861-G	0.915419
NC_000962-2867756-C	NC_000962-3009834-G	0.932331
NC_000962-2867756-C	NC_000962-3033189-A	0.941839
NC_000962-2867756-C	NC_000962-3111476-T	0.937857
NC_000962-2867756-C	NC_000962-3276703-G	0.940829
NC_000962-2867756-C	NC_000962-3284855-T	0.937477
NC_000962-2867756-C	NC_000962-3310174-A	0.372296
NC_000962-2867756-C	NC_000962-3487108-T	0.940166
NC_000962-2867756-C	NC_000962-3542049-A	0.942494
NC_000962-2867756-C	NC_000962-3597249-G	0.940174
NC_000962-2867756-C	NC_000962-3612813-C	0.933004
NC_000962-2867756-C	NC_000962-3675504-T	0.767494
NC_000962-2867756-C	NC_000962-3678249-C	0.942148
NC_000962-2867756-C	NC_000962-3798596-G	0.918057
NC_000962-2867756-C	NC_000962-3846791-G	0.874659
NC_000962-2867756-C	NC_000962-3883178-C	0.842038
NC_000962-2867756-C	NC_000962-3979990-G	0.938848
NC_000962-2867756-C	NC_000962-3993058-A	0.941166
NC_000962-2867756-C	NC_000962-4050811-A	0.931363
NC_000962-2867756-C	NC_000962-4174131-C	0.940174
NC_000962-2867756-C	NC_000962-4186678-A	0.930681
NC_000962-2867756-C	NC_000962-4205325-G	0.940838
NC_000962-2867756-C	NC_000962-4215433-T	0.375117
NC_000962-2867756-C	NC_000962-4252066-C	0.932015
NC_000962-2867756-C	NC_000962-4254431-A	0.93983
NC_000962-2867756-C	NC_000962-4267647-C	0.939502
NC_000962-2867756-C	NC_000962-4274541-A	0.207537
NC_000962-2867756-C	NC_000962-4284429-A	0.941166
NC_000962-2867756-C	NC_000962-4290135-T	0.938529
NC_000962-2867756-C	NC_000962-4301075-C	0.939502
NC_000962-2867756-C	NC_000962-4308395-A	0.940166
NC_000962-2867756-C	NC_000962-4340028-C	0.932321
NC_000962-2867756-C	NC_000962-4357804-G	0.940174
NC_000962-2867756-C	NC_000962-4359653-T	0.929675
NC_000962-2867756-C	NC_000962-4378504-C	0.93753
NC_000962-2948230-A	NC_000962-2955957-C	0.984756
NC_000962-2948230-A	NC_000962-2980861-G	0.967715
NC_000962-2948230-A	NC_000962-3009834-G	0.985793
NC_000962-2948230-A	NC_000962-3033189-A	0.993756
NC_000962-2948230-A	NC_000962-3111476-T	0.993064
NC_000962-2948230-A	NC_000962-3276703-G	0.994797
NC_000962-2948230-A	NC_000962-3284855-T	0.990658
NC_000962-2948230-A	NC_000962-3310174-A	0.392373
NC_000962-2948230-A	NC_000962-3487108-T	0.993412
NC_000962-2948230-A	NC_000962-3542049-A	0.993758
NC_000962-2948230-A	NC_000962-3597249-G	0.995489
NC_000962-2948230-A	NC_000962-3612813-C	0.98372
NC_000962-2948230-A	NC_000962-3675504-T	0.81183
NC_000962-2948230-A	NC_000962-3678249-C	0.993414
NC_000962-2948230-A	NC_000962-3798596-G	0.969271
NC_000962-2948230-A	NC_000962-3846791-G	0.924777
NC_000962-2948230-A	NC_000962-3883178-C	0.891512
NC_000962-2948230-A	NC_000962-3979990-G	0.994103
NC_000962-2948230-A	NC_000962-3993058-A	0.993758
NC_000962-2948230-A	NC_000962-4050811-A	0.98614
NC_000962-2948230-A	NC_000962-4174131-C	0.991334
NC_000962-2948230-A	NC_000962-4186678-A	0.984065
NC_000962-2948230-A	NC_000962-4205325-G	0.993411
NC_000962-2948230-A	NC_000962-4215433-T	0.395936
NC_000962-2948230-A	NC_000962-4252066-C	0.986139
NC_000962-2948230-A	NC_000962-4254431-A	0.993759
NC_000962-2948230-A	NC_000962-4267647-C	0.993412
NC_000962-2948230-A	NC_000962-4274541-A	0.220051
NC_000962-2948230-A	NC_000962-4284429-A	0.993758
NC_000962-2948230-A	NC_000962-4290135-T	0.99237
NC_000962-2948230-A	NC_000962-4301075-C	0.994105
NC_000962-2948230-A	NC_000962-4308395-A	0.994797
NC_000962-2948230-A	NC_000962-4340028-C	0.98372
NC_000962-2948230-A	NC_000962-4357804-G	0.993411
NC_000962-2948230-A	NC_000962-4359653-T	0.984411
NC_000962-2948230-A	NC_000962-4378504-C	0.988567
NC_000962-2955957-C	NC_000962-2980861-G	0.977289
NC_000962-2955957-C	NC_000962-3009834-G	0.99756
NC_000962-2955957-C	NC_000962-3033189-A	0.987522
NC_000962-2955957-C	NC_000962-3111476-T	0.985447
NC_000962-2955957-C	NC_000962-3276703-G	0.987875
NC_000962-2955957-C	NC_000962-3284855-T	0.985142
NC_000962-2955957-C	NC_000962-3310174-A	0.397783
NC_000962-2955957-C	NC_000962-3487108-T	0.986492
NC_000962-2955957-C	NC_000962-3542049-A	0.986835
NC_000962-2955957-C	NC_000962-3597249-G	0.988562
NC_000962-2955957-C	NC_000962-3612813-C	0.996166
NC_000962-2955957-C	NC_000962-3675504-T	0.820083
NC_000962-2955957-C	NC_000962-3678249-C	0.988573
NC_000962-2955957-C	NC_000962-3798596-G	0.979506
NC_000962-2955957-C	NC_000962-3846791-G	0.936748
NC_000962-2955957-C	NC_000962-3883178-C	0.901779
NC_000962-2955957-C	NC_000962-3979990-G	0.98787
NC_000962-2955957-C	NC_000962-3993058-A	0.986835
NC_000962-2955957-C	NC_000962-4050811-A	0.994425
NC_000962-2955957-C	NC_000962-4174131-C	0.986487
NC_000962-2955957-C	NC_000962-4186678-A	0.995818
NC_000962-2955957-C	NC_000962-4205325-G	0.987178
NC_000962-2955957-C	NC_000962-4215433-T	0.400778
NC_000962-2955957-C	NC_000962-4252066-C	0.997211
NC_000962-2955957-C	NC_000962-4254431-A	0.987532
NC_000962-2955957-C	NC_000962-4267647-C	0.987184
NC_000962-2955957-C	NC_000962-4274541-A	0.222313
NC_000962-2955957-C	NC_000962-4284429-A	0.987527
NC_000962-2955957-C	NC_000962-4290135-T	0.986134
NC_000962-2955957-C	NC_000962-4301075-C	0.987875
NC_000962-2955957-C	NC_000962-4308395-A	0.988567
NC_000962-2955957-C	NC_000962-4340028-C	0.996167
NC_000962-2955957-C	NC_000962-4357804-G	0.986487
NC_000962-2955957-C	NC_000962-4359653-T	0.994775
NC_000962-2955957-C	NC_000962-4378504-C	0.983718
NC_000962-2980861-G	NC_000962-3009834-G	0.979007
NC_000962-2980861-G	NC_000962-3033189-A	0.968397
NC_000962-2980861-G	NC_000962-3111476-T	0.968397
NC_000962-2980861-G	NC_000962-3276703-G	0.969424
NC_000962-2980861-G	NC_000962-3284855-T	0.967396
NC_000962-2980861-G	NC_000962-3310174-A	0.390932
NC_000962-2980861-G	NC_000962-3487108-T	0.969424
NC_000962-2980861-G	NC_000962-3542049-A	0.969081
NC_000962-2980861-G	NC_000962-3597249-G	0.970104
NC_000962-2980861-G	NC_000962-3612813-C	0.976948
NC_000962-2980861-G	NC_000962-3675504-T	0.805947
NC_000962-2980861-G	NC_000962-3678249-C	0.968063
NC_000962-2980861-G	NC_000962-3798596-G	0.963318
NC_000962-2980861-G	NC_000962-3846791-G	0.920889
NC_000962-2980861-G	NC_000962-3883178-C	0.884228
NC_000962-2980861-G	NC_000962-3979990-G	0.968739
NC_000962-2980861-G	NC_000962-3993058-A	0.969763
NC_000962-2980861-G	NC_000962-4050811-A	0.976609
NC_000962-2980861-G	NC_000962-4174131-C	0.968739
NC_000962-2980861-G	NC_000962-4186678-A	0.977291
NC_000962-2980861-G	NC_000962-4205325-G	0.969421
NC_000962-2980861-G	NC_000962-4215433-T	0.39388
NC_000962-2980861-G	NC_000962-4252066-C	0.978667
NC_000962-2980861-G	NC_000962-4254431-A	0.969766
NC_000962-2980861-G	NC_000962-4267647-C	0.970106
NC_000962-2980861-G	NC_000962-4274541-A	0.218486
NC_000962-2980861-G	NC_000962-4284429-A	0.969763
NC_000962-2980861-G	NC_000962-4290135-T	0.967031
NC_000962-2980861-G	NC_000962-4301075-C	0.970788
NC_000962-2980861-G	NC_000962-4308395-A	0.969424
NC_000962-2980861-G	NC_000962-4340028-C	0.977631
NC_000962-2980861-G	NC_000962-4357804-G	0.968739
NC_000962-2980861-G	NC_000962-4359653-T	0.976258
NC_000962-2980861-G	NC_000962-4378504-C	0.965329
NC_000962-3009834-G	NC_000962-3033189-A	0.987176
NC_000962-3009834-G	NC_000962-3111476-T	0.987176
NC_000962-3009834-G	NC_000962-3276703-G	0.988914
NC_000962-3009834-G	NC_000962-3284855-T	0.986178
NC_000962-3009834-G	NC_000962-3310174-A	0.397922
NC_000962-3009834-G	NC_000962-3487108-T	0.988222
NC_000962-3009834-G	NC_000962-3542049-A	0.987873
NC_000962-3009834-G	NC_000962-3597249-G	0.989601
NC_000962-3009834-G	NC_000962-3612813-C	0.995121
NC_000962-3009834-G	NC_000962-3675504-T	0.821036
NC_000962-3009834-G	NC_000962-3678249-C	0.988227
NC_000962-3009834-G	NC_000962-3798596-G	0.980542
NC_000962-3009834-G	NC_000962-3846791-G	0.937083
NC_000962-3009834-G	NC_000962-3883178-C	0.901414
NC_000962-3009834-G	NC_000962-3979990-G	0.988217
NC_000962-3009834-G	NC_000962-3993058-A	0.987181
NC_000962-3009834-G	NC_000962-4050811-A	0.996165
NC_000962-3009834-G	NC_000962-4174131-C	0.986141
NC_000962-3009834-G	NC_000962-4186678-A	0.996862
NC_000962-3009834-G	NC_000962-4205325-G	0.987525
NC_000962-3009834-G	NC_000962-4215433-T	0.400918
NC_000962-3009834-G	NC_000962-4252066-C	0.998256
NC_000962-3009834-G	NC_000962-4254431-A	0.989263
NC_000962-3009834-G	NC_000962-4267647-C	0.988222
NC_000962-3009834-G	NC_000962-4274541-A	0.22239
NC_000962-3009834-G	NC_000962-4284429-A	0.989258
NC_000962-3009834-G	NC_000962-4290135-T	0.986479
NC_000962-3009834-G	NC_000962-4301075-C	0.988914
NC_000962-3009834-G	NC_000962-4308395-A	0.988222
NC_000962-3009834-G	NC_000962-4340028-C	0.996515
NC_000962-3009834-G	NC_000962-4357804-G	0.987525
NC_000962-3009834-G	NC_000962-4359653-T	0.995819
NC_000962-3009834-G	NC_000962-4378504-C	0.984754
NC_000962-3033189-A	NC_000962-3111476-T	0.993756
NC_000962-3033189-A	NC_000962-3276703-G	0.996183
NC_000962-3033189-A	NC_000962-3284855-T	0.99204
NC_000962-3033189-A	NC_000962-3310174-A	0.393559
NC_000962-3033189-A	NC_000962-3487108-T	0.996183
NC_000962-3033189-A	NC_000962-3542049-A	0.997223
NC_000962-3033189-A	NC_000962-3597249-G	0.996876
NC_000962-3033189-A	NC_000962-3612813-C	0.987869
NC_000962-3033189-A	NC_000962-3675504-T	0.812492
NC_000962-3033189-A	NC_000962-3678249-C	0.996878
NC_000962-3033189-A	NC_000962-3798596-G	0.972027
NC_000962-3033189-A	NC_000962-3846791-G	0.927432
NC_000962-3033189-A	NC_000962-3883178-C	0.892864
NC_000962-3033189-A	NC_000962-3979990-G	0.995489
NC_000962-3033189-A	NC_000962-3993058-A	0.995836
NC_000962-3033189-A	NC_000962-4050811-A	0.986832
NC_000962-3033189-A	NC_000962-4174131-C	0.994796
NC_000962-3033189-A	NC_000962-4186678-A	0.986139
NC_000962-3033189-A	NC_000962-4205325-G	0.996183
NC_000962-3033189-A	NC_000962-4215433-T	0.397126
NC_000962-3033189-A	NC_000962-4252066-C	0.986831
NC_000962-3033189-A	NC_000962-4254431-A	0.995144
NC_000962-3033189-A	NC_000962-4267647-C	0.99549
NC_000962-3033189-A	NC_000962-4274541-A	0.219486
NC_000962-3033189-A	NC_000962-4284429-A	0.99653
NC_000962-3033189-A	NC_000962-4290135-T	0.995141
NC_000962-3033189-A	NC_000962-4301075-C	0.99549
NC_000962-3033189-A	NC_000962-4308395-A	0.996183
NC_000962-3033189-A	NC_000962-4340028-C	0.987868
NC_000962-3033189-A	NC_000962-4357804-G	0.994796
NC_000962-3033189-A	NC_000962-4359653-T	0.985793
NC_000962-3033189-A	NC_000962-4378504-C	0.992717
NC_000962-3111476-T	NC_000962-3276703-G	0.99549
NC_000962-3111476-T	NC_000962-3284855-T	0.99204
NC_000962-3111476-T	NC_000962-3310174-A	0.393559
NC_000962-3111476-T	NC_000962-3487108-T	0.994105
NC_000962-3111476-T	NC_000962-3542049-A	0.993758
NC_000962-3111476-T	NC_000962-3597249-G	0.995489
NC_000962-3111476-T	NC_000962-3612813-C	0.984411
NC_000962-3111476-T	NC_000962-3675504-T	0.813154
NC_000962-3111476-T	NC_000962-3678249-C	0.994106
NC_000962-3111476-T	NC_000962-3798596-G	0.970648
NC_000962-3111476-T	NC_000962-3846791-G	0.926768
NC_000962-3111476-T	NC_000962-3883178-C	0.892188
NC_000962-3111476-T	NC_000962-3979990-G	0.994796
NC_000962-3111476-T	NC_000962-3993058-A	0.99445
NC_000962-3111476-T	NC_000962-4050811-A	0.986832
NC_000962-3111476-T	NC_000962-4174131-C	0.992718
NC_000962-3111476-T	NC_000962-4186678-A	0.985447
NC_000962-3111476-T	NC_000962-4205325-G	0.994796
NC_000962-3111476-T	NC_000962-4215433-T	0.397126
NC_000962-3111476-T	NC_000962-4252066-C	0.986831
NC_000962-3111476-T	NC_000962-4254431-A	0.995837
NC_000962-3111476-T	NC_000962-4267647-C	0.996183
NC_000962-3111476-T	NC_000962-4274541-A	0.220616
NC_000962-3111476-T	NC_000962-4284429-A	0.99445
NC_000962-3111476-T	NC_000962-4290135-T	0.993755
NC_000962-3111476-T	NC_000962-4301075-C	0.994797
NC_000962-3111476-T	NC_000962-4308395-A	0.994797
NC_000962-3111476-T	NC_000962-4340028-C	0.985102
NC_000962-3111476-T	NC_000962-4357804-G	0.993411
NC_000962-3111476-T	NC_000962-4359653-T	0.985793
NC_000962-3111476-T	NC_000962-4378504-C	0.990641
NC_000962-3272997-G	NC_000962-3633957-C	0.884474
NC_000962-3272997-G	NC_000962-3695970-A	0.923824
NC_000962-3272997-G	NC_000962-3903530-C	0.225432
NC_000962-3272997-G	NC_000962-4011950-A	0.954121
NC_000962-3272997-G	NC_000962-4409995-A	0.99318
NC_000962-3276703-G	NC_000962-3284855-T	0.995152
NC_000962-3276703-G	NC_000962-3310174-A	0.394929
NC_000962-3276703-G	NC_000962-3487108-T	0.995838
NC_000962-3276703-G	NC_000962-3542049-A	0.996877
NC_000962-3276703-G	NC_000962-3597249-G	0.997224
NC_000962-3276703-G	NC_000962-3612813-C	0.986148
NC_000962-3276703-G	NC_000962-3675504-T	0.81363
NC_000962-3276703-G	NC_000962-3678249-C	0.996532
NC_000962-3276703-G	NC_000962-3798596-G	0.971703
NC_000962-3276703-G	NC_000962-3846791-G	0.927105
NC_000962-3276703-G	NC_000962-3883178-C	0.892608
NC_000962-3276703-G	NC_000962-3979990-G	0.995837
NC_000962-3276703-G	NC_000962-3993058-A	0.997571
NC_000962-3276703-G	NC_000962-4050811-A	0.987879
NC_000962-3276703-G	NC_000962-4174131-C	0.995144
NC_000962-3276703-G	NC_000962-4186678-A	0.986493
NC_000962-3276703-G	NC_000962-4205325-G	0.99653
NC_000962-3276703-G	NC_000962-4215433-T	0.397307
NC_000962-3276703-G	NC_000962-4252066-C	0.989262
NC_000962-3276703-G	NC_000962-4254431-A	0.996878
NC_000962-3276703-G	NC_000962-4267647-C	0.996531
NC_000962-3276703-G	NC_000962-4274541-A	0.219821
NC_000962-3276703-G	NC_000962-4284429-A	0.996877
NC_000962-3276703-G	NC_000962-4290135-T	0.99549
NC_000962-3276703-G	NC_000962-4301075-C	0.996531
NC_000962-3276703-G	NC_000962-4308395-A	0.997224
NC_000962-3276703-G	NC_000962-4340028-C	0.987529
NC_000962-3276703-G	NC_000962-4357804-G	0.995837
NC_000962-3276703-G	NC_000962-4359653-T	0.986838
NC_000962-3276703-G	NC_000962-4378504-C	0.992373
NC_000962-3284855-T	NC_000962-3310174-A	0.393561
NC_000962-3284855-T	NC_000962-3487108-T	0.992386
NC_000962-3284855-T	NC_000962-3542049-A	0.993423
NC_000962-3284855-T	NC_000962-3597249-G	0.994461
NC_000962-3284855-T	NC_000962-3612813-C	0.982729
NC_000962-3284855-T	NC_000962-3675504-T	0.810809
NC_000962-3284855-T	NC_000962-3678249-C	0.993077
NC_000962-3284855-T	NC_000962-3798596-G	0.968336
NC_000962-3284855-T	NC_000962-3846791-G	0.926464
NC_000962-3284855-T	NC_000962-3883178-C	0.890186
NC_000962-3284855-T	NC_000962-3979990-G	0.993077
NC_000962-3284855-T	NC_000962-3993058-A	0.993423
NC_000962-3284855-T	NC_000962-4050811-A	0.983766
NC_000962-3284855-T	NC_000962-4174131-C	0.991694
NC_000962-3284855-T	NC_000962-4186678-A	0.983763
NC_000962-3284855-T	NC_000962-4205325-G	0.993077
NC_000962-3284855-T	NC_000962-4215433-T	0.395931
NC_000962-3284855-T	NC_000962-4252066-C	0.986526
NC_000962-3284855-T	NC_000962-4254431-A	0.993423
NC_000962-3284855-T	NC_000962-4267647-C	0.993077
NC_000962-3284855-T	NC_000962-4274541-A	0.219624
NC_000962-3284855-T	NC_000962-4284429-A	0.993423
NC_000962-3284855-T	NC_000962-4290135-T	0.99204
NC_000962-3284855-T	NC_000962-4301075-C	0.993768
NC_000962-3284855-T	NC_000962-4308395-A	0.993768
NC_000962-3284855-T	NC_000962-4340028-C	0.984796
NC_000962-3284855-T	NC_000962-4357804-G	0.992386
NC_000962-3284855-T	NC_000962-4359653-T	0.983416
NC_000962-3284855-T	NC_000962-4378504-C	0.990313
NC_000962-3310174-A	NC_000962-3487108-T	0.393741
NC_000962-3310174-A	NC_000962-3542049-A	0.394472
NC_000962-3310174-A	NC_000962-3597249-G	0.394015
NC_000962-3310174-A	NC_000962-3612813-C	0.397005
NC_000962-3310174-A	NC_000962-3675504-T	0.482667
NC_000962-3310174-A	NC_000962-3678249-C	0.394061
NC_000962-3310174-A	NC_000962-3798596-G	0.404071
NC_000962-3310174-A	NC_000962-3846791-G	0.377808
NC_000962-3310174-A	NC_000962-3883178-C	0.438503
NC_000962-3310174-A	NC_000962-3979990-G	0.394015
NC_000962-3310174-A	NC_000962-3993058-A	0.395066
NC_000962-3310174-A	NC_000962-4050811-A	0.396824
NC_000962-3310174-A	NC_000962-4174131-C	0.394609
NC_000962-3310174-A	NC_000962-4186678-A	0.397463
NC_000962-3310174-A	NC_000962-4205325-G	0.394015
NC_000962-3310174-A	NC_000962-4215433-T	0.991669
NC_000962-3310174-A	NC_000962-4252066-C	0.398339
NC_000962-3310174-A	NC_000962-4254431-A	0.394198
NC_000962-3310174-A	NC_000962-4267647-C	0.394335
NC_000962-3310174-A	NC_000962-4274541-A	0.555979
NC_000962-3310174-A	NC_000962-4284429-A	0.394472
NC_000962-3310174-A	NC_000962-4290135-T	0.393833
NC_000962-3310174-A	NC_000962-4301075-C	0.394335
NC_000962-3310174-A	NC_000962-4308395-A	0.394335
NC_000962-3310174-A	NC_000962-4340028-C	0.397644
NC_000962-3310174-A	NC_000962-4357804-G	0.394609
NC_000962-3310174-A	NC_000962-4359653-T	0.397047
NC_000962-3310174-A	NC_000962-4378504-C	0.394884
NC_000962-3487108-T	NC_000962-3542049-A	0.996184
NC_000962-3487108-T	NC_000962-3597249-G	0.99653
NC_000962-3487108-T	NC_000962-3612813-C	0.985456
NC_000962-3487108-T	NC_000962-3675504-T	0.812968
NC_000962-3487108-T	NC_000962-3678249-C	0.995146
NC_000962-3487108-T	NC_000962-3798596-G	0.971703
NC_000962-3487108-T	NC_000962-3846791-G	0.927769
NC_000962-3487108-T	NC_000962-3883178-C	0.891932
NC_000962-3487108-T	NC_000962-3979990-G	0.995144
NC_000962-3487108-T	NC_000962-3993058-A	0.995491
NC_000962-3487108-T	NC_000962-4050811-A	0.987187
NC_000962-3487108-T	NC_000962-4174131-C	0.993067
NC_000962-3487108-T	NC_000962-4186678-A	0.987184
NC_000962-3487108-T	NC_000962-4205325-G	0.995837
NC_000962-3487108-T	NC_000962-4215433-T	0.397307
NC_000962-3487108-T	NC_000962-4252066-C	0.987186
NC_000962-3487108-T	NC_000962-4254431-A	0.995492
NC_000962-3487108-T	NC_000962-4267647-C	0.995145
NC_000962-3487108-T	NC_000962-4274541-A	0.219821
NC_000962-3487108-T	NC_000962-4284429-A	0.997571
NC_000962-3487108-T	NC_000962-4290135-T	0.994797
NC_000962-3487108-T	NC_000962-4301075-C	0.996531
NC_000962-3487108-T	NC_000962-4308395-A	0.995145
NC_000962-3487108-T	NC_000962-4340028-C	0.987529
NC_000962-3487108-T	NC_000962-4357804-G	0.994451
NC_000962-3487108-T	NC_000962-4359653-T	0.985455
NC_000962-3487108-T	NC_000962-4378504-C	0.992373
NC_000962-3542049-A	NC_000962-3597249-G	0.996877
NC_000962-3542049-A	NC_000962-3612813-C	0.987182
NC_000962-3542049-A	NC_000962-3675504-T	0.812588
NC_000962-3542049-A	NC_000962-3678249-C	0.996185
NC_000962-3542049-A	NC_000962-3798596-G	0.97273
NC_000962-3542049-A	NC_000962-3846791-G	0.928764
NC_000962-3542049-A	NC_000962-3883178-C	0.892243
NC_000962-3542049-A	NC_000962-3979990-G	0.99549
NC_000962-3542049-A	NC_000962-3993058-A	0.997224
NC_000962-3542049-A	NC_000962-4050811-A	0.986838
NC_000962-3542049-A	NC_000962-4174131-C	0.994797
NC_000962-3542049-A	NC_000962-4186678-A	0.986144
NC_000962-3542049-A	NC_000962-4205325-G	0.996183
NC_000962-3542049-A	NC_000962-4215433-T	0.397445
NC_000962-3542049-A	NC_000962-4252066-C	0.987529
NC_000962-3542049-A	NC_000962-4254431-A	0.995838
NC_000962-3542049-A	NC_000962-4267647-C	0.994798
NC_000962-3542049-A	NC_000962-4274541-A	0.219898
NC_000962-3542049-A	NC_000962-4284429-A	0.997224
NC_000962-3542049-A	NC_000962-4290135-T	0.995143
NC_000962-3542049-A	NC_000962-4301075-C	0.995491
NC_000962-3542049-A	NC_000962-4308395-A	0.995491
NC_000962-3542049-A	NC_000962-4340028-C	0.987873
NC_000962-3542049-A	NC_000962-4357804-G	0.996183
NC_000962-3542049-A	NC_000962-4359653-T	0.985798
NC_000962-3542049-A	NC_000962-4378504-C	0.993411
NC_000962-3597249-G	NC_000962-3612813-C	0.987525
NC_000962-3597249-G	NC_000962-3675504-T	0.813534
NC_000962-3597249-G	NC_000962-3678249-C	0.996531
NC_000962-3597249-G	NC_000962-3798596-G	0.972378
NC_000962-3597249-G	NC_000962-3846791-G	0.929095
NC_000962-3597249-G	NC_000962-3883178-C	0.894581
NC_000962-3597249-G	NC_000962-3979990-G	0.997917
NC_000962-3597249-G	NC_000962-3993058-A	0.99549
NC_000962-3597249-G	NC_000962-4050811-A	0.987181
NC_000962-3597249-G	NC_000962-4174131-C	0.99445
NC_000962-3597249-G	NC_000962-4186678-A	0.987871
NC_000962-3597249-G	NC_000962-4205325-G	0.99653
NC_000962-3597249-G	NC_000962-4215433-T	0.397583
NC_000962-3597249-G	NC_000962-4252066-C	0.989257
NC_000962-3597249-G	NC_000962-4254431-A	0.996877
NC_000962-3597249-G	NC_000962-4267647-C	0.99653
NC_000962-3597249-G	NC_000962-4274541-A	0.22054
NC_000962-3597249-G	NC_000962-4284429-A	0.996877
NC_000962-3597249-G	NC_000962-4290135-T	0.996182
NC_000962-3597249-G	NC_000962-4301075-C	0.997224
NC_000962-3597249-G	NC_000962-4308395-A	0.997224
NC_000962-3597249-G	NC_000962-4340028-C	0.987524
NC_000962-3597249-G	NC_000962-4357804-G	0.995836
NC_000962-3597249-G	NC_000962-4359653-T	0.988216
NC_000962-3597249-G	NC_000962-4378504-C	0.993064
NC_000962-3612813-C	NC_000962-3675504-T	0.818943
NC_000962-3612813-C	NC_000962-3678249-C	0.987537
NC_000962-3612813-C	NC_000962-3798596-G	0.979839
NC_000962-3612813-C	NC_000962-3846791-G	0.937084
NC_000962-3612813-C	NC_000962-3883178-C	0.900683
NC_000962-3612813-C	NC_000962-3979990-G	0.986833
NC_000962-3612813-C	NC_000962-3993058-A	0.98649
NC_000962-3612813-C	NC_000962-4050811-A	0.993378
NC_000962-3612813-C	NC_000962-4174131-C	0.986142
NC_000962-3612813-C	NC_000962-4186678-A	0.994076
NC_000962-3612813-C	NC_000962-4205325-G	0.986833
NC_000962-3612813-C	NC_000962-4215433-T	0.400599
NC_000962-3612813-C	NC_000962-4252066-C	0.994771
NC_000962-3612813-C	NC_000962-4254431-A	0.985805
NC_000962-3612813-C	NC_000962-4267647-C	0.986148
NC_000962-3612813-C	NC_000962-4274541-A	0.222545
NC_000962-3612813-C	NC_000962-4284429-A	0.985799
NC_000962-3612813-C	NC_000962-4290135-T	0.985096
NC_000962-3612813-C	NC_000962-4301075-C	0.986148
NC_000962-3612813-C	NC_000962-4308395-A	0.987531
NC_000962-3612813-C	NC_000962-4340028-C	0.995122
NC_000962-3612813-C	NC_000962-4357804-G	0.98545
NC_000962-3612813-C	NC_000962-4359653-T	0.994426
NC_000962-3612813-C	NC_000962-4378504-C	0.982681
NC_000962-3633957-C	NC_000962-3695970-A	0.957405
NC_000962-3633957-C	NC_000962-3903530-C	0.254877
NC_000962-3633957-C	NC_000962-4011950-A	0.914877
NC_000962-3633957-C	NC_000962-4409995-A	0.878427
NC_000962-3675504-T	NC_000962-3678249-C	0.812403
NC_000962-3675504-T	NC_000962-3798596-G	0.802859
NC_000962-3675504-T	NC_000962-3846791-G	0.770203
NC_000962-3675504-T	NC_000962-3883178-C	0.904712
NC_000962-3675504-T	NC_000962-3979990-G	0.811547
NC_000962-3675504-T	NC_000962-3993058-A	0.812588
NC_000962-3675504-T	NC_000962-4050811-A	0.819136
NC_000962-3675504-T	NC_000962-4174131-C	0.812209
NC_000962-3675504-T	NC_000962-4186678-A	0.818656
NC_000962-3675504-T	NC_000962-4205325-G	0.812871
NC_000962-3675504-T	NC_000962-4215433-T	0.484846
NC_000962-3675504-T	NC_000962-4252066-C	0.82123
NC_000962-3675504-T	NC_000962-4254431-A	0.813348
NC_000962-3675504-T	NC_000962-4267647-C	0.812968
NC_000962-3675504-T	NC_000962-4274541-A	0.26867
NC_000962-3675504-T	NC_000962-4284429-A	0.813913
NC_000962-3675504-T	NC_000962-4290135-T	0.811733
NC_000962-3675504-T	NC_000962-4301075-C	0.812968
NC_000962-3675504-T	NC_000962-4308395-A	0.812306
NC_000962-3675504-T	NC_000962-4340028-C	0.820463
NC_000962-3675504-T	NC_000962-4357804-G	0.811547
NC_000962-3675504-T	NC_000962-4359653-T	0.818464
NC_000962-3675504-T	NC_000962-4378504-C	0.810788
NC_000962-3678249-C	NC_000962-3798596-G	0.971717
NC_000962-3678249-C	NC_000962-3846791-G	0.926446
NC_000962-3678249-C	NC_000962-3883178-C	0.892663
NC_000962-3678249-C	NC_000962-3979990-G	0.995838
NC_000962-3678249-C	NC_000962-3993058-A	0.995492
NC_000962-3678249-C	NC_000962-4050811-A	0.986501
NC_000962-3678249-C	NC_000962-4174131-C	0.995145
NC_000962-3678249-C	NC_000962-4186678-A	0.986499
NC_000962-3678249-C	NC_000962-4205325-G	0.995145
NC_000962-3678249-C	NC_000962-4215433-T	0.397031
NC_000962-3678249-C	NC_000962-4252066-C	0.987883
NC_000962-3678249-C	NC_000962-4254431-A	0.996878
NC_000962-3678249-C	NC_000962-4267647-C	0.995839
NC_000962-3678249-C	NC_000962-4274541-A	0.220234
NC_000962-3678249-C	NC_000962-4284429-A	0.996185
NC_000962-3678249-C	NC_000962-4290135-T	0.994106
NC_000962-3678249-C	NC_000962-4301075-C	0.995839
NC_000962-3678249-C	NC_000962-4308395-A	0.996532
NC_000962-3678249-C	NC_000962-4340028-C	0.986843
NC_000962-3678249-C	NC_000962-4357804-G	0.995838
NC_000962-3678249-C	NC_000962-4359653-T	0.985461
NC_000962-3678249-C	NC_000962-4378504-C	0.992375
NC_000962-3695970-A	NC_000962-3903530-C	0.24402
NC_000962-3695970-A	NC_000962-4011950-A	0.955586
NC_000962-3695970-A	NC_000962-4409995-A	0.917514
NC_000962-3798596-G	NC_000962-3846791-G	0.921778
NC_000962-3798596-G	NC_000962-3883178-C	0.883934
NC_000962-3798596-G	NC_000962-3979990-G	0.971
NC_000962-3798596-G	NC_000962-3993058-A	0.972041
NC_000962-3798596-G	NC_000962-4050811-A	0.979478
NC_000962-3798596-G	NC_000962-4174131-C	0.971
NC_000962-3798596-G	NC_000962-4186678-A	0.979496
NC_000962-3798596-G	NC_000962-4205325-G	0.972378
NC_000962-3798596-G	NC_000962-4215433-T	0.407719
NC_000962-3798596-G	NC_000962-4252066-C	0.980181
NC_000962-3798596-G	NC_000962-4254431-A	0.972054
NC_000962-3798596-G	NC_000962-4267647-C	0.971703
NC_000962-3798596-G	NC_000962-4274541-A	0.226163
NC_000962-3798596-G	NC_000962-4284429-A	0.972041
NC_000962-3798596-G	NC_000962-4290135-T	0.969945
NC_000962-3798596-G	NC_000962-4301075-C	0.971703
NC_000962-3798596-G	NC_000962-4308395-A	0.971703
NC_000962-3798596-G	NC_000962-4340028-C	0.979164
NC_000962-3798596-G	NC_000962-4357804-G	0.971689
NC_000962-3798596-G	NC_000962-4359653-T	0.978471
NC_000962-3798596-G	NC_000962-4378504-C	0.967543
NC_000962-3846791-G	NC_000962-3883178-C	0.846599
NC_000962-3846791-G	NC_000962-3979990-G	0.92843
NC_000962-3846791-G	NC_000962-3993058-A	0.927436
NC_000962-3846791-G	NC_000962-4050811-A	0.934745
NC_000962-3846791-G	NC_000962-4174131-C	0.926438
NC_000962-3846791-G	NC_000962-4186678-A	0.937418
NC_000962-3846791-G	NC_000962-4205325-G	0.927766
NC_000962-3846791-G	NC_000962-4215433-T	0.381273
NC_000962-3846791-G	NC_000962-4252066-C	0.936081
NC_000962-3846791-G	NC_000962-4254431-A	0.929432
NC_000962-3846791-G	NC_000962-4267647-C	0.927769
NC_000962-3846791-G	NC_000962-4274541-A	0.213285
NC_000962-3846791-G	NC_000962-4284429-A	0.9281
NC_000962-3846791-G	NC_000962-4290135-T	0.926764
NC_000962-3846791-G	NC_000962-4301075-C	0.928434
NC_000962-3846791-G	NC_000962-4308395-A	0.928434
NC_000962-3846791-G	NC_000962-4340028-C	0.937082
NC_000962-3846791-G	NC_000962-4357804-G	0.926438
NC_000962-3846791-G	NC_000962-4359653-T	0.935745
NC_000962-3846791-G	NC_000962-4378504-C	0.925107
NC_000962-3883178-C	NC_000962-3979990-G	0.893905
NC_000962-3883178-C	NC_000962-3993058-A	0.891567
NC_000962-3883178-C	NC_000962-4050811-A	0.899586
NC_000962-3883178-C	NC_000962-4174131-C	0.891202
NC_000962-3883178-C	NC_000962-4186678-A	0.900368
NC_000962-3883178-C	NC_000962-4205325-G	0.891877
NC_000962-3883178-C	NC_000962-4215433-T	0.441779
NC_000962-3883178-C	NC_000962-4252066-C	0.901678
NC_000962-3883178-C	NC_000962-4254431-A	0.892973
NC_000962-3883178-C	NC_000962-4267647-C	0.893283
NC_000962-3883178-C	NC_000962-4274541-A	0.245414
NC_000962-3883178-C	NC_000962-4284429-A	0.892243
NC_000962-3883178-C	NC_000962-4290135-T	0.892133
NC_000962-3883178-C	NC_000962-4301075-C	0.893283
NC_000962-3883178-C	NC_000962-4308395-A	0.893959
NC_000962-3883178-C	NC_000962-4340028-C	0.900104
NC_000962-3883178-C	NC_000962-4357804-G	0.891202
NC_000962-3883178-C	NC_000962-4359653-T	0.900104
NC_000962-3883178-C	NC_000962-4378504-C	0.889123
NC_000962-3903530-C	NC_000962-4011950-A	0.233087
NC_000962-3903530-C	NC_000962-4409995-A	0.223796
NC_000962-3979990-G	NC_000962-3993058-A	0.994797
NC_000962-3979990-G	NC_000962-4050811-A	0.985797
NC_000962-3979990-G	NC_000962-4174131-C	0.993065
NC_000962-3979990-G	NC_000962-4186678-A	0.987179
NC_000962-3979990-G	NC_000962-4205325-G	0.995143
NC_000962-3979990-G	NC_000962-4215433-T	0.397583
NC_000962-3979990-G	NC_000962-4252066-C	0.987872
NC_000962-3979990-G	NC_000962-4254431-A	0.996184
NC_000962-3979990-G	NC_000962-4267647-C	0.995144
NC_000962-3979990-G	NC_000962-4274541-A	0.22054
NC_000962-3979990-G	NC_000962-4284429-A	0.99549
NC_000962-3979990-G	NC_000962-4290135-T	0.995489
NC_000962-3979990-G	NC_000962-4301075-C	0.99653
NC_000962-3979990-G	NC_000962-4308395-A	0.997224
NC_000962-3979990-G	NC_000962-4340028-C	0.986833
NC_000962-3979990-G	NC_000962-4357804-G	0.99445
NC_000962-3979990-G	NC_000962-4359653-T	0.986833
NC_000962-3979990-G	NC_000962-4378504-C	0.99168
NC_000962-3993058-A	NC_000962-4050811-A	0.986838
NC_000962-3993058-A	NC_000962-4174131-C	0.994797
NC_000962-3993058-A	NC_000962-4186678-A	0.986144
NC_000962-3993058-A	NC_000962-4205325-G	0.996877
NC_000962-3993058-A	NC_000962-4215433-T	0.397445
NC_000962-3993058-A	NC_000962-4252066-C	0.987529
NC_000962-3993058-A	NC_000962-4254431-A	0.995145
NC_000962-3993058-A	NC_000962-4267647-C	0.995491
NC_000962-3993058-A	NC_000962-4274541-A	0.219898
NC_000962-3993058-A	NC_000962-4284429-A	0.99653
NC_000962-3993058-A	NC_000962-4290135-T	0.995836
NC_000962-3993058-A	NC_000962-4301075-C	0.996184
NC_000962-3993058-A	NC_000962-4308395-A	0.996184
NC_000962-3993058-A	NC_000962-4340028-C	0.987873
NC_000962-3993058-A	NC_000962-4357804-G	0.99549
NC_000962-3993058-A	NC_000962-4359653-T	0.985798
NC_000962-3993058-A	NC_000962-4378504-C	0.992027
NC_000962-4011950-A	NC_000962-4409995-A	0.947608
NC_000962-4050811-A	NC_000962-4174131-C	0.983724
NC_000962-4050811-A	NC_000962-4186678-A	0.995119
NC_000962-4050811-A	NC_000962-4205325-G	0.986489
NC_000962-4050811-A	NC_000962-4215433-T	0.40042
NC_000962-4050811-A	NC_000962-4252066-C	0.995815
NC_000962-4050811-A	NC_000962-4254431-A	0.986844
NC_000962-4050811-A	NC_000962-4267647-C	0.986495
NC_000962-4050811-A	NC_000962-4274541-A	0.222208
NC_000962-4050811-A	NC_000962-4284429-A	0.98753
NC_000962-4050811-A	NC_000962-4290135-T	0.986134
NC_000962-4050811-A	NC_000962-4301075-C	0.987187
NC_000962-4050811-A	NC_000962-4308395-A	0.986495
NC_000962-4050811-A	NC_000962-4340028-C	0.99547
NC_000962-4050811-A	NC_000962-4357804-G	0.985797
NC_000962-4050811-A	NC_000962-4359653-T	0.994774
NC_000962-4050811-A	NC_000962-4378504-C	0.983026
NC_000962-4174131-C	NC_000962-4186678-A	0.983723
NC_000962-4174131-C	NC_000962-4205325-G	0.99445
NC_000962-4174131-C	NC_000962-4215433-T	0.396988
NC_000962-4174131-C	NC_000962-4252066-C	0.986488
NC_000962-4174131-C	NC_000962-4254431-A	0.994798
NC_000962-4174131-C	NC_000962-4267647-C	0.995144
NC_000962-4174131-C	NC_000962-4274541-A	0.22054
NC_000962-4174131-C	NC_000962-4284429-A	0.994104
NC_000962-4174131-C	NC_000962-4290135-T	0.991333
NC_000962-4174131-C	NC_000962-4301075-C	0.993759
NC_000962-4174131-C	NC_000962-4308395-A	0.995144
NC_000962-4174131-C	NC_000962-4340028-C	0.984759
NC_000962-4174131-C	NC_000962-4357804-G	0.993758
NC_000962-4174131-C	NC_000962-4359653-T	0.983378
NC_000962-4174131-C	NC_000962-4378504-C	0.990296
NC_000962-4186678-A	NC_000962-4205325-G	0.985796
NC_000962-4186678-A	NC_000962-4215433-T	0.401058
NC_000962-4186678-A	NC_000962-4252066-C	0.995816
NC_000962-4186678-A	NC_000962-4254431-A	0.988225
NC_000962-4186678-A	NC_000962-4267647-C	0.986493
NC_000962-4186678-A	NC_000962-4274541-A	0.222468
NC_000962-4186678-A	NC_000962-4284429-A	0.987528
NC_000962-4186678-A	NC_000962-4290135-T	0.986134
NC_000962-4186678-A	NC_000962-4301075-C	0.988568
NC_000962-4186678-A	NC_000962-4308395-A	0.987876
NC_000962-4186678-A	NC_000962-4340028-C	0.99547
NC_000962-4186678-A	NC_000962-4357804-G	0.985796
NC_000962-4186678-A	NC_000962-4359653-T	0.994774
NC_000962-4186678-A	NC_000962-4378504-C	0.983027
NC_000962-4205325-G	NC_000962-4215433-T	0.397583
NC_000962-4205325-G	NC_000962-4252066-C	0.98718
NC_000962-4205325-G	NC_000962-4254431-A	0.994798
NC_000962-4205325-G	NC_000962-4267647-C	0.995144
NC_000962-4205325-G	NC_000962-4274541-A	0.219974
NC_000962-4205325-G	NC_000962-4284429-A	0.996183
NC_000962-4205325-G	NC_000962-4290135-T	0.995489
NC_000962-4205325-G	NC_000962-4301075-C	0.995144
NC_000962-4205325-G	NC_000962-4308395-A	0.995144
NC_000962-4205325-G	NC_000962-4340028-C	0.987524
NC_000962-4205325-G	NC_000962-4357804-G	0.99445
NC_000962-4205325-G	NC_000962-4359653-T	0.98545
NC_000962-4205325-G	NC_000962-4378504-C	0.992372
NC_000962-4215433-T	NC_000962-4252066-C	0.400739
NC_000962-4215433-T	NC_000962-4254431-A	0.397169
NC_000962-4215433-T	NC_000962-4267647-C	0.397307
NC_000962-4215433-T	NC_000962-4274541-A	0.553483
NC_000962-4215433-T	NC_000962-4284429-A	0.397445
NC_000962-4215433-T	NC_000962-4290135-T	0.397402
NC_000962-4215433-T	NC_000962-4301075-C	0.397307
NC_000962-4215433-T	NC_000962-4308395-A	0.397307
NC_000962-4215433-T	NC_000962-4340028-C	0.400639
NC_000962-4215433-T	NC_000962-4357804-G	0.397583
NC_000962-4215433-T	NC_000962-4359653-T	0.400639
NC_000962-4215433-T	NC_000962-4378504-C	0.397859
NC_000962-4247574-C	NC_000962-4274541-A	0.118667
NC_000962-4252066-C	NC_000962-4254431-A	0.988226
NC_000962-4252066-C	NC_000962-4267647-C	0.987877
NC_000962-4252066-C	NC_000962-4274541-A	0.222623
NC_000962-4252066-C	NC_000962-4284429-A	0.988221
NC_000962-4252066-C	NC_000962-4290135-T	0.986134
NC_000962-4252066-C	NC_000962-4301075-C	0.98857
NC_000962-4252066-C	NC_000962-4308395-A	0.98857
NC_000962-4252066-C	NC_000962-4340028-C	0.99547
NC_000962-4252066-C	NC_000962-4357804-G	0.98718
NC_000962-4252066-C	NC_000962-4359653-T	0.994774
NC_000962-4252066-C	NC_000962-4378504-C	0.983717
NC_000962-4254431-A	NC_000962-4267647-C	0.996878
NC_000962-4254431-A	NC_000962-4274541-A	0.22031
NC_000962-4254431-A	NC_000962-4284429-A	0.996531
NC_000962-4254431-A	NC_000962-4290135-T	0.993759
NC_000962-4254431-A	NC_000962-4301075-C	0.996185
NC_000962-4254431-A	NC_000962-4308395-A	0.996878
NC_000962-4254431-A	NC_000962-4340028-C	0.986495
NC_000962-4254431-A	NC_000962-4357804-G	0.995491
NC_000962-4254431-A	NC_000962-4359653-T	0.986495
NC_000962-4254431-A	NC_000962-4378504-C	0.992028
NC_000962-4267647-C	NC_000962-4274541-A	0.220387
NC_000962-4267647-C	NC_000962-4284429-A	0.995491
NC_000962-4267647-C	NC_000962-4290135-T	0.994104
NC_000962-4267647-C	NC_000962-4301075-C	0.996531
NC_000962-4267647-C	NC_000962-4308395-A	0.997224
NC_000962-4267647-C	NC_000962-4340028-C	0.985455
NC_000962-4267647-C	NC_000962-4357804-G	0.994451
NC_000962-4267647-C	NC_000962-4359653-T	0.986146
NC_000962-4267647-C	NC_000962-4378504-C	0.99099
NC_000962-4274541-A	NC_000962-4284429-A	0.219898
NC_000962-4274541-A	NC_000962-4290135-T	0.219638
NC_000962-4274541-A	NC_000962-4301075-C	0.220387
NC_000962-4274541-A	NC_000962-4308395-A	0.220387
NC_000962-4274541-A	NC_000962-4340028-C	0.221666
NC_000962-4274541-A	NC_000962-4357804-G	0.22054
NC_000962-4274541-A	NC_000962-4359653-T	0.222235
NC_000962-4274541-A	NC_000962-4378504-C	0.220693
NC_000962-4284429-A	NC_000962-4290135-T	0.995143
NC_000962-4284429-A	NC_000962-4301075-C	0.996877
NC_000962-4284429-A	NC_000962-4308395-A	0.995491
NC_000962-4284429-A	NC_000962-4340028-C	0.988564
NC_000962-4284429-A	NC_000962-4357804-G	0.99549
NC_000962-4284429-A	NC_000962-4359653-T	0.985798
NC_000962-4284429-A	NC_000962-4378504-C	0.993411
NC_000962-4290135-T	NC_000962-4301075-C	0.99549
NC_000962-4290135-T	NC_000962-4308395-A	0.994797
NC_000962-4290135-T	NC_000962-4340028-C	0.987171
NC_000962-4290135-T	NC_000962-4357804-G	0.99341
NC_000962-4290135-T	NC_000962-4359653-T	0.986479
NC_000962-4290135-T	NC_000962-4378504-C	0.991331
NC_000962-4301075-C	NC_000962-4308395-A	0.997224
NC_000962-4301075-C	NC_000962-4340028-C	0.987529
NC_000962-4301075-C	NC_000962-4357804-G	0.995837
NC_000962-4301075-C	NC_000962-4359653-T	0.987529
NC_000962-4301075-C	NC_000962-4378504-C	0.992373
NC_000962-4308395-A	NC_000962-4340028-C	0.986146
NC_000962-4308395-A	NC_000962-4357804-G	0.995144
NC_000962-4308395-A	NC_000962-4359653-T	0.986838
NC_000962-4308395-A	NC_000962-4378504-C	0.99099
NC_000962-4340028-C	NC_000962-4357804-G	0.98545
NC_000962-4340028-C	NC_000962-4359653-T	0.995123
NC_000962-4340028-C	NC_000962-4378504-C	0.985445
NC_000962-4357804-G	NC_000962-4359653-T	0.986141
NC_000962-4357804-G	NC_000962-4378504-C	0.990988
NC_000962-4359653-T	NC_000962-4378504-C	0.982682
