Method	Size	Label	Func	WHOs	TP	FP	TN	FN	Genotype Recall	Genotype Precision
Initial	r10000	Rv0678_LoF_frameshift	start_lost,stop_gained,frameshift_variant	Bedaquiline(R:82.04%),Clofazimine(R:27.63%)	0	0	1019	3	0	1
Initial	r10000	Rv0678_p.Leu117Arg	missense_variant	Bedaquiline(R:0.77%),Clofazimine(I:0.59%)	0	0	1021	1	0	1
Initial	r10000	Rv0678_p.Met146Thr	missense_variant	Bedaquiline(I:1.06%),Clofazimine(I:0.30%)	2	0	1020	0	1	1
Initial	r10000	atpE_p.Glu61Asp	missense_variant	Bedaquiline(I:0.19%)	0	0	1022	0	0	1
Initial	r10000	ddn_LoF_frameshift	start_lost,stop_gained,frameshift_variant	Delamanid(I:19.65%)	0	2	1019	1	0	0
Initial	r10000	eis_c.-10G>A	upstream_gene_variant	Kanamycin(R:6.60%)	2	0	1006	14	0.125	1
Initial	r10000	eis_c.-12C>T	upstream_gene_variant	Kanamycin(R:9.14%)	1	1	1006	14	0.0666666666666667	0.5
Initial	r10000	eis_c.-14C>T	upstream_gene_variant	Amikacin(I:3.66%),Kanamycin(R:7.02%)	0	0	1010	12	0	1
Initial	r10000	eis_c.-37G>T	upstream_gene_variant	Kanamycin(R:5.13%)	1	0	1011	10	0.0909090909090909	1
Initial	r10000	embB_p.Asp328Tyr	missense_variant	Ethambutol(R:0.49%)	0	0	1020	2	0	1
Initial	r10000	embB_p.Asp354Ala	missense_variant	Ethambutol(R:3.17%)	0	0	1006	16	0	1
Initial	r10000	embB_p.Gln497Arg	missense_variant	Ethambutol(R:10.54%)	1	0	1008	13	0.0714285714285714	1
Initial	r10000	embB_p.Gln497Lys	missense_variant	Ethambutol(R:1.53%)	0	0	1020	2	0	1
Initial	r10000	embB_p.Gly406Ala	missense_variant	Ethambutol(R:3.46%)	2	0	1007	13	0.133333333333333	1
Initial	r10000	embB_p.Gly406Asp	missense_variant	Ethambutol(R:2.89%)	1	0	1019	2	0.333333333333333	1
Initial	r10000	embB_p.Gly406Cys	missense_variant	Ethambutol(R:0.38%)	0	0	1021	1	0	1
Initial	r10000	embB_p.Gly406Ser	missense_variant	Ethambutol(R:1.97%)	0	0	1017	5	0	1
Initial	r10000	embB_p.Met306Ile	missense_variant	Ethambutol(R:20.60%)	8	0	941	73	0.0987654320987654	1
Initial	r10000	embB_p.Met306Leu	missense_variant	Ethambutol(R:1.53%)	2	0	1017	3	0.4	1
Initial	r10000	embB_p.Met306Val	missense_variant	Ethambutol(R:34.23%)	7	1	914	100	0.0654205607476635	0.875
Initial	r10000	embB_p.Tyr319Cys	missense_variant	Ethambutol(R:0.36%)	0	0	1021	1	0	1
Initial	r10000	embB_p.Tyr319Ser	missense_variant	Ethambutol(R:2.15%)	0	0	1019	3	0	1
Initial	r10000	ethA_LoF_frameshift	start_lost,stop_gained,frameshift_variant	Ethionamide(R:49.09%)	3	3	956	60	0.0476190476190476	0.5
Initial	r10000	ethA_p.Arg207Gly	missense_variant	Ethionamide(R:0.69%)	0	0	1021	1	0	1
Initial	r10000	ethA_p.Asn379Asp	missense_variant	Ethionamide(I:1.17%)	0	0	1021	1	0	1
Initial	r10000	ethA_p.Ser390Phe	missense_variant	Ethionamide(I:0.36%)	1	0	1021	0	1	1
Initial	r10000	fbiC_LoF_frameshift	start_lost,stop_gained,frameshift_variant	Delamanid(I:2.40%)	0	0	1021	1	0	1
Initial	r10000	fgd1_LoF_frameshift	start_lost,stop_gained,frameshift_variant	Delamanid(I:1.60%)	0	0	1021	1	0	1
Initial	r10000	gid_LoF_frameshift	start_lost,stop_gained,frameshift_variant	Streptomycin(R:18.20%)	0	2	966	54	0	0
Initial	r10000	gid_p.Ala200Glu	missense_variant	Streptomycin(R:0.13%)	1	0	1021	0	1	1
Initial	r10000	gid_p.Asp67His	missense_variant	Streptomycin(I:0.09%)	0	0	1021	1	0	1
Initial	r10000	gid_p.Gly73Ala	missense_variant	Streptomycin(I:0.32%)	0	0	1021	1	0	1
Initial	r10000	gid_p.Pro84Leu	missense_variant	Streptomycin(I:0.54%)	0	0	1020	2	0	1
Initial	r10000	gyrA_p.Ala90Val	missense_variant	Levofloxacin(R:22.44%),Moxifloxacin(R:17.99%)	2	0	989	31	0.0606060606060606	1
Initial	r10000	gyrA_p.Asp94Ala	missense_variant	Levofloxacin(R:7.55%),Moxifloxacin(R:6.52%)	0	0	1009	13	0	1
Initial	r10000	gyrA_p.Asp94Asn	missense_variant	Levofloxacin(R:6.42%),Moxifloxacin(R:7.40%)	1	0	1012	9	0.1	1
Initial	r10000	gyrA_p.Asp94Gly	missense_variant	Levofloxacin(R:36.42%),Moxifloxacin(R:42.28%)	5	0	982	35	0.125	1
Initial	r10000	gyrA_p.Asp94His	missense_variant	Levofloxacin(R:1.69%),Moxifloxacin(R:1.75%)	0	0	1019	3	0	1
Initial	r10000	gyrA_p.Asp94Tyr	missense_variant	Levofloxacin(R:3.92%),Moxifloxacin(R:4.27%)	0	0	1015	7	0	1
Initial	r10000	gyrA_p.Ser91Pro	missense_variant	Levofloxacin(R:4.69%),Moxifloxacin(R:4.37%)	0	0	1016	6	0	1
Initial	r10000	gyrB_p.Asn499Thr	missense_variant	Levofloxacin(R:0.53%),Moxifloxacin(I:0.57%)	0	0	1020	2	0	1
Initial	r10000	gyrB_p.Glu501Asp	missense_variant	Levofloxacin(I:0.77%),Moxifloxacin(R:1.52%)	0	0	1020	2	0	1
Initial	r10000	gyrB_p.Glu501Val	missense_variant	Levofloxacin(I:0.00%),Moxifloxacin(I:0.00%)	0	1	1021	0	0	0
Initial	r10000	gyrB_p.Ser447Phe	missense_variant	Levofloxacin(I:0.36%),Moxifloxacin(I:0.17%)	0	0	1021	1	0	1
Initial	r10000	inhA_c.-154G>A	upstream_gene_variant	Ethionamide(I:5.93%),Isoniazid(R:3.57%)	2	0	1005	15	0.117647058823529	1
Initial	r10000	inhA_c.-770T>A	upstream_gene_variant	Ethionamide(I:1.23%),Isoniazid(I:0.80%)	0	0	1007	15	0	1
Initial	r10000	inhA_c.-770T>C	upstream_gene_variant	Ethionamide(I:3.57%),Isoniazid(I:1.86%)	1	0	1009	12	0.0769230769230769	1
Initial	r10000	inhA_c.-777C>T	upstream_gene_variant	Ethionamide(R:41.56%),Isoniazid(R:21.34%)	10	0	925	87	0.103092783505155	1
Initial	r10000	inhA_c.-779G>T	upstream_gene_variant	Ethionamide(I:2.34%),Isoniazid(I:1.63%)	2	0	1010	10	0.166666666666667	1
Initial	r10000	inhA_p.Ser94Ala	missense_variant	Ethionamide(I:2.26%),Isoniazid(I:1.02%)	0	0	1013	9	0	1
Initial	r10000	katG_LoF_frameshift	start_lost,stop_gained,frameshift_variant	Isoniazid(R:2.07%)	1	4	1014	3	0.25	0.2
Initial	r10000	katG_p.Ser315Arg	missense_variant	Isoniazid(R:0.07%)	0	0	1020	2	0	1
Initial	r10000	katG_p.Ser315Asn	missense_variant	Isoniazid(R:0.99%)	0	0	1015	7	0	1
Initial	r10000	katG_p.Ser315Ile	missense_variant	Isoniazid(I:0.10%)	1	0	1021	0	1	1
Initial	r10000	katG_p.Ser315Thr	missense_variant	Isoniazid(R:77.81%)	22	0	726	274	0.0743243243243243	1
Initial	r10000	katG_p.Trp328Leu	missense_variant	Isoniazid(R:0.06%)	0	0	1021	1	0	1
Initial	r10000	pepQ_LoF_frameshift	start_lost,stop_gained,frameshift_variant	Bedaquiline(I:1.55%),Clofazimine(I:0.90%)	0	0	1021	1	0	1
Initial	r10000	pncA_LoF_frameshift	start_lost,stop_gained,frameshift_variant	Pyrazinamide(R:27.06%)	3	0	975	44	0.0638297872340425	1
Initial	r10000	pncA_c.-11A>C	upstream_gene_variant	Pyrazinamide(R:0.54%)	0	0	1020	2	0	1
Initial	r10000	pncA_c.-11A>G	upstream_gene_variant	Pyrazinamide(R:3.20%)	0	0	1008	14	0	1
Initial	r10000	pncA_c.-11A>T	upstream_gene_variant	Pyrazinamide(I:0.09%)	0	0	1022	0	0	1
Initial	r10000	pncA_c.-12T>C	upstream_gene_variant	Pyrazinamide(R:0.16%)	0	0	1021	1	0	1
Initial	r10000	pncA_p.Ala102Thr	missense_variant	Pyrazinamide(I:0.05%)	0	0	1021	1	0	1
Initial	r10000	pncA_p.Ala143Gly	missense_variant	Pyrazinamide(I:0.07%)	0	0	1021	1	0	1
Initial	r10000	pncA_p.Ala146Thr	missense_variant	Pyrazinamide(R:0.34%)	0	0	1021	1	0	1
Initial	r10000	pncA_p.Ala146Val	missense_variant	Pyrazinamide(R:0.48%)	0	0	1021	1	0	1
Initial	r10000	pncA_p.Ala3Glu	missense_variant	Pyrazinamide(I:0.07%)	1	0	1020	1	0.5	1
Initial	r10000	pncA_p.Ala46Val	missense_variant	Pyrazinamide(I:0.09%)	0	0	1021	1	0	1
Initial	r10000	pncA_p.Arg140Pro	missense_variant	Pyrazinamide(I:0.11%)	0	0	1021	1	0	1
Initial	r10000	pncA_p.Arg154Gly	missense_variant	Pyrazinamide(R:0.39%)	1	0	1014	7	0.125	1
Initial	r10000	pncA_p.Asp12Ala	missense_variant	Pyrazinamide(R:0.41%)	0	0	1020	2	0	1
Initial	r10000	pncA_p.Asp12Asn	missense_variant	Pyrazinamide(I:0.14%)	0	0	1021	1	0	1
Initial	r10000	pncA_p.Asp12Glu	missense_variant	Pyrazinamide(R:0.14%)	0	0	1021	1	0	1
Initial	r10000	pncA_p.Asp12Gly	missense_variant	Pyrazinamide(R:0.29%)	0	0	1022	0	0	1
Initial	r10000	pncA_p.Asp136Gly	missense_variant	Pyrazinamide(R:0.41%)	0	0	1021	1	0	1
Initial	r10000	pncA_p.Asp49Asn	missense_variant	Pyrazinamide(I:0.11%)	0	0	1020	2	0	1
Initial	r10000	pncA_p.Asp49Gly	missense_variant	Pyrazinamide(R:0.98%)	0	0	1021	1	0	1
Initial	r10000	pncA_p.Asp63Gly	missense_variant	Pyrazinamide(I:0.16%)	0	0	1022	0	0	1
Initial	r10000	pncA_p.Asp8Glu	missense_variant	Pyrazinamide(R:0.20%)	0	0	1022	0	0	1
Initial	r10000	pncA_p.Asp8Gly	missense_variant	Pyrazinamide(R:0.50%)	0	0	1021	1	0	1
Initial	r10000	pncA_p.Cys138Arg	missense_variant	Pyrazinamide(R:0.20%)	0	1	1019	2	0	0
Initial	r10000	pncA_p.Cys14Arg	missense_variant	Pyrazinamide(R:0.95%)	0	0	1021	1	0	1
Initial	r10000	pncA_p.Cys14Trp	missense_variant	Pyrazinamide(I:0.05%)	0	0	1021	1	0	1
Initial	r10000	pncA_p.Gln10Pro	missense_variant	Pyrazinamide(R:1.59%)	2	0	1016	4	0.333333333333333	1
Initial	r10000	pncA_p.Gln141Pro	missense_variant	Pyrazinamide(R:1.70%)	0	0	1021	1	0	1
Initial	r10000	pncA_p.Gly108Glu	missense_variant	Pyrazinamide(I:0.09%)	0	0	1021	1	0	1
Initial	r10000	pncA_p.Gly132Ala	missense_variant	Pyrazinamide(R:1.29%)	0	0	1021	1	0	1
Initial	r10000	pncA_p.Gly132Ser	missense_variant	Pyrazinamide(R:0.20%)	0	0	1021	1	0	1
Initial	r10000	pncA_p.Gly17Asp	missense_variant	Pyrazinamide(I:0.09%)	0	0	1021	1	0	1
Initial	r10000	pncA_p.Gly78Ser	missense_variant	Pyrazinamide(I:0.07%)	0	0	1021	1	0	1
Initial	r10000	pncA_p.Gly97Asp	missense_variant	Pyrazinamide(R:1.04%)	2	0	1020	0	1	1
Initial	r10000	pncA_p.Gly97Cys	missense_variant	Pyrazinamide(R:0.43%)	0	0	1021	1	0	1
Initial	r10000	pncA_p.Gly97Ser	missense_variant	Pyrazinamide(R:0.29%)	0	0	1018	4	0	1
Initial	r10000	pncA_p.Gly97Val	missense_variant	Pyrazinamide(I:0.07%)	1	0	1021	0	1	1
Initial	r10000	pncA_p.His43Pro	missense_variant	Pyrazinamide(I:0.07%)	0	0	1021	1	0	1
Initial	r10000	pncA_p.His51Arg	missense_variant	Pyrazinamide(R:1.86%)	0	0	1020	2	0	1
Initial	r10000	pncA_p.His51Asp	missense_variant	Pyrazinamide(R:1.09%)	0	0	1019	3	0	1
Initial	r10000	pncA_p.His51Pro	missense_variant	Pyrazinamide(R:0.18%)	0	0	1021	1	0	1
Initial	r10000	pncA_p.His51Tyr	missense_variant	Pyrazinamide(R:0.11%)	0	0	1021	1	0	1
Initial	r10000	pncA_p.His57Arg	missense_variant	Pyrazinamide(R:1.27%)	0	1	1021	0	0	0
Initial	r10000	pncA_p.His57Asp	missense_variant	Pyrazinamide(R:3.77%)	0	0	1017	5	0	1
Initial	r10000	pncA_p.His57Tyr	missense_variant	Pyrazinamide(R:0.27%)	0	0	1022	0	0	1
Initial	r10000	pncA_p.His71Arg	missense_variant	Pyrazinamide(R:0.86%)	0	0	1021	1	0	1
Initial	r10000	pncA_p.His71Tyr	missense_variant	Pyrazinamide(R:0.77%)	0	0	1022	0	0	1
Initial	r10000	pncA_p.His82Arg	missense_variant	Pyrazinamide(R:0.11%)	0	0	1021	1	0	1
Initial	r10000	pncA_p.Ile133Thr	missense_variant	Pyrazinamide(R:0.66%)	1	0	1019	2	0.333333333333333	1
Initial	r10000	pncA_p.Leu120Pro	missense_variant	Pyrazinamide(R:0.64%)	1	0	1018	3	0.25	1
Initial	r10000	pncA_p.Leu151Ser	missense_variant	Pyrazinamide(R:0.43%)	0	0	1017	5	0	1
Initial	r10000	pncA_p.Leu159Arg	missense_variant	Pyrazinamide(R:0.18%)	0	0	1022	0	0	1
Initial	r10000	pncA_p.Leu19Pro	missense_variant	Pyrazinamide(R:0.23%)	0	0	1022	0	0	1
Initial	r10000	pncA_p.Leu4Ser	missense_variant	Pyrazinamide(R:0.95%)	0	0	1021	1	0	1
Initial	r10000	pncA_p.Leu4Trp	missense_variant	Pyrazinamide(R:0.34%)	0	0	1020	2	0	1
Initial	r10000	pncA_p.Lys48Thr	missense_variant	Pyrazinamide(I:0.45%)	0	0	1020	2	0	1
Initial	r10000	pncA_p.Lys96Arg	missense_variant	Pyrazinamide(R:0.23%)	0	0	1021	1	0	1
Initial	r10000	pncA_p.Lys96Asn	missense_variant	Pyrazinamide(I:0.09%)	0	0	1021	1	0	1
Initial	r10000	pncA_p.Lys96Gln	missense_variant	Pyrazinamide(R:0.11%)	0	0	1021	1	0	1
Initial	r10000	pncA_p.Lys96Glu	missense_variant	Pyrazinamide(R:0.23%)	0	0	1021	1	0	1
Initial	r10000	pncA_p.Met175Arg	missense_variant	Pyrazinamide(R:0.23%)	0	0	1021	1	0	1
Initial	r10000	pncA_p.Met175Ile	missense_variant	Pyrazinamide(I:0.09%)	0	0	1021	1	0	1
Initial	r10000	pncA_p.Met175Thr	missense_variant	Pyrazinamide(I:0.11%)	0	0	1021	1	0	1
Initial	r10000	pncA_p.Met175Val	missense_variant	Pyrazinamide(R:0.27%)	0	0	1021	1	0	1
Initial	r10000	pncA_p.Phe106Ser	missense_variant	Pyrazinamide(I:0.07%)	0	0	1021	1	0	1
Initial	r10000	pncA_p.Phe13Leu	missense_variant	Pyrazinamide(I:0.11%)	0	0	1021	1	0	1
Initial	r10000	pncA_p.Phe13Ser	missense_variant	Pyrazinamide(R:0.11%)	0	0	1021	1	0	1
Initial	r10000	pncA_p.Phe58Leu	missense_variant	Pyrazinamide(R:0.29%)	0	0	1020	2	0	1
Initial	r10000	pncA_p.Phe58Ser	missense_variant	Pyrazinamide(I:0.05%)	0	0	1021	1	0	1
Initial	r10000	pncA_p.Pro54Gln	missense_variant	Pyrazinamide(I:0.07%)	0	0	1020	2	0	1
Initial	r10000	pncA_p.Pro54Leu	missense_variant	Pyrazinamide(R:0.73%)	0	0	1020	2	0	1
Initial	r10000	pncA_p.Pro54Thr	missense_variant	Pyrazinamide(I:0.05%)	0	0	1022	0	0	1
Initial	r10000	pncA_p.Pro62Leu	missense_variant	Pyrazinamide(R:0.23%)	0	0	1022	0	0	1
Initial	r10000	pncA_p.Pro62Ser	missense_variant	Pyrazinamide(I:0.07%)	1	0	1020	1	0.5	1
Initial	r10000	pncA_p.Ser59Pro	missense_variant	Pyrazinamide(R:0.54%)	0	0	1020	2	0	1
Initial	r10000	pncA_p.Thr135Pro	missense_variant	Pyrazinamide(R:0.98%)	0	0	1021	1	0	1
Initial	r10000	pncA_p.Thr142Lys	missense_variant	Pyrazinamide(I:0.05%)	0	0	1020	2	0	1
Initial	r10000	pncA_p.Thr47Ala	missense_variant	Pyrazinamide(R:0.39%)	0	0	1021	1	0	1
Initial	r10000	pncA_p.Thr61Pro	missense_variant	Pyrazinamide(I:0.09%)	0	0	1021	1	0	1
Initial	r10000	pncA_p.Thr76Ile	missense_variant	Pyrazinamide(R:0.18%)	0	0	1021	1	0	1
Initial	r10000	pncA_p.Trp119Arg	missense_variant	Pyrazinamide(I:0.11%)	0	0	1021	1	0	1
Initial	r10000	pncA_p.Trp119Cys	missense_variant	Pyrazinamide(I:0.11%)	0	0	1022	0	0	1
Initial	r10000	pncA_p.Trp119Gly	missense_variant	Pyrazinamide(I:0.11%)	0	0	1022	0	0	1
Initial	r10000	pncA_p.Trp68Arg	missense_variant	Pyrazinamide(R:0.41%)	1	1	1019	1	0.5	0.5
Initial	r10000	pncA_p.Trp68Cys	missense_variant	Pyrazinamide(R:0.45%)	1	0	1017	4	0.2	1
Initial	r10000	pncA_p.Trp68Gly	missense_variant	Pyrazinamide(R:0.73%)	0	0	1015	7	0	1
Initial	r10000	pncA_p.Tyr103Cys	missense_variant	Pyrazinamide(R:0.20%)	1	0	1020	1	0.5	1
Initial	r10000	pncA_p.Tyr34Asp	missense_variant	Pyrazinamide(R:0.41%)	0	0	1020	2	0	1
Initial	r10000	pncA_p.Val128Gly	missense_variant	Pyrazinamide(R:0.32%)	0	0	1022	0	0	1
Initial	r10000	pncA_p.Val130Gly	missense_variant	Pyrazinamide(I:0.07%)	0	0	1021	1	0	1
Initial	r10000	pncA_p.Val139Ala	missense_variant	Pyrazinamide(R:1.34%)	1	0	1018	3	0.25	1
Initial	r10000	pncA_p.Val139Met	missense_variant	Pyrazinamide(R:0.18%)	0	0	1021	1	0	1
Initial	r10000	pncA_p.Val163Ala	missense_variant	Pyrazinamide(I:0.07%)	0	1	1020	1	0	0
Initial	r10000	pncA_p.Val180Ala	missense_variant	Pyrazinamide(R:0.23%)	1	0	1021	0	1	1
Initial	r10000	pncA_p.Val180Gly	missense_variant	Pyrazinamide(R:0.20%)	0	0	1020	2	0	1
Initial	r10000	pncA_p.Val21Gly	missense_variant	Pyrazinamide(I:0.27%)	0	0	1022	0	0	1
Initial	r10000	pncA_p.Val7Ala	missense_variant	Pyrazinamide(I:0.14%)	0	1	1021	0	0	0
Initial	r10000	pncA_p.Val7Gly	missense_variant	Pyrazinamide(R:0.77%)	1	0	1020	1	0.5	1
Initial	r10000	pncA_p.Val7Leu	missense_variant	Pyrazinamide(R:0.18%)	0	0	1021	1	0	1
Initial	r10000	pncA_p.Val93Ala	missense_variant	Pyrazinamide(I:0.05%)	0	0	1022	0	0	1
Initial	r10000	pncA_p.Val93Leu	missense_variant	Pyrazinamide(I:0.11%)	0	0	1021	1	0	1
Initial	r10000	rplC_p.Cys154Arg	missense_variant	Linezolid(R:27.35%)	0	0	1021	1	0	1
Initial	r10000	rpoB_RRDR_indel	inframe,frameshift_variant	Rifampicin(R:0.68%)	0	0	1017	5	0	1
Initial	r10000	rpoB_p.Arg448Gln	missense_variant	Rifampicin(I:0.06%)	0	0	1022	0	0	1
Initial	r10000	rpoB_p.Asn438His	missense_variant	Rifampicin(I:0.01%)	0	0	1022	0	0	1
Initial	r10000	rpoB_p.Asp435Ala	missense_variant	Rifampicin(I:0.07%)	0	0	1020	2	0	1
Initial	r10000	rpoB_p.Asp435Glu	missense_variant	Rifampicin(I:0.12%)	0	0	1021	1	0	1
Initial	r10000	rpoB_p.Asp435Gly	missense_variant	Rifampicin(I:0.88%)	2	0	1013	7	0.222222222222222	1
Initial	r10000	rpoB_p.Asp435Tyr	missense_variant	Rifampicin(R:2.03%)	2	0	1012	8	0.2	1
Initial	r10000	rpoB_p.Asp435Val	missense_variant	Rifampicin(R:6.86%)	4	0	1003	15	0.210526315789474	1
Initial	r10000	rpoB_p.Gln432Leu	missense_variant	Rifampicin(R:0.17%)	0	0	1021	1	0	1
Initial	r10000	rpoB_p.Gln432Pro	missense_variant	Rifampicin(R:0.41%)	0	0	1019	3	0	1
Initial	r10000	rpoB_p.His445Arg	missense_variant	Rifampicin(R:0.81%)	0	0	1014	8	0	1
Initial	r10000	rpoB_p.His445Asn	missense_variant	Rifampicin(R:0.75%)	1	0	1021	0	1	1
Initial	r10000	rpoB_p.His445Asp	missense_variant	Rifampicin(R:3.62%)	0	0	1014	8	0	1
Initial	r10000	rpoB_p.His445Gln	missense_variant	Rifampicin(I:0.12%)	0	0	1021	1	0	1
Initial	r10000	rpoB_p.His445Leu	missense_variant	Rifampicin(R:1.29%)	0	0	1012	10	0	1
Initial	r10000	rpoB_p.His445Pro	missense_variant	Rifampicin(I:0.05%)	0	0	1019	3	0	1
Initial	r10000	rpoB_p.His445Tyr	missense_variant	Rifampicin(R:3.53%)	3	0	1003	16	0.157894736842105	1
Initial	r10000	rpoB_p.Ile491Phe	missense_variant	Rifampicin(R:0.69%)	2	0	1017	3	0.4	1
Initial	r10000	rpoB_p.Leu430Arg	missense_variant	Rifampicin(I:0.19%)	1	0	1021	0	1	1
Initial	r10000	rpoB_p.Leu430Pro	missense_variant	Rifampicin(R:1.28%)	1	0	1017	4	0.2	1
Initial	r10000	rpoB_p.Leu452Pro	missense_variant	Rifampicin(R:1.67%)	2	0	1007	13	0.133333333333333	1
Initial	r10000	rpoB_p.Lys446Gln	missense_variant	Rifampicin(I:0.03%)	0	0	1020	2	0	1
Initial	r10000	rpoB_p.Met434Ile	missense_variant	Rifampicin(I:0.20%)	0	0	1020	2	0	1
Initial	r10000	rpoB_p.Met434Val	missense_variant	Rifampicin(I:0.07%)	0	1	1021	0	0	0
Initial	r10000	rpoB_p.Ser428Arg	missense_variant	Rifampicin(I:0.04%)	0	0	1021	1	0	1
Initial	r10000	rpoB_p.Ser428Ile	missense_variant	Rifampicin(I:0.02%)	0	0	1021	1	0	1
Initial	r10000	rpoB_p.Ser441Leu	missense_variant	Rifampicin(R:0.23%)	0	0	1019	3	0	1
Initial	r10000	rpoB_p.Ser450Leu	missense_variant	Rifampicin(R:64.40%)	17	0	800	205	0.0765765765765766	1
Initial	r10000	rpoB_p.Ser450Trp	missense_variant	Rifampicin(R:1.42%)	2	0	1015	5	0.285714285714286	1
Initial	r10000	rpoB_p.Ser450Tyr	missense_variant	Rifampicin(R:0.05%)	1	0	1020	1	0.5	1
Initial	r10000	rpoB_p.Thr427Asn	missense_variant	Rifampicin(I:0.00%)	0	0	1022	0	0	1
Initial	r10000	rpoB_p.Thr427Ile	missense_variant	Rifampicin(I:0.03%)	0	0	1022	0	0	1
Initial	r10000	rpoB_p.Val170Phe	missense_variant	Rifampicin(R:0.53%)	0	0	1019	3	0	1
Initial	r10000	rpsL_p.Lys43Arg	missense_variant	Streptomycin(R:45.48%)	14	0	881	127	0.099290780141844	1
Initial	r10000	rpsL_p.Lys88Arg	missense_variant	Streptomycin(R:12.35%)	1	0	996	25	0.0384615384615385	1
Initial	r10000	rpsL_p.Lys88Gln	missense_variant	Streptomycin(I:0.14%)	0	0	1021	1	0	1
Initial	r10000	rpsL_p.Lys88Met	missense_variant	Streptomycin(R:0.30%)	1	0	1021	0	1	1
Initial	r10000	rrs_n.1401A>G	non_coding_transcript_exon_variant	Amikacin(R:68.37%),Capreomycin(R:58.08%),Kanamycin(R:46.98%)	2	0	963	57	0.0338983050847458	1
Initial	r10000	rrs_n.1402C>T	non_coding_transcript_exon_variant	Amikacin(I:0.37%),Capreomycin(R:0.83%),Kanamycin(I:0.28%)	0	0	1021	1	0	1
Initial	r10000	rrs_n.1484G>T	non_coding_transcript_exon_variant	Amikacin(R:0.69%),Capreomycin(R:0.88%),Kanamycin(R:0.65%)	0	1	1021	0	0	0
Initial	r10000	rrs_n.514A>C	non_coding_transcript_exon_variant	Streptomycin(R:5.30%)	3	0	991	28	0.0967741935483871	1
Initial	r10000	rrs_n.517C>T	non_coding_transcript_exon_variant	Streptomycin(R:5.79%)	4	0	996	22	0.153846153846154	1
Initial	r10000	rrs_n.878G>A	non_coding_transcript_exon_variant	Streptomycin(I:0.48%)	3	0	1014	5	0.375	1
Initial	r10000	tlyA_LoF_frameshift	start_lost,stop_gained,frameshift_variant	Capreomycin(R:9.06%)	0	2	1017	3	0	0
Initial	r10000	tlyA_p.Asn236Lys	missense_variant	Capreomycin(R:1.02%)	1	0	1016	5	0.166666666666667	1
Initial	r10000	ALL	ALL	ALL	165	23	206551	1749	0.0862068965517241	0.877659574468085
Initial	r100000	Rv0678_LoF_frameshift	start_lost,stop_gained,frameshift_variant	Bedaquiline(R:82.04%),Clofazimine(R:27.63%)	1	9	1010	2	0.333333333333333	0.1
Initial	r100000	Rv0678_p.Leu117Arg	missense_variant	Bedaquiline(R:0.77%),Clofazimine(I:0.59%)	0	0	1021	1	0	1
Initial	r100000	Rv0678_p.Met146Thr	missense_variant	Bedaquiline(I:1.06%),Clofazimine(I:0.30%)	2	0	1020	0	1	1
Initial	r100000	atpE_p.Glu61Asp	missense_variant	Bedaquiline(I:0.19%)	0	2	1020	0	0	0
Initial	r100000	ddn_LoF_frameshift	start_lost,stop_gained,frameshift_variant	Delamanid(I:19.65%)	1	5	1016	0	1	0.166666666666667
Initial	r100000	eis_c.-10G>A	upstream_gene_variant	Kanamycin(R:6.60%)	8	0	1006	8	0.5	1
Initial	r100000	eis_c.-12C>T	upstream_gene_variant	Kanamycin(R:9.14%)	9	2	1005	6	0.6	0.818181818181818
Initial	r100000	eis_c.-14C>T	upstream_gene_variant	Amikacin(I:3.66%),Kanamycin(R:7.02%)	7	0	1010	5	0.583333333333333	1
Initial	r100000	eis_c.-37G>T	upstream_gene_variant	Kanamycin(R:5.13%)	8	0	1011	3	0.727272727272727	1
Initial	r100000	embB_p.Asp328Tyr	missense_variant	Ethambutol(R:0.49%)	0	0	1020	2	0	1
Initial	r100000	embB_p.Asp354Ala	missense_variant	Ethambutol(R:3.17%)	9	0	1006	7	0.5625	1
Initial	r100000	embB_p.Gln497Arg	missense_variant	Ethambutol(R:10.54%)	4	0	1008	10	0.285714285714286	1
Initial	r100000	embB_p.Gln497Lys	missense_variant	Ethambutol(R:1.53%)	1	0	1020	1	0.5	1
Initial	r100000	embB_p.Gly406Ala	missense_variant	Ethambutol(R:3.46%)	9	0	1007	6	0.6	1
Initial	r100000	embB_p.Gly406Asp	missense_variant	Ethambutol(R:2.89%)	2	0	1019	1	0.666666666666667	1
Initial	r100000	embB_p.Gly406Cys	missense_variant	Ethambutol(R:0.38%)	0	0	1021	1	0	1
Initial	r100000	embB_p.Gly406Ser	missense_variant	Ethambutol(R:1.97%)	4	0	1017	1	0.8	1
Initial	r100000	embB_p.Met306Ile	missense_variant	Ethambutol(R:20.60%)	48	0	941	33	0.592592592592593	1
Initial	r100000	embB_p.Met306Leu	missense_variant	Ethambutol(R:1.53%)	4	0	1017	1	0.8	1
Initial	r100000	embB_p.Met306Val	missense_variant	Ethambutol(R:34.23%)	61	3	912	46	0.570093457943925	0.953125
Initial	r100000	embB_p.Tyr319Cys	missense_variant	Ethambutol(R:0.36%)	0	0	1021	1	0	1
Initial	r100000	embB_p.Tyr319Ser	missense_variant	Ethambutol(R:2.15%)	1	1	1018	2	0.333333333333333	0.5
Initial	r100000	ethA_LoF_frameshift	start_lost,stop_gained,frameshift_variant	Ethionamide(R:49.09%)	19	19	940	44	0.301587301587302	0.5
Initial	r100000	ethA_p.Arg207Gly	missense_variant	Ethionamide(R:0.69%)	0	0	1021	1	0	1
Initial	r100000	ethA_p.Asn379Asp	missense_variant	Ethionamide(I:1.17%)	1	1	1020	0	1	0.5
Initial	r100000	ethA_p.Ser390Phe	missense_variant	Ethionamide(I:0.36%)	1	0	1021	0	1	1
Initial	r100000	fbiC_LoF_frameshift	start_lost,stop_gained,frameshift_variant	Delamanid(I:2.40%)	0	0	1021	1	0	1
Initial	r100000	fgd1_LoF_frameshift	start_lost,stop_gained,frameshift_variant	Delamanid(I:1.60%)	0	0	1021	1	0	1
Initial	r100000	gid_LoF_frameshift	start_lost,stop_gained,frameshift_variant	Streptomycin(R:18.20%)	18	10	958	36	0.333333333333333	0.642857142857143
Initial	r100000	gid_p.Ala200Glu	missense_variant	Streptomycin(R:0.13%)	1	0	1021	0	1	1
Initial	r100000	gid_p.Asp67His	missense_variant	Streptomycin(I:0.09%)	0	0	1021	1	0	1
Initial	r100000	gid_p.Gly73Ala	missense_variant	Streptomycin(I:0.32%)	1	0	1021	0	1	1
Initial	r100000	gid_p.Pro84Leu	missense_variant	Streptomycin(I:0.54%)	1	0	1020	1	0.5	1
Initial	r100000	gyrA_p.Ala90Val	missense_variant	Levofloxacin(R:22.44%),Moxifloxacin(R:17.99%)	17	1	988	16	0.515151515151515	0.944444444444444
Initial	r100000	gyrA_p.Asp94Ala	missense_variant	Levofloxacin(R:7.55%),Moxifloxacin(R:6.52%)	4	0	1009	9	0.307692307692308	1
Initial	r100000	gyrA_p.Asp94Asn	missense_variant	Levofloxacin(R:6.42%),Moxifloxacin(R:7.40%)	7	1	1011	3	0.7	0.875
Initial	r100000	gyrA_p.Asp94Gly	missense_variant	Levofloxacin(R:36.42%),Moxifloxacin(R:42.28%)	24	1	981	16	0.6	0.96
Initial	r100000	gyrA_p.Asp94His	missense_variant	Levofloxacin(R:1.69%),Moxifloxacin(R:1.75%)	2	0	1019	1	0.666666666666667	1
Initial	r100000	gyrA_p.Asp94Tyr	missense_variant	Levofloxacin(R:3.92%),Moxifloxacin(R:4.27%)	4	0	1015	3	0.571428571428571	1
Initial	r100000	gyrA_p.Ser91Pro	missense_variant	Levofloxacin(R:4.69%),Moxifloxacin(R:4.37%)	4	0	1016	2	0.666666666666667	1
Initial	r100000	gyrB_p.Asn499Thr	missense_variant	Levofloxacin(R:0.53%),Moxifloxacin(I:0.57%)	2	0	1020	0	1	1
Initial	r100000	gyrB_p.Glu501Asp	missense_variant	Levofloxacin(I:0.77%),Moxifloxacin(R:1.52%)	0	0	1020	2	0	1
Initial	r100000	gyrB_p.Glu501Val	missense_variant	Levofloxacin(I:0.00%),Moxifloxacin(I:0.00%)	0	0	1022	0	0	1
Initial	r100000	gyrB_p.Ser447Phe	missense_variant	Levofloxacin(I:0.36%),Moxifloxacin(I:0.17%)	1	0	1021	0	1	1
Initial	r100000	inhA_c.-154G>A	upstream_gene_variant	Ethionamide(I:5.93%),Isoniazid(R:3.57%)	11	0	1005	6	0.647058823529412	1
Initial	r100000	inhA_c.-770T>A	upstream_gene_variant	Ethionamide(I:1.23%),Isoniazid(I:0.80%)	8	0	1007	7	0.533333333333333	1
Initial	r100000	inhA_c.-770T>C	upstream_gene_variant	Ethionamide(I:3.57%),Isoniazid(I:1.86%)	6	0	1009	7	0.461538461538462	1
Initial	r100000	inhA_c.-777C>T	upstream_gene_variant	Ethionamide(R:41.56%),Isoniazid(R:21.34%)	62	1	924	35	0.639175257731959	0.984126984126984
Initial	r100000	inhA_c.-779G>T	upstream_gene_variant	Ethionamide(I:2.34%),Isoniazid(I:1.63%)	6	0	1010	6	0.5	1
Initial	r100000	inhA_p.Ser94Ala	missense_variant	Ethionamide(I:2.26%),Isoniazid(I:1.02%)	5	0	1013	4	0.555555555555556	1
Initial	r100000	katG_LoF_frameshift	start_lost,stop_gained,frameshift_variant	Isoniazid(R:2.07%)	1	30	988	3	0.25	0.032258064516129
Initial	r100000	katG_p.Ser315Arg	missense_variant	Isoniazid(R:0.07%)	0	0	1020	2	0	1
Initial	r100000	katG_p.Ser315Asn	missense_variant	Isoniazid(R:0.99%)	2	0	1015	5	0.285714285714286	1
Initial	r100000	katG_p.Ser315Ile	missense_variant	Isoniazid(I:0.10%)	1	0	1021	0	1	1
Initial	r100000	katG_p.Ser315Thr	missense_variant	Isoniazid(R:77.81%)	174	0	726	122	0.587837837837838	1
Initial	r100000	katG_p.Trp328Leu	missense_variant	Isoniazid(R:0.06%)	1	0	1021	0	1	1
Initial	r100000	pepQ_LoF_frameshift	start_lost,stop_gained,frameshift_variant	Bedaquiline(I:1.55%),Clofazimine(I:0.90%)	0	0	1021	1	0	1
Initial	r100000	pncA_LoF_frameshift	start_lost,stop_gained,frameshift_variant	Pyrazinamide(R:27.06%)	8	4	971	39	0.170212765957447	0.666666666666667
Initial	r100000	pncA_c.-11A>C	upstream_gene_variant	Pyrazinamide(R:0.54%)	2	0	1020	0	1	1
Initial	r100000	pncA_c.-11A>G	upstream_gene_variant	Pyrazinamide(R:3.20%)	2	0	1008	12	0.142857142857143	1
Initial	r100000	pncA_c.-11A>T	upstream_gene_variant	Pyrazinamide(I:0.09%)	0	0	1022	0	0	1
Initial	r100000	pncA_c.-12T>C	upstream_gene_variant	Pyrazinamide(R:0.16%)	1	0	1021	0	1	1
Initial	r100000	pncA_p.Ala102Thr	missense_variant	Pyrazinamide(I:0.05%)	1	0	1021	0	1	1
Initial	r100000	pncA_p.Ala143Gly	missense_variant	Pyrazinamide(I:0.07%)	0	0	1021	1	0	1
Initial	r100000	pncA_p.Ala146Thr	missense_variant	Pyrazinamide(R:0.34%)	1	0	1021	0	1	1
Initial	r100000	pncA_p.Ala146Val	missense_variant	Pyrazinamide(R:0.48%)	0	0	1021	1	0	1
Initial	r100000	pncA_p.Ala3Glu	missense_variant	Pyrazinamide(I:0.07%)	2	0	1020	0	1	1
Initial	r100000	pncA_p.Ala46Val	missense_variant	Pyrazinamide(I:0.09%)	0	0	1021	1	0	1
Initial	r100000	pncA_p.Arg140Pro	missense_variant	Pyrazinamide(I:0.11%)	0	0	1021	1	0	1
Initial	r100000	pncA_p.Arg154Gly	missense_variant	Pyrazinamide(R:0.39%)	5	0	1014	3	0.625	1
Initial	r100000	pncA_p.Asp12Ala	missense_variant	Pyrazinamide(R:0.41%)	2	0	1020	0	1	1
Initial	r100000	pncA_p.Asp12Asn	missense_variant	Pyrazinamide(I:0.14%)	0	0	1021	1	0	1
Initial	r100000	pncA_p.Asp12Glu	missense_variant	Pyrazinamide(R:0.14%)	0	0	1021	1	0	1
Initial	r100000	pncA_p.Asp12Gly	missense_variant	Pyrazinamide(R:0.29%)	0	1	1021	0	0	0
Initial	r100000	pncA_p.Asp136Gly	missense_variant	Pyrazinamide(R:0.41%)	1	0	1021	0	1	1
Initial	r100000	pncA_p.Asp49Asn	missense_variant	Pyrazinamide(I:0.11%)	0	0	1020	2	0	1
Initial	r100000	pncA_p.Asp49Gly	missense_variant	Pyrazinamide(R:0.98%)	0	0	1021	1	0	1
Initial	r100000	pncA_p.Asp63Gly	missense_variant	Pyrazinamide(I:0.16%)	0	0	1022	0	0	1
Initial	r100000	pncA_p.Asp8Glu	missense_variant	Pyrazinamide(R:0.20%)	0	2	1020	0	0	0
Initial	r100000	pncA_p.Asp8Gly	missense_variant	Pyrazinamide(R:0.50%)	1	0	1021	0	1	1
Initial	r100000	pncA_p.Cys138Arg	missense_variant	Pyrazinamide(R:0.20%)	2	1	1019	0	1	0.666666666666667
Initial	r100000	pncA_p.Cys14Arg	missense_variant	Pyrazinamide(R:0.95%)	0	0	1021	1	0	1
Initial	r100000	pncA_p.Cys14Trp	missense_variant	Pyrazinamide(I:0.05%)	1	0	1021	0	1	1
Initial	r100000	pncA_p.Gln10Pro	missense_variant	Pyrazinamide(R:1.59%)	5	0	1016	1	0.833333333333333	1
Initial	r100000	pncA_p.Gln141Pro	missense_variant	Pyrazinamide(R:1.70%)	1	0	1021	0	1	1
Initial	r100000	pncA_p.Gly108Glu	missense_variant	Pyrazinamide(I:0.09%)	1	0	1021	0	1	1
Initial	r100000	pncA_p.Gly132Ala	missense_variant	Pyrazinamide(R:1.29%)	0	0	1021	1	0	1
Initial	r100000	pncA_p.Gly132Ser	missense_variant	Pyrazinamide(R:0.20%)	0	0	1021	1	0	1
Initial	r100000	pncA_p.Gly17Asp	missense_variant	Pyrazinamide(I:0.09%)	1	0	1021	0	1	1
Initial	r100000	pncA_p.Gly78Ser	missense_variant	Pyrazinamide(I:0.07%)	1	0	1021	0	1	1
Initial	r100000	pncA_p.Gly97Asp	missense_variant	Pyrazinamide(R:1.04%)	2	0	1020	0	1	1
Initial	r100000	pncA_p.Gly97Cys	missense_variant	Pyrazinamide(R:0.43%)	1	0	1021	0	1	1
Initial	r100000	pncA_p.Gly97Ser	missense_variant	Pyrazinamide(R:0.29%)	2	1	1017	2	0.5	0.666666666666667
Initial	r100000	pncA_p.Gly97Val	missense_variant	Pyrazinamide(I:0.07%)	1	0	1021	0	1	1
Initial	r100000	pncA_p.His43Pro	missense_variant	Pyrazinamide(I:0.07%)	1	0	1021	0	1	1
Initial	r100000	pncA_p.His51Arg	missense_variant	Pyrazinamide(R:1.86%)	2	0	1020	0	1	1
Initial	r100000	pncA_p.His51Asp	missense_variant	Pyrazinamide(R:1.09%)	2	0	1019	1	0.666666666666667	1
Initial	r100000	pncA_p.His51Pro	missense_variant	Pyrazinamide(R:0.18%)	0	0	1021	1	0	1
Initial	r100000	pncA_p.His51Tyr	missense_variant	Pyrazinamide(R:0.11%)	0	0	1021	1	0	1
Initial	r100000	pncA_p.His57Arg	missense_variant	Pyrazinamide(R:1.27%)	0	0	1022	0	0	1
Initial	r100000	pncA_p.His57Asp	missense_variant	Pyrazinamide(R:3.77%)	3	0	1017	2	0.6	1
Initial	r100000	pncA_p.His57Tyr	missense_variant	Pyrazinamide(R:0.27%)	0	1	1021	0	0	0
Initial	r100000	pncA_p.His71Arg	missense_variant	Pyrazinamide(R:0.86%)	1	0	1021	0	1	1
Initial	r100000	pncA_p.His71Tyr	missense_variant	Pyrazinamide(R:0.77%)	0	1	1021	0	0	0
Initial	r100000	pncA_p.His82Arg	missense_variant	Pyrazinamide(R:0.11%)	1	1	1020	0	1	0.5
Initial	r100000	pncA_p.Ile133Thr	missense_variant	Pyrazinamide(R:0.66%)	2	0	1019	1	0.666666666666667	1
Initial	r100000	pncA_p.Leu120Pro	missense_variant	Pyrazinamide(R:0.64%)	4	0	1018	0	1	1
Initial	r100000	pncA_p.Leu151Ser	missense_variant	Pyrazinamide(R:0.43%)	3	1	1016	2	0.6	0.75
Initial	r100000	pncA_p.Leu159Arg	missense_variant	Pyrazinamide(R:0.18%)	0	1	1021	0	0	0
Initial	r100000	pncA_p.Leu19Pro	missense_variant	Pyrazinamide(R:0.23%)	0	0	1022	0	0	1
Initial	r100000	pncA_p.Leu4Ser	missense_variant	Pyrazinamide(R:0.95%)	1	0	1021	0	1	1
Initial	r100000	pncA_p.Leu4Trp	missense_variant	Pyrazinamide(R:0.34%)	0	0	1020	2	0	1
Initial	r100000	pncA_p.Lys48Thr	missense_variant	Pyrazinamide(I:0.45%)	2	0	1020	0	1	1
Initial	r100000	pncA_p.Lys96Arg	missense_variant	Pyrazinamide(R:0.23%)	1	0	1021	0	1	1
Initial	r100000	pncA_p.Lys96Asn	missense_variant	Pyrazinamide(I:0.09%)	1	0	1021	0	1	1
Initial	r100000	pncA_p.Lys96Gln	missense_variant	Pyrazinamide(R:0.11%)	0	0	1021	1	0	1
Initial	r100000	pncA_p.Lys96Glu	missense_variant	Pyrazinamide(R:0.23%)	1	0	1021	0	1	1
Initial	r100000	pncA_p.Met175Arg	missense_variant	Pyrazinamide(R:0.23%)	1	0	1021	0	1	1
Initial	r100000	pncA_p.Met175Ile	missense_variant	Pyrazinamide(I:0.09%)	0	0	1021	1	0	1
Initial	r100000	pncA_p.Met175Thr	missense_variant	Pyrazinamide(I:0.11%)	0	0	1021	1	0	1
Initial	r100000	pncA_p.Met175Val	missense_variant	Pyrazinamide(R:0.27%)	0	0	1021	1	0	1
Initial	r100000	pncA_p.Phe106Ser	missense_variant	Pyrazinamide(I:0.07%)	1	0	1021	0	1	1
Initial	r100000	pncA_p.Phe13Leu	missense_variant	Pyrazinamide(I:0.11%)	1	0	1021	0	1	1
Initial	r100000	pncA_p.Phe13Ser	missense_variant	Pyrazinamide(R:0.11%)	0	0	1021	1	0	1
Initial	r100000	pncA_p.Phe58Leu	missense_variant	Pyrazinamide(R:0.29%)	0	0	1020	2	0	1
Initial	r100000	pncA_p.Phe58Ser	missense_variant	Pyrazinamide(I:0.05%)	1	0	1021	0	1	1
Initial	r100000	pncA_p.Pro54Gln	missense_variant	Pyrazinamide(I:0.07%)	1	0	1020	1	0.5	1
Initial	r100000	pncA_p.Pro54Leu	missense_variant	Pyrazinamide(R:0.73%)	1	1	1019	1	0.5	0.5
Initial	r100000	pncA_p.Pro54Thr	missense_variant	Pyrazinamide(I:0.05%)	0	1	1021	0	0	0
Initial	r100000	pncA_p.Pro62Leu	missense_variant	Pyrazinamide(R:0.23%)	0	0	1022	0	0	1
Initial	r100000	pncA_p.Pro62Ser	missense_variant	Pyrazinamide(I:0.07%)	1	0	1020	1	0.5	1
Initial	r100000	pncA_p.Ser59Pro	missense_variant	Pyrazinamide(R:0.54%)	2	0	1020	0	1	1
Initial	r100000	pncA_p.Thr135Pro	missense_variant	Pyrazinamide(R:0.98%)	0	0	1021	1	0	1
Initial	r100000	pncA_p.Thr142Lys	missense_variant	Pyrazinamide(I:0.05%)	1	0	1020	1	0.5	1
Initial	r100000	pncA_p.Thr47Ala	missense_variant	Pyrazinamide(R:0.39%)	1	0	1021	0	1	1
Initial	r100000	pncA_p.Thr61Pro	missense_variant	Pyrazinamide(I:0.09%)	0	0	1021	1	0	1
Initial	r100000	pncA_p.Thr76Ile	missense_variant	Pyrazinamide(R:0.18%)	0	0	1021	1	0	1
Initial	r100000	pncA_p.Trp119Arg	missense_variant	Pyrazinamide(I:0.11%)	1	0	1021	0	1	1
Initial	r100000	pncA_p.Trp119Cys	missense_variant	Pyrazinamide(I:0.11%)	0	1	1021	0	0	0
Initial	r100000	pncA_p.Trp119Gly	missense_variant	Pyrazinamide(I:0.11%)	0	0	1022	0	0	1
Initial	r100000	pncA_p.Trp68Arg	missense_variant	Pyrazinamide(R:0.41%)	2	1	1019	0	1	0.666666666666667
Initial	r100000	pncA_p.Trp68Cys	missense_variant	Pyrazinamide(R:0.45%)	5	0	1017	0	1	1
Initial	r100000	pncA_p.Trp68Gly	missense_variant	Pyrazinamide(R:0.73%)	2	0	1015	5	0.285714285714286	1
Initial	r100000	pncA_p.Tyr103Cys	missense_variant	Pyrazinamide(R:0.20%)	2	0	1020	0	1	1
Initial	r100000	pncA_p.Tyr34Asp	missense_variant	Pyrazinamide(R:0.41%)	2	0	1020	0	1	1
Initial	r100000	pncA_p.Val128Gly	missense_variant	Pyrazinamide(R:0.32%)	0	1	1021	0	0	0
Initial	r100000	pncA_p.Val130Gly	missense_variant	Pyrazinamide(I:0.07%)	0	1	1020	1	0	0
Initial	r100000	pncA_p.Val139Ala	missense_variant	Pyrazinamide(R:1.34%)	3	0	1018	1	0.75	1
Initial	r100000	pncA_p.Val139Met	missense_variant	Pyrazinamide(R:0.18%)	1	0	1021	0	1	1
Initial	r100000	pncA_p.Val163Ala	missense_variant	Pyrazinamide(I:0.07%)	0	1	1020	1	0	0
Initial	r100000	pncA_p.Val180Ala	missense_variant	Pyrazinamide(R:0.23%)	1	0	1021	0	1	1
Initial	r100000	pncA_p.Val180Gly	missense_variant	Pyrazinamide(R:0.20%)	1	0	1020	1	0.5	1
Initial	r100000	pncA_p.Val21Gly	missense_variant	Pyrazinamide(I:0.27%)	0	1	1021	0	0	0
Initial	r100000	pncA_p.Val7Ala	missense_variant	Pyrazinamide(I:0.14%)	0	1	1021	0	0	0
Initial	r100000	pncA_p.Val7Gly	missense_variant	Pyrazinamide(R:0.77%)	1	0	1020	1	0.5	1
Initial	r100000	pncA_p.Val7Leu	missense_variant	Pyrazinamide(R:0.18%)	1	0	1021	0	1	1
Initial	r100000	pncA_p.Val93Ala	missense_variant	Pyrazinamide(I:0.05%)	0	1	1021	0	0	0
Initial	r100000	pncA_p.Val93Leu	missense_variant	Pyrazinamide(I:0.11%)	0	0	1021	1	0	1
Initial	r100000	rplC_p.Cys154Arg	missense_variant	Linezolid(R:27.35%)	1	0	1021	0	1	1
Initial	r100000	rpoB_RRDR_indel	inframe,frameshift_variant	Rifampicin(R:0.68%)	0	0	1017	5	0	1
Initial	r100000	rpoB_p.Arg448Gln	missense_variant	Rifampicin(I:0.06%)	0	1	1021	0	0	0
Initial	r100000	rpoB_p.Asn438His	missense_variant	Rifampicin(I:0.01%)	0	0	1022	0	0	1
Initial	r100000	rpoB_p.Asp435Ala	missense_variant	Rifampicin(I:0.07%)	0	0	1020	2	0	1
Initial	r100000	rpoB_p.Asp435Glu	missense_variant	Rifampicin(I:0.12%)	1	0	1021	0	1	1
Initial	r100000	rpoB_p.Asp435Gly	missense_variant	Rifampicin(I:0.88%)	5	0	1013	4	0.555555555555556	1
Initial	r100000	rpoB_p.Asp435Tyr	missense_variant	Rifampicin(R:2.03%)	7	0	1012	3	0.7	1
Initial	r100000	rpoB_p.Asp435Val	missense_variant	Rifampicin(R:6.86%)	16	0	1003	3	0.842105263157895	1
Initial	r100000	rpoB_p.Gln432Leu	missense_variant	Rifampicin(R:0.17%)	1	0	1021	0	1	1
Initial	r100000	rpoB_p.Gln432Pro	missense_variant	Rifampicin(R:0.41%)	2	0	1019	1	0.666666666666667	1
Initial	r100000	rpoB_p.His445Arg	missense_variant	Rifampicin(R:0.81%)	2	0	1014	6	0.25	1
Initial	r100000	rpoB_p.His445Asn	missense_variant	Rifampicin(R:0.75%)	1	0	1021	0	1	1
Initial	r100000	rpoB_p.His445Asp	missense_variant	Rifampicin(R:3.62%)	4	0	1014	4	0.5	1
Initial	r100000	rpoB_p.His445Gln	missense_variant	Rifampicin(I:0.12%)	0	0	1021	1	0	1
Initial	r100000	rpoB_p.His445Leu	missense_variant	Rifampicin(R:1.29%)	6	1	1011	4	0.6	0.857142857142857
Initial	r100000	rpoB_p.His445Pro	missense_variant	Rifampicin(I:0.05%)	2	0	1019	1	0.666666666666667	1
Initial	r100000	rpoB_p.His445Tyr	missense_variant	Rifampicin(R:3.53%)	11	0	1003	8	0.578947368421053	1
Initial	r100000	rpoB_p.Ile491Phe	missense_variant	Rifampicin(R:0.69%)	5	0	1017	0	1	1
Initial	r100000	rpoB_p.Leu430Arg	missense_variant	Rifampicin(I:0.19%)	1	0	1021	0	1	1
Initial	r100000	rpoB_p.Leu430Pro	missense_variant	Rifampicin(R:1.28%)	4	1	1016	1	0.8	0.8
Initial	r100000	rpoB_p.Leu452Pro	missense_variant	Rifampicin(R:1.67%)	13	0	1007	2	0.866666666666667	1
Initial	r100000	rpoB_p.Lys446Gln	missense_variant	Rifampicin(I:0.03%)	1	0	1020	1	0.5	1
Initial	r100000	rpoB_p.Met434Ile	missense_variant	Rifampicin(I:0.20%)	2	0	1020	0	1	1
Initial	r100000	rpoB_p.Met434Val	missense_variant	Rifampicin(I:0.07%)	0	2	1020	0	0	0
Initial	r100000	rpoB_p.Ser428Arg	missense_variant	Rifampicin(I:0.04%)	0	0	1021	1	0	1
Initial	r100000	rpoB_p.Ser428Ile	missense_variant	Rifampicin(I:0.02%)	1	0	1021	0	1	1
Initial	r100000	rpoB_p.Ser441Leu	missense_variant	Rifampicin(R:0.23%)	1	0	1019	2	0.333333333333333	1
Initial	r100000	rpoB_p.Ser450Leu	missense_variant	Rifampicin(R:64.40%)	128	0	800	94	0.576576576576577	1
Initial	r100000	rpoB_p.Ser450Trp	missense_variant	Rifampicin(R:1.42%)	6	0	1015	1	0.857142857142857	1
Initial	r100000	rpoB_p.Ser450Tyr	missense_variant	Rifampicin(R:0.05%)	1	0	1020	1	0.5	1
Initial	r100000	rpoB_p.Thr427Asn	missense_variant	Rifampicin(I:0.00%)	0	0	1022	0	0	1
Initial	r100000	rpoB_p.Thr427Ile	missense_variant	Rifampicin(I:0.03%)	0	0	1022	0	0	1
Initial	r100000	rpoB_p.Val170Phe	missense_variant	Rifampicin(R:0.53%)	2	0	1019	1	0.666666666666667	1
Initial	r100000	rpsL_p.Lys43Arg	missense_variant	Streptomycin(R:45.48%)	93	0	881	48	0.659574468085106	1
Initial	r100000	rpsL_p.Lys88Arg	missense_variant	Streptomycin(R:12.35%)	14	0	996	12	0.538461538461538	1
Initial	r100000	rpsL_p.Lys88Gln	missense_variant	Streptomycin(I:0.14%)	1	0	1021	0	1	1
Initial	r100000	rpsL_p.Lys88Met	missense_variant	Streptomycin(R:0.30%)	1	0	1021	0	1	1
Initial	r100000	rrs_n.1401A>G	non_coding_transcript_exon_variant	Amikacin(R:68.37%),Capreomycin(R:58.08%),Kanamycin(R:46.98%)	42	1	962	17	0.711864406779661	0.976744186046512
Initial	r100000	rrs_n.1402C>T	non_coding_transcript_exon_variant	Amikacin(I:0.37%),Capreomycin(R:0.83%),Kanamycin(I:0.28%)	0	0	1021	1	0	1
Initial	r100000	rrs_n.1484G>T	non_coding_transcript_exon_variant	Amikacin(R:0.69%),Capreomycin(R:0.88%),Kanamycin(R:0.65%)	0	1	1021	0	0	0
Initial	r100000	rrs_n.514A>C	non_coding_transcript_exon_variant	Streptomycin(R:5.30%)	20	0	991	11	0.645161290322581	1
Initial	r100000	rrs_n.517C>T	non_coding_transcript_exon_variant	Streptomycin(R:5.79%)	16	1	995	10	0.615384615384615	0.941176470588235
Initial	r100000	rrs_n.878G>A	non_coding_transcript_exon_variant	Streptomycin(I:0.48%)	6	0	1014	2	0.75	1
Initial	r100000	tlyA_LoF_frameshift	start_lost,stop_gained,frameshift_variant	Capreomycin(R:9.06%)	0	7	1012	3	0	0
Initial	r100000	tlyA_p.Asn236Lys	missense_variant	Capreomycin(R:1.02%)	5	0	1016	1	0.833333333333333	1
Initial	r100000	ALL	ALL	ALL	1087	125	206449	827	0.567920585161964	0.896864686468647
Initial	r1000000	Rv0678_LoF_frameshift	start_lost,stop_gained,frameshift_variant	Bedaquiline(R:82.04%),Clofazimine(R:27.63%)	3	0	1019	0	1	1
Initial	r1000000	Rv0678_p.Leu117Arg	missense_variant	Bedaquiline(R:0.77%),Clofazimine(I:0.59%)	1	0	1021	0	1	1
Initial	r1000000	Rv0678_p.Met146Thr	missense_variant	Bedaquiline(I:1.06%),Clofazimine(I:0.30%)	2	0	1020	0	1	1
Initial	r1000000	atpE_p.Glu61Asp	missense_variant	Bedaquiline(I:0.19%)	0	0	1022	0	0	1
Initial	r1000000	ddn_LoF_frameshift	start_lost,stop_gained,frameshift_variant	Delamanid(I:19.65%)	1	0	1021	0	1	1
Initial	r1000000	eis_c.-10G>A	upstream_gene_variant	Kanamycin(R:6.60%)	16	0	1006	0	1	1
Initial	r1000000	eis_c.-12C>T	upstream_gene_variant	Kanamycin(R:9.14%)	14	0	1007	1	0.933333333333333	1
Initial	r1000000	eis_c.-14C>T	upstream_gene_variant	Amikacin(I:3.66%),Kanamycin(R:7.02%)	12	0	1010	0	1	1
Initial	r1000000	eis_c.-37G>T	upstream_gene_variant	Kanamycin(R:5.13%)	11	0	1011	0	1	1
Initial	r1000000	embB_p.Asp328Tyr	missense_variant	Ethambutol(R:0.49%)	2	0	1020	0	1	1
Initial	r1000000	embB_p.Asp354Ala	missense_variant	Ethambutol(R:3.17%)	16	0	1006	0	1	1
Initial	r1000000	embB_p.Gln497Arg	missense_variant	Ethambutol(R:10.54%)	14	0	1008	0	1	1
Initial	r1000000	embB_p.Gln497Lys	missense_variant	Ethambutol(R:1.53%)	2	0	1020	0	1	1
Initial	r1000000	embB_p.Gly406Ala	missense_variant	Ethambutol(R:3.46%)	15	0	1007	0	1	1
Initial	r1000000	embB_p.Gly406Asp	missense_variant	Ethambutol(R:2.89%)	1	0	1019	2	0.333333333333333	1
Initial	r1000000	embB_p.Gly406Cys	missense_variant	Ethambutol(R:0.38%)	1	0	1021	0	1	1
Initial	r1000000	embB_p.Gly406Ser	missense_variant	Ethambutol(R:1.97%)	5	0	1017	0	1	1
Initial	r1000000	embB_p.Met306Ile	missense_variant	Ethambutol(R:20.60%)	81	0	941	0	1	1
Initial	r1000000	embB_p.Met306Leu	missense_variant	Ethambutol(R:1.53%)	5	0	1017	0	1	1
Initial	r1000000	embB_p.Met306Val	missense_variant	Ethambutol(R:34.23%)	107	2	913	0	1	0.981651376146789
Initial	r1000000	embB_p.Tyr319Cys	missense_variant	Ethambutol(R:0.36%)	1	0	1021	0	1	1
Initial	r1000000	embB_p.Tyr319Ser	missense_variant	Ethambutol(R:2.15%)	3	0	1019	0	1	1
Initial	r1000000	ethA_LoF_frameshift	start_lost,stop_gained,frameshift_variant	Ethionamide(R:49.09%)	63	3	956	0	1	0.954545454545455
Initial	r1000000	ethA_p.Arg207Gly	missense_variant	Ethionamide(R:0.69%)	1	0	1021	0	1	1
Initial	r1000000	ethA_p.Asn379Asp	missense_variant	Ethionamide(I:1.17%)	1	0	1021	0	1	1
Initial	r1000000	ethA_p.Ser390Phe	missense_variant	Ethionamide(I:0.36%)	1	0	1021	0	1	1
Initial	r1000000	fbiC_LoF_frameshift	start_lost,stop_gained,frameshift_variant	Delamanid(I:2.40%)	0	0	1021	1	0	1
Initial	r1000000	fgd1_LoF_frameshift	start_lost,stop_gained,frameshift_variant	Delamanid(I:1.60%)	0	0	1021	1	0	1
Initial	r1000000	gid_LoF_frameshift	start_lost,stop_gained,frameshift_variant	Streptomycin(R:18.20%)	54	5	963	0	1	0.915254237288136
Initial	r1000000	gid_p.Ala200Glu	missense_variant	Streptomycin(R:0.13%)	1	0	1021	0	1	1
Initial	r1000000	gid_p.Asp67His	missense_variant	Streptomycin(I:0.09%)	1	0	1021	0	1	1
Initial	r1000000	gid_p.Gly73Ala	missense_variant	Streptomycin(I:0.32%)	1	0	1021	0	1	1
Initial	r1000000	gid_p.Pro84Leu	missense_variant	Streptomycin(I:0.54%)	2	0	1020	0	1	1
Initial	r1000000	gyrA_p.Ala90Val	missense_variant	Levofloxacin(R:22.44%),Moxifloxacin(R:17.99%)	32	0	989	1	0.96969696969697	1
Initial	r1000000	gyrA_p.Asp94Ala	missense_variant	Levofloxacin(R:7.55%),Moxifloxacin(R:6.52%)	11	0	1009	2	0.846153846153846	1
Initial	r1000000	gyrA_p.Asp94Asn	missense_variant	Levofloxacin(R:6.42%),Moxifloxacin(R:7.40%)	10	0	1012	0	1	1
Initial	r1000000	gyrA_p.Asp94Gly	missense_variant	Levofloxacin(R:36.42%),Moxifloxacin(R:42.28%)	39	3	979	1	0.975	0.928571428571429
Initial	r1000000	gyrA_p.Asp94His	missense_variant	Levofloxacin(R:1.69%),Moxifloxacin(R:1.75%)	3	0	1019	0	1	1
Initial	r1000000	gyrA_p.Asp94Tyr	missense_variant	Levofloxacin(R:3.92%),Moxifloxacin(R:4.27%)	7	0	1015	0	1	1
Initial	r1000000	gyrA_p.Ser91Pro	missense_variant	Levofloxacin(R:4.69%),Moxifloxacin(R:4.37%)	6	0	1016	0	1	1
Initial	r1000000	gyrB_p.Asn499Thr	missense_variant	Levofloxacin(R:0.53%),Moxifloxacin(I:0.57%)	2	0	1020	0	1	1
Initial	r1000000	gyrB_p.Glu501Asp	missense_variant	Levofloxacin(I:0.77%),Moxifloxacin(R:1.52%)	2	0	1020	0	1	1
Initial	r1000000	gyrB_p.Glu501Val	missense_variant	Levofloxacin(I:0.00%),Moxifloxacin(I:0.00%)	0	0	1022	0	0	1
Initial	r1000000	gyrB_p.Ser447Phe	missense_variant	Levofloxacin(I:0.36%),Moxifloxacin(I:0.17%)	1	0	1021	0	1	1
Initial	r1000000	inhA_c.-154G>A	upstream_gene_variant	Ethionamide(I:5.93%),Isoniazid(R:3.57%)	16	0	1005	1	0.941176470588235	1
Initial	r1000000	inhA_c.-770T>A	upstream_gene_variant	Ethionamide(I:1.23%),Isoniazid(I:0.80%)	15	0	1007	0	1	1
Initial	r1000000	inhA_c.-770T>C	upstream_gene_variant	Ethionamide(I:3.57%),Isoniazid(I:1.86%)	13	0	1009	0	1	1
Initial	r1000000	inhA_c.-777C>T	upstream_gene_variant	Ethionamide(R:41.56%),Isoniazid(R:21.34%)	97	1	924	0	1	0.989795918367347
Initial	r1000000	inhA_c.-779G>T	upstream_gene_variant	Ethionamide(I:2.34%),Isoniazid(I:1.63%)	12	0	1010	0	1	1
Initial	r1000000	inhA_p.Ser94Ala	missense_variant	Ethionamide(I:2.26%),Isoniazid(I:1.02%)	9	0	1013	0	1	1
Initial	r1000000	katG_LoF_frameshift	start_lost,stop_gained,frameshift_variant	Isoniazid(R:2.07%)	4	5	1013	0	1	0.444444444444444
Initial	r1000000	katG_p.Ser315Arg	missense_variant	Isoniazid(R:0.07%)	2	0	1020	0	1	1
Initial	r1000000	katG_p.Ser315Asn	missense_variant	Isoniazid(R:0.99%)	7	0	1015	0	1	1
Initial	r1000000	katG_p.Ser315Ile	missense_variant	Isoniazid(I:0.10%)	1	0	1021	0	1	1
Initial	r1000000	katG_p.Ser315Thr	missense_variant	Isoniazid(R:77.81%)	294	1	725	2	0.993243243243243	0.996610169491525
Initial	r1000000	katG_p.Trp328Leu	missense_variant	Isoniazid(R:0.06%)	1	1	1020	0	1	0.5
Initial	r1000000	pepQ_LoF_frameshift	start_lost,stop_gained,frameshift_variant	Bedaquiline(I:1.55%),Clofazimine(I:0.90%)	0	0	1021	1	0	1
Initial	r1000000	pncA_LoF_frameshift	start_lost,stop_gained,frameshift_variant	Pyrazinamide(R:27.06%)	44	2	973	3	0.936170212765957	0.956521739130435
Initial	r1000000	pncA_c.-11A>C	upstream_gene_variant	Pyrazinamide(R:0.54%)	2	0	1020	0	1	1
Initial	r1000000	pncA_c.-11A>G	upstream_gene_variant	Pyrazinamide(R:3.20%)	12	0	1008	2	0.857142857142857	1
Initial	r1000000	pncA_c.-11A>T	upstream_gene_variant	Pyrazinamide(I:0.09%)	0	0	1022	0	0	1
Initial	r1000000	pncA_c.-12T>C	upstream_gene_variant	Pyrazinamide(R:0.16%)	1	0	1021	0	1	1
Initial	r1000000	pncA_p.Ala102Thr	missense_variant	Pyrazinamide(I:0.05%)	1	0	1021	0	1	1
Initial	r1000000	pncA_p.Ala143Gly	missense_variant	Pyrazinamide(I:0.07%)	1	0	1021	0	1	1
Initial	r1000000	pncA_p.Ala146Thr	missense_variant	Pyrazinamide(R:0.34%)	1	0	1021	0	1	1
Initial	r1000000	pncA_p.Ala146Val	missense_variant	Pyrazinamide(R:0.48%)	1	0	1021	0	1	1
Initial	r1000000	pncA_p.Ala3Glu	missense_variant	Pyrazinamide(I:0.07%)	2	0	1020	0	1	1
Initial	r1000000	pncA_p.Ala46Val	missense_variant	Pyrazinamide(I:0.09%)	1	0	1021	0	1	1
Initial	r1000000	pncA_p.Arg140Pro	missense_variant	Pyrazinamide(I:0.11%)	1	0	1021	0	1	1
Initial	r1000000	pncA_p.Arg154Gly	missense_variant	Pyrazinamide(R:0.39%)	8	1	1013	0	1	0.888888888888889
Initial	r1000000	pncA_p.Asp12Ala	missense_variant	Pyrazinamide(R:0.41%)	2	0	1020	0	1	1
Initial	r1000000	pncA_p.Asp12Asn	missense_variant	Pyrazinamide(I:0.14%)	1	0	1021	0	1	1
Initial	r1000000	pncA_p.Asp12Glu	missense_variant	Pyrazinamide(R:0.14%)	1	0	1021	0	1	1
Initial	r1000000	pncA_p.Asp12Gly	missense_variant	Pyrazinamide(R:0.29%)	0	0	1022	0	0	1
Initial	r1000000	pncA_p.Asp136Gly	missense_variant	Pyrazinamide(R:0.41%)	1	0	1021	0	1	1
Initial	r1000000	pncA_p.Asp49Asn	missense_variant	Pyrazinamide(I:0.11%)	2	0	1020	0	1	1
Initial	r1000000	pncA_p.Asp49Gly	missense_variant	Pyrazinamide(R:0.98%)	1	0	1021	0	1	1
Initial	r1000000	pncA_p.Asp63Gly	missense_variant	Pyrazinamide(I:0.16%)	0	0	1022	0	0	1
Initial	r1000000	pncA_p.Asp8Glu	missense_variant	Pyrazinamide(R:0.20%)	0	0	1022	0	0	1
Initial	r1000000	pncA_p.Asp8Gly	missense_variant	Pyrazinamide(R:0.50%)	1	0	1021	0	1	1
Initial	r1000000	pncA_p.Cys138Arg	missense_variant	Pyrazinamide(R:0.20%)	2	0	1020	0	1	1
Initial	r1000000	pncA_p.Cys14Arg	missense_variant	Pyrazinamide(R:0.95%)	1	0	1021	0	1	1
Initial	r1000000	pncA_p.Cys14Trp	missense_variant	Pyrazinamide(I:0.05%)	1	0	1021	0	1	1
Initial	r1000000	pncA_p.Gln10Pro	missense_variant	Pyrazinamide(R:1.59%)	6	0	1016	0	1	1
Initial	r1000000	pncA_p.Gln141Pro	missense_variant	Pyrazinamide(R:1.70%)	1	0	1021	0	1	1
Initial	r1000000	pncA_p.Gly108Glu	missense_variant	Pyrazinamide(I:0.09%)	1	0	1021	0	1	1
Initial	r1000000	pncA_p.Gly132Ala	missense_variant	Pyrazinamide(R:1.29%)	1	0	1021	0	1	1
Initial	r1000000	pncA_p.Gly132Ser	missense_variant	Pyrazinamide(R:0.20%)	1	0	1021	0	1	1
Initial	r1000000	pncA_p.Gly17Asp	missense_variant	Pyrazinamide(I:0.09%)	1	0	1021	0	1	1
Initial	r1000000	pncA_p.Gly78Ser	missense_variant	Pyrazinamide(I:0.07%)	1	0	1021	0	1	1
Initial	r1000000	pncA_p.Gly97Asp	missense_variant	Pyrazinamide(R:1.04%)	2	0	1020	0	1	1
Initial	r1000000	pncA_p.Gly97Cys	missense_variant	Pyrazinamide(R:0.43%)	1	0	1021	0	1	1
Initial	r1000000	pncA_p.Gly97Ser	missense_variant	Pyrazinamide(R:0.29%)	4	0	1018	0	1	1
Initial	r1000000	pncA_p.Gly97Val	missense_variant	Pyrazinamide(I:0.07%)	1	0	1021	0	1	1
Initial	r1000000	pncA_p.His43Pro	missense_variant	Pyrazinamide(I:0.07%)	1	0	1021	0	1	1
Initial	r1000000	pncA_p.His51Arg	missense_variant	Pyrazinamide(R:1.86%)	2	0	1020	0	1	1
Initial	r1000000	pncA_p.His51Asp	missense_variant	Pyrazinamide(R:1.09%)	3	0	1019	0	1	1
Initial	r1000000	pncA_p.His51Pro	missense_variant	Pyrazinamide(R:0.18%)	1	0	1021	0	1	1
Initial	r1000000	pncA_p.His51Tyr	missense_variant	Pyrazinamide(R:0.11%)	1	0	1021	0	1	1
Initial	r1000000	pncA_p.His57Arg	missense_variant	Pyrazinamide(R:1.27%)	0	0	1022	0	0	1
Initial	r1000000	pncA_p.His57Asp	missense_variant	Pyrazinamide(R:3.77%)	5	0	1017	0	1	1
Initial	r1000000	pncA_p.His57Tyr	missense_variant	Pyrazinamide(R:0.27%)	0	0	1022	0	0	1
Initial	r1000000	pncA_p.His71Arg	missense_variant	Pyrazinamide(R:0.86%)	1	0	1021	0	1	1
Initial	r1000000	pncA_p.His71Tyr	missense_variant	Pyrazinamide(R:0.77%)	0	0	1022	0	0	1
Initial	r1000000	pncA_p.His82Arg	missense_variant	Pyrazinamide(R:0.11%)	1	0	1021	0	1	1
Initial	r1000000	pncA_p.Ile133Thr	missense_variant	Pyrazinamide(R:0.66%)	3	0	1019	0	1	1
Initial	r1000000	pncA_p.Leu120Pro	missense_variant	Pyrazinamide(R:0.64%)	4	0	1018	0	1	1
Initial	r1000000	pncA_p.Leu151Ser	missense_variant	Pyrazinamide(R:0.43%)	5	0	1017	0	1	1
Initial	r1000000	pncA_p.Leu159Arg	missense_variant	Pyrazinamide(R:0.18%)	0	0	1022	0	0	1
Initial	r1000000	pncA_p.Leu19Pro	missense_variant	Pyrazinamide(R:0.23%)	0	0	1022	0	0	1
Initial	r1000000	pncA_p.Leu4Ser	missense_variant	Pyrazinamide(R:0.95%)	1	0	1021	0	1	1
Initial	r1000000	pncA_p.Leu4Trp	missense_variant	Pyrazinamide(R:0.34%)	2	0	1020	0	1	1
Initial	r1000000	pncA_p.Lys48Thr	missense_variant	Pyrazinamide(I:0.45%)	2	0	1020	0	1	1
Initial	r1000000	pncA_p.Lys96Arg	missense_variant	Pyrazinamide(R:0.23%)	1	0	1021	0	1	1
Initial	r1000000	pncA_p.Lys96Asn	missense_variant	Pyrazinamide(I:0.09%)	1	0	1021	0	1	1
Initial	r1000000	pncA_p.Lys96Gln	missense_variant	Pyrazinamide(R:0.11%)	1	0	1021	0	1	1
Initial	r1000000	pncA_p.Lys96Glu	missense_variant	Pyrazinamide(R:0.23%)	1	0	1021	0	1	1
Initial	r1000000	pncA_p.Met175Arg	missense_variant	Pyrazinamide(R:0.23%)	1	0	1021	0	1	1
Initial	r1000000	pncA_p.Met175Ile	missense_variant	Pyrazinamide(I:0.09%)	1	0	1021	0	1	1
Initial	r1000000	pncA_p.Met175Thr	missense_variant	Pyrazinamide(I:0.11%)	1	0	1021	0	1	1
Initial	r1000000	pncA_p.Met175Val	missense_variant	Pyrazinamide(R:0.27%)	1	0	1021	0	1	1
Initial	r1000000	pncA_p.Phe106Ser	missense_variant	Pyrazinamide(I:0.07%)	1	0	1021	0	1	1
Initial	r1000000	pncA_p.Phe13Leu	missense_variant	Pyrazinamide(I:0.11%)	1	0	1021	0	1	1
Initial	r1000000	pncA_p.Phe13Ser	missense_variant	Pyrazinamide(R:0.11%)	0	0	1021	1	0	1
Initial	r1000000	pncA_p.Phe58Leu	missense_variant	Pyrazinamide(R:0.29%)	2	0	1020	0	1	1
Initial	r1000000	pncA_p.Phe58Ser	missense_variant	Pyrazinamide(I:0.05%)	1	0	1021	0	1	1
Initial	r1000000	pncA_p.Pro54Gln	missense_variant	Pyrazinamide(I:0.07%)	2	0	1020	0	1	1
Initial	r1000000	pncA_p.Pro54Leu	missense_variant	Pyrazinamide(R:0.73%)	2	1	1019	0	1	0.666666666666667
Initial	r1000000	pncA_p.Pro54Thr	missense_variant	Pyrazinamide(I:0.05%)	0	1	1021	0	0	0
Initial	r1000000	pncA_p.Pro62Leu	missense_variant	Pyrazinamide(R:0.23%)	0	1	1021	0	0	0
Initial	r1000000	pncA_p.Pro62Ser	missense_variant	Pyrazinamide(I:0.07%)	2	0	1020	0	1	1
Initial	r1000000	pncA_p.Ser59Pro	missense_variant	Pyrazinamide(R:0.54%)	2	0	1020	0	1	1
Initial	r1000000	pncA_p.Thr135Pro	missense_variant	Pyrazinamide(R:0.98%)	1	0	1021	0	1	1
Initial	r1000000	pncA_p.Thr142Lys	missense_variant	Pyrazinamide(I:0.05%)	2	0	1020	0	1	1
Initial	r1000000	pncA_p.Thr47Ala	missense_variant	Pyrazinamide(R:0.39%)	1	0	1021	0	1	1
Initial	r1000000	pncA_p.Thr61Pro	missense_variant	Pyrazinamide(I:0.09%)	1	0	1021	0	1	1
Initial	r1000000	pncA_p.Thr76Ile	missense_variant	Pyrazinamide(R:0.18%)	0	0	1021	1	0	1
Initial	r1000000	pncA_p.Trp119Arg	missense_variant	Pyrazinamide(I:0.11%)	1	0	1021	0	1	1
Initial	r1000000	pncA_p.Trp119Cys	missense_variant	Pyrazinamide(I:0.11%)	0	0	1022	0	0	1
Initial	r1000000	pncA_p.Trp119Gly	missense_variant	Pyrazinamide(I:0.11%)	0	1	1021	0	0	0
Initial	r1000000	pncA_p.Trp68Arg	missense_variant	Pyrazinamide(R:0.41%)	2	1	1019	0	1	0.666666666666667
Initial	r1000000	pncA_p.Trp68Cys	missense_variant	Pyrazinamide(R:0.45%)	5	0	1017	0	1	1
Initial	r1000000	pncA_p.Trp68Gly	missense_variant	Pyrazinamide(R:0.73%)	7	0	1015	0	1	1
Initial	r1000000	pncA_p.Tyr103Cys	missense_variant	Pyrazinamide(R:0.20%)	2	0	1020	0	1	1
Initial	r1000000	pncA_p.Tyr34Asp	missense_variant	Pyrazinamide(R:0.41%)	2	0	1020	0	1	1
Initial	r1000000	pncA_p.Val128Gly	missense_variant	Pyrazinamide(R:0.32%)	0	0	1022	0	0	1
Initial	r1000000	pncA_p.Val130Gly	missense_variant	Pyrazinamide(I:0.07%)	1	0	1021	0	1	1
Initial	r1000000	pncA_p.Val139Ala	missense_variant	Pyrazinamide(R:1.34%)	4	0	1018	0	1	1
Initial	r1000000	pncA_p.Val139Met	missense_variant	Pyrazinamide(R:0.18%)	1	0	1021	0	1	1
Initial	r1000000	pncA_p.Val163Ala	missense_variant	Pyrazinamide(I:0.07%)	1	0	1021	0	1	1
Initial	r1000000	pncA_p.Val180Ala	missense_variant	Pyrazinamide(R:0.23%)	1	0	1021	0	1	1
Initial	r1000000	pncA_p.Val180Gly	missense_variant	Pyrazinamide(R:0.20%)	2	0	1020	0	1	1
Initial	r1000000	pncA_p.Val21Gly	missense_variant	Pyrazinamide(I:0.27%)	0	0	1022	0	0	1
Initial	r1000000	pncA_p.Val7Ala	missense_variant	Pyrazinamide(I:0.14%)	0	0	1022	0	0	1
Initial	r1000000	pncA_p.Val7Gly	missense_variant	Pyrazinamide(R:0.77%)	1	0	1020	1	0.5	1
Initial	r1000000	pncA_p.Val7Leu	missense_variant	Pyrazinamide(R:0.18%)	1	0	1021	0	1	1
Initial	r1000000	pncA_p.Val93Ala	missense_variant	Pyrazinamide(I:0.05%)	0	0	1022	0	0	1
Initial	r1000000	pncA_p.Val93Leu	missense_variant	Pyrazinamide(I:0.11%)	1	0	1021	0	1	1
Initial	r1000000	rplC_p.Cys154Arg	missense_variant	Linezolid(R:27.35%)	1	0	1021	0	1	1
Initial	r1000000	rpoB_RRDR_indel	inframe,frameshift_variant	Rifampicin(R:0.68%)	4	1	1016	1	0.8	0.8
Initial	r1000000	rpoB_p.Arg448Gln	missense_variant	Rifampicin(I:0.06%)	0	0	1022	0	0	1
Initial	r1000000	rpoB_p.Asn438His	missense_variant	Rifampicin(I:0.01%)	0	0	1022	0	0	1
Initial	r1000000	rpoB_p.Asp435Ala	missense_variant	Rifampicin(I:0.07%)	2	0	1020	0	1	1
Initial	r1000000	rpoB_p.Asp435Glu	missense_variant	Rifampicin(I:0.12%)	1	0	1021	0	1	1
Initial	r1000000	rpoB_p.Asp435Gly	missense_variant	Rifampicin(I:0.88%)	9	0	1013	0	1	1
Initial	r1000000	rpoB_p.Asp435Tyr	missense_variant	Rifampicin(R:2.03%)	10	0	1012	0	1	1
Initial	r1000000	rpoB_p.Asp435Val	missense_variant	Rifampicin(R:6.86%)	19	0	1003	0	1	1
Initial	r1000000	rpoB_p.Gln432Leu	missense_variant	Rifampicin(R:0.17%)	1	0	1021	0	1	1
Initial	r1000000	rpoB_p.Gln432Pro	missense_variant	Rifampicin(R:0.41%)	3	0	1019	0	1	1
Initial	r1000000	rpoB_p.His445Arg	missense_variant	Rifampicin(R:0.81%)	8	0	1014	0	1	1
Initial	r1000000	rpoB_p.His445Asn	missense_variant	Rifampicin(R:0.75%)	1	0	1021	0	1	1
Initial	r1000000	rpoB_p.His445Asp	missense_variant	Rifampicin(R:3.62%)	8	0	1014	0	1	1
Initial	r1000000	rpoB_p.His445Gln	missense_variant	Rifampicin(I:0.12%)	1	0	1021	0	1	1
Initial	r1000000	rpoB_p.His445Leu	missense_variant	Rifampicin(R:1.29%)	10	0	1012	0	1	1
Initial	r1000000	rpoB_p.His445Pro	missense_variant	Rifampicin(I:0.05%)	2	0	1019	1	0.666666666666667	1
Initial	r1000000	rpoB_p.His445Tyr	missense_variant	Rifampicin(R:3.53%)	19	0	1003	0	1	1
Initial	r1000000	rpoB_p.Ile491Phe	missense_variant	Rifampicin(R:0.69%)	5	0	1017	0	1	1
Initial	r1000000	rpoB_p.Leu430Arg	missense_variant	Rifampicin(I:0.19%)	1	0	1021	0	1	1
Initial	r1000000	rpoB_p.Leu430Pro	missense_variant	Rifampicin(R:1.28%)	5	0	1017	0	1	1
Initial	r1000000	rpoB_p.Leu452Pro	missense_variant	Rifampicin(R:1.67%)	15	0	1007	0	1	1
Initial	r1000000	rpoB_p.Lys446Gln	missense_variant	Rifampicin(I:0.03%)	1	0	1020	1	0.5	1
Initial	r1000000	rpoB_p.Met434Ile	missense_variant	Rifampicin(I:0.20%)	2	0	1020	0	1	1
Initial	r1000000	rpoB_p.Met434Val	missense_variant	Rifampicin(I:0.07%)	0	0	1022	0	0	1
Initial	r1000000	rpoB_p.Ser428Arg	missense_variant	Rifampicin(I:0.04%)	1	0	1021	0	1	1
Initial	r1000000	rpoB_p.Ser428Ile	missense_variant	Rifampicin(I:0.02%)	1	0	1021	0	1	1
Initial	r1000000	rpoB_p.Ser441Leu	missense_variant	Rifampicin(R:0.23%)	3	0	1019	0	1	1
Initial	r1000000	rpoB_p.Ser450Leu	missense_variant	Rifampicin(R:64.40%)	221	0	800	1	0.995495495495496	1
Initial	r1000000	rpoB_p.Ser450Trp	missense_variant	Rifampicin(R:1.42%)	7	0	1015	0	1	1
Initial	r1000000	rpoB_p.Ser450Tyr	missense_variant	Rifampicin(R:0.05%)	2	0	1020	0	1	1
Initial	r1000000	rpoB_p.Thr427Asn	missense_variant	Rifampicin(I:0.00%)	0	0	1022	0	0	1
Initial	r1000000	rpoB_p.Thr427Ile	missense_variant	Rifampicin(I:0.03%)	0	1	1021	0	0	0
Initial	r1000000	rpoB_p.Val170Phe	missense_variant	Rifampicin(R:0.53%)	3	0	1019	0	1	1
Initial	r1000000	rpsL_p.Lys43Arg	missense_variant	Streptomycin(R:45.48%)	140	0	881	1	0.99290780141844	1
Initial	r1000000	rpsL_p.Lys88Arg	missense_variant	Streptomycin(R:12.35%)	26	0	996	0	1	1
Initial	r1000000	rpsL_p.Lys88Gln	missense_variant	Streptomycin(I:0.14%)	1	1	1020	0	1	0.5
Initial	r1000000	rpsL_p.Lys88Met	missense_variant	Streptomycin(R:0.30%)	1	0	1021	0	1	1
Initial	r1000000	rrs_n.1401A>G	non_coding_transcript_exon_variant	Amikacin(R:68.37%),Capreomycin(R:58.08%),Kanamycin(R:46.98%)	59	0	963	0	1	1
Initial	r1000000	rrs_n.1402C>T	non_coding_transcript_exon_variant	Amikacin(I:0.37%),Capreomycin(R:0.83%),Kanamycin(I:0.28%)	1	1	1020	0	1	0.5
Initial	r1000000	rrs_n.1484G>T	non_coding_transcript_exon_variant	Amikacin(R:0.69%),Capreomycin(R:0.88%),Kanamycin(R:0.65%)	0	1	1021	0	0	0
Initial	r1000000	rrs_n.514A>C	non_coding_transcript_exon_variant	Streptomycin(R:5.30%)	30	0	991	1	0.967741935483871	1
Initial	r1000000	rrs_n.517C>T	non_coding_transcript_exon_variant	Streptomycin(R:5.79%)	25	1	995	1	0.961538461538462	0.961538461538462
Initial	r1000000	rrs_n.878G>A	non_coding_transcript_exon_variant	Streptomycin(I:0.48%)	8	0	1014	0	1	1
Initial	r1000000	tlyA_LoF_frameshift	start_lost,stop_gained,frameshift_variant	Capreomycin(R:9.06%)	3	2	1017	0	1	0.6
Initial	r1000000	tlyA_p.Asn236Lys	missense_variant	Capreomycin(R:1.02%)	6	0	1016	0	1	1
Initial	r1000000	ALL	ALL	ALL	1886	37	206537	28	0.985370950888192	0.980759230369215
Initial	r5000	Rv0678_LoF_frameshift	start_lost,stop_gained,frameshift_variant	Bedaquiline(R:82.04%),Clofazimine(R:27.63%)	0	0	1019	3	0	1
Initial	r5000	Rv0678_p.Leu117Arg	missense_variant	Bedaquiline(R:0.77%),Clofazimine(I:0.59%)	0	0	1021	1	0	1
Initial	r5000	Rv0678_p.Met146Thr	missense_variant	Bedaquiline(I:1.06%),Clofazimine(I:0.30%)	2	0	1020	0	1	1
Initial	r5000	atpE_p.Glu61Asp	missense_variant	Bedaquiline(I:0.19%)	0	0	1022	0	0	1
Initial	r5000	ddn_LoF_frameshift	start_lost,stop_gained,frameshift_variant	Delamanid(I:19.65%)	0	1	1020	1	0	0
Initial	r5000	eis_c.-10G>A	upstream_gene_variant	Kanamycin(R:6.60%)	1	0	1006	15	0.0625	1
Initial	r5000	eis_c.-12C>T	upstream_gene_variant	Kanamycin(R:9.14%)	1	1	1006	14	0.0666666666666667	0.5
Initial	r5000	eis_c.-14C>T	upstream_gene_variant	Amikacin(I:3.66%),Kanamycin(R:7.02%)	0	0	1010	12	0	1
Initial	r5000	eis_c.-37G>T	upstream_gene_variant	Kanamycin(R:5.13%)	0	0	1011	11	0	1
Initial	r5000	embB_p.Asp328Tyr	missense_variant	Ethambutol(R:0.49%)	0	0	1020	2	0	1
Initial	r5000	embB_p.Asp354Ala	missense_variant	Ethambutol(R:3.17%)	0	0	1006	16	0	1
Initial	r5000	embB_p.Gln497Arg	missense_variant	Ethambutol(R:10.54%)	0	0	1008	14	0	1
Initial	r5000	embB_p.Gln497Lys	missense_variant	Ethambutol(R:1.53%)	0	0	1020	2	0	1
Initial	r5000	embB_p.Gly406Ala	missense_variant	Ethambutol(R:3.46%)	2	0	1007	13	0.133333333333333	1
Initial	r5000	embB_p.Gly406Asp	missense_variant	Ethambutol(R:2.89%)	0	0	1019	3	0	1
Initial	r5000	embB_p.Gly406Cys	missense_variant	Ethambutol(R:0.38%)	0	0	1021	1	0	1
Initial	r5000	embB_p.Gly406Ser	missense_variant	Ethambutol(R:1.97%)	0	0	1017	5	0	1
Initial	r5000	embB_p.Met306Ile	missense_variant	Ethambutol(R:20.60%)	4	0	941	77	0.0493827160493827	1
Initial	r5000	embB_p.Met306Leu	missense_variant	Ethambutol(R:1.53%)	2	0	1017	3	0.4	1
Initial	r5000	embB_p.Met306Val	missense_variant	Ethambutol(R:34.23%)	3	0	915	104	0.0280373831775701	1
Initial	r5000	embB_p.Tyr319Cys	missense_variant	Ethambutol(R:0.36%)	0	0	1021	1	0	1
Initial	r5000	embB_p.Tyr319Ser	missense_variant	Ethambutol(R:2.15%)	0	0	1019	3	0	1
Initial	r5000	ethA_LoF_frameshift	start_lost,stop_gained,frameshift_variant	Ethionamide(R:49.09%)	1	1	958	62	0.0158730158730159	0.5
Initial	r5000	ethA_p.Arg207Gly	missense_variant	Ethionamide(R:0.69%)	0	0	1021	1	0	1
Initial	r5000	ethA_p.Asn379Asp	missense_variant	Ethionamide(I:1.17%)	0	0	1021	1	0	1
Initial	r5000	ethA_p.Ser390Phe	missense_variant	Ethionamide(I:0.36%)	1	0	1021	0	1	1
Initial	r5000	fbiC_LoF_frameshift	start_lost,stop_gained,frameshift_variant	Delamanid(I:2.40%)	0	0	1021	1	0	1
Initial	r5000	fgd1_LoF_frameshift	start_lost,stop_gained,frameshift_variant	Delamanid(I:1.60%)	0	0	1021	1	0	1
Initial	r5000	gid_LoF_frameshift	start_lost,stop_gained,frameshift_variant	Streptomycin(R:18.20%)	0	1	967	54	0	0
Initial	r5000	gid_p.Ala200Glu	missense_variant	Streptomycin(R:0.13%)	1	0	1021	0	1	1
Initial	r5000	gid_p.Asp67His	missense_variant	Streptomycin(I:0.09%)	0	0	1021	1	0	1
Initial	r5000	gid_p.Gly73Ala	missense_variant	Streptomycin(I:0.32%)	0	0	1021	1	0	1
Initial	r5000	gid_p.Pro84Leu	missense_variant	Streptomycin(I:0.54%)	0	0	1020	2	0	1
Initial	r5000	gyrA_p.Ala90Val	missense_variant	Levofloxacin(R:22.44%),Moxifloxacin(R:17.99%)	1	0	989	32	0.0303030303030303	1
Initial	r5000	gyrA_p.Asp94Ala	missense_variant	Levofloxacin(R:7.55%),Moxifloxacin(R:6.52%)	0	0	1009	13	0	1
Initial	r5000	gyrA_p.Asp94Asn	missense_variant	Levofloxacin(R:6.42%),Moxifloxacin(R:7.40%)	1	0	1012	9	0.1	1
Initial	r5000	gyrA_p.Asp94Gly	missense_variant	Levofloxacin(R:36.42%),Moxifloxacin(R:42.28%)	1	0	982	39	0.025	1
Initial	r5000	gyrA_p.Asp94His	missense_variant	Levofloxacin(R:1.69%),Moxifloxacin(R:1.75%)	0	0	1019	3	0	1
Initial	r5000	gyrA_p.Asp94Tyr	missense_variant	Levofloxacin(R:3.92%),Moxifloxacin(R:4.27%)	0	0	1015	7	0	1
Initial	r5000	gyrA_p.Ser91Pro	missense_variant	Levofloxacin(R:4.69%),Moxifloxacin(R:4.37%)	0	0	1016	6	0	1
Initial	r5000	gyrB_p.Asn499Thr	missense_variant	Levofloxacin(R:0.53%),Moxifloxacin(I:0.57%)	0	0	1020	2	0	1
Initial	r5000	gyrB_p.Glu501Asp	missense_variant	Levofloxacin(I:0.77%),Moxifloxacin(R:1.52%)	0	0	1020	2	0	1
Initial	r5000	gyrB_p.Glu501Val	missense_variant	Levofloxacin(I:0.00%),Moxifloxacin(I:0.00%)	0	0	1022	0	0	1
Initial	r5000	gyrB_p.Ser447Phe	missense_variant	Levofloxacin(I:0.36%),Moxifloxacin(I:0.17%)	0	0	1021	1	0	1
Initial	r5000	inhA_c.-154G>A	upstream_gene_variant	Ethionamide(I:5.93%),Isoniazid(R:3.57%)	1	0	1005	16	0.0588235294117647	1
Initial	r5000	inhA_c.-770T>A	upstream_gene_variant	Ethionamide(I:1.23%),Isoniazid(I:0.80%)	0	0	1007	15	0	1
Initial	r5000	inhA_c.-770T>C	upstream_gene_variant	Ethionamide(I:3.57%),Isoniazid(I:1.86%)	0	0	1009	13	0	1
Initial	r5000	inhA_c.-777C>T	upstream_gene_variant	Ethionamide(R:41.56%),Isoniazid(R:21.34%)	7	0	925	90	0.0721649484536082	1
Initial	r5000	inhA_c.-779G>T	upstream_gene_variant	Ethionamide(I:2.34%),Isoniazid(I:1.63%)	2	0	1010	10	0.166666666666667	1
Initial	r5000	inhA_p.Ser94Ala	missense_variant	Ethionamide(I:2.26%),Isoniazid(I:1.02%)	0	0	1013	9	0	1
Initial	r5000	katG_LoF_frameshift	start_lost,stop_gained,frameshift_variant	Isoniazid(R:2.07%)	1	4	1014	3	0.25	0.2
Initial	r5000	katG_p.Ser315Arg	missense_variant	Isoniazid(R:0.07%)	0	0	1020	2	0	1
Initial	r5000	katG_p.Ser315Asn	missense_variant	Isoniazid(R:0.99%)	0	0	1015	7	0	1
Initial	r5000	katG_p.Ser315Ile	missense_variant	Isoniazid(I:0.10%)	1	0	1021	0	1	1
Initial	r5000	katG_p.Ser315Thr	missense_variant	Isoniazid(R:77.81%)	12	0	726	284	0.0405405405405405	1
Initial	r5000	katG_p.Trp328Leu	missense_variant	Isoniazid(R:0.06%)	0	0	1021	1	0	1
Initial	r5000	pepQ_LoF_frameshift	start_lost,stop_gained,frameshift_variant	Bedaquiline(I:1.55%),Clofazimine(I:0.90%)	0	0	1021	1	0	1
Initial	r5000	pncA_LoF_frameshift	start_lost,stop_gained,frameshift_variant	Pyrazinamide(R:27.06%)	2	0	975	45	0.0425531914893617	1
Initial	r5000	pncA_c.-11A>C	upstream_gene_variant	Pyrazinamide(R:0.54%)	0	0	1020	2	0	1
Initial	r5000	pncA_c.-11A>G	upstream_gene_variant	Pyrazinamide(R:3.20%)	0	0	1008	14	0	1
Initial	r5000	pncA_c.-11A>T	upstream_gene_variant	Pyrazinamide(I:0.09%)	0	0	1022	0	0	1
Initial	r5000	pncA_c.-12T>C	upstream_gene_variant	Pyrazinamide(R:0.16%)	0	0	1021	1	0	1
Initial	r5000	pncA_p.Ala102Thr	missense_variant	Pyrazinamide(I:0.05%)	0	0	1021	1	0	1
Initial	r5000	pncA_p.Ala143Gly	missense_variant	Pyrazinamide(I:0.07%)	0	0	1021	1	0	1
Initial	r5000	pncA_p.Ala146Thr	missense_variant	Pyrazinamide(R:0.34%)	0	0	1021	1	0	1
Initial	r5000	pncA_p.Ala146Val	missense_variant	Pyrazinamide(R:0.48%)	0	0	1021	1	0	1
Initial	r5000	pncA_p.Ala3Glu	missense_variant	Pyrazinamide(I:0.07%)	1	0	1020	1	0.5	1
Initial	r5000	pncA_p.Ala46Val	missense_variant	Pyrazinamide(I:0.09%)	0	0	1021	1	0	1
Initial	r5000	pncA_p.Arg140Pro	missense_variant	Pyrazinamide(I:0.11%)	0	0	1021	1	0	1
Initial	r5000	pncA_p.Arg154Gly	missense_variant	Pyrazinamide(R:0.39%)	0	0	1014	8	0	1
Initial	r5000	pncA_p.Asp12Ala	missense_variant	Pyrazinamide(R:0.41%)	0	0	1020	2	0	1
Initial	r5000	pncA_p.Asp12Asn	missense_variant	Pyrazinamide(I:0.14%)	0	0	1021	1	0	1
Initial	r5000	pncA_p.Asp12Glu	missense_variant	Pyrazinamide(R:0.14%)	0	0	1021	1	0	1
Initial	r5000	pncA_p.Asp12Gly	missense_variant	Pyrazinamide(R:0.29%)	0	0	1022	0	0	1
Initial	r5000	pncA_p.Asp136Gly	missense_variant	Pyrazinamide(R:0.41%)	0	0	1021	1	0	1
Initial	r5000	pncA_p.Asp49Asn	missense_variant	Pyrazinamide(I:0.11%)	0	0	1020	2	0	1
Initial	r5000	pncA_p.Asp49Gly	missense_variant	Pyrazinamide(R:0.98%)	0	0	1021	1	0	1
Initial	r5000	pncA_p.Asp63Gly	missense_variant	Pyrazinamide(I:0.16%)	0	0	1022	0	0	1
Initial	r5000	pncA_p.Asp8Glu	missense_variant	Pyrazinamide(R:0.20%)	0	0	1022	0	0	1
Initial	r5000	pncA_p.Asp8Gly	missense_variant	Pyrazinamide(R:0.50%)	0	0	1021	1	0	1
Initial	r5000	pncA_p.Cys138Arg	missense_variant	Pyrazinamide(R:0.20%)	0	0	1020	2	0	1
Initial	r5000	pncA_p.Cys14Arg	missense_variant	Pyrazinamide(R:0.95%)	0	0	1021	1	0	1
Initial	r5000	pncA_p.Cys14Trp	missense_variant	Pyrazinamide(I:0.05%)	0	0	1021	1	0	1
Initial	r5000	pncA_p.Gln10Pro	missense_variant	Pyrazinamide(R:1.59%)	1	0	1016	5	0.166666666666667	1
Initial	r5000	pncA_p.Gln141Pro	missense_variant	Pyrazinamide(R:1.70%)	0	0	1021	1	0	1
Initial	r5000	pncA_p.Gly108Glu	missense_variant	Pyrazinamide(I:0.09%)	0	0	1021	1	0	1
Initial	r5000	pncA_p.Gly132Ala	missense_variant	Pyrazinamide(R:1.29%)	0	0	1021	1	0	1
Initial	r5000	pncA_p.Gly132Ser	missense_variant	Pyrazinamide(R:0.20%)	0	0	1021	1	0	1
Initial	r5000	pncA_p.Gly17Asp	missense_variant	Pyrazinamide(I:0.09%)	0	0	1021	1	0	1
Initial	r5000	pncA_p.Gly78Ser	missense_variant	Pyrazinamide(I:0.07%)	0	0	1021	1	0	1
Initial	r5000	pncA_p.Gly97Asp	missense_variant	Pyrazinamide(R:1.04%)	1	0	1020	1	0.5	1
Initial	r5000	pncA_p.Gly97Cys	missense_variant	Pyrazinamide(R:0.43%)	0	0	1021	1	0	1
Initial	r5000	pncA_p.Gly97Ser	missense_variant	Pyrazinamide(R:0.29%)	0	0	1018	4	0	1
Initial	r5000	pncA_p.Gly97Val	missense_variant	Pyrazinamide(I:0.07%)	0	0	1021	1	0	1
Initial	r5000	pncA_p.His43Pro	missense_variant	Pyrazinamide(I:0.07%)	0	0	1021	1	0	1
Initial	r5000	pncA_p.His51Arg	missense_variant	Pyrazinamide(R:1.86%)	0	0	1020	2	0	1
Initial	r5000	pncA_p.His51Asp	missense_variant	Pyrazinamide(R:1.09%)	0	0	1019	3	0	1
Initial	r5000	pncA_p.His51Pro	missense_variant	Pyrazinamide(R:0.18%)	0	0	1021	1	0	1
Initial	r5000	pncA_p.His51Tyr	missense_variant	Pyrazinamide(R:0.11%)	0	0	1021	1	0	1
Initial	r5000	pncA_p.His57Arg	missense_variant	Pyrazinamide(R:1.27%)	0	0	1022	0	0	1
Initial	r5000	pncA_p.His57Asp	missense_variant	Pyrazinamide(R:3.77%)	0	0	1017	5	0	1
Initial	r5000	pncA_p.His57Tyr	missense_variant	Pyrazinamide(R:0.27%)	0	0	1022	0	0	1
Initial	r5000	pncA_p.His71Arg	missense_variant	Pyrazinamide(R:0.86%)	0	0	1021	1	0	1
Initial	r5000	pncA_p.His71Tyr	missense_variant	Pyrazinamide(R:0.77%)	0	0	1022	0	0	1
Initial	r5000	pncA_p.His82Arg	missense_variant	Pyrazinamide(R:0.11%)	0	0	1021	1	0	1
Initial	r5000	pncA_p.Ile133Thr	missense_variant	Pyrazinamide(R:0.66%)	0	0	1019	3	0	1
Initial	r5000	pncA_p.Leu120Pro	missense_variant	Pyrazinamide(R:0.64%)	1	0	1018	3	0.25	1
Initial	r5000	pncA_p.Leu151Ser	missense_variant	Pyrazinamide(R:0.43%)	0	0	1017	5	0	1
Initial	r5000	pncA_p.Leu159Arg	missense_variant	Pyrazinamide(R:0.18%)	0	0	1022	0	0	1
Initial	r5000	pncA_p.Leu19Pro	missense_variant	Pyrazinamide(R:0.23%)	0	0	1022	0	0	1
Initial	r5000	pncA_p.Leu4Ser	missense_variant	Pyrazinamide(R:0.95%)	0	0	1021	1	0	1
Initial	r5000	pncA_p.Leu4Trp	missense_variant	Pyrazinamide(R:0.34%)	0	0	1020	2	0	1
Initial	r5000	pncA_p.Lys48Thr	missense_variant	Pyrazinamide(I:0.45%)	0	0	1020	2	0	1
Initial	r5000	pncA_p.Lys96Arg	missense_variant	Pyrazinamide(R:0.23%)	0	0	1021	1	0	1
Initial	r5000	pncA_p.Lys96Asn	missense_variant	Pyrazinamide(I:0.09%)	0	0	1021	1	0	1
Initial	r5000	pncA_p.Lys96Gln	missense_variant	Pyrazinamide(R:0.11%)	0	0	1021	1	0	1
Initial	r5000	pncA_p.Lys96Glu	missense_variant	Pyrazinamide(R:0.23%)	0	0	1021	1	0	1
Initial	r5000	pncA_p.Met175Arg	missense_variant	Pyrazinamide(R:0.23%)	0	0	1021	1	0	1
Initial	r5000	pncA_p.Met175Ile	missense_variant	Pyrazinamide(I:0.09%)	0	0	1021	1	0	1
Initial	r5000	pncA_p.Met175Thr	missense_variant	Pyrazinamide(I:0.11%)	0	0	1021	1	0	1
Initial	r5000	pncA_p.Met175Val	missense_variant	Pyrazinamide(R:0.27%)	0	0	1021	1	0	1
Initial	r5000	pncA_p.Phe106Ser	missense_variant	Pyrazinamide(I:0.07%)	0	0	1021	1	0	1
Initial	r5000	pncA_p.Phe13Leu	missense_variant	Pyrazinamide(I:0.11%)	0	0	1021	1	0	1
Initial	r5000	pncA_p.Phe13Ser	missense_variant	Pyrazinamide(R:0.11%)	0	0	1021	1	0	1
Initial	r5000	pncA_p.Phe58Leu	missense_variant	Pyrazinamide(R:0.29%)	0	0	1020	2	0	1
Initial	r5000	pncA_p.Phe58Ser	missense_variant	Pyrazinamide(I:0.05%)	0	0	1021	1	0	1
Initial	r5000	pncA_p.Pro54Gln	missense_variant	Pyrazinamide(I:0.07%)	0	0	1020	2	0	1
Initial	r5000	pncA_p.Pro54Leu	missense_variant	Pyrazinamide(R:0.73%)	0	0	1020	2	0	1
Initial	r5000	pncA_p.Pro54Thr	missense_variant	Pyrazinamide(I:0.05%)	0	0	1022	0	0	1
Initial	r5000	pncA_p.Pro62Leu	missense_variant	Pyrazinamide(R:0.23%)	0	0	1022	0	0	1
Initial	r5000	pncA_p.Pro62Ser	missense_variant	Pyrazinamide(I:0.07%)	0	0	1020	2	0	1
Initial	r5000	pncA_p.Ser59Pro	missense_variant	Pyrazinamide(R:0.54%)	0	0	1020	2	0	1
Initial	r5000	pncA_p.Thr135Pro	missense_variant	Pyrazinamide(R:0.98%)	0	0	1021	1	0	1
Initial	r5000	pncA_p.Thr142Lys	missense_variant	Pyrazinamide(I:0.05%)	0	0	1020	2	0	1
Initial	r5000	pncA_p.Thr47Ala	missense_variant	Pyrazinamide(R:0.39%)	0	0	1021	1	0	1
Initial	r5000	pncA_p.Thr61Pro	missense_variant	Pyrazinamide(I:0.09%)	0	0	1021	1	0	1
Initial	r5000	pncA_p.Thr76Ile	missense_variant	Pyrazinamide(R:0.18%)	0	0	1021	1	0	1
Initial	r5000	pncA_p.Trp119Arg	missense_variant	Pyrazinamide(I:0.11%)	0	0	1021	1	0	1
Initial	r5000	pncA_p.Trp119Cys	missense_variant	Pyrazinamide(I:0.11%)	0	0	1022	0	0	1
Initial	r5000	pncA_p.Trp119Gly	missense_variant	Pyrazinamide(I:0.11%)	0	0	1022	0	0	1
Initial	r5000	pncA_p.Trp68Arg	missense_variant	Pyrazinamide(R:0.41%)	1	0	1020	1	0.5	1
Initial	r5000	pncA_p.Trp68Cys	missense_variant	Pyrazinamide(R:0.45%)	0	0	1017	5	0	1
Initial	r5000	pncA_p.Trp68Gly	missense_variant	Pyrazinamide(R:0.73%)	0	0	1015	7	0	1
Initial	r5000	pncA_p.Tyr103Cys	missense_variant	Pyrazinamide(R:0.20%)	1	0	1020	1	0.5	1
Initial	r5000	pncA_p.Tyr34Asp	missense_variant	Pyrazinamide(R:0.41%)	0	0	1020	2	0	1
Initial	r5000	pncA_p.Val128Gly	missense_variant	Pyrazinamide(R:0.32%)	0	0	1022	0	0	1
Initial	r5000	pncA_p.Val130Gly	missense_variant	Pyrazinamide(I:0.07%)	0	0	1021	1	0	1
Initial	r5000	pncA_p.Val139Ala	missense_variant	Pyrazinamide(R:1.34%)	1	0	1018	3	0.25	1
Initial	r5000	pncA_p.Val139Met	missense_variant	Pyrazinamide(R:0.18%)	0	0	1021	1	0	1
Initial	r5000	pncA_p.Val163Ala	missense_variant	Pyrazinamide(I:0.07%)	0	0	1021	1	0	1
Initial	r5000	pncA_p.Val180Ala	missense_variant	Pyrazinamide(R:0.23%)	0	0	1021	1	0	1
Initial	r5000	pncA_p.Val180Gly	missense_variant	Pyrazinamide(R:0.20%)	0	0	1020	2	0	1
Initial	r5000	pncA_p.Val21Gly	missense_variant	Pyrazinamide(I:0.27%)	0	0	1022	0	0	1
Initial	r5000	pncA_p.Val7Ala	missense_variant	Pyrazinamide(I:0.14%)	0	1	1021	0	0	0
Initial	r5000	pncA_p.Val7Gly	missense_variant	Pyrazinamide(R:0.77%)	0	0	1020	2	0	1
Initial	r5000	pncA_p.Val7Leu	missense_variant	Pyrazinamide(R:0.18%)	0	0	1021	1	0	1
Initial	r5000	pncA_p.Val93Ala	missense_variant	Pyrazinamide(I:0.05%)	0	0	1022	0	0	1
Initial	r5000	pncA_p.Val93Leu	missense_variant	Pyrazinamide(I:0.11%)	0	0	1021	1	0	1
Initial	r5000	rplC_p.Cys154Arg	missense_variant	Linezolid(R:27.35%)	0	0	1021	1	0	1
Initial	r5000	rpoB_RRDR_indel	inframe,frameshift_variant	Rifampicin(R:0.68%)	0	0	1017	5	0	1
Initial	r5000	rpoB_p.Arg448Gln	missense_variant	Rifampicin(I:0.06%)	0	0	1022	0	0	1
Initial	r5000	rpoB_p.Asn438His	missense_variant	Rifampicin(I:0.01%)	0	0	1022	0	0	1
Initial	r5000	rpoB_p.Asp435Ala	missense_variant	Rifampicin(I:0.07%)	0	0	1020	2	0	1
Initial	r5000	rpoB_p.Asp435Glu	missense_variant	Rifampicin(I:0.12%)	0	0	1021	1	0	1
Initial	r5000	rpoB_p.Asp435Gly	missense_variant	Rifampicin(I:0.88%)	2	0	1013	7	0.222222222222222	1
Initial	r5000	rpoB_p.Asp435Tyr	missense_variant	Rifampicin(R:2.03%)	1	0	1012	9	0.1	1
Initial	r5000	rpoB_p.Asp435Val	missense_variant	Rifampicin(R:6.86%)	3	0	1003	16	0.157894736842105	1
Initial	r5000	rpoB_p.Gln432Leu	missense_variant	Rifampicin(R:0.17%)	0	0	1021	1	0	1
Initial	r5000	rpoB_p.Gln432Pro	missense_variant	Rifampicin(R:0.41%)	0	0	1019	3	0	1
Initial	r5000	rpoB_p.His445Arg	missense_variant	Rifampicin(R:0.81%)	0	0	1014	8	0	1
Initial	r5000	rpoB_p.His445Asn	missense_variant	Rifampicin(R:0.75%)	0	0	1021	1	0	1
Initial	r5000	rpoB_p.His445Asp	missense_variant	Rifampicin(R:3.62%)	0	0	1014	8	0	1
Initial	r5000	rpoB_p.His445Gln	missense_variant	Rifampicin(I:0.12%)	0	0	1021	1	0	1
Initial	r5000	rpoB_p.His445Leu	missense_variant	Rifampicin(R:1.29%)	0	0	1012	10	0	1
Initial	r5000	rpoB_p.His445Pro	missense_variant	Rifampicin(I:0.05%)	0	0	1019	3	0	1
Initial	r5000	rpoB_p.His445Tyr	missense_variant	Rifampicin(R:3.53%)	0	0	1003	19	0	1
Initial	r5000	rpoB_p.Ile491Phe	missense_variant	Rifampicin(R:0.69%)	0	0	1017	5	0	1
Initial	r5000	rpoB_p.Leu430Arg	missense_variant	Rifampicin(I:0.19%)	0	0	1021	1	0	1
Initial	r5000	rpoB_p.Leu430Pro	missense_variant	Rifampicin(R:1.28%)	1	0	1017	4	0.2	1
Initial	r5000	rpoB_p.Leu452Pro	missense_variant	Rifampicin(R:1.67%)	0	0	1007	15	0	1
Initial	r5000	rpoB_p.Lys446Gln	missense_variant	Rifampicin(I:0.03%)	0	0	1020	2	0	1
Initial	r5000	rpoB_p.Met434Ile	missense_variant	Rifampicin(I:0.20%)	0	0	1020	2	0	1
Initial	r5000	rpoB_p.Met434Val	missense_variant	Rifampicin(I:0.07%)	0	1	1021	0	0	0
Initial	r5000	rpoB_p.Ser428Arg	missense_variant	Rifampicin(I:0.04%)	0	0	1021	1	0	1
Initial	r5000	rpoB_p.Ser428Ile	missense_variant	Rifampicin(I:0.02%)	0	0	1021	1	0	1
Initial	r5000	rpoB_p.Ser441Leu	missense_variant	Rifampicin(R:0.23%)	0	0	1019	3	0	1
Initial	r5000	rpoB_p.Ser450Leu	missense_variant	Rifampicin(R:64.40%)	8	0	800	214	0.036036036036036	1
Initial	r5000	rpoB_p.Ser450Trp	missense_variant	Rifampicin(R:1.42%)	1	0	1015	6	0.142857142857143	1
Initial	r5000	rpoB_p.Ser450Tyr	missense_variant	Rifampicin(R:0.05%)	0	0	1020	2	0	1
Initial	r5000	rpoB_p.Thr427Asn	missense_variant	Rifampicin(I:0.00%)	0	0	1022	0	0	1
Initial	r5000	rpoB_p.Thr427Ile	missense_variant	Rifampicin(I:0.03%)	0	0	1022	0	0	1
Initial	r5000	rpoB_p.Val170Phe	missense_variant	Rifampicin(R:0.53%)	0	0	1019	3	0	1
Initial	r5000	rpsL_p.Lys43Arg	missense_variant	Streptomycin(R:45.48%)	7	0	881	134	0.049645390070922	1
Initial	r5000	rpsL_p.Lys88Arg	missense_variant	Streptomycin(R:12.35%)	1	0	996	25	0.0384615384615385	1
Initial	r5000	rpsL_p.Lys88Gln	missense_variant	Streptomycin(I:0.14%)	0	0	1021	1	0	1
Initial	r5000	rpsL_p.Lys88Met	missense_variant	Streptomycin(R:0.30%)	0	0	1021	1	0	1
Initial	r5000	rrs_n.1401A>G	non_coding_transcript_exon_variant	Amikacin(R:68.37%),Capreomycin(R:58.08%),Kanamycin(R:46.98%)	1	0	963	58	0.0169491525423729	1
Initial	r5000	rrs_n.1402C>T	non_coding_transcript_exon_variant	Amikacin(I:0.37%),Capreomycin(R:0.83%),Kanamycin(I:0.28%)	0	0	1021	1	0	1
Initial	r5000	rrs_n.1484G>T	non_coding_transcript_exon_variant	Amikacin(R:0.69%),Capreomycin(R:0.88%),Kanamycin(R:0.65%)	0	0	1022	0	0	1
Initial	r5000	rrs_n.514A>C	non_coding_transcript_exon_variant	Streptomycin(R:5.30%)	1	0	991	30	0.032258064516129	1
Initial	r5000	rrs_n.517C>T	non_coding_transcript_exon_variant	Streptomycin(R:5.79%)	2	0	996	24	0.0769230769230769	1
Initial	r5000	rrs_n.878G>A	non_coding_transcript_exon_variant	Streptomycin(I:0.48%)	2	0	1014	6	0.25	1
Initial	r5000	tlyA_LoF_frameshift	start_lost,stop_gained,frameshift_variant	Capreomycin(R:9.06%)	0	1	1018	3	0	0
Initial	r5000	tlyA_p.Asn236Lys	missense_variant	Capreomycin(R:1.02%)	0	0	1016	6	0	1
Initial	r5000	ALL	ALL	ALL	84	11	206563	1830	0.0438871473354232	0.884210526315789
Initial	r50000	Rv0678_LoF_frameshift	start_lost,stop_gained,frameshift_variant	Bedaquiline(R:82.04%),Clofazimine(R:27.63%)	1	6	1013	2	0.333333333333333	0.142857142857143
Initial	r50000	Rv0678_p.Leu117Arg	missense_variant	Bedaquiline(R:0.77%),Clofazimine(I:0.59%)	0	0	1021	1	0	1
Initial	r50000	Rv0678_p.Met146Thr	missense_variant	Bedaquiline(I:1.06%),Clofazimine(I:0.30%)	2	0	1020	0	1	1
Initial	r50000	atpE_p.Glu61Asp	missense_variant	Bedaquiline(I:0.19%)	0	1	1021	0	0	0
Initial	r50000	ddn_LoF_frameshift	start_lost,stop_gained,frameshift_variant	Delamanid(I:19.65%)	1	6	1015	0	1	0.142857142857143
Initial	r50000	eis_c.-10G>A	upstream_gene_variant	Kanamycin(R:6.60%)	4	0	1006	12	0.25	1
Initial	r50000	eis_c.-12C>T	upstream_gene_variant	Kanamycin(R:9.14%)	5	1	1006	10	0.333333333333333	0.833333333333333
Initial	r50000	eis_c.-14C>T	upstream_gene_variant	Amikacin(I:3.66%),Kanamycin(R:7.02%)	6	0	1010	6	0.5	1
Initial	r50000	eis_c.-37G>T	upstream_gene_variant	Kanamycin(R:5.13%)	2	0	1011	9	0.181818181818182	1
Initial	r50000	embB_p.Asp328Tyr	missense_variant	Ethambutol(R:0.49%)	0	0	1020	2	0	1
Initial	r50000	embB_p.Asp354Ala	missense_variant	Ethambutol(R:3.17%)	7	0	1006	9	0.4375	1
Initial	r50000	embB_p.Gln497Arg	missense_variant	Ethambutol(R:10.54%)	3	0	1008	11	0.214285714285714	1
Initial	r50000	embB_p.Gln497Lys	missense_variant	Ethambutol(R:1.53%)	0	1	1019	2	0	0
Initial	r50000	embB_p.Gly406Ala	missense_variant	Ethambutol(R:3.46%)	6	0	1007	9	0.4	1
Initial	r50000	embB_p.Gly406Asp	missense_variant	Ethambutol(R:2.89%)	2	0	1019	1	0.666666666666667	1
Initial	r50000	embB_p.Gly406Cys	missense_variant	Ethambutol(R:0.38%)	0	0	1021	1	0	1
Initial	r50000	embB_p.Gly406Ser	missense_variant	Ethambutol(R:1.97%)	3	0	1017	2	0.6	1
Initial	r50000	embB_p.Met306Ile	missense_variant	Ethambutol(R:20.60%)	38	0	941	43	0.469135802469136	1
Initial	r50000	embB_p.Met306Leu	missense_variant	Ethambutol(R:1.53%)	2	1	1016	3	0.4	0.666666666666667
Initial	r50000	embB_p.Met306Val	missense_variant	Ethambutol(R:34.23%)	33	1	914	74	0.308411214953271	0.970588235294118
Initial	r50000	embB_p.Tyr319Cys	missense_variant	Ethambutol(R:0.36%)	0	0	1021	1	0	1
Initial	r50000	embB_p.Tyr319Ser	missense_variant	Ethambutol(R:2.15%)	0	0	1019	3	0	1
Initial	r50000	ethA_LoF_frameshift	start_lost,stop_gained,frameshift_variant	Ethionamide(R:49.09%)	5	10	949	58	0.0793650793650794	0.333333333333333
Initial	r50000	ethA_p.Arg207Gly	missense_variant	Ethionamide(R:0.69%)	0	0	1021	1	0	1
Initial	r50000	ethA_p.Asn379Asp	missense_variant	Ethionamide(I:1.17%)	1	1	1020	0	1	0.5
Initial	r50000	ethA_p.Ser390Phe	missense_variant	Ethionamide(I:0.36%)	1	0	1021	0	1	1
Initial	r50000	fbiC_LoF_frameshift	start_lost,stop_gained,frameshift_variant	Delamanid(I:2.40%)	0	0	1021	1	0	1
Initial	r50000	fgd1_LoF_frameshift	start_lost,stop_gained,frameshift_variant	Delamanid(I:1.60%)	0	0	1021	1	0	1
Initial	r50000	gid_LoF_frameshift	start_lost,stop_gained,frameshift_variant	Streptomycin(R:18.20%)	6	4	964	48	0.111111111111111	0.6
Initial	r50000	gid_p.Ala200Glu	missense_variant	Streptomycin(R:0.13%)	1	0	1021	0	1	1
Initial	r50000	gid_p.Asp67His	missense_variant	Streptomycin(I:0.09%)	0	0	1021	1	0	1
Initial	r50000	gid_p.Gly73Ala	missense_variant	Streptomycin(I:0.32%)	1	0	1021	0	1	1
Initial	r50000	gid_p.Pro84Leu	missense_variant	Streptomycin(I:0.54%)	0	0	1020	2	0	1
Initial	r50000	gyrA_p.Ala90Val	missense_variant	Levofloxacin(R:22.44%),Moxifloxacin(R:17.99%)	10	0	989	23	0.303030303030303	1
Initial	r50000	gyrA_p.Asp94Ala	missense_variant	Levofloxacin(R:7.55%),Moxifloxacin(R:6.52%)	1	0	1009	12	0.0769230769230769	1
Initial	r50000	gyrA_p.Asp94Asn	missense_variant	Levofloxacin(R:6.42%),Moxifloxacin(R:7.40%)	4	0	1012	6	0.4	1
Initial	r50000	gyrA_p.Asp94Gly	missense_variant	Levofloxacin(R:36.42%),Moxifloxacin(R:42.28%)	17	0	982	23	0.425	1
Initial	r50000	gyrA_p.Asp94His	missense_variant	Levofloxacin(R:1.69%),Moxifloxacin(R:1.75%)	1	0	1019	2	0.333333333333333	1
Initial	r50000	gyrA_p.Asp94Tyr	missense_variant	Levofloxacin(R:3.92%),Moxifloxacin(R:4.27%)	3	0	1015	4	0.428571428571429	1
Initial	r50000	gyrA_p.Ser91Pro	missense_variant	Levofloxacin(R:4.69%),Moxifloxacin(R:4.37%)	3	0	1016	3	0.5	1
Initial	r50000	gyrB_p.Asn499Thr	missense_variant	Levofloxacin(R:0.53%),Moxifloxacin(I:0.57%)	1	0	1020	1	0.5	1
Initial	r50000	gyrB_p.Glu501Asp	missense_variant	Levofloxacin(I:0.77%),Moxifloxacin(R:1.52%)	0	0	1020	2	0	1
Initial	r50000	gyrB_p.Glu501Val	missense_variant	Levofloxacin(I:0.00%),Moxifloxacin(I:0.00%)	0	0	1022	0	0	1
Initial	r50000	gyrB_p.Ser447Phe	missense_variant	Levofloxacin(I:0.36%),Moxifloxacin(I:0.17%)	1	0	1021	0	1	1
Initial	r50000	inhA_c.-154G>A	upstream_gene_variant	Ethionamide(I:5.93%),Isoniazid(R:3.57%)	5	0	1005	12	0.294117647058824	1
Initial	r50000	inhA_c.-770T>A	upstream_gene_variant	Ethionamide(I:1.23%),Isoniazid(I:0.80%)	5	0	1007	10	0.333333333333333	1
Initial	r50000	inhA_c.-770T>C	upstream_gene_variant	Ethionamide(I:3.57%),Isoniazid(I:1.86%)	2	0	1009	11	0.153846153846154	1
Initial	r50000	inhA_c.-777C>T	upstream_gene_variant	Ethionamide(R:41.56%),Isoniazid(R:21.34%)	39	0	925	58	0.402061855670103	1
Initial	r50000	inhA_c.-779G>T	upstream_gene_variant	Ethionamide(I:2.34%),Isoniazid(I:1.63%)	5	0	1010	7	0.416666666666667	1
Initial	r50000	inhA_p.Ser94Ala	missense_variant	Ethionamide(I:2.26%),Isoniazid(I:1.02%)	2	0	1013	7	0.222222222222222	1
Initial	r50000	katG_LoF_frameshift	start_lost,stop_gained,frameshift_variant	Isoniazid(R:2.07%)	1	19	999	3	0.25	0.05
Initial	r50000	katG_p.Ser315Arg	missense_variant	Isoniazid(R:0.07%)	0	0	1020	2	0	1
Initial	r50000	katG_p.Ser315Asn	missense_variant	Isoniazid(R:0.99%)	0	0	1015	7	0	1
Initial	r50000	katG_p.Ser315Ile	missense_variant	Isoniazid(I:0.10%)	1	0	1021	0	1	1
Initial	r50000	katG_p.Ser315Thr	missense_variant	Isoniazid(R:77.81%)	92	0	726	204	0.310810810810811	1
Initial	r50000	katG_p.Trp328Leu	missense_variant	Isoniazid(R:0.06%)	1	0	1021	0	1	1
Initial	r50000	pepQ_LoF_frameshift	start_lost,stop_gained,frameshift_variant	Bedaquiline(I:1.55%),Clofazimine(I:0.90%)	0	0	1021	1	0	1
Initial	r50000	pncA_LoF_frameshift	start_lost,stop_gained,frameshift_variant	Pyrazinamide(R:27.06%)	6	1	974	41	0.127659574468085	0.857142857142857
Initial	r50000	pncA_c.-11A>C	upstream_gene_variant	Pyrazinamide(R:0.54%)	2	0	1020	0	1	1
Initial	r50000	pncA_c.-11A>G	upstream_gene_variant	Pyrazinamide(R:3.20%)	1	0	1008	13	0.0714285714285714	1
Initial	r50000	pncA_c.-11A>T	upstream_gene_variant	Pyrazinamide(I:0.09%)	0	0	1022	0	0	1
Initial	r50000	pncA_c.-12T>C	upstream_gene_variant	Pyrazinamide(R:0.16%)	0	0	1021	1	0	1
Initial	r50000	pncA_p.Ala102Thr	missense_variant	Pyrazinamide(I:0.05%)	1	0	1021	0	1	1
Initial	r50000	pncA_p.Ala143Gly	missense_variant	Pyrazinamide(I:0.07%)	0	0	1021	1	0	1
Initial	r50000	pncA_p.Ala146Thr	missense_variant	Pyrazinamide(R:0.34%)	1	0	1021	0	1	1
Initial	r50000	pncA_p.Ala146Val	missense_variant	Pyrazinamide(R:0.48%)	0	0	1021	1	0	1
Initial	r50000	pncA_p.Ala3Glu	missense_variant	Pyrazinamide(I:0.07%)	2	0	1020	0	1	1
Initial	r50000	pncA_p.Ala46Val	missense_variant	Pyrazinamide(I:0.09%)	0	0	1021	1	0	1
Initial	r50000	pncA_p.Arg140Pro	missense_variant	Pyrazinamide(I:0.11%)	0	0	1021	1	0	1
Initial	r50000	pncA_p.Arg154Gly	missense_variant	Pyrazinamide(R:0.39%)	4	0	1014	4	0.5	1
Initial	r50000	pncA_p.Asp12Ala	missense_variant	Pyrazinamide(R:0.41%)	1	0	1020	1	0.5	1
Initial	r50000	pncA_p.Asp12Asn	missense_variant	Pyrazinamide(I:0.14%)	0	0	1021	1	0	1
Initial	r50000	pncA_p.Asp12Glu	missense_variant	Pyrazinamide(R:0.14%)	0	0	1021	1	0	1
Initial	r50000	pncA_p.Asp12Gly	missense_variant	Pyrazinamide(R:0.29%)	0	0	1022	0	0	1
Initial	r50000	pncA_p.Asp136Gly	missense_variant	Pyrazinamide(R:0.41%)	1	0	1021	0	1	1
Initial	r50000	pncA_p.Asp49Asn	missense_variant	Pyrazinamide(I:0.11%)	0	0	1020	2	0	1
Initial	r50000	pncA_p.Asp49Gly	missense_variant	Pyrazinamide(R:0.98%)	0	0	1021	1	0	1
Initial	r50000	pncA_p.Asp63Gly	missense_variant	Pyrazinamide(I:0.16%)	0	0	1022	0	0	1
Initial	r50000	pncA_p.Asp8Glu	missense_variant	Pyrazinamide(R:0.20%)	0	0	1022	0	0	1
Initial	r50000	pncA_p.Asp8Gly	missense_variant	Pyrazinamide(R:0.50%)	1	0	1021	0	1	1
Initial	r50000	pncA_p.Cys138Arg	missense_variant	Pyrazinamide(R:0.20%)	2	1	1019	0	1	0.666666666666667
Initial	r50000	pncA_p.Cys14Arg	missense_variant	Pyrazinamide(R:0.95%)	0	0	1021	1	0	1
Initial	r50000	pncA_p.Cys14Trp	missense_variant	Pyrazinamide(I:0.05%)	1	0	1021	0	1	1
Initial	r50000	pncA_p.Gln10Pro	missense_variant	Pyrazinamide(R:1.59%)	4	0	1016	2	0.666666666666667	1
Initial	r50000	pncA_p.Gln141Pro	missense_variant	Pyrazinamide(R:1.70%)	1	0	1021	0	1	1
Initial	r50000	pncA_p.Gly108Glu	missense_variant	Pyrazinamide(I:0.09%)	1	0	1021	0	1	1
Initial	r50000	pncA_p.Gly132Ala	missense_variant	Pyrazinamide(R:1.29%)	0	0	1021	1	0	1
Initial	r50000	pncA_p.Gly132Ser	missense_variant	Pyrazinamide(R:0.20%)	0	0	1021	1	0	1
Initial	r50000	pncA_p.Gly17Asp	missense_variant	Pyrazinamide(I:0.09%)	0	0	1021	1	0	1
Initial	r50000	pncA_p.Gly78Ser	missense_variant	Pyrazinamide(I:0.07%)	1	0	1021	0	1	1
Initial	r50000	pncA_p.Gly97Asp	missense_variant	Pyrazinamide(R:1.04%)	2	0	1020	0	1	1
Initial	r50000	pncA_p.Gly97Cys	missense_variant	Pyrazinamide(R:0.43%)	0	0	1021	1	0	1
Initial	r50000	pncA_p.Gly97Ser	missense_variant	Pyrazinamide(R:0.29%)	2	0	1018	2	0.5	1
Initial	r50000	pncA_p.Gly97Val	missense_variant	Pyrazinamide(I:0.07%)	1	0	1021	0	1	1
Initial	r50000	pncA_p.His43Pro	missense_variant	Pyrazinamide(I:0.07%)	1	0	1021	0	1	1
Initial	r50000	pncA_p.His51Arg	missense_variant	Pyrazinamide(R:1.86%)	1	0	1020	1	0.5	1
Initial	r50000	pncA_p.His51Asp	missense_variant	Pyrazinamide(R:1.09%)	1	0	1019	2	0.333333333333333	1
Initial	r50000	pncA_p.His51Pro	missense_variant	Pyrazinamide(R:0.18%)	0	0	1021	1	0	1
Initial	r50000	pncA_p.His51Tyr	missense_variant	Pyrazinamide(R:0.11%)	0	0	1021	1	0	1
Initial	r50000	pncA_p.His57Arg	missense_variant	Pyrazinamide(R:1.27%)	0	1	1021	0	0	0
Initial	r50000	pncA_p.His57Asp	missense_variant	Pyrazinamide(R:3.77%)	3	0	1017	2	0.6	1
Initial	r50000	pncA_p.His57Tyr	missense_variant	Pyrazinamide(R:0.27%)	0	1	1021	0	0	0
Initial	r50000	pncA_p.His71Arg	missense_variant	Pyrazinamide(R:0.86%)	1	0	1021	0	1	1
Initial	r50000	pncA_p.His71Tyr	missense_variant	Pyrazinamide(R:0.77%)	0	1	1021	0	0	0
Initial	r50000	pncA_p.His82Arg	missense_variant	Pyrazinamide(R:0.11%)	1	1	1020	0	1	0.5
Initial	r50000	pncA_p.Ile133Thr	missense_variant	Pyrazinamide(R:0.66%)	2	0	1019	1	0.666666666666667	1
Initial	r50000	pncA_p.Leu120Pro	missense_variant	Pyrazinamide(R:0.64%)	3	0	1018	1	0.75	1
Initial	r50000	pncA_p.Leu151Ser	missense_variant	Pyrazinamide(R:0.43%)	2	0	1017	3	0.4	1
Initial	r50000	pncA_p.Leu159Arg	missense_variant	Pyrazinamide(R:0.18%)	0	0	1022	0	0	1
Initial	r50000	pncA_p.Leu19Pro	missense_variant	Pyrazinamide(R:0.23%)	0	0	1022	0	0	1
Initial	r50000	pncA_p.Leu4Ser	missense_variant	Pyrazinamide(R:0.95%)	1	1	1020	0	1	0.5
Initial	r50000	pncA_p.Leu4Trp	missense_variant	Pyrazinamide(R:0.34%)	0	0	1020	2	0	1
Initial	r50000	pncA_p.Lys48Thr	missense_variant	Pyrazinamide(I:0.45%)	2	0	1020	0	1	1
Initial	r50000	pncA_p.Lys96Arg	missense_variant	Pyrazinamide(R:0.23%)	1	0	1021	0	1	1
Initial	r50000	pncA_p.Lys96Asn	missense_variant	Pyrazinamide(I:0.09%)	0	0	1021	1	0	1
Initial	r50000	pncA_p.Lys96Gln	missense_variant	Pyrazinamide(R:0.11%)	0	0	1021	1	0	1
Initial	r50000	pncA_p.Lys96Glu	missense_variant	Pyrazinamide(R:0.23%)	1	0	1021	0	1	1
Initial	r50000	pncA_p.Met175Arg	missense_variant	Pyrazinamide(R:0.23%)	1	0	1021	0	1	1
Initial	r50000	pncA_p.Met175Ile	missense_variant	Pyrazinamide(I:0.09%)	0	0	1021	1	0	1
Initial	r50000	pncA_p.Met175Thr	missense_variant	Pyrazinamide(I:0.11%)	0	0	1021	1	0	1
Initial	r50000	pncA_p.Met175Val	missense_variant	Pyrazinamide(R:0.27%)	0	0	1021	1	0	1
Initial	r50000	pncA_p.Phe106Ser	missense_variant	Pyrazinamide(I:0.07%)	1	0	1021	0	1	1
Initial	r50000	pncA_p.Phe13Leu	missense_variant	Pyrazinamide(I:0.11%)	1	0	1021	0	1	1
Initial	r50000	pncA_p.Phe13Ser	missense_variant	Pyrazinamide(R:0.11%)	0	0	1021	1	0	1
Initial	r50000	pncA_p.Phe58Leu	missense_variant	Pyrazinamide(R:0.29%)	0	0	1020	2	0	1
Initial	r50000	pncA_p.Phe58Ser	missense_variant	Pyrazinamide(I:0.05%)	0	0	1021	1	0	1
Initial	r50000	pncA_p.Pro54Gln	missense_variant	Pyrazinamide(I:0.07%)	1	0	1020	1	0.5	1
Initial	r50000	pncA_p.Pro54Leu	missense_variant	Pyrazinamide(R:0.73%)	0	1	1019	2	0	0
Initial	r50000	pncA_p.Pro54Thr	missense_variant	Pyrazinamide(I:0.05%)	0	1	1021	0	0	0
Initial	r50000	pncA_p.Pro62Leu	missense_variant	Pyrazinamide(R:0.23%)	0	0	1022	0	0	1
Initial	r50000	pncA_p.Pro62Ser	missense_variant	Pyrazinamide(I:0.07%)	1	0	1020	1	0.5	1
Initial	r50000	pncA_p.Ser59Pro	missense_variant	Pyrazinamide(R:0.54%)	0	0	1020	2	0	1
Initial	r50000	pncA_p.Thr135Pro	missense_variant	Pyrazinamide(R:0.98%)	0	0	1021	1	0	1
Initial	r50000	pncA_p.Thr142Lys	missense_variant	Pyrazinamide(I:0.05%)	0	0	1020	2	0	1
Initial	r50000	pncA_p.Thr47Ala	missense_variant	Pyrazinamide(R:0.39%)	0	1	1020	1	0	0
Initial	r50000	pncA_p.Thr61Pro	missense_variant	Pyrazinamide(I:0.09%)	0	0	1021	1	0	1
Initial	r50000	pncA_p.Thr76Ile	missense_variant	Pyrazinamide(R:0.18%)	0	0	1021	1	0	1
Initial	r50000	pncA_p.Trp119Arg	missense_variant	Pyrazinamide(I:0.11%)	1	0	1021	0	1	1
Initial	r50000	pncA_p.Trp119Cys	missense_variant	Pyrazinamide(I:0.11%)	0	1	1021	0	0	0
Initial	r50000	pncA_p.Trp119Gly	missense_variant	Pyrazinamide(I:0.11%)	0	0	1022	0	0	1
Initial	r50000	pncA_p.Trp68Arg	missense_variant	Pyrazinamide(R:0.41%)	2	1	1019	0	1	0.666666666666667
Initial	r50000	pncA_p.Trp68Cys	missense_variant	Pyrazinamide(R:0.45%)	2	0	1017	3	0.4	1
Initial	r50000	pncA_p.Trp68Gly	missense_variant	Pyrazinamide(R:0.73%)	2	0	1015	5	0.285714285714286	1
Initial	r50000	pncA_p.Tyr103Cys	missense_variant	Pyrazinamide(R:0.20%)	1	0	1020	1	0.5	1
Initial	r50000	pncA_p.Tyr34Asp	missense_variant	Pyrazinamide(R:0.41%)	1	0	1020	1	0.5	1
Initial	r50000	pncA_p.Val128Gly	missense_variant	Pyrazinamide(R:0.32%)	0	1	1021	0	0	0
Initial	r50000	pncA_p.Val130Gly	missense_variant	Pyrazinamide(I:0.07%)	0	0	1021	1	0	1
Initial	r50000	pncA_p.Val139Ala	missense_variant	Pyrazinamide(R:1.34%)	1	0	1018	3	0.25	1
Initial	r50000	pncA_p.Val139Met	missense_variant	Pyrazinamide(R:0.18%)	1	0	1021	0	1	1
Initial	r50000	pncA_p.Val163Ala	missense_variant	Pyrazinamide(I:0.07%)	0	1	1020	1	0	0
Initial	r50000	pncA_p.Val180Ala	missense_variant	Pyrazinamide(R:0.23%)	1	0	1021	0	1	1
Initial	r50000	pncA_p.Val180Gly	missense_variant	Pyrazinamide(R:0.20%)	1	0	1020	1	0.5	1
Initial	r50000	pncA_p.Val21Gly	missense_variant	Pyrazinamide(I:0.27%)	0	0	1022	0	0	1
Initial	r50000	pncA_p.Val7Ala	missense_variant	Pyrazinamide(I:0.14%)	0	1	1021	0	0	0
Initial	r50000	pncA_p.Val7Gly	missense_variant	Pyrazinamide(R:0.77%)	1	0	1020	1	0.5	1
Initial	r50000	pncA_p.Val7Leu	missense_variant	Pyrazinamide(R:0.18%)	1	0	1021	0	1	1
Initial	r50000	pncA_p.Val93Ala	missense_variant	Pyrazinamide(I:0.05%)	0	1	1021	0	0	0
Initial	r50000	pncA_p.Val93Leu	missense_variant	Pyrazinamide(I:0.11%)	0	0	1021	1	0	1
Initial	r50000	rplC_p.Cys154Arg	missense_variant	Linezolid(R:27.35%)	0	0	1021	1	0	1
Initial	r50000	rpoB_RRDR_indel	inframe,frameshift_variant	Rifampicin(R:0.68%)	0	0	1017	5	0	1
Initial	r50000	rpoB_p.Arg448Gln	missense_variant	Rifampicin(I:0.06%)	0	1	1021	0	0	0
Initial	r50000	rpoB_p.Asn438His	missense_variant	Rifampicin(I:0.01%)	0	1	1021	0	0	0
Initial	r50000	rpoB_p.Asp435Ala	missense_variant	Rifampicin(I:0.07%)	0	0	1020	2	0	1
Initial	r50000	rpoB_p.Asp435Glu	missense_variant	Rifampicin(I:0.12%)	0	0	1021	1	0	1
Initial	r50000	rpoB_p.Asp435Gly	missense_variant	Rifampicin(I:0.88%)	4	0	1013	5	0.444444444444444	1
Initial	r50000	rpoB_p.Asp435Tyr	missense_variant	Rifampicin(R:2.03%)	5	0	1012	5	0.5	1
Initial	r50000	rpoB_p.Asp435Val	missense_variant	Rifampicin(R:6.86%)	12	0	1003	7	0.631578947368421	1
Initial	r50000	rpoB_p.Gln432Leu	missense_variant	Rifampicin(R:0.17%)	1	0	1021	0	1	1
Initial	r50000	rpoB_p.Gln432Pro	missense_variant	Rifampicin(R:0.41%)	2	0	1019	1	0.666666666666667	1
Initial	r50000	rpoB_p.His445Arg	missense_variant	Rifampicin(R:0.81%)	0	0	1014	8	0	1
Initial	r50000	rpoB_p.His445Asn	missense_variant	Rifampicin(R:0.75%)	1	0	1021	0	1	1
Initial	r50000	rpoB_p.His445Asp	missense_variant	Rifampicin(R:3.62%)	3	0	1014	5	0.375	1
Initial	r50000	rpoB_p.His445Gln	missense_variant	Rifampicin(I:0.12%)	0	0	1021	1	0	1
Initial	r50000	rpoB_p.His445Leu	missense_variant	Rifampicin(R:1.29%)	5	1	1011	5	0.5	0.833333333333333
Initial	r50000	rpoB_p.His445Pro	missense_variant	Rifampicin(I:0.05%)	1	0	1019	2	0.333333333333333	1
Initial	r50000	rpoB_p.His445Tyr	missense_variant	Rifampicin(R:3.53%)	6	0	1003	13	0.315789473684211	1
Initial	r50000	rpoB_p.Ile491Phe	missense_variant	Rifampicin(R:0.69%)	5	0	1017	0	1	1
Initial	r50000	rpoB_p.Leu430Arg	missense_variant	Rifampicin(I:0.19%)	1	0	1021	0	1	1
Initial	r50000	rpoB_p.Leu430Pro	missense_variant	Rifampicin(R:1.28%)	2	0	1017	3	0.4	1
Initial	r50000	rpoB_p.Leu452Pro	missense_variant	Rifampicin(R:1.67%)	9	0	1007	6	0.6	1
Initial	r50000	rpoB_p.Lys446Gln	missense_variant	Rifampicin(I:0.03%)	0	0	1020	2	0	1
Initial	r50000	rpoB_p.Met434Ile	missense_variant	Rifampicin(I:0.20%)	1	0	1020	1	0.5	1
Initial	r50000	rpoB_p.Met434Val	missense_variant	Rifampicin(I:0.07%)	0	2	1020	0	0	0
Initial	r50000	rpoB_p.Ser428Arg	missense_variant	Rifampicin(I:0.04%)	0	0	1021	1	0	1
Initial	r50000	rpoB_p.Ser428Ile	missense_variant	Rifampicin(I:0.02%)	0	0	1021	1	0	1
Initial	r50000	rpoB_p.Ser441Leu	missense_variant	Rifampicin(R:0.23%)	0	0	1019	3	0	1
Initial	r50000	rpoB_p.Ser450Leu	missense_variant	Rifampicin(R:64.40%)	84	0	800	138	0.378378378378378	1
Initial	r50000	rpoB_p.Ser450Trp	missense_variant	Rifampicin(R:1.42%)	5	1	1014	2	0.714285714285714	0.833333333333333
Initial	r50000	rpoB_p.Ser450Tyr	missense_variant	Rifampicin(R:0.05%)	1	0	1020	1	0.5	1
Initial	r50000	rpoB_p.Thr427Asn	missense_variant	Rifampicin(I:0.00%)	0	0	1022	0	0	1
Initial	r50000	rpoB_p.Thr427Ile	missense_variant	Rifampicin(I:0.03%)	0	0	1022	0	0	1
Initial	r50000	rpoB_p.Val170Phe	missense_variant	Rifampicin(R:0.53%)	1	0	1019	2	0.333333333333333	1
Initial	r50000	rpsL_p.Lys43Arg	missense_variant	Streptomycin(R:45.48%)	58	0	881	83	0.411347517730496	1
Initial	r50000	rpsL_p.Lys88Arg	missense_variant	Streptomycin(R:12.35%)	7	0	996	19	0.269230769230769	1
Initial	r50000	rpsL_p.Lys88Gln	missense_variant	Streptomycin(I:0.14%)	1	0	1021	0	1	1
Initial	r50000	rpsL_p.Lys88Met	missense_variant	Streptomycin(R:0.30%)	1	0	1021	0	1	1
Initial	r50000	rrs_n.1401A>G	non_coding_transcript_exon_variant	Amikacin(R:68.37%),Capreomycin(R:58.08%),Kanamycin(R:46.98%)	21	0	963	38	0.355932203389831	1
Initial	r50000	rrs_n.1402C>T	non_coding_transcript_exon_variant	Amikacin(I:0.37%),Capreomycin(R:0.83%),Kanamycin(I:0.28%)	0	0	1021	1	0	1
Initial	r50000	rrs_n.1484G>T	non_coding_transcript_exon_variant	Amikacin(R:0.69%),Capreomycin(R:0.88%),Kanamycin(R:0.65%)	0	1	1021	0	0	0
Initial	r50000	rrs_n.514A>C	non_coding_transcript_exon_variant	Streptomycin(R:5.30%)	15	0	991	16	0.483870967741935	1
Initial	r50000	rrs_n.517C>T	non_coding_transcript_exon_variant	Streptomycin(R:5.79%)	12	2	994	14	0.461538461538462	0.857142857142857
Initial	r50000	rrs_n.878G>A	non_coding_transcript_exon_variant	Streptomycin(I:0.48%)	4	0	1014	4	0.5	1
Initial	r50000	tlyA_LoF_frameshift	start_lost,stop_gained,frameshift_variant	Capreomycin(R:9.06%)	0	5	1014	3	0	0
Initial	r50000	tlyA_p.Asn236Lys	missense_variant	Capreomycin(R:1.02%)	2	0	1016	4	0.333333333333333	1
Initial	r50000	ALL	ALL	ALL	669	81	206493	1245	0.349529780564263	0.892
Initial	r500000	Rv0678_LoF_frameshift	start_lost,stop_gained,frameshift_variant	Bedaquiline(R:82.04%),Clofazimine(R:27.63%)	1	3	1016	2	0.333333333333333	0.25
Initial	r500000	Rv0678_p.Leu117Arg	missense_variant	Bedaquiline(R:0.77%),Clofazimine(I:0.59%)	1	0	1021	0	1	1
Initial	r500000	Rv0678_p.Met146Thr	missense_variant	Bedaquiline(I:1.06%),Clofazimine(I:0.30%)	2	0	1020	0	1	1
Initial	r500000	atpE_p.Glu61Asp	missense_variant	Bedaquiline(I:0.19%)	0	0	1022	0	0	1
Initial	r500000	ddn_LoF_frameshift	start_lost,stop_gained,frameshift_variant	Delamanid(I:19.65%)	1	1	1020	0	1	0.5
Initial	r500000	eis_c.-10G>A	upstream_gene_variant	Kanamycin(R:6.60%)	15	0	1006	1	0.9375	1
Initial	r500000	eis_c.-12C>T	upstream_gene_variant	Kanamycin(R:9.14%)	14	0	1007	1	0.933333333333333	1
Initial	r500000	eis_c.-14C>T	upstream_gene_variant	Amikacin(I:3.66%),Kanamycin(R:7.02%)	12	0	1010	0	1	1
Initial	r500000	eis_c.-37G>T	upstream_gene_variant	Kanamycin(R:5.13%)	11	0	1011	0	1	1
Initial	r500000	embB_p.Asp328Tyr	missense_variant	Ethambutol(R:0.49%)	2	0	1020	0	1	1
Initial	r500000	embB_p.Asp354Ala	missense_variant	Ethambutol(R:3.17%)	16	0	1006	0	1	1
Initial	r500000	embB_p.Gln497Arg	missense_variant	Ethambutol(R:10.54%)	12	0	1008	2	0.857142857142857	1
Initial	r500000	embB_p.Gln497Lys	missense_variant	Ethambutol(R:1.53%)	1	0	1020	1	0.5	1
Initial	r500000	embB_p.Gly406Ala	missense_variant	Ethambutol(R:3.46%)	14	0	1007	1	0.933333333333333	1
Initial	r500000	embB_p.Gly406Asp	missense_variant	Ethambutol(R:2.89%)	2	0	1019	1	0.666666666666667	1
Initial	r500000	embB_p.Gly406Cys	missense_variant	Ethambutol(R:0.38%)	0	0	1021	1	0	1
Initial	r500000	embB_p.Gly406Ser	missense_variant	Ethambutol(R:1.97%)	5	0	1017	0	1	1
Initial	r500000	embB_p.Met306Ile	missense_variant	Ethambutol(R:20.60%)	78	0	941	3	0.962962962962963	1
Initial	r500000	embB_p.Met306Leu	missense_variant	Ethambutol(R:1.53%)	5	0	1017	0	1	1
Initial	r500000	embB_p.Met306Val	missense_variant	Ethambutol(R:34.23%)	106	1	914	1	0.990654205607477	0.990654205607477
Initial	r500000	embB_p.Tyr319Cys	missense_variant	Ethambutol(R:0.36%)	1	0	1021	0	1	1
Initial	r500000	embB_p.Tyr319Ser	missense_variant	Ethambutol(R:2.15%)	3	0	1019	0	1	1
Initial	r500000	ethA_LoF_frameshift	start_lost,stop_gained,frameshift_variant	Ethionamide(R:49.09%)	60	5	954	3	0.952380952380952	0.923076923076923
Initial	r500000	ethA_p.Arg207Gly	missense_variant	Ethionamide(R:0.69%)	1	0	1021	0	1	1
Initial	r500000	ethA_p.Asn379Asp	missense_variant	Ethionamide(I:1.17%)	1	0	1021	0	1	1
Initial	r500000	ethA_p.Ser390Phe	missense_variant	Ethionamide(I:0.36%)	1	0	1021	0	1	1
Initial	r500000	fbiC_LoF_frameshift	start_lost,stop_gained,frameshift_variant	Delamanid(I:2.40%)	0	0	1021	1	0	1
Initial	r500000	fgd1_LoF_frameshift	start_lost,stop_gained,frameshift_variant	Delamanid(I:1.60%)	0	0	1021	1	0	1
Initial	r500000	gid_LoF_frameshift	start_lost,stop_gained,frameshift_variant	Streptomycin(R:18.20%)	49	9	959	5	0.907407407407407	0.844827586206897
Initial	r500000	gid_p.Ala200Glu	missense_variant	Streptomycin(R:0.13%)	1	0	1021	0	1	1
Initial	r500000	gid_p.Asp67His	missense_variant	Streptomycin(I:0.09%)	1	0	1021	0	1	1
Initial	r500000	gid_p.Gly73Ala	missense_variant	Streptomycin(I:0.32%)	1	0	1021	0	1	1
Initial	r500000	gid_p.Pro84Leu	missense_variant	Streptomycin(I:0.54%)	2	0	1020	0	1	1
Initial	r500000	gyrA_p.Ala90Val	missense_variant	Levofloxacin(R:22.44%),Moxifloxacin(R:17.99%)	32	0	989	1	0.96969696969697	1
Initial	r500000	gyrA_p.Asp94Ala	missense_variant	Levofloxacin(R:7.55%),Moxifloxacin(R:6.52%)	11	0	1009	2	0.846153846153846	1
Initial	r500000	gyrA_p.Asp94Asn	missense_variant	Levofloxacin(R:6.42%),Moxifloxacin(R:7.40%)	9	0	1012	1	0.9	1
Initial	r500000	gyrA_p.Asp94Gly	missense_variant	Levofloxacin(R:36.42%),Moxifloxacin(R:42.28%)	39	1	981	1	0.975	0.975
Initial	r500000	gyrA_p.Asp94His	missense_variant	Levofloxacin(R:1.69%),Moxifloxacin(R:1.75%)	3	0	1019	0	1	1
Initial	r500000	gyrA_p.Asp94Tyr	missense_variant	Levofloxacin(R:3.92%),Moxifloxacin(R:4.27%)	7	0	1015	0	1	1
Initial	r500000	gyrA_p.Ser91Pro	missense_variant	Levofloxacin(R:4.69%),Moxifloxacin(R:4.37%)	5	0	1016	1	0.833333333333333	1
Initial	r500000	gyrB_p.Asn499Thr	missense_variant	Levofloxacin(R:0.53%),Moxifloxacin(I:0.57%)	2	0	1020	0	1	1
Initial	r500000	gyrB_p.Glu501Asp	missense_variant	Levofloxacin(I:0.77%),Moxifloxacin(R:1.52%)	2	0	1020	0	1	1
Initial	r500000	gyrB_p.Glu501Val	missense_variant	Levofloxacin(I:0.00%),Moxifloxacin(I:0.00%)	0	0	1022	0	0	1
Initial	r500000	gyrB_p.Ser447Phe	missense_variant	Levofloxacin(I:0.36%),Moxifloxacin(I:0.17%)	1	0	1021	0	1	1
Initial	r500000	inhA_c.-154G>A	upstream_gene_variant	Ethionamide(I:5.93%),Isoniazid(R:3.57%)	15	0	1005	2	0.882352941176471	1
Initial	r500000	inhA_c.-770T>A	upstream_gene_variant	Ethionamide(I:1.23%),Isoniazid(I:0.80%)	14	1	1006	1	0.933333333333333	0.933333333333333
Initial	r500000	inhA_c.-770T>C	upstream_gene_variant	Ethionamide(I:3.57%),Isoniazid(I:1.86%)	13	0	1009	0	1	1
Initial	r500000	inhA_c.-777C>T	upstream_gene_variant	Ethionamide(R:41.56%),Isoniazid(R:21.34%)	94	0	925	3	0.969072164948454	1
Initial	r500000	inhA_c.-779G>T	upstream_gene_variant	Ethionamide(I:2.34%),Isoniazid(I:1.63%)	12	0	1010	0	1	1
Initial	r500000	inhA_p.Ser94Ala	missense_variant	Ethionamide(I:2.26%),Isoniazid(I:1.02%)	9	0	1013	0	1	1
Initial	r500000	katG_LoF_frameshift	start_lost,stop_gained,frameshift_variant	Isoniazid(R:2.07%)	3	12	1006	1	0.75	0.2
Initial	r500000	katG_p.Ser315Arg	missense_variant	Isoniazid(R:0.07%)	2	0	1020	0	1	1
Initial	r500000	katG_p.Ser315Asn	missense_variant	Isoniazid(R:0.99%)	7	0	1015	0	1	1
Initial	r500000	katG_p.Ser315Ile	missense_variant	Isoniazid(I:0.10%)	1	0	1021	0	1	1
Initial	r500000	katG_p.Ser315Thr	missense_variant	Isoniazid(R:77.81%)	287	1	725	9	0.969594594594595	0.996527777777778
Initial	r500000	katG_p.Trp328Leu	missense_variant	Isoniazid(R:0.06%)	1	1	1020	0	1	0.5
Initial	r500000	pepQ_LoF_frameshift	start_lost,stop_gained,frameshift_variant	Bedaquiline(I:1.55%),Clofazimine(I:0.90%)	0	0	1021	1	0	1
Initial	r500000	pncA_LoF_frameshift	start_lost,stop_gained,frameshift_variant	Pyrazinamide(R:27.06%)	40	2	973	7	0.851063829787234	0.952380952380952
Initial	r500000	pncA_c.-11A>C	upstream_gene_variant	Pyrazinamide(R:0.54%)	2	0	1020	0	1	1
Initial	r500000	pncA_c.-11A>G	upstream_gene_variant	Pyrazinamide(R:3.20%)	9	0	1008	5	0.642857142857143	1
Initial	r500000	pncA_c.-11A>T	upstream_gene_variant	Pyrazinamide(I:0.09%)	0	1	1021	0	0	0
Initial	r500000	pncA_c.-12T>C	upstream_gene_variant	Pyrazinamide(R:0.16%)	1	0	1021	0	1	1
Initial	r500000	pncA_p.Ala102Thr	missense_variant	Pyrazinamide(I:0.05%)	1	0	1021	0	1	1
Initial	r500000	pncA_p.Ala143Gly	missense_variant	Pyrazinamide(I:0.07%)	1	0	1021	0	1	1
Initial	r500000	pncA_p.Ala146Thr	missense_variant	Pyrazinamide(R:0.34%)	1	0	1021	0	1	1
Initial	r500000	pncA_p.Ala146Val	missense_variant	Pyrazinamide(R:0.48%)	1	0	1021	0	1	1
Initial	r500000	pncA_p.Ala3Glu	missense_variant	Pyrazinamide(I:0.07%)	2	0	1020	0	1	1
Initial	r500000	pncA_p.Ala46Val	missense_variant	Pyrazinamide(I:0.09%)	1	0	1021	0	1	1
Initial	r500000	pncA_p.Arg140Pro	missense_variant	Pyrazinamide(I:0.11%)	1	0	1021	0	1	1
Initial	r500000	pncA_p.Arg154Gly	missense_variant	Pyrazinamide(R:0.39%)	8	1	1013	0	1	0.888888888888889
Initial	r500000	pncA_p.Asp12Ala	missense_variant	Pyrazinamide(R:0.41%)	2	0	1020	0	1	1
Initial	r500000	pncA_p.Asp12Asn	missense_variant	Pyrazinamide(I:0.14%)	1	0	1021	0	1	1
Initial	r500000	pncA_p.Asp12Glu	missense_variant	Pyrazinamide(R:0.14%)	1	0	1021	0	1	1
Initial	r500000	pncA_p.Asp12Gly	missense_variant	Pyrazinamide(R:0.29%)	0	0	1022	0	0	1
Initial	r500000	pncA_p.Asp136Gly	missense_variant	Pyrazinamide(R:0.41%)	1	0	1021	0	1	1
Initial	r500000	pncA_p.Asp49Asn	missense_variant	Pyrazinamide(I:0.11%)	2	1	1019	0	1	0.666666666666667
Initial	r500000	pncA_p.Asp49Gly	missense_variant	Pyrazinamide(R:0.98%)	1	0	1021	0	1	1
Initial	r500000	pncA_p.Asp63Gly	missense_variant	Pyrazinamide(I:0.16%)	0	1	1021	0	0	0
Initial	r500000	pncA_p.Asp8Glu	missense_variant	Pyrazinamide(R:0.20%)	0	0	1022	0	0	1
Initial	r500000	pncA_p.Asp8Gly	missense_variant	Pyrazinamide(R:0.50%)	1	0	1021	0	1	1
Initial	r500000	pncA_p.Cys138Arg	missense_variant	Pyrazinamide(R:0.20%)	2	0	1020	0	1	1
Initial	r500000	pncA_p.Cys14Arg	missense_variant	Pyrazinamide(R:0.95%)	1	0	1021	0	1	1
Initial	r500000	pncA_p.Cys14Trp	missense_variant	Pyrazinamide(I:0.05%)	1	0	1021	0	1	1
Initial	r500000	pncA_p.Gln10Pro	missense_variant	Pyrazinamide(R:1.59%)	6	0	1016	0	1	1
Initial	r500000	pncA_p.Gln141Pro	missense_variant	Pyrazinamide(R:1.70%)	1	0	1021	0	1	1
Initial	r500000	pncA_p.Gly108Glu	missense_variant	Pyrazinamide(I:0.09%)	0	0	1021	1	0	1
Initial	r500000	pncA_p.Gly132Ala	missense_variant	Pyrazinamide(R:1.29%)	1	0	1021	0	1	1
Initial	r500000	pncA_p.Gly132Ser	missense_variant	Pyrazinamide(R:0.20%)	1	0	1021	0	1	1
Initial	r500000	pncA_p.Gly17Asp	missense_variant	Pyrazinamide(I:0.09%)	1	0	1021	0	1	1
Initial	r500000	pncA_p.Gly78Ser	missense_variant	Pyrazinamide(I:0.07%)	1	0	1021	0	1	1
Initial	r500000	pncA_p.Gly97Asp	missense_variant	Pyrazinamide(R:1.04%)	2	0	1020	0	1	1
Initial	r500000	pncA_p.Gly97Cys	missense_variant	Pyrazinamide(R:0.43%)	1	0	1021	0	1	1
Initial	r500000	pncA_p.Gly97Ser	missense_variant	Pyrazinamide(R:0.29%)	4	0	1018	0	1	1
Initial	r500000	pncA_p.Gly97Val	missense_variant	Pyrazinamide(I:0.07%)	1	0	1021	0	1	1
Initial	r500000	pncA_p.His43Pro	missense_variant	Pyrazinamide(I:0.07%)	1	0	1021	0	1	1
Initial	r500000	pncA_p.His51Arg	missense_variant	Pyrazinamide(R:1.86%)	2	0	1020	0	1	1
Initial	r500000	pncA_p.His51Asp	missense_variant	Pyrazinamide(R:1.09%)	3	0	1019	0	1	1
Initial	r500000	pncA_p.His51Pro	missense_variant	Pyrazinamide(R:0.18%)	0	0	1021	1	0	1
Initial	r500000	pncA_p.His51Tyr	missense_variant	Pyrazinamide(R:0.11%)	1	0	1021	0	1	1
Initial	r500000	pncA_p.His57Arg	missense_variant	Pyrazinamide(R:1.27%)	0	0	1022	0	0	1
Initial	r500000	pncA_p.His57Asp	missense_variant	Pyrazinamide(R:3.77%)	5	0	1017	0	1	1
Initial	r500000	pncA_p.His57Tyr	missense_variant	Pyrazinamide(R:0.27%)	0	0	1022	0	0	1
Initial	r500000	pncA_p.His71Arg	missense_variant	Pyrazinamide(R:0.86%)	1	0	1021	0	1	1
Initial	r500000	pncA_p.His71Tyr	missense_variant	Pyrazinamide(R:0.77%)	0	0	1022	0	0	1
Initial	r500000	pncA_p.His82Arg	missense_variant	Pyrazinamide(R:0.11%)	1	0	1021	0	1	1
Initial	r500000	pncA_p.Ile133Thr	missense_variant	Pyrazinamide(R:0.66%)	3	0	1019	0	1	1
Initial	r500000	pncA_p.Leu120Pro	missense_variant	Pyrazinamide(R:0.64%)	4	0	1018	0	1	1
Initial	r500000	pncA_p.Leu151Ser	missense_variant	Pyrazinamide(R:0.43%)	5	0	1017	0	1	1
Initial	r500000	pncA_p.Leu159Arg	missense_variant	Pyrazinamide(R:0.18%)	0	0	1022	0	0	1
Initial	r500000	pncA_p.Leu19Pro	missense_variant	Pyrazinamide(R:0.23%)	0	1	1021	0	0	0
Initial	r500000	pncA_p.Leu4Ser	missense_variant	Pyrazinamide(R:0.95%)	1	0	1021	0	1	1
Initial	r500000	pncA_p.Leu4Trp	missense_variant	Pyrazinamide(R:0.34%)	2	0	1020	0	1	1
Initial	r500000	pncA_p.Lys48Thr	missense_variant	Pyrazinamide(I:0.45%)	2	0	1020	0	1	1
Initial	r500000	pncA_p.Lys96Arg	missense_variant	Pyrazinamide(R:0.23%)	1	0	1021	0	1	1
Initial	r500000	pncA_p.Lys96Asn	missense_variant	Pyrazinamide(I:0.09%)	1	0	1021	0	1	1
Initial	r500000	pncA_p.Lys96Gln	missense_variant	Pyrazinamide(R:0.11%)	1	0	1021	0	1	1
Initial	r500000	pncA_p.Lys96Glu	missense_variant	Pyrazinamide(R:0.23%)	1	0	1021	0	1	1
Initial	r500000	pncA_p.Met175Arg	missense_variant	Pyrazinamide(R:0.23%)	1	0	1021	0	1	1
Initial	r500000	pncA_p.Met175Ile	missense_variant	Pyrazinamide(I:0.09%)	1	0	1021	0	1	1
Initial	r500000	pncA_p.Met175Thr	missense_variant	Pyrazinamide(I:0.11%)	1	0	1021	0	1	1
Initial	r500000	pncA_p.Met175Val	missense_variant	Pyrazinamide(R:0.27%)	1	0	1021	0	1	1
Initial	r500000	pncA_p.Phe106Ser	missense_variant	Pyrazinamide(I:0.07%)	1	0	1021	0	1	1
Initial	r500000	pncA_p.Phe13Leu	missense_variant	Pyrazinamide(I:0.11%)	1	0	1021	0	1	1
Initial	r500000	pncA_p.Phe13Ser	missense_variant	Pyrazinamide(R:0.11%)	0	0	1021	1	0	1
Initial	r500000	pncA_p.Phe58Leu	missense_variant	Pyrazinamide(R:0.29%)	2	0	1020	0	1	1
Initial	r500000	pncA_p.Phe58Ser	missense_variant	Pyrazinamide(I:0.05%)	1	0	1021	0	1	1
Initial	r500000	pncA_p.Pro54Gln	missense_variant	Pyrazinamide(I:0.07%)	2	0	1020	0	1	1
Initial	r500000	pncA_p.Pro54Leu	missense_variant	Pyrazinamide(R:0.73%)	2	0	1020	0	1	1
Initial	r500000	pncA_p.Pro54Thr	missense_variant	Pyrazinamide(I:0.05%)	0	1	1021	0	0	0
Initial	r500000	pncA_p.Pro62Leu	missense_variant	Pyrazinamide(R:0.23%)	0	0	1022	0	0	1
Initial	r500000	pncA_p.Pro62Ser	missense_variant	Pyrazinamide(I:0.07%)	1	0	1020	1	0.5	1
Initial	r500000	pncA_p.Ser59Pro	missense_variant	Pyrazinamide(R:0.54%)	2	0	1020	0	1	1
Initial	r500000	pncA_p.Thr135Pro	missense_variant	Pyrazinamide(R:0.98%)	0	0	1021	1	0	1
Initial	r500000	pncA_p.Thr142Lys	missense_variant	Pyrazinamide(I:0.05%)	1	0	1020	1	0.5	1
Initial	r500000	pncA_p.Thr47Ala	missense_variant	Pyrazinamide(R:0.39%)	1	0	1021	0	1	1
Initial	r500000	pncA_p.Thr61Pro	missense_variant	Pyrazinamide(I:0.09%)	1	0	1021	0	1	1
Initial	r500000	pncA_p.Thr76Ile	missense_variant	Pyrazinamide(R:0.18%)	0	0	1021	1	0	1
Initial	r500000	pncA_p.Trp119Arg	missense_variant	Pyrazinamide(I:0.11%)	1	0	1021	0	1	1
Initial	r500000	pncA_p.Trp119Cys	missense_variant	Pyrazinamide(I:0.11%)	0	0	1022	0	0	1
Initial	r500000	pncA_p.Trp119Gly	missense_variant	Pyrazinamide(I:0.11%)	0	1	1021	0	0	0
Initial	r500000	pncA_p.Trp68Arg	missense_variant	Pyrazinamide(R:0.41%)	2	1	1019	0	1	0.666666666666667
Initial	r500000	pncA_p.Trp68Cys	missense_variant	Pyrazinamide(R:0.45%)	5	0	1017	0	1	1
Initial	r500000	pncA_p.Trp68Gly	missense_variant	Pyrazinamide(R:0.73%)	7	0	1015	0	1	1
Initial	r500000	pncA_p.Tyr103Cys	missense_variant	Pyrazinamide(R:0.20%)	2	0	1020	0	1	1
Initial	r500000	pncA_p.Tyr34Asp	missense_variant	Pyrazinamide(R:0.41%)	2	0	1020	0	1	1
Initial	r500000	pncA_p.Val128Gly	missense_variant	Pyrazinamide(R:0.32%)	0	0	1022	0	0	1
Initial	r500000	pncA_p.Val130Gly	missense_variant	Pyrazinamide(I:0.07%)	1	0	1021	0	1	1
Initial	r500000	pncA_p.Val139Ala	missense_variant	Pyrazinamide(R:1.34%)	4	0	1018	0	1	1
Initial	r500000	pncA_p.Val139Met	missense_variant	Pyrazinamide(R:0.18%)	1	0	1021	0	1	1
Initial	r500000	pncA_p.Val163Ala	missense_variant	Pyrazinamide(I:0.07%)	1	0	1021	0	1	1
Initial	r500000	pncA_p.Val180Ala	missense_variant	Pyrazinamide(R:0.23%)	1	0	1021	0	1	1
Initial	r500000	pncA_p.Val180Gly	missense_variant	Pyrazinamide(R:0.20%)	2	1	1019	0	1	0.666666666666667
Initial	r500000	pncA_p.Val21Gly	missense_variant	Pyrazinamide(I:0.27%)	0	0	1022	0	0	1
Initial	r500000	pncA_p.Val7Ala	missense_variant	Pyrazinamide(I:0.14%)	0	0	1022	0	0	1
Initial	r500000	pncA_p.Val7Gly	missense_variant	Pyrazinamide(R:0.77%)	1	0	1020	1	0.5	1
Initial	r500000	pncA_p.Val7Leu	missense_variant	Pyrazinamide(R:0.18%)	1	0	1021	0	1	1
Initial	r500000	pncA_p.Val93Ala	missense_variant	Pyrazinamide(I:0.05%)	0	0	1022	0	0	1
Initial	r500000	pncA_p.Val93Leu	missense_variant	Pyrazinamide(I:0.11%)	1	0	1021	0	1	1
Initial	r500000	rplC_p.Cys154Arg	missense_variant	Linezolid(R:27.35%)	1	0	1021	0	1	1
Initial	r500000	rpoB_RRDR_indel	inframe,frameshift_variant	Rifampicin(R:0.68%)	4	0	1017	1	0.8	1
Initial	r500000	rpoB_p.Arg448Gln	missense_variant	Rifampicin(I:0.06%)	0	0	1022	0	0	1
Initial	r500000	rpoB_p.Asn438His	missense_variant	Rifampicin(I:0.01%)	0	0	1022	0	0	1
Initial	r500000	rpoB_p.Asp435Ala	missense_variant	Rifampicin(I:0.07%)	2	0	1020	0	1	1
Initial	r500000	rpoB_p.Asp435Glu	missense_variant	Rifampicin(I:0.12%)	1	0	1021	0	1	1
Initial	r500000	rpoB_p.Asp435Gly	missense_variant	Rifampicin(I:0.88%)	9	0	1013	0	1	1
Initial	r500000	rpoB_p.Asp435Tyr	missense_variant	Rifampicin(R:2.03%)	10	0	1012	0	1	1
Initial	r500000	rpoB_p.Asp435Val	missense_variant	Rifampicin(R:6.86%)	19	0	1003	0	1	1
Initial	r500000	rpoB_p.Gln432Leu	missense_variant	Rifampicin(R:0.17%)	1	0	1021	0	1	1
Initial	r500000	rpoB_p.Gln432Pro	missense_variant	Rifampicin(R:0.41%)	3	0	1019	0	1	1
Initial	r500000	rpoB_p.His445Arg	missense_variant	Rifampicin(R:0.81%)	8	0	1014	0	1	1
Initial	r500000	rpoB_p.His445Asn	missense_variant	Rifampicin(R:0.75%)	1	0	1021	0	1	1
Initial	r500000	rpoB_p.His445Asp	missense_variant	Rifampicin(R:3.62%)	8	0	1014	0	1	1
Initial	r500000	rpoB_p.His445Gln	missense_variant	Rifampicin(I:0.12%)	1	1	1020	0	1	0.5
Initial	r500000	rpoB_p.His445Leu	missense_variant	Rifampicin(R:1.29%)	10	0	1012	0	1	1
Initial	r500000	rpoB_p.His445Pro	missense_variant	Rifampicin(I:0.05%)	2	0	1019	1	0.666666666666667	1
Initial	r500000	rpoB_p.His445Tyr	missense_variant	Rifampicin(R:3.53%)	19	0	1003	0	1	1
Initial	r500000	rpoB_p.Ile491Phe	missense_variant	Rifampicin(R:0.69%)	5	0	1017	0	1	1
Initial	r500000	rpoB_p.Leu430Arg	missense_variant	Rifampicin(I:0.19%)	1	0	1021	0	1	1
Initial	r500000	rpoB_p.Leu430Pro	missense_variant	Rifampicin(R:1.28%)	5	0	1017	0	1	1
Initial	r500000	rpoB_p.Leu452Pro	missense_variant	Rifampicin(R:1.67%)	15	0	1007	0	1	1
Initial	r500000	rpoB_p.Lys446Gln	missense_variant	Rifampicin(I:0.03%)	1	0	1020	1	0.5	1
Initial	r500000	rpoB_p.Met434Ile	missense_variant	Rifampicin(I:0.20%)	2	0	1020	0	1	1
Initial	r500000	rpoB_p.Met434Val	missense_variant	Rifampicin(I:0.07%)	0	0	1022	0	0	1
Initial	r500000	rpoB_p.Ser428Arg	missense_variant	Rifampicin(I:0.04%)	1	0	1021	0	1	1
Initial	r500000	rpoB_p.Ser428Ile	missense_variant	Rifampicin(I:0.02%)	1	0	1021	0	1	1
Initial	r500000	rpoB_p.Ser441Leu	missense_variant	Rifampicin(R:0.23%)	3	0	1019	0	1	1
Initial	r500000	rpoB_p.Ser450Leu	missense_variant	Rifampicin(R:64.40%)	219	1	799	3	0.986486486486487	0.995454545454545
Initial	r500000	rpoB_p.Ser450Trp	missense_variant	Rifampicin(R:1.42%)	7	0	1015	0	1	1
Initial	r500000	rpoB_p.Ser450Tyr	missense_variant	Rifampicin(R:0.05%)	2	0	1020	0	1	1
Initial	r500000	rpoB_p.Thr427Asn	missense_variant	Rifampicin(I:0.00%)	0	1	1021	0	0	0
Initial	r500000	rpoB_p.Thr427Ile	missense_variant	Rifampicin(I:0.03%)	0	1	1021	0	0	0
Initial	r500000	rpoB_p.Val170Phe	missense_variant	Rifampicin(R:0.53%)	3	0	1019	0	1	1
Initial	r500000	rpsL_p.Lys43Arg	missense_variant	Streptomycin(R:45.48%)	139	0	881	2	0.985815602836879	1
Initial	r500000	rpsL_p.Lys88Arg	missense_variant	Streptomycin(R:12.35%)	26	0	996	0	1	1
Initial	r500000	rpsL_p.Lys88Gln	missense_variant	Streptomycin(I:0.14%)	1	1	1020	0	1	0.5
Initial	r500000	rpsL_p.Lys88Met	missense_variant	Streptomycin(R:0.30%)	1	0	1021	0	1	1
Initial	r500000	rrs_n.1401A>G	non_coding_transcript_exon_variant	Amikacin(R:68.37%),Capreomycin(R:58.08%),Kanamycin(R:46.98%)	57	2	961	2	0.966101694915254	0.966101694915254
Initial	r500000	rrs_n.1402C>T	non_coding_transcript_exon_variant	Amikacin(I:0.37%),Capreomycin(R:0.83%),Kanamycin(I:0.28%)	1	1	1020	0	1	0.5
Initial	r500000	rrs_n.1484G>T	non_coding_transcript_exon_variant	Amikacin(R:0.69%),Capreomycin(R:0.88%),Kanamycin(R:0.65%)	0	1	1021	0	0	0
Initial	r500000	rrs_n.514A>C	non_coding_transcript_exon_variant	Streptomycin(R:5.30%)	29	0	991	2	0.935483870967742	1
Initial	r500000	rrs_n.517C>T	non_coding_transcript_exon_variant	Streptomycin(R:5.79%)	25	1	995	1	0.961538461538462	0.961538461538462
Initial	r500000	rrs_n.878G>A	non_coding_transcript_exon_variant	Streptomycin(I:0.48%)	8	0	1014	0	1	1
Initial	r500000	tlyA_LoF_frameshift	start_lost,stop_gained,frameshift_variant	Capreomycin(R:9.06%)	2	3	1016	1	0.666666666666667	0.4
Initial	r500000	tlyA_p.Asn236Lys	missense_variant	Capreomycin(R:1.02%)	6	0	1016	0	1	1
Initial	r500000	ALL	ALL	ALL	1833	59	206515	81	0.957680250783699	0.968816067653277
AfterQC	r10000	Rv0678_LoF_frameshift	start_lost,stop_gained,frameshift_variant	Bedaquiline(R:82.04%),Clofazimine(R:27.63%)	0	0	1019	3	0	1
AfterQC	r10000	Rv0678_p.Leu117Arg	missense_variant	Bedaquiline(R:0.77%),Clofazimine(I:0.59%)	0	0	1021	1	0	1
AfterQC	r10000	Rv0678_p.Met146Thr	missense_variant	Bedaquiline(I:1.06%),Clofazimine(I:0.30%)	0	0	1020	2	0	1
AfterQC	r10000	ddn_LoF_frameshift	start_lost,stop_gained,frameshift_variant	Delamanid(I:19.65%)	0	0	1021	1	0	1
AfterQC	r10000	eis_c.-10G>A	upstream_gene_variant	Kanamycin(R:6.60%)	2	0	1006	14	0.125	1
AfterQC	r10000	eis_c.-12C>T	upstream_gene_variant	Kanamycin(R:9.14%)	1	1	1006	14	0.0666666666666667	0.5
AfterQC	r10000	eis_c.-14C>T	upstream_gene_variant	Amikacin(I:3.66%),Kanamycin(R:7.02%)	0	0	1010	12	0	1
AfterQC	r10000	eis_c.-37G>T	upstream_gene_variant	Kanamycin(R:5.13%)	1	0	1011	10	0.0909090909090909	1
AfterQC	r10000	embB_p.Asp328Tyr	missense_variant	Ethambutol(R:0.49%)	0	0	1020	2	0	1
AfterQC	r10000	embB_p.Asp354Ala	missense_variant	Ethambutol(R:3.17%)	0	0	1006	16	0	1
AfterQC	r10000	embB_p.Gln497Arg	missense_variant	Ethambutol(R:10.54%)	1	0	1008	13	0.0714285714285714	1
AfterQC	r10000	embB_p.Gln497Lys	missense_variant	Ethambutol(R:1.53%)	0	0	1020	2	0	1
AfterQC	r10000	embB_p.Gly406Ala	missense_variant	Ethambutol(R:3.46%)	2	0	1007	13	0.133333333333333	1
AfterQC	r10000	embB_p.Gly406Asp	missense_variant	Ethambutol(R:2.89%)	1	0	1019	2	0.333333333333333	1
AfterQC	r10000	embB_p.Gly406Cys	missense_variant	Ethambutol(R:0.38%)	0	0	1021	1	0	1
AfterQC	r10000	embB_p.Gly406Ser	missense_variant	Ethambutol(R:1.97%)	0	0	1017	5	0	1
AfterQC	r10000	embB_p.Met306Ile	missense_variant	Ethambutol(R:20.60%)	8	0	941	73	0.0987654320987654	1
AfterQC	r10000	embB_p.Met306Leu	missense_variant	Ethambutol(R:1.53%)	2	0	1017	3	0.4	1
AfterQC	r10000	embB_p.Met306Val	missense_variant	Ethambutol(R:34.23%)	7	1	914	100	0.0654205607476635	0.875
AfterQC	r10000	embB_p.Tyr319Cys	missense_variant	Ethambutol(R:0.36%)	0	0	1021	1	0	1
AfterQC	r10000	embB_p.Tyr319Ser	missense_variant	Ethambutol(R:2.15%)	0	0	1019	3	0	1
AfterQC	r10000	ethA_LoF_frameshift	start_lost,stop_gained,frameshift_variant	Ethionamide(R:49.09%)	2	0	959	61	0.0317460317460317	1
AfterQC	r10000	ethA_p.Arg207Gly	missense_variant	Ethionamide(R:0.69%)	0	0	1021	1	0	1
AfterQC	r10000	ethA_p.Asn379Asp	missense_variant	Ethionamide(I:1.17%)	0	0	1021	1	0	1
AfterQC	r10000	ethA_p.Ser390Phe	missense_variant	Ethionamide(I:0.36%)	0	0	1021	1	0	1
AfterQC	r10000	fbiC_LoF_frameshift	start_lost,stop_gained,frameshift_variant	Delamanid(I:2.40%)	0	0	1021	1	0	1
AfterQC	r10000	fgd1_LoF_frameshift	start_lost,stop_gained,frameshift_variant	Delamanid(I:1.60%)	0	0	1021	1	0	1
AfterQC	r10000	gid_LoF_frameshift	start_lost,stop_gained,frameshift_variant	Streptomycin(R:18.20%)	0	0	968	54	0	1
AfterQC	r10000	gid_p.Ala200Glu	missense_variant	Streptomycin(R:0.13%)	0	0	1021	1	0	1
AfterQC	r10000	gid_p.Asp67His	missense_variant	Streptomycin(I:0.09%)	0	0	1021	1	0	1
AfterQC	r10000	gid_p.Gly73Ala	missense_variant	Streptomycin(I:0.32%)	0	0	1021	1	0	1
AfterQC	r10000	gid_p.Pro84Leu	missense_variant	Streptomycin(I:0.54%)	0	0	1020	2	0	1
AfterQC	r10000	gyrA_p.Ala90Val	missense_variant	Levofloxacin(R:22.44%),Moxifloxacin(R:17.99%)	2	0	989	31	0.0606060606060606	1
AfterQC	r10000	gyrA_p.Asp94Ala	missense_variant	Levofloxacin(R:7.55%),Moxifloxacin(R:6.52%)	0	0	1009	13	0	1
AfterQC	r10000	gyrA_p.Asp94Asn	missense_variant	Levofloxacin(R:6.42%),Moxifloxacin(R:7.40%)	1	0	1012	9	0.1	1
AfterQC	r10000	gyrA_p.Asp94Gly	missense_variant	Levofloxacin(R:36.42%),Moxifloxacin(R:42.28%)	5	0	982	35	0.125	1
AfterQC	r10000	gyrA_p.Asp94His	missense_variant	Levofloxacin(R:1.69%),Moxifloxacin(R:1.75%)	0	0	1019	3	0	1
AfterQC	r10000	gyrA_p.Asp94Tyr	missense_variant	Levofloxacin(R:3.92%),Moxifloxacin(R:4.27%)	0	0	1015	7	0	1
AfterQC	r10000	gyrA_p.Ser91Pro	missense_variant	Levofloxacin(R:4.69%),Moxifloxacin(R:4.37%)	0	0	1016	6	0	1
AfterQC	r10000	gyrB_p.Asn499Thr	missense_variant	Levofloxacin(R:0.53%),Moxifloxacin(I:0.57%)	0	0	1020	2	0	1
AfterQC	r10000	gyrB_p.Glu501Asp	missense_variant	Levofloxacin(I:0.77%),Moxifloxacin(R:1.52%)	0	0	1020	2	0	1
AfterQC	r10000	gyrB_p.Ser447Phe	missense_variant	Levofloxacin(I:0.36%),Moxifloxacin(I:0.17%)	0	0	1021	1	0	1
AfterQC	r10000	inhA_c.-154G>A	upstream_gene_variant	Ethionamide(I:5.93%),Isoniazid(R:3.57%)	2	0	1005	15	0.117647058823529	1
AfterQC	r10000	inhA_c.-770T>A	upstream_gene_variant	Ethionamide(I:1.23%),Isoniazid(I:0.80%)	0	0	1007	15	0	1
AfterQC	r10000	inhA_c.-770T>C	upstream_gene_variant	Ethionamide(I:3.57%),Isoniazid(I:1.86%)	1	0	1009	12	0.0769230769230769	1
AfterQC	r10000	inhA_c.-777C>T	upstream_gene_variant	Ethionamide(R:41.56%),Isoniazid(R:21.34%)	10	0	925	87	0.103092783505155	1
AfterQC	r10000	inhA_c.-779G>T	upstream_gene_variant	Ethionamide(I:2.34%),Isoniazid(I:1.63%)	2	0	1010	10	0.166666666666667	1
AfterQC	r10000	inhA_p.Ser94Ala	missense_variant	Ethionamide(I:2.26%),Isoniazid(I:1.02%)	0	0	1013	9	0	1
AfterQC	r10000	katG_LoF_frameshift	start_lost,stop_gained,frameshift_variant	Isoniazid(R:2.07%)	1	0	1018	3	0.25	1
AfterQC	r10000	katG_p.Ser315Arg	missense_variant	Isoniazid(R:0.07%)	0	0	1020	2	0	1
AfterQC	r10000	katG_p.Ser315Asn	missense_variant	Isoniazid(R:0.99%)	0	0	1015	7	0	1
AfterQC	r10000	katG_p.Ser315Ile	missense_variant	Isoniazid(I:0.10%)	0	0	1021	1	0	1
AfterQC	r10000	katG_p.Ser315Thr	missense_variant	Isoniazid(R:77.81%)	22	0	726	274	0.0743243243243243	1
AfterQC	r10000	katG_p.Trp328Leu	missense_variant	Isoniazid(R:0.06%)	0	0	1021	1	0	1
AfterQC	r10000	pepQ_LoF_frameshift	start_lost,stop_gained,frameshift_variant	Bedaquiline(I:1.55%),Clofazimine(I:0.90%)	0	0	1021	1	0	1
AfterQC	r10000	pncA_LoF_frameshift	start_lost,stop_gained,frameshift_variant	Pyrazinamide(R:27.06%)	1	0	975	46	0.0212765957446809	1
AfterQC	r10000	pncA_c.-11A>C	upstream_gene_variant	Pyrazinamide(R:0.54%)	0	0	1020	2	0	1
AfterQC	r10000	pncA_c.-11A>G	upstream_gene_variant	Pyrazinamide(R:3.20%)	0	0	1008	14	0	1
AfterQC	r10000	pncA_c.-12T>C	upstream_gene_variant	Pyrazinamide(R:0.16%)	0	0	1021	1	0	1
AfterQC	r10000	pncA_p.Ala102Thr	missense_variant	Pyrazinamide(I:0.05%)	0	0	1021	1	0	1
AfterQC	r10000	pncA_p.Ala143Gly	missense_variant	Pyrazinamide(I:0.07%)	0	0	1021	1	0	1
AfterQC	r10000	pncA_p.Ala146Thr	missense_variant	Pyrazinamide(R:0.34%)	0	0	1021	1	0	1
AfterQC	r10000	pncA_p.Ala146Val	missense_variant	Pyrazinamide(R:0.48%)	0	0	1021	1	0	1
AfterQC	r10000	pncA_p.Ala3Glu	missense_variant	Pyrazinamide(I:0.07%)	0	0	1020	2	0	1
AfterQC	r10000	pncA_p.Ala46Val	missense_variant	Pyrazinamide(I:0.09%)	0	0	1021	1	0	1
AfterQC	r10000	pncA_p.Arg140Pro	missense_variant	Pyrazinamide(I:0.11%)	0	0	1021	1	0	1
AfterQC	r10000	pncA_p.Arg154Gly	missense_variant	Pyrazinamide(R:0.39%)	1	0	1014	7	0.125	1
AfterQC	r10000	pncA_p.Asp12Ala	missense_variant	Pyrazinamide(R:0.41%)	0	0	1020	2	0	1
AfterQC	r10000	pncA_p.Asp12Asn	missense_variant	Pyrazinamide(I:0.14%)	0	0	1021	1	0	1
AfterQC	r10000	pncA_p.Asp12Glu	missense_variant	Pyrazinamide(R:0.14%)	0	0	1021	1	0	1
AfterQC	r10000	pncA_p.Asp136Gly	missense_variant	Pyrazinamide(R:0.41%)	0	0	1021	1	0	1
AfterQC	r10000	pncA_p.Asp49Asn	missense_variant	Pyrazinamide(I:0.11%)	0	0	1020	2	0	1
AfterQC	r10000	pncA_p.Asp49Gly	missense_variant	Pyrazinamide(R:0.98%)	0	0	1021	1	0	1
AfterQC	r10000	pncA_p.Asp8Gly	missense_variant	Pyrazinamide(R:0.50%)	0	0	1021	1	0	1
AfterQC	r10000	pncA_p.Cys138Arg	missense_variant	Pyrazinamide(R:0.20%)	0	0	1020	2	0	1
AfterQC	r10000	pncA_p.Cys14Arg	missense_variant	Pyrazinamide(R:0.95%)	0	0	1021	1	0	1
AfterQC	r10000	pncA_p.Cys14Trp	missense_variant	Pyrazinamide(I:0.05%)	0	0	1021	1	0	1
AfterQC	r10000	pncA_p.Gln10Pro	missense_variant	Pyrazinamide(R:1.59%)	2	0	1016	4	0.333333333333333	1
AfterQC	r10000	pncA_p.Gln141Pro	missense_variant	Pyrazinamide(R:1.70%)	0	0	1021	1	0	1
AfterQC	r10000	pncA_p.Gly108Glu	missense_variant	Pyrazinamide(I:0.09%)	0	0	1021	1	0	1
AfterQC	r10000	pncA_p.Gly132Ala	missense_variant	Pyrazinamide(R:1.29%)	0	0	1021	1	0	1
AfterQC	r10000	pncA_p.Gly132Ser	missense_variant	Pyrazinamide(R:0.20%)	0	0	1021	1	0	1
AfterQC	r10000	pncA_p.Gly17Asp	missense_variant	Pyrazinamide(I:0.09%)	0	0	1021	1	0	1
AfterQC	r10000	pncA_p.Gly78Ser	missense_variant	Pyrazinamide(I:0.07%)	0	0	1021	1	0	1
AfterQC	r10000	pncA_p.Gly97Asp	missense_variant	Pyrazinamide(R:1.04%)	2	0	1020	0	1	1
AfterQC	r10000	pncA_p.Gly97Cys	missense_variant	Pyrazinamide(R:0.43%)	0	0	1021	1	0	1
AfterQC	r10000	pncA_p.Gly97Ser	missense_variant	Pyrazinamide(R:0.29%)	0	0	1018	4	0	1
AfterQC	r10000	pncA_p.Gly97Val	missense_variant	Pyrazinamide(I:0.07%)	0	0	1021	1	0	1
AfterQC	r10000	pncA_p.His43Pro	missense_variant	Pyrazinamide(I:0.07%)	0	0	1021	1	0	1
AfterQC	r10000	pncA_p.His51Arg	missense_variant	Pyrazinamide(R:1.86%)	0	0	1020	2	0	1
AfterQC	r10000	pncA_p.His51Asp	missense_variant	Pyrazinamide(R:1.09%)	0	0	1019	3	0	1
AfterQC	r10000	pncA_p.His51Pro	missense_variant	Pyrazinamide(R:0.18%)	0	0	1021	1	0	1
AfterQC	r10000	pncA_p.His51Tyr	missense_variant	Pyrazinamide(R:0.11%)	0	0	1021	1	0	1
AfterQC	r10000	pncA_p.His57Asp	missense_variant	Pyrazinamide(R:3.77%)	0	0	1017	5	0	1
AfterQC	r10000	pncA_p.His71Arg	missense_variant	Pyrazinamide(R:0.86%)	0	0	1021	1	0	1
AfterQC	r10000	pncA_p.His82Arg	missense_variant	Pyrazinamide(R:0.11%)	0	0	1021	1	0	1
AfterQC	r10000	pncA_p.Ile133Thr	missense_variant	Pyrazinamide(R:0.66%)	1	0	1019	2	0.333333333333333	1
AfterQC	r10000	pncA_p.Leu120Pro	missense_variant	Pyrazinamide(R:0.64%)	0	0	1018	4	0	1
AfterQC	r10000	pncA_p.Leu151Ser	missense_variant	Pyrazinamide(R:0.43%)	0	0	1017	5	0	1
AfterQC	r10000	pncA_p.Leu4Ser	missense_variant	Pyrazinamide(R:0.95%)	0	0	1021	1	0	1
AfterQC	r10000	pncA_p.Leu4Trp	missense_variant	Pyrazinamide(R:0.34%)	0	0	1020	2	0	1
AfterQC	r10000	pncA_p.Lys48Thr	missense_variant	Pyrazinamide(I:0.45%)	0	0	1020	2	0	1
AfterQC	r10000	pncA_p.Lys96Arg	missense_variant	Pyrazinamide(R:0.23%)	0	0	1021	1	0	1
AfterQC	r10000	pncA_p.Lys96Asn	missense_variant	Pyrazinamide(I:0.09%)	0	0	1021	1	0	1
AfterQC	r10000	pncA_p.Lys96Gln	missense_variant	Pyrazinamide(R:0.11%)	0	0	1021	1	0	1
AfterQC	r10000	pncA_p.Lys96Glu	missense_variant	Pyrazinamide(R:0.23%)	0	0	1021	1	0	1
AfterQC	r10000	pncA_p.Met175Arg	missense_variant	Pyrazinamide(R:0.23%)	0	0	1021	1	0	1
AfterQC	r10000	pncA_p.Met175Ile	missense_variant	Pyrazinamide(I:0.09%)	0	0	1021	1	0	1
AfterQC	r10000	pncA_p.Met175Thr	missense_variant	Pyrazinamide(I:0.11%)	0	0	1021	1	0	1
AfterQC	r10000	pncA_p.Met175Val	missense_variant	Pyrazinamide(R:0.27%)	0	0	1021	1	0	1
AfterQC	r10000	pncA_p.Phe106Ser	missense_variant	Pyrazinamide(I:0.07%)	0	0	1021	1	0	1
AfterQC	r10000	pncA_p.Phe13Leu	missense_variant	Pyrazinamide(I:0.11%)	0	0	1021	1	0	1
AfterQC	r10000	pncA_p.Phe13Ser	missense_variant	Pyrazinamide(R:0.11%)	0	0	1021	1	0	1
AfterQC	r10000	pncA_p.Phe58Leu	missense_variant	Pyrazinamide(R:0.29%)	0	0	1020	2	0	1
AfterQC	r10000	pncA_p.Phe58Ser	missense_variant	Pyrazinamide(I:0.05%)	0	0	1021	1	0	1
AfterQC	r10000	pncA_p.Pro54Gln	missense_variant	Pyrazinamide(I:0.07%)	0	0	1020	2	0	1
AfterQC	r10000	pncA_p.Pro54Leu	missense_variant	Pyrazinamide(R:0.73%)	0	0	1020	2	0	1
AfterQC	r10000	pncA_p.Pro54Thr	missense_variant	Pyrazinamide(I:0.05%)	0	0	1022	0	0	1
AfterQC	r10000	pncA_p.Pro62Leu	missense_variant	Pyrazinamide(R:0.23%)	0	0	1022	0	0	1
AfterQC	r10000	pncA_p.Pro62Ser	missense_variant	Pyrazinamide(I:0.07%)	0	0	1020	2	0	1
AfterQC	r10000	pncA_p.Ser59Pro	missense_variant	Pyrazinamide(R:0.54%)	0	0	1020	2	0	1
AfterQC	r10000	pncA_p.Thr135Pro	missense_variant	Pyrazinamide(R:0.98%)	0	0	1021	1	0	1
AfterQC	r10000	pncA_p.Thr142Lys	missense_variant	Pyrazinamide(I:0.05%)	0	0	1020	2	0	1
AfterQC	r10000	pncA_p.Thr47Ala	missense_variant	Pyrazinamide(R:0.39%)	0	0	1021	1	0	1
AfterQC	r10000	pncA_p.Thr61Pro	missense_variant	Pyrazinamide(I:0.09%)	0	0	1021	1	0	1
AfterQC	r10000	pncA_p.Thr76Ile	missense_variant	Pyrazinamide(R:0.18%)	0	0	1021	1	0	1
AfterQC	r10000	pncA_p.Trp119Arg	missense_variant	Pyrazinamide(I:0.11%)	0	0	1021	1	0	1
AfterQC	r10000	pncA_p.Trp119Gly	missense_variant	Pyrazinamide(I:0.11%)	0	0	1022	0	0	1
AfterQC	r10000	pncA_p.Trp68Arg	missense_variant	Pyrazinamide(R:0.41%)	0	0	1020	2	0	1
AfterQC	r10000	pncA_p.Trp68Cys	missense_variant	Pyrazinamide(R:0.45%)	0	0	1017	5	0	1
AfterQC	r10000	pncA_p.Trp68Gly	missense_variant	Pyrazinamide(R:0.73%)	0	0	1015	7	0	1
AfterQC	r10000	pncA_p.Tyr103Cys	missense_variant	Pyrazinamide(R:0.20%)	0	0	1020	2	0	1
AfterQC	r10000	pncA_p.Tyr34Asp	missense_variant	Pyrazinamide(R:0.41%)	0	0	1020	2	0	1
AfterQC	r10000	pncA_p.Val130Gly	missense_variant	Pyrazinamide(I:0.07%)	0	0	1021	1	0	1
AfterQC	r10000	pncA_p.Val139Ala	missense_variant	Pyrazinamide(R:1.34%)	0	0	1018	4	0	1
AfterQC	r10000	pncA_p.Val139Met	missense_variant	Pyrazinamide(R:0.18%)	0	0	1021	1	0	1
AfterQC	r10000	pncA_p.Val163Ala	missense_variant	Pyrazinamide(I:0.07%)	0	0	1021	1	0	1
AfterQC	r10000	pncA_p.Val180Ala	missense_variant	Pyrazinamide(R:0.23%)	0	0	1021	1	0	1
AfterQC	r10000	pncA_p.Val180Gly	missense_variant	Pyrazinamide(R:0.20%)	0	0	1020	2	0	1
AfterQC	r10000	pncA_p.Val7Gly	missense_variant	Pyrazinamide(R:0.77%)	0	0	1020	2	0	1
AfterQC	r10000	pncA_p.Val7Leu	missense_variant	Pyrazinamide(R:0.18%)	0	0	1021	1	0	1
AfterQC	r10000	pncA_p.Val93Leu	missense_variant	Pyrazinamide(I:0.11%)	0	0	1021	1	0	1
AfterQC	r10000	rplC_p.Cys154Arg	missense_variant	Linezolid(R:27.35%)	0	0	1021	1	0	1
AfterQC	r10000	rpoB_RRDR_indel	inframe,frameshift_variant	Rifampicin(R:0.68%)	0	0	1017	5	0	1
AfterQC	r10000	rpoB_p.Asp435Ala	missense_variant	Rifampicin(I:0.07%)	0	0	1020	2	0	1
AfterQC	r10000	rpoB_p.Asp435Glu	missense_variant	Rifampicin(I:0.12%)	0	0	1021	1	0	1
AfterQC	r10000	rpoB_p.Asp435Gly	missense_variant	Rifampicin(I:0.88%)	2	0	1013	7	0.222222222222222	1
AfterQC	r10000	rpoB_p.Asp435Tyr	missense_variant	Rifampicin(R:2.03%)	2	0	1012	8	0.2	1
AfterQC	r10000	rpoB_p.Asp435Val	missense_variant	Rifampicin(R:6.86%)	4	0	1003	15	0.210526315789474	1
AfterQC	r10000	rpoB_p.Gln432Leu	missense_variant	Rifampicin(R:0.17%)	0	0	1021	1	0	1
AfterQC	r10000	rpoB_p.Gln432Pro	missense_variant	Rifampicin(R:0.41%)	0	0	1019	3	0	1
AfterQC	r10000	rpoB_p.His445Arg	missense_variant	Rifampicin(R:0.81%)	0	0	1014	8	0	1
AfterQC	r10000	rpoB_p.His445Asn	missense_variant	Rifampicin(R:0.75%)	1	0	1021	0	1	1
AfterQC	r10000	rpoB_p.His445Asp	missense_variant	Rifampicin(R:3.62%)	0	0	1014	8	0	1
AfterQC	r10000	rpoB_p.His445Gln	missense_variant	Rifampicin(I:0.12%)	0	0	1021	1	0	1
AfterQC	r10000	rpoB_p.His445Leu	missense_variant	Rifampicin(R:1.29%)	0	0	1012	10	0	1
AfterQC	r10000	rpoB_p.His445Pro	missense_variant	Rifampicin(I:0.05%)	0	0	1019	3	0	1
AfterQC	r10000	rpoB_p.His445Tyr	missense_variant	Rifampicin(R:3.53%)	3	0	1003	16	0.157894736842105	1
AfterQC	r10000	rpoB_p.Ile491Phe	missense_variant	Rifampicin(R:0.69%)	2	0	1017	3	0.4	1
AfterQC	r10000	rpoB_p.Leu430Arg	missense_variant	Rifampicin(I:0.19%)	0	0	1021	1	0	1
AfterQC	r10000	rpoB_p.Leu430Pro	missense_variant	Rifampicin(R:1.28%)	1	0	1017	4	0.2	1
AfterQC	r10000	rpoB_p.Leu452Pro	missense_variant	Rifampicin(R:1.67%)	2	0	1007	13	0.133333333333333	1
AfterQC	r10000	rpoB_p.Lys446Gln	missense_variant	Rifampicin(I:0.03%)	0	0	1020	2	0	1
AfterQC	r10000	rpoB_p.Met434Ile	missense_variant	Rifampicin(I:0.20%)	0	0	1020	2	0	1
AfterQC	r10000	rpoB_p.Ser428Arg	missense_variant	Rifampicin(I:0.04%)	0	0	1021	1	0	1
AfterQC	r10000	rpoB_p.Ser428Ile	missense_variant	Rifampicin(I:0.02%)	0	0	1021	1	0	1
AfterQC	r10000	rpoB_p.Ser441Leu	missense_variant	Rifampicin(R:0.23%)	0	0	1019	3	0	1
AfterQC	r10000	rpoB_p.Ser450Leu	missense_variant	Rifampicin(R:64.40%)	17	0	800	205	0.0765765765765766	1
AfterQC	r10000	rpoB_p.Ser450Trp	missense_variant	Rifampicin(R:1.42%)	2	0	1015	5	0.285714285714286	1
AfterQC	r10000	rpoB_p.Ser450Tyr	missense_variant	Rifampicin(R:0.05%)	0	0	1020	2	0	1
AfterQC	r10000	rpoB_p.Thr427Ile	missense_variant	Rifampicin(I:0.03%)	0	0	1022	0	0	1
AfterQC	r10000	rpoB_p.Val170Phe	missense_variant	Rifampicin(R:0.53%)	0	0	1019	3	0	1
AfterQC	r10000	rpsL_p.Lys43Arg	missense_variant	Streptomycin(R:45.48%)	14	0	881	127	0.099290780141844	1
AfterQC	r10000	rpsL_p.Lys88Arg	missense_variant	Streptomycin(R:12.35%)	1	0	996	25	0.0384615384615385	1
AfterQC	r10000	rpsL_p.Lys88Gln	missense_variant	Streptomycin(I:0.14%)	0	0	1021	1	0	1
AfterQC	r10000	rpsL_p.Lys88Met	missense_variant	Streptomycin(R:0.30%)	0	0	1021	1	0	1
AfterQC	r10000	rrs_n.1401A>G	non_coding_transcript_exon_variant	Amikacin(R:68.37%),Capreomycin(R:58.08%),Kanamycin(R:46.98%)	2	0	963	57	0.0338983050847458	1
AfterQC	r10000	rrs_n.1402C>T	non_coding_transcript_exon_variant	Amikacin(I:0.37%),Capreomycin(R:0.83%),Kanamycin(I:0.28%)	0	0	1021	1	0	1
AfterQC	r10000	rrs_n.1484G>T	non_coding_transcript_exon_variant	Amikacin(R:0.69%),Capreomycin(R:0.88%),Kanamycin(R:0.65%)	0	0	1022	0	0	1
AfterQC	r10000	rrs_n.514A>C	non_coding_transcript_exon_variant	Streptomycin(R:5.30%)	3	0	991	28	0.0967741935483871	1
AfterQC	r10000	rrs_n.517C>T	non_coding_transcript_exon_variant	Streptomycin(R:5.79%)	3	0	996	23	0.115384615384615	1
AfterQC	r10000	rrs_n.878G>A	non_coding_transcript_exon_variant	Streptomycin(I:0.48%)	3	0	1014	5	0.375	1
AfterQC	r10000	tlyA_LoF_frameshift	start_lost,stop_gained,frameshift_variant	Capreomycin(R:9.06%)	0	0	1019	3	0	1
AfterQC	r10000	tlyA_p.Asn236Lys	missense_variant	Capreomycin(R:1.02%)	1	0	1016	5	0.166666666666667	1
AfterQC	r10000	ALL	ALL	ALL	143	2	186132	1771	0.0747126436781609	0.986206896551724
AfterQC	r100000	Rv0678_LoF_frameshift	start_lost,stop_gained,frameshift_variant	Bedaquiline(R:82.04%),Clofazimine(R:27.63%)	1	0	1019	2	0.333333333333333	1
AfterQC	r100000	Rv0678_p.Leu117Arg	missense_variant	Bedaquiline(R:0.77%),Clofazimine(I:0.59%)	0	0	1021	1	0	1
AfterQC	r100000	Rv0678_p.Met146Thr	missense_variant	Bedaquiline(I:1.06%),Clofazimine(I:0.30%)	1	0	1020	1	0.5	1
AfterQC	r100000	ddn_LoF_frameshift	start_lost,stop_gained,frameshift_variant	Delamanid(I:19.65%)	1	0	1021	0	1	1
AfterQC	r100000	eis_c.-10G>A	upstream_gene_variant	Kanamycin(R:6.60%)	8	0	1006	8	0.5	1
AfterQC	r100000	eis_c.-12C>T	upstream_gene_variant	Kanamycin(R:9.14%)	9	0	1007	6	0.6	1
AfterQC	r100000	eis_c.-14C>T	upstream_gene_variant	Amikacin(I:3.66%),Kanamycin(R:7.02%)	7	0	1010	5	0.583333333333333	1
AfterQC	r100000	eis_c.-37G>T	upstream_gene_variant	Kanamycin(R:5.13%)	8	0	1011	3	0.727272727272727	1
AfterQC	r100000	embB_p.Asp328Tyr	missense_variant	Ethambutol(R:0.49%)	0	0	1020	2	0	1
AfterQC	r100000	embB_p.Asp354Ala	missense_variant	Ethambutol(R:3.17%)	9	0	1006	7	0.5625	1
AfterQC	r100000	embB_p.Gln497Arg	missense_variant	Ethambutol(R:10.54%)	4	0	1008	10	0.285714285714286	1
AfterQC	r100000	embB_p.Gln497Lys	missense_variant	Ethambutol(R:1.53%)	1	0	1020	1	0.5	1
AfterQC	r100000	embB_p.Gly406Ala	missense_variant	Ethambutol(R:3.46%)	9	0	1007	6	0.6	1
AfterQC	r100000	embB_p.Gly406Asp	missense_variant	Ethambutol(R:2.89%)	2	0	1019	1	0.666666666666667	1
AfterQC	r100000	embB_p.Gly406Cys	missense_variant	Ethambutol(R:0.38%)	0	0	1021	1	0	1
AfterQC	r100000	embB_p.Gly406Ser	missense_variant	Ethambutol(R:1.97%)	4	0	1017	1	0.8	1
AfterQC	r100000	embB_p.Met306Ile	missense_variant	Ethambutol(R:20.60%)	47	0	941	34	0.580246913580247	1
AfterQC	r100000	embB_p.Met306Leu	missense_variant	Ethambutol(R:1.53%)	4	0	1017	1	0.8	1
AfterQC	r100000	embB_p.Met306Val	missense_variant	Ethambutol(R:34.23%)	59	1	914	48	0.551401869158878	0.983333333333333
AfterQC	r100000	embB_p.Tyr319Cys	missense_variant	Ethambutol(R:0.36%)	0	0	1021	1	0	1
AfterQC	r100000	embB_p.Tyr319Ser	missense_variant	Ethambutol(R:2.15%)	0	0	1019	3	0	1
AfterQC	r100000	ethA_LoF_frameshift	start_lost,stop_gained,frameshift_variant	Ethionamide(R:49.09%)	11	1	958	52	0.174603174603175	0.916666666666667
AfterQC	r100000	ethA_p.Arg207Gly	missense_variant	Ethionamide(R:0.69%)	0	0	1021	1	0	1
AfterQC	r100000	ethA_p.Asn379Asp	missense_variant	Ethionamide(I:1.17%)	1	0	1021	0	1	1
AfterQC	r100000	ethA_p.Ser390Phe	missense_variant	Ethionamide(I:0.36%)	0	0	1021	1	0	1
AfterQC	r100000	fbiC_LoF_frameshift	start_lost,stop_gained,frameshift_variant	Delamanid(I:2.40%)	0	0	1021	1	0	1
AfterQC	r100000	fgd1_LoF_frameshift	start_lost,stop_gained,frameshift_variant	Delamanid(I:1.60%)	0	0	1021	1	0	1
AfterQC	r100000	gid_LoF_frameshift	start_lost,stop_gained,frameshift_variant	Streptomycin(R:18.20%)	13	0	968	41	0.240740740740741	1
AfterQC	r100000	gid_p.Ala200Glu	missense_variant	Streptomycin(R:0.13%)	1	0	1021	0	1	1
AfterQC	r100000	gid_p.Asp67His	missense_variant	Streptomycin(I:0.09%)	0	0	1021	1	0	1
AfterQC	r100000	gid_p.Gly73Ala	missense_variant	Streptomycin(I:0.32%)	1	0	1021	0	1	1
AfterQC	r100000	gid_p.Pro84Leu	missense_variant	Streptomycin(I:0.54%)	0	0	1020	2	0	1
AfterQC	r100000	gyrA_p.Ala90Val	missense_variant	Levofloxacin(R:22.44%),Moxifloxacin(R:17.99%)	17	0	989	16	0.515151515151515	1
AfterQC	r100000	gyrA_p.Asp94Ala	missense_variant	Levofloxacin(R:7.55%),Moxifloxacin(R:6.52%)	4	0	1009	9	0.307692307692308	1
AfterQC	r100000	gyrA_p.Asp94Asn	missense_variant	Levofloxacin(R:6.42%),Moxifloxacin(R:7.40%)	7	0	1012	3	0.7	1
AfterQC	r100000	gyrA_p.Asp94Gly	missense_variant	Levofloxacin(R:36.42%),Moxifloxacin(R:42.28%)	24	1	981	16	0.6	0.96
AfterQC	r100000	gyrA_p.Asp94His	missense_variant	Levofloxacin(R:1.69%),Moxifloxacin(R:1.75%)	2	0	1019	1	0.666666666666667	1
AfterQC	r100000	gyrA_p.Asp94Tyr	missense_variant	Levofloxacin(R:3.92%),Moxifloxacin(R:4.27%)	4	0	1015	3	0.571428571428571	1
AfterQC	r100000	gyrA_p.Ser91Pro	missense_variant	Levofloxacin(R:4.69%),Moxifloxacin(R:4.37%)	4	0	1016	2	0.666666666666667	1
AfterQC	r100000	gyrB_p.Asn499Thr	missense_variant	Levofloxacin(R:0.53%),Moxifloxacin(I:0.57%)	1	0	1020	1	0.5	1
AfterQC	r100000	gyrB_p.Glu501Asp	missense_variant	Levofloxacin(I:0.77%),Moxifloxacin(R:1.52%)	0	0	1020	2	0	1
AfterQC	r100000	gyrB_p.Ser447Phe	missense_variant	Levofloxacin(I:0.36%),Moxifloxacin(I:0.17%)	1	0	1021	0	1	1
AfterQC	r100000	inhA_c.-154G>A	upstream_gene_variant	Ethionamide(I:5.93%),Isoniazid(R:3.57%)	11	0	1005	6	0.647058823529412	1
AfterQC	r100000	inhA_c.-770T>A	upstream_gene_variant	Ethionamide(I:1.23%),Isoniazid(I:0.80%)	8	0	1007	7	0.533333333333333	1
AfterQC	r100000	inhA_c.-770T>C	upstream_gene_variant	Ethionamide(I:3.57%),Isoniazid(I:1.86%)	5	0	1009	8	0.384615384615385	1
AfterQC	r100000	inhA_c.-777C>T	upstream_gene_variant	Ethionamide(R:41.56%),Isoniazid(R:21.34%)	60	0	925	37	0.618556701030928	1
AfterQC	r100000	inhA_c.-779G>T	upstream_gene_variant	Ethionamide(I:2.34%),Isoniazid(I:1.63%)	6	0	1010	6	0.5	1
AfterQC	r100000	inhA_p.Ser94Ala	missense_variant	Ethionamide(I:2.26%),Isoniazid(I:1.02%)	5	0	1013	4	0.555555555555556	1
AfterQC	r100000	katG_LoF_frameshift	start_lost,stop_gained,frameshift_variant	Isoniazid(R:2.07%)	1	0	1018	3	0.25	1
AfterQC	r100000	katG_p.Ser315Arg	missense_variant	Isoniazid(R:0.07%)	0	0	1020	2	0	1
AfterQC	r100000	katG_p.Ser315Asn	missense_variant	Isoniazid(R:0.99%)	2	0	1015	5	0.285714285714286	1
AfterQC	r100000	katG_p.Ser315Ile	missense_variant	Isoniazid(I:0.10%)	0	0	1021	1	0	1
AfterQC	r100000	katG_p.Ser315Thr	missense_variant	Isoniazid(R:77.81%)	174	0	726	122	0.587837837837838	1
AfterQC	r100000	katG_p.Trp328Leu	missense_variant	Isoniazid(R:0.06%)	0	0	1021	1	0	1
AfterQC	r100000	pepQ_LoF_frameshift	start_lost,stop_gained,frameshift_variant	Bedaquiline(I:1.55%),Clofazimine(I:0.90%)	0	0	1021	1	0	1
AfterQC	r100000	pncA_LoF_frameshift	start_lost,stop_gained,frameshift_variant	Pyrazinamide(R:27.06%)	5	0	975	42	0.106382978723404	1
AfterQC	r100000	pncA_c.-11A>C	upstream_gene_variant	Pyrazinamide(R:0.54%)	2	0	1020	0	1	1
AfterQC	r100000	pncA_c.-11A>G	upstream_gene_variant	Pyrazinamide(R:3.20%)	2	0	1008	12	0.142857142857143	1
AfterQC	r100000	pncA_c.-12T>C	upstream_gene_variant	Pyrazinamide(R:0.16%)	0	0	1021	1	0	1
AfterQC	r100000	pncA_p.Ala102Thr	missense_variant	Pyrazinamide(I:0.05%)	1	0	1021	0	1	1
AfterQC	r100000	pncA_p.Ala143Gly	missense_variant	Pyrazinamide(I:0.07%)	0	0	1021	1	0	1
AfterQC	r100000	pncA_p.Ala146Thr	missense_variant	Pyrazinamide(R:0.34%)	1	0	1021	0	1	1
AfterQC	r100000	pncA_p.Ala146Val	missense_variant	Pyrazinamide(R:0.48%)	0	0	1021	1	0	1
AfterQC	r100000	pncA_p.Ala3Glu	missense_variant	Pyrazinamide(I:0.07%)	2	0	1020	0	1	1
AfterQC	r100000	pncA_p.Ala46Val	missense_variant	Pyrazinamide(I:0.09%)	0	0	1021	1	0	1
AfterQC	r100000	pncA_p.Arg140Pro	missense_variant	Pyrazinamide(I:0.11%)	0	0	1021	1	0	1
AfterQC	r100000	pncA_p.Arg154Gly	missense_variant	Pyrazinamide(R:0.39%)	5	0	1014	3	0.625	1
AfterQC	r100000	pncA_p.Asp12Ala	missense_variant	Pyrazinamide(R:0.41%)	2	0	1020	0	1	1
AfterQC	r100000	pncA_p.Asp12Asn	missense_variant	Pyrazinamide(I:0.14%)	0	0	1021	1	0	1
AfterQC	r100000	pncA_p.Asp12Glu	missense_variant	Pyrazinamide(R:0.14%)	0	0	1021	1	0	1
AfterQC	r100000	pncA_p.Asp136Gly	missense_variant	Pyrazinamide(R:0.41%)	0	0	1021	1	0	1
AfterQC	r100000	pncA_p.Asp49Asn	missense_variant	Pyrazinamide(I:0.11%)	0	0	1020	2	0	1
AfterQC	r100000	pncA_p.Asp49Gly	missense_variant	Pyrazinamide(R:0.98%)	0	0	1021	1	0	1
AfterQC	r100000	pncA_p.Asp8Gly	missense_variant	Pyrazinamide(R:0.50%)	0	0	1021	1	0	1
AfterQC	r100000	pncA_p.Cys138Arg	missense_variant	Pyrazinamide(R:0.20%)	2	0	1020	0	1	1
AfterQC	r100000	pncA_p.Cys14Arg	missense_variant	Pyrazinamide(R:0.95%)	0	0	1021	1	0	1
AfterQC	r100000	pncA_p.Cys14Trp	missense_variant	Pyrazinamide(I:0.05%)	0	0	1021	1	0	1
AfterQC	r100000	pncA_p.Gln10Pro	missense_variant	Pyrazinamide(R:1.59%)	5	0	1016	1	0.833333333333333	1
AfterQC	r100000	pncA_p.Gln141Pro	missense_variant	Pyrazinamide(R:1.70%)	1	0	1021	0	1	1
AfterQC	r100000	pncA_p.Gly108Glu	missense_variant	Pyrazinamide(I:0.09%)	0	0	1021	1	0	1
AfterQC	r100000	pncA_p.Gly132Ala	missense_variant	Pyrazinamide(R:1.29%)	0	0	1021	1	0	1
AfterQC	r100000	pncA_p.Gly132Ser	missense_variant	Pyrazinamide(R:0.20%)	0	0	1021	1	0	1
AfterQC	r100000	pncA_p.Gly17Asp	missense_variant	Pyrazinamide(I:0.09%)	0	0	1021	1	0	1
AfterQC	r100000	pncA_p.Gly78Ser	missense_variant	Pyrazinamide(I:0.07%)	0	0	1021	1	0	1
AfterQC	r100000	pncA_p.Gly97Asp	missense_variant	Pyrazinamide(R:1.04%)	2	0	1020	0	1	1
AfterQC	r100000	pncA_p.Gly97Cys	missense_variant	Pyrazinamide(R:0.43%)	0	0	1021	1	0	1
AfterQC	r100000	pncA_p.Gly97Ser	missense_variant	Pyrazinamide(R:0.29%)	1	0	1018	3	0.25	1
AfterQC	r100000	pncA_p.Gly97Val	missense_variant	Pyrazinamide(I:0.07%)	0	0	1021	1	0	1
AfterQC	r100000	pncA_p.His43Pro	missense_variant	Pyrazinamide(I:0.07%)	0	0	1021	1	0	1
AfterQC	r100000	pncA_p.His51Arg	missense_variant	Pyrazinamide(R:1.86%)	2	0	1020	0	1	1
AfterQC	r100000	pncA_p.His51Asp	missense_variant	Pyrazinamide(R:1.09%)	1	0	1019	2	0.333333333333333	1
AfterQC	r100000	pncA_p.His51Pro	missense_variant	Pyrazinamide(R:0.18%)	0	0	1021	1	0	1
AfterQC	r100000	pncA_p.His51Tyr	missense_variant	Pyrazinamide(R:0.11%)	0	0	1021	1	0	1
AfterQC	r100000	pncA_p.His57Asp	missense_variant	Pyrazinamide(R:3.77%)	3	0	1017	2	0.6	1
AfterQC	r100000	pncA_p.His71Arg	missense_variant	Pyrazinamide(R:0.86%)	1	0	1021	0	1	1
AfterQC	r100000	pncA_p.His82Arg	missense_variant	Pyrazinamide(R:0.11%)	0	0	1021	1	0	1
AfterQC	r100000	pncA_p.Ile133Thr	missense_variant	Pyrazinamide(R:0.66%)	2	0	1019	1	0.666666666666667	1
AfterQC	r100000	pncA_p.Leu120Pro	missense_variant	Pyrazinamide(R:0.64%)	4	0	1018	0	1	1
AfterQC	r100000	pncA_p.Leu151Ser	missense_variant	Pyrazinamide(R:0.43%)	3	0	1017	2	0.6	1
AfterQC	r100000	pncA_p.Leu4Ser	missense_variant	Pyrazinamide(R:0.95%)	0	0	1021	1	0	1
AfterQC	r100000	pncA_p.Leu4Trp	missense_variant	Pyrazinamide(R:0.34%)	0	0	1020	2	0	1
AfterQC	r100000	pncA_p.Lys48Thr	missense_variant	Pyrazinamide(I:0.45%)	1	0	1020	1	0.5	1
AfterQC	r100000	pncA_p.Lys96Arg	missense_variant	Pyrazinamide(R:0.23%)	1	0	1021	0	1	1
AfterQC	r100000	pncA_p.Lys96Asn	missense_variant	Pyrazinamide(I:0.09%)	1	0	1021	0	1	1
AfterQC	r100000	pncA_p.Lys96Gln	missense_variant	Pyrazinamide(R:0.11%)	0	0	1021	1	0	1
AfterQC	r100000	pncA_p.Lys96Glu	missense_variant	Pyrazinamide(R:0.23%)	0	0	1021	1	0	1
AfterQC	r100000	pncA_p.Met175Arg	missense_variant	Pyrazinamide(R:0.23%)	1	0	1021	0	1	1
AfterQC	r100000	pncA_p.Met175Ile	missense_variant	Pyrazinamide(I:0.09%)	0	0	1021	1	0	1
AfterQC	r100000	pncA_p.Met175Thr	missense_variant	Pyrazinamide(I:0.11%)	0	0	1021	1	0	1
AfterQC	r100000	pncA_p.Met175Val	missense_variant	Pyrazinamide(R:0.27%)	0	0	1021	1	0	1
AfterQC	r100000	pncA_p.Phe106Ser	missense_variant	Pyrazinamide(I:0.07%)	1	0	1021	0	1	1
AfterQC	r100000	pncA_p.Phe13Leu	missense_variant	Pyrazinamide(I:0.11%)	1	0	1021	0	1	1
AfterQC	r100000	pncA_p.Phe13Ser	missense_variant	Pyrazinamide(R:0.11%)	0	0	1021	1	0	1
AfterQC	r100000	pncA_p.Phe58Leu	missense_variant	Pyrazinamide(R:0.29%)	0	0	1020	2	0	1
AfterQC	r100000	pncA_p.Phe58Ser	missense_variant	Pyrazinamide(I:0.05%)	1	0	1021	0	1	1
AfterQC	r100000	pncA_p.Pro54Gln	missense_variant	Pyrazinamide(I:0.07%)	0	0	1020	2	0	1
AfterQC	r100000	pncA_p.Pro54Leu	missense_variant	Pyrazinamide(R:0.73%)	0	0	1020	2	0	1
AfterQC	r100000	pncA_p.Pro54Thr	missense_variant	Pyrazinamide(I:0.05%)	0	0	1022	0	0	1
AfterQC	r100000	pncA_p.Pro62Leu	missense_variant	Pyrazinamide(R:0.23%)	0	0	1022	0	0	1
AfterQC	r100000	pncA_p.Pro62Ser	missense_variant	Pyrazinamide(I:0.07%)	1	0	1020	1	0.5	1
AfterQC	r100000	pncA_p.Ser59Pro	missense_variant	Pyrazinamide(R:0.54%)	0	0	1020	2	0	1
AfterQC	r100000	pncA_p.Thr135Pro	missense_variant	Pyrazinamide(R:0.98%)	0	0	1021	1	0	1
AfterQC	r100000	pncA_p.Thr142Lys	missense_variant	Pyrazinamide(I:0.05%)	1	0	1020	1	0.5	1
AfterQC	r100000	pncA_p.Thr47Ala	missense_variant	Pyrazinamide(R:0.39%)	1	0	1021	0	1	1
AfterQC	r100000	pncA_p.Thr61Pro	missense_variant	Pyrazinamide(I:0.09%)	0	0	1021	1	0	1
AfterQC	r100000	pncA_p.Thr76Ile	missense_variant	Pyrazinamide(R:0.18%)	0	0	1021	1	0	1
AfterQC	r100000	pncA_p.Trp119Arg	missense_variant	Pyrazinamide(I:0.11%)	0	0	1021	1	0	1
AfterQC	r100000	pncA_p.Trp119Gly	missense_variant	Pyrazinamide(I:0.11%)	0	0	1022	0	0	1
AfterQC	r100000	pncA_p.Trp68Arg	missense_variant	Pyrazinamide(R:0.41%)	2	1	1019	0	1	0.666666666666667
AfterQC	r100000	pncA_p.Trp68Cys	missense_variant	Pyrazinamide(R:0.45%)	3	0	1017	2	0.6	1
AfterQC	r100000	pncA_p.Trp68Gly	missense_variant	Pyrazinamide(R:0.73%)	2	0	1015	5	0.285714285714286	1
AfterQC	r100000	pncA_p.Tyr103Cys	missense_variant	Pyrazinamide(R:0.20%)	1	0	1020	1	0.5	1
AfterQC	r100000	pncA_p.Tyr34Asp	missense_variant	Pyrazinamide(R:0.41%)	2	0	1020	0	1	1
AfterQC	r100000	pncA_p.Val130Gly	missense_variant	Pyrazinamide(I:0.07%)	0	0	1021	1	0	1
AfterQC	r100000	pncA_p.Val139Ala	missense_variant	Pyrazinamide(R:1.34%)	2	0	1018	2	0.5	1
AfterQC	r100000	pncA_p.Val139Met	missense_variant	Pyrazinamide(R:0.18%)	0	0	1021	1	0	1
AfterQC	r100000	pncA_p.Val163Ala	missense_variant	Pyrazinamide(I:0.07%)	0	0	1021	1	0	1
AfterQC	r100000	pncA_p.Val180Ala	missense_variant	Pyrazinamide(R:0.23%)	0	0	1021	1	0	1
AfterQC	r100000	pncA_p.Val180Gly	missense_variant	Pyrazinamide(R:0.20%)	0	0	1020	2	0	1
AfterQC	r100000	pncA_p.Val7Gly	missense_variant	Pyrazinamide(R:0.77%)	1	0	1020	1	0.5	1
AfterQC	r100000	pncA_p.Val7Leu	missense_variant	Pyrazinamide(R:0.18%)	0	0	1021	1	0	1
AfterQC	r100000	pncA_p.Val93Leu	missense_variant	Pyrazinamide(I:0.11%)	0	0	1021	1	0	1
AfterQC	r100000	rplC_p.Cys154Arg	missense_variant	Linezolid(R:27.35%)	0	0	1021	1	0	1
AfterQC	r100000	rpoB_RRDR_indel	inframe,frameshift_variant	Rifampicin(R:0.68%)	0	0	1017	5	0	1
AfterQC	r100000	rpoB_p.Asp435Ala	missense_variant	Rifampicin(I:0.07%)	0	0	1020	2	0	1
AfterQC	r100000	rpoB_p.Asp435Glu	missense_variant	Rifampicin(I:0.12%)	0	0	1021	1	0	1
AfterQC	r100000	rpoB_p.Asp435Gly	missense_variant	Rifampicin(I:0.88%)	5	0	1013	4	0.555555555555556	1
AfterQC	r100000	rpoB_p.Asp435Tyr	missense_variant	Rifampicin(R:2.03%)	7	0	1012	3	0.7	1
AfterQC	r100000	rpoB_p.Asp435Val	missense_variant	Rifampicin(R:6.86%)	16	0	1003	3	0.842105263157895	1
AfterQC	r100000	rpoB_p.Gln432Leu	missense_variant	Rifampicin(R:0.17%)	1	0	1021	0	1	1
AfterQC	r100000	rpoB_p.Gln432Pro	missense_variant	Rifampicin(R:0.41%)	1	0	1019	2	0.333333333333333	1
AfterQC	r100000	rpoB_p.His445Arg	missense_variant	Rifampicin(R:0.81%)	2	0	1014	6	0.25	1
AfterQC	r100000	rpoB_p.His445Asn	missense_variant	Rifampicin(R:0.75%)	1	0	1021	0	1	1
AfterQC	r100000	rpoB_p.His445Asp	missense_variant	Rifampicin(R:3.62%)	4	0	1014	4	0.5	1
AfterQC	r100000	rpoB_p.His445Gln	missense_variant	Rifampicin(I:0.12%)	0	0	1021	1	0	1
AfterQC	r100000	rpoB_p.His445Leu	missense_variant	Rifampicin(R:1.29%)	6	0	1012	4	0.6	1
AfterQC	r100000	rpoB_p.His445Pro	missense_variant	Rifampicin(I:0.05%)	2	0	1019	1	0.666666666666667	1
AfterQC	r100000	rpoB_p.His445Tyr	missense_variant	Rifampicin(R:3.53%)	11	0	1003	8	0.578947368421053	1
AfterQC	r100000	rpoB_p.Ile491Phe	missense_variant	Rifampicin(R:0.69%)	5	0	1017	0	1	1
AfterQC	r100000	rpoB_p.Leu430Arg	missense_variant	Rifampicin(I:0.19%)	1	0	1021	0	1	1
AfterQC	r100000	rpoB_p.Leu430Pro	missense_variant	Rifampicin(R:1.28%)	4	1	1016	1	0.8	0.8
AfterQC	r100000	rpoB_p.Leu452Pro	missense_variant	Rifampicin(R:1.67%)	13	0	1007	2	0.866666666666667	1
AfterQC	r100000	rpoB_p.Lys446Gln	missense_variant	Rifampicin(I:0.03%)	1	0	1020	1	0.5	1
AfterQC	r100000	rpoB_p.Met434Ile	missense_variant	Rifampicin(I:0.20%)	2	0	1020	0	1	1
AfterQC	r100000	rpoB_p.Ser428Arg	missense_variant	Rifampicin(I:0.04%)	0	0	1021	1	0	1
AfterQC	r100000	rpoB_p.Ser428Ile	missense_variant	Rifampicin(I:0.02%)	0	0	1021	1	0	1
AfterQC	r100000	rpoB_p.Ser441Leu	missense_variant	Rifampicin(R:0.23%)	0	0	1019	3	0	1
AfterQC	r100000	rpoB_p.Ser450Leu	missense_variant	Rifampicin(R:64.40%)	128	0	800	94	0.576576576576577	1
AfterQC	r100000	rpoB_p.Ser450Trp	missense_variant	Rifampicin(R:1.42%)	6	0	1015	1	0.857142857142857	1
AfterQC	r100000	rpoB_p.Ser450Tyr	missense_variant	Rifampicin(R:0.05%)	0	0	1020	2	0	1
AfterQC	r100000	rpoB_p.Thr427Ile	missense_variant	Rifampicin(I:0.03%)	0	0	1022	0	0	1
AfterQC	r100000	rpoB_p.Val170Phe	missense_variant	Rifampicin(R:0.53%)	1	0	1019	2	0.333333333333333	1
AfterQC	r100000	rpsL_p.Lys43Arg	missense_variant	Streptomycin(R:45.48%)	93	0	881	48	0.659574468085106	1
AfterQC	r100000	rpsL_p.Lys88Arg	missense_variant	Streptomycin(R:12.35%)	14	0	996	12	0.538461538461538	1
AfterQC	r100000	rpsL_p.Lys88Gln	missense_variant	Streptomycin(I:0.14%)	0	0	1021	1	0	1
AfterQC	r100000	rpsL_p.Lys88Met	missense_variant	Streptomycin(R:0.30%)	1	0	1021	0	1	1
AfterQC	r100000	rrs_n.1401A>G	non_coding_transcript_exon_variant	Amikacin(R:68.37%),Capreomycin(R:58.08%),Kanamycin(R:46.98%)	41	1	962	18	0.694915254237288	0.976190476190476
AfterQC	r100000	rrs_n.1402C>T	non_coding_transcript_exon_variant	Amikacin(I:0.37%),Capreomycin(R:0.83%),Kanamycin(I:0.28%)	0	0	1021	1	0	1
AfterQC	r100000	rrs_n.1484G>T	non_coding_transcript_exon_variant	Amikacin(R:0.69%),Capreomycin(R:0.88%),Kanamycin(R:0.65%)	0	0	1022	0	0	1
AfterQC	r100000	rrs_n.514A>C	non_coding_transcript_exon_variant	Streptomycin(R:5.30%)	20	0	991	11	0.645161290322581	1
AfterQC	r100000	rrs_n.517C>T	non_coding_transcript_exon_variant	Streptomycin(R:5.79%)	15	1	995	11	0.576923076923077	0.9375
AfterQC	r100000	rrs_n.878G>A	non_coding_transcript_exon_variant	Streptomycin(I:0.48%)	5	0	1014	3	0.625	1
AfterQC	r100000	tlyA_LoF_frameshift	start_lost,stop_gained,frameshift_variant	Capreomycin(R:9.06%)	0	0	1019	3	0	1
AfterQC	r100000	tlyA_p.Asn236Lys	missense_variant	Capreomycin(R:1.02%)	5	0	1016	1	0.833333333333333	1
AfterQC	r100000	ALL	ALL	ALL	1018	7	186127	896	0.531870428422153	0.993170731707317
AfterQC	r1000000	Rv0678_LoF_frameshift	start_lost,stop_gained,frameshift_variant	Bedaquiline(R:82.04%),Clofazimine(R:27.63%)	2	0	1019	1	0.666666666666667	1
AfterQC	r1000000	Rv0678_p.Leu117Arg	missense_variant	Bedaquiline(R:0.77%),Clofazimine(I:0.59%)	1	0	1021	0	1	1
AfterQC	r1000000	Rv0678_p.Met146Thr	missense_variant	Bedaquiline(I:1.06%),Clofazimine(I:0.30%)	2	0	1020	0	1	1
AfterQC	r1000000	ddn_LoF_frameshift	start_lost,stop_gained,frameshift_variant	Delamanid(I:19.65%)	1	0	1021	0	1	1
AfterQC	r1000000	eis_c.-10G>A	upstream_gene_variant	Kanamycin(R:6.60%)	16	0	1006	0	1	1
AfterQC	r1000000	eis_c.-12C>T	upstream_gene_variant	Kanamycin(R:9.14%)	14	0	1007	1	0.933333333333333	1
AfterQC	r1000000	eis_c.-14C>T	upstream_gene_variant	Amikacin(I:3.66%),Kanamycin(R:7.02%)	12	0	1010	0	1	1
AfterQC	r1000000	eis_c.-37G>T	upstream_gene_variant	Kanamycin(R:5.13%)	11	0	1011	0	1	1
AfterQC	r1000000	embB_p.Asp328Tyr	missense_variant	Ethambutol(R:0.49%)	2	0	1020	0	1	1
AfterQC	r1000000	embB_p.Asp354Ala	missense_variant	Ethambutol(R:3.17%)	16	0	1006	0	1	1
AfterQC	r1000000	embB_p.Gln497Arg	missense_variant	Ethambutol(R:10.54%)	13	0	1008	1	0.928571428571429	1
AfterQC	r1000000	embB_p.Gln497Lys	missense_variant	Ethambutol(R:1.53%)	2	0	1020	0	1	1
AfterQC	r1000000	embB_p.Gly406Ala	missense_variant	Ethambutol(R:3.46%)	15	0	1007	0	1	1
AfterQC	r1000000	embB_p.Gly406Asp	missense_variant	Ethambutol(R:2.89%)	1	0	1019	2	0.333333333333333	1
AfterQC	r1000000	embB_p.Gly406Cys	missense_variant	Ethambutol(R:0.38%)	1	0	1021	0	1	1
AfterQC	r1000000	embB_p.Gly406Ser	missense_variant	Ethambutol(R:1.97%)	5	0	1017	0	1	1
AfterQC	r1000000	embB_p.Met306Ile	missense_variant	Ethambutol(R:20.60%)	81	0	941	0	1	1
AfterQC	r1000000	embB_p.Met306Leu	missense_variant	Ethambutol(R:1.53%)	5	0	1017	0	1	1
AfterQC	r1000000	embB_p.Met306Val	missense_variant	Ethambutol(R:34.23%)	107	2	913	0	1	0.981651376146789
AfterQC	r1000000	embB_p.Tyr319Cys	missense_variant	Ethambutol(R:0.36%)	1	0	1021	0	1	1
AfterQC	r1000000	embB_p.Tyr319Ser	missense_variant	Ethambutol(R:2.15%)	3	0	1019	0	1	1
AfterQC	r1000000	ethA_LoF_frameshift	start_lost,stop_gained,frameshift_variant	Ethionamide(R:49.09%)	61	2	957	2	0.968253968253968	0.968253968253968
AfterQC	r1000000	ethA_p.Arg207Gly	missense_variant	Ethionamide(R:0.69%)	1	0	1021	0	1	1
AfterQC	r1000000	ethA_p.Asn379Asp	missense_variant	Ethionamide(I:1.17%)	1	0	1021	0	1	1
AfterQC	r1000000	ethA_p.Ser390Phe	missense_variant	Ethionamide(I:0.36%)	1	0	1021	0	1	1
AfterQC	r1000000	fbiC_LoF_frameshift	start_lost,stop_gained,frameshift_variant	Delamanid(I:2.40%)	0	0	1021	1	0	1
AfterQC	r1000000	fgd1_LoF_frameshift	start_lost,stop_gained,frameshift_variant	Delamanid(I:1.60%)	0	0	1021	1	0	1
AfterQC	r1000000	gid_LoF_frameshift	start_lost,stop_gained,frameshift_variant	Streptomycin(R:18.20%)	54	1	967	0	1	0.981818181818182
AfterQC	r1000000	gid_p.Ala200Glu	missense_variant	Streptomycin(R:0.13%)	1	0	1021	0	1	1
AfterQC	r1000000	gid_p.Asp67His	missense_variant	Streptomycin(I:0.09%)	1	0	1021	0	1	1
AfterQC	r1000000	gid_p.Gly73Ala	missense_variant	Streptomycin(I:0.32%)	1	0	1021	0	1	1
AfterQC	r1000000	gid_p.Pro84Leu	missense_variant	Streptomycin(I:0.54%)	2	0	1020	0	1	1
AfterQC	r1000000	gyrA_p.Ala90Val	missense_variant	Levofloxacin(R:22.44%),Moxifloxacin(R:17.99%)	32	0	989	1	0.96969696969697	1
AfterQC	r1000000	gyrA_p.Asp94Ala	missense_variant	Levofloxacin(R:7.55%),Moxifloxacin(R:6.52%)	11	0	1009	2	0.846153846153846	1
AfterQC	r1000000	gyrA_p.Asp94Asn	missense_variant	Levofloxacin(R:6.42%),Moxifloxacin(R:7.40%)	10	0	1012	0	1	1
AfterQC	r1000000	gyrA_p.Asp94Gly	missense_variant	Levofloxacin(R:36.42%),Moxifloxacin(R:42.28%)	39	3	979	1	0.975	0.928571428571429
AfterQC	r1000000	gyrA_p.Asp94His	missense_variant	Levofloxacin(R:1.69%),Moxifloxacin(R:1.75%)	3	0	1019	0	1	1
AfterQC	r1000000	gyrA_p.Asp94Tyr	missense_variant	Levofloxacin(R:3.92%),Moxifloxacin(R:4.27%)	7	0	1015	0	1	1
AfterQC	r1000000	gyrA_p.Ser91Pro	missense_variant	Levofloxacin(R:4.69%),Moxifloxacin(R:4.37%)	6	0	1016	0	1	1
AfterQC	r1000000	gyrB_p.Asn499Thr	missense_variant	Levofloxacin(R:0.53%),Moxifloxacin(I:0.57%)	2	0	1020	0	1	1
AfterQC	r1000000	gyrB_p.Glu501Asp	missense_variant	Levofloxacin(I:0.77%),Moxifloxacin(R:1.52%)	2	0	1020	0	1	1
AfterQC	r1000000	gyrB_p.Ser447Phe	missense_variant	Levofloxacin(I:0.36%),Moxifloxacin(I:0.17%)	1	0	1021	0	1	1
AfterQC	r1000000	inhA_c.-154G>A	upstream_gene_variant	Ethionamide(I:5.93%),Isoniazid(R:3.57%)	16	0	1005	1	0.941176470588235	1
AfterQC	r1000000	inhA_c.-770T>A	upstream_gene_variant	Ethionamide(I:1.23%),Isoniazid(I:0.80%)	14	0	1007	1	0.933333333333333	1
AfterQC	r1000000	inhA_c.-770T>C	upstream_gene_variant	Ethionamide(I:3.57%),Isoniazid(I:1.86%)	13	0	1009	0	1	1
AfterQC	r1000000	inhA_c.-777C>T	upstream_gene_variant	Ethionamide(R:41.56%),Isoniazid(R:21.34%)	97	1	924	0	1	0.989795918367347
AfterQC	r1000000	inhA_c.-779G>T	upstream_gene_variant	Ethionamide(I:2.34%),Isoniazid(I:1.63%)	12	0	1010	0	1	1
AfterQC	r1000000	inhA_p.Ser94Ala	missense_variant	Ethionamide(I:2.26%),Isoniazid(I:1.02%)	9	0	1013	0	1	1
AfterQC	r1000000	katG_LoF_frameshift	start_lost,stop_gained,frameshift_variant	Isoniazid(R:2.07%)	4	1	1017	0	1	0.8
AfterQC	r1000000	katG_p.Ser315Arg	missense_variant	Isoniazid(R:0.07%)	2	0	1020	0	1	1
AfterQC	r1000000	katG_p.Ser315Asn	missense_variant	Isoniazid(R:0.99%)	7	0	1015	0	1	1
AfterQC	r1000000	katG_p.Ser315Ile	missense_variant	Isoniazid(I:0.10%)	1	0	1021	0	1	1
AfterQC	r1000000	katG_p.Ser315Thr	missense_variant	Isoniazid(R:77.81%)	294	1	725	2	0.993243243243243	0.996610169491525
AfterQC	r1000000	katG_p.Trp328Leu	missense_variant	Isoniazid(R:0.06%)	1	0	1021	0	1	1
AfterQC	r1000000	pepQ_LoF_frameshift	start_lost,stop_gained,frameshift_variant	Bedaquiline(I:1.55%),Clofazimine(I:0.90%)	0	0	1021	1	0	1
AfterQC	r1000000	pncA_LoF_frameshift	start_lost,stop_gained,frameshift_variant	Pyrazinamide(R:27.06%)	44	0	975	3	0.936170212765957	1
AfterQC	r1000000	pncA_c.-11A>C	upstream_gene_variant	Pyrazinamide(R:0.54%)	2	0	1020	0	1	1
AfterQC	r1000000	pncA_c.-11A>G	upstream_gene_variant	Pyrazinamide(R:3.20%)	12	0	1008	2	0.857142857142857	1
AfterQC	r1000000	pncA_c.-12T>C	upstream_gene_variant	Pyrazinamide(R:0.16%)	1	0	1021	0	1	1
AfterQC	r1000000	pncA_p.Ala102Thr	missense_variant	Pyrazinamide(I:0.05%)	1	0	1021	0	1	1
AfterQC	r1000000	pncA_p.Ala143Gly	missense_variant	Pyrazinamide(I:0.07%)	1	0	1021	0	1	1
AfterQC	r1000000	pncA_p.Ala146Thr	missense_variant	Pyrazinamide(R:0.34%)	1	0	1021	0	1	1
AfterQC	r1000000	pncA_p.Ala146Val	missense_variant	Pyrazinamide(R:0.48%)	1	0	1021	0	1	1
AfterQC	r1000000	pncA_p.Ala3Glu	missense_variant	Pyrazinamide(I:0.07%)	2	0	1020	0	1	1
AfterQC	r1000000	pncA_p.Ala46Val	missense_variant	Pyrazinamide(I:0.09%)	1	0	1021	0	1	1
AfterQC	r1000000	pncA_p.Arg140Pro	missense_variant	Pyrazinamide(I:0.11%)	1	0	1021	0	1	1
AfterQC	r1000000	pncA_p.Arg154Gly	missense_variant	Pyrazinamide(R:0.39%)	8	1	1013	0	1	0.888888888888889
AfterQC	r1000000	pncA_p.Asp12Ala	missense_variant	Pyrazinamide(R:0.41%)	2	0	1020	0	1	1
AfterQC	r1000000	pncA_p.Asp12Asn	missense_variant	Pyrazinamide(I:0.14%)	1	0	1021	0	1	1
AfterQC	r1000000	pncA_p.Asp12Glu	missense_variant	Pyrazinamide(R:0.14%)	1	0	1021	0	1	1
AfterQC	r1000000	pncA_p.Asp136Gly	missense_variant	Pyrazinamide(R:0.41%)	1	0	1021	0	1	1
AfterQC	r1000000	pncA_p.Asp49Asn	missense_variant	Pyrazinamide(I:0.11%)	2	0	1020	0	1	1
AfterQC	r1000000	pncA_p.Asp49Gly	missense_variant	Pyrazinamide(R:0.98%)	1	0	1021	0	1	1
AfterQC	r1000000	pncA_p.Asp8Gly	missense_variant	Pyrazinamide(R:0.50%)	1	0	1021	0	1	1
AfterQC	r1000000	pncA_p.Cys138Arg	missense_variant	Pyrazinamide(R:0.20%)	2	0	1020	0	1	1
AfterQC	r1000000	pncA_p.Cys14Arg	missense_variant	Pyrazinamide(R:0.95%)	1	0	1021	0	1	1
AfterQC	r1000000	pncA_p.Cys14Trp	missense_variant	Pyrazinamide(I:0.05%)	1	0	1021	0	1	1
AfterQC	r1000000	pncA_p.Gln10Pro	missense_variant	Pyrazinamide(R:1.59%)	6	0	1016	0	1	1
AfterQC	r1000000	pncA_p.Gln141Pro	missense_variant	Pyrazinamide(R:1.70%)	1	0	1021	0	1	1
AfterQC	r1000000	pncA_p.Gly108Glu	missense_variant	Pyrazinamide(I:0.09%)	1	0	1021	0	1	1
AfterQC	r1000000	pncA_p.Gly132Ala	missense_variant	Pyrazinamide(R:1.29%)	1	0	1021	0	1	1
AfterQC	r1000000	pncA_p.Gly132Ser	missense_variant	Pyrazinamide(R:0.20%)	1	0	1021	0	1	1
AfterQC	r1000000	pncA_p.Gly17Asp	missense_variant	Pyrazinamide(I:0.09%)	1	0	1021	0	1	1
AfterQC	r1000000	pncA_p.Gly78Ser	missense_variant	Pyrazinamide(I:0.07%)	1	0	1021	0	1	1
AfterQC	r1000000	pncA_p.Gly97Asp	missense_variant	Pyrazinamide(R:1.04%)	2	0	1020	0	1	1
AfterQC	r1000000	pncA_p.Gly97Cys	missense_variant	Pyrazinamide(R:0.43%)	1	0	1021	0	1	1
AfterQC	r1000000	pncA_p.Gly97Ser	missense_variant	Pyrazinamide(R:0.29%)	4	0	1018	0	1	1
AfterQC	r1000000	pncA_p.Gly97Val	missense_variant	Pyrazinamide(I:0.07%)	1	0	1021	0	1	1
AfterQC	r1000000	pncA_p.His43Pro	missense_variant	Pyrazinamide(I:0.07%)	1	0	1021	0	1	1
AfterQC	r1000000	pncA_p.His51Arg	missense_variant	Pyrazinamide(R:1.86%)	2	0	1020	0	1	1
AfterQC	r1000000	pncA_p.His51Asp	missense_variant	Pyrazinamide(R:1.09%)	3	0	1019	0	1	1
AfterQC	r1000000	pncA_p.His51Pro	missense_variant	Pyrazinamide(R:0.18%)	1	0	1021	0	1	1
AfterQC	r1000000	pncA_p.His51Tyr	missense_variant	Pyrazinamide(R:0.11%)	1	0	1021	0	1	1
AfterQC	r1000000	pncA_p.His57Asp	missense_variant	Pyrazinamide(R:3.77%)	5	0	1017	0	1	1
AfterQC	r1000000	pncA_p.His71Arg	missense_variant	Pyrazinamide(R:0.86%)	1	0	1021	0	1	1
AfterQC	r1000000	pncA_p.His82Arg	missense_variant	Pyrazinamide(R:0.11%)	1	0	1021	0	1	1
AfterQC	r1000000	pncA_p.Ile133Thr	missense_variant	Pyrazinamide(R:0.66%)	3	0	1019	0	1	1
AfterQC	r1000000	pncA_p.Leu120Pro	missense_variant	Pyrazinamide(R:0.64%)	4	0	1018	0	1	1
AfterQC	r1000000	pncA_p.Leu151Ser	missense_variant	Pyrazinamide(R:0.43%)	5	0	1017	0	1	1
AfterQC	r1000000	pncA_p.Leu4Ser	missense_variant	Pyrazinamide(R:0.95%)	1	0	1021	0	1	1
AfterQC	r1000000	pncA_p.Leu4Trp	missense_variant	Pyrazinamide(R:0.34%)	2	0	1020	0	1	1
AfterQC	r1000000	pncA_p.Lys48Thr	missense_variant	Pyrazinamide(I:0.45%)	2	0	1020	0	1	1
AfterQC	r1000000	pncA_p.Lys96Arg	missense_variant	Pyrazinamide(R:0.23%)	1	0	1021	0	1	1
AfterQC	r1000000	pncA_p.Lys96Asn	missense_variant	Pyrazinamide(I:0.09%)	1	0	1021	0	1	1
AfterQC	r1000000	pncA_p.Lys96Gln	missense_variant	Pyrazinamide(R:0.11%)	1	0	1021	0	1	1
AfterQC	r1000000	pncA_p.Lys96Glu	missense_variant	Pyrazinamide(R:0.23%)	1	0	1021	0	1	1
AfterQC	r1000000	pncA_p.Met175Arg	missense_variant	Pyrazinamide(R:0.23%)	1	0	1021	0	1	1
AfterQC	r1000000	pncA_p.Met175Ile	missense_variant	Pyrazinamide(I:0.09%)	1	0	1021	0	1	1
AfterQC	r1000000	pncA_p.Met175Thr	missense_variant	Pyrazinamide(I:0.11%)	1	0	1021	0	1	1
AfterQC	r1000000	pncA_p.Met175Val	missense_variant	Pyrazinamide(R:0.27%)	1	0	1021	0	1	1
AfterQC	r1000000	pncA_p.Phe106Ser	missense_variant	Pyrazinamide(I:0.07%)	1	0	1021	0	1	1
AfterQC	r1000000	pncA_p.Phe13Leu	missense_variant	Pyrazinamide(I:0.11%)	1	0	1021	0	1	1
AfterQC	r1000000	pncA_p.Phe13Ser	missense_variant	Pyrazinamide(R:0.11%)	0	0	1021	1	0	1
AfterQC	r1000000	pncA_p.Phe58Leu	missense_variant	Pyrazinamide(R:0.29%)	2	0	1020	0	1	1
AfterQC	r1000000	pncA_p.Phe58Ser	missense_variant	Pyrazinamide(I:0.05%)	1	0	1021	0	1	1
AfterQC	r1000000	pncA_p.Pro54Gln	missense_variant	Pyrazinamide(I:0.07%)	2	0	1020	0	1	1
AfterQC	r1000000	pncA_p.Pro54Leu	missense_variant	Pyrazinamide(R:0.73%)	2	1	1019	0	1	0.666666666666667
AfterQC	r1000000	pncA_p.Pro54Thr	missense_variant	Pyrazinamide(I:0.05%)	0	1	1021	0	0	0
AfterQC	r1000000	pncA_p.Pro62Leu	missense_variant	Pyrazinamide(R:0.23%)	0	1	1021	0	0	0
AfterQC	r1000000	pncA_p.Pro62Ser	missense_variant	Pyrazinamide(I:0.07%)	2	0	1020	0	1	1
AfterQC	r1000000	pncA_p.Ser59Pro	missense_variant	Pyrazinamide(R:0.54%)	2	0	1020	0	1	1
AfterQC	r1000000	pncA_p.Thr135Pro	missense_variant	Pyrazinamide(R:0.98%)	1	0	1021	0	1	1
AfterQC	r1000000	pncA_p.Thr142Lys	missense_variant	Pyrazinamide(I:0.05%)	2	0	1020	0	1	1
AfterQC	r1000000	pncA_p.Thr47Ala	missense_variant	Pyrazinamide(R:0.39%)	1	0	1021	0	1	1
AfterQC	r1000000	pncA_p.Thr61Pro	missense_variant	Pyrazinamide(I:0.09%)	1	0	1021	0	1	1
AfterQC	r1000000	pncA_p.Thr76Ile	missense_variant	Pyrazinamide(R:0.18%)	0	0	1021	1	0	1
AfterQC	r1000000	pncA_p.Trp119Arg	missense_variant	Pyrazinamide(I:0.11%)	1	0	1021	0	1	1
AfterQC	r1000000	pncA_p.Trp119Gly	missense_variant	Pyrazinamide(I:0.11%)	0	1	1021	0	0	0
AfterQC	r1000000	pncA_p.Trp68Arg	missense_variant	Pyrazinamide(R:0.41%)	2	1	1019	0	1	0.666666666666667
AfterQC	r1000000	pncA_p.Trp68Cys	missense_variant	Pyrazinamide(R:0.45%)	5	0	1017	0	1	1
AfterQC	r1000000	pncA_p.Trp68Gly	missense_variant	Pyrazinamide(R:0.73%)	7	0	1015	0	1	1
AfterQC	r1000000	pncA_p.Tyr103Cys	missense_variant	Pyrazinamide(R:0.20%)	2	0	1020	0	1	1
AfterQC	r1000000	pncA_p.Tyr34Asp	missense_variant	Pyrazinamide(R:0.41%)	2	0	1020	0	1	1
AfterQC	r1000000	pncA_p.Val130Gly	missense_variant	Pyrazinamide(I:0.07%)	1	0	1021	0	1	1
AfterQC	r1000000	pncA_p.Val139Ala	missense_variant	Pyrazinamide(R:1.34%)	4	0	1018	0	1	1
AfterQC	r1000000	pncA_p.Val139Met	missense_variant	Pyrazinamide(R:0.18%)	1	0	1021	0	1	1
AfterQC	r1000000	pncA_p.Val163Ala	missense_variant	Pyrazinamide(I:0.07%)	1	0	1021	0	1	1
AfterQC	r1000000	pncA_p.Val180Ala	missense_variant	Pyrazinamide(R:0.23%)	1	0	1021	0	1	1
AfterQC	r1000000	pncA_p.Val180Gly	missense_variant	Pyrazinamide(R:0.20%)	2	0	1020	0	1	1
AfterQC	r1000000	pncA_p.Val7Gly	missense_variant	Pyrazinamide(R:0.77%)	1	0	1020	1	0.5	1
AfterQC	r1000000	pncA_p.Val7Leu	missense_variant	Pyrazinamide(R:0.18%)	1	0	1021	0	1	1
AfterQC	r1000000	pncA_p.Val93Leu	missense_variant	Pyrazinamide(I:0.11%)	1	0	1021	0	1	1
AfterQC	r1000000	rplC_p.Cys154Arg	missense_variant	Linezolid(R:27.35%)	1	0	1021	0	1	1
AfterQC	r1000000	rpoB_RRDR_indel	inframe,frameshift_variant	Rifampicin(R:0.68%)	4	1	1016	1	0.8	0.8
AfterQC	r1000000	rpoB_p.Asp435Ala	missense_variant	Rifampicin(I:0.07%)	2	0	1020	0	1	1
AfterQC	r1000000	rpoB_p.Asp435Glu	missense_variant	Rifampicin(I:0.12%)	1	0	1021	0	1	1
AfterQC	r1000000	rpoB_p.Asp435Gly	missense_variant	Rifampicin(I:0.88%)	9	0	1013	0	1	1
AfterQC	r1000000	rpoB_p.Asp435Tyr	missense_variant	Rifampicin(R:2.03%)	10	0	1012	0	1	1
AfterQC	r1000000	rpoB_p.Asp435Val	missense_variant	Rifampicin(R:6.86%)	19	0	1003	0	1	1
AfterQC	r1000000	rpoB_p.Gln432Leu	missense_variant	Rifampicin(R:0.17%)	1	0	1021	0	1	1
AfterQC	r1000000	rpoB_p.Gln432Pro	missense_variant	Rifampicin(R:0.41%)	3	0	1019	0	1	1
AfterQC	r1000000	rpoB_p.His445Arg	missense_variant	Rifampicin(R:0.81%)	8	0	1014	0	1	1
AfterQC	r1000000	rpoB_p.His445Asn	missense_variant	Rifampicin(R:0.75%)	1	0	1021	0	1	1
AfterQC	r1000000	rpoB_p.His445Asp	missense_variant	Rifampicin(R:3.62%)	8	0	1014	0	1	1
AfterQC	r1000000	rpoB_p.His445Gln	missense_variant	Rifampicin(I:0.12%)	1	0	1021	0	1	1
AfterQC	r1000000	rpoB_p.His445Leu	missense_variant	Rifampicin(R:1.29%)	10	0	1012	0	1	1
AfterQC	r1000000	rpoB_p.His445Pro	missense_variant	Rifampicin(I:0.05%)	2	0	1019	1	0.666666666666667	1
AfterQC	r1000000	rpoB_p.His445Tyr	missense_variant	Rifampicin(R:3.53%)	19	0	1003	0	1	1
AfterQC	r1000000	rpoB_p.Ile491Phe	missense_variant	Rifampicin(R:0.69%)	5	0	1017	0	1	1
AfterQC	r1000000	rpoB_p.Leu430Arg	missense_variant	Rifampicin(I:0.19%)	1	0	1021	0	1	1
AfterQC	r1000000	rpoB_p.Leu430Pro	missense_variant	Rifampicin(R:1.28%)	5	0	1017	0	1	1
AfterQC	r1000000	rpoB_p.Leu452Pro	missense_variant	Rifampicin(R:1.67%)	15	0	1007	0	1	1
AfterQC	r1000000	rpoB_p.Lys446Gln	missense_variant	Rifampicin(I:0.03%)	1	0	1020	1	0.5	1
AfterQC	r1000000	rpoB_p.Met434Ile	missense_variant	Rifampicin(I:0.20%)	2	0	1020	0	1	1
AfterQC	r1000000	rpoB_p.Ser428Arg	missense_variant	Rifampicin(I:0.04%)	1	0	1021	0	1	1
AfterQC	r1000000	rpoB_p.Ser428Ile	missense_variant	Rifampicin(I:0.02%)	1	0	1021	0	1	1
AfterQC	r1000000	rpoB_p.Ser441Leu	missense_variant	Rifampicin(R:0.23%)	3	0	1019	0	1	1
AfterQC	r1000000	rpoB_p.Ser450Leu	missense_variant	Rifampicin(R:64.40%)	221	0	800	1	0.995495495495496	1
AfterQC	r1000000	rpoB_p.Ser450Trp	missense_variant	Rifampicin(R:1.42%)	7	0	1015	0	1	1
AfterQC	r1000000	rpoB_p.Ser450Tyr	missense_variant	Rifampicin(R:0.05%)	2	0	1020	0	1	1
AfterQC	r1000000	rpoB_p.Thr427Ile	missense_variant	Rifampicin(I:0.03%)	0	1	1021	0	0	0
AfterQC	r1000000	rpoB_p.Val170Phe	missense_variant	Rifampicin(R:0.53%)	3	0	1019	0	1	1
AfterQC	r1000000	rpsL_p.Lys43Arg	missense_variant	Streptomycin(R:45.48%)	140	0	881	1	0.99290780141844	1
AfterQC	r1000000	rpsL_p.Lys88Arg	missense_variant	Streptomycin(R:12.35%)	26	0	996	0	1	1
AfterQC	r1000000	rpsL_p.Lys88Gln	missense_variant	Streptomycin(I:0.14%)	1	1	1020	0	1	0.5
AfterQC	r1000000	rpsL_p.Lys88Met	missense_variant	Streptomycin(R:0.30%)	1	0	1021	0	1	1
AfterQC	r1000000	rrs_n.1401A>G	non_coding_transcript_exon_variant	Amikacin(R:68.37%),Capreomycin(R:58.08%),Kanamycin(R:46.98%)	59	0	963	0	1	1
AfterQC	r1000000	rrs_n.1402C>T	non_coding_transcript_exon_variant	Amikacin(I:0.37%),Capreomycin(R:0.83%),Kanamycin(I:0.28%)	1	1	1020	0	1	0.5
AfterQC	r1000000	rrs_n.1484G>T	non_coding_transcript_exon_variant	Amikacin(R:0.69%),Capreomycin(R:0.88%),Kanamycin(R:0.65%)	0	1	1021	0	0	0
AfterQC	r1000000	rrs_n.514A>C	non_coding_transcript_exon_variant	Streptomycin(R:5.30%)	30	0	991	1	0.967741935483871	1
AfterQC	r1000000	rrs_n.517C>T	non_coding_transcript_exon_variant	Streptomycin(R:5.79%)	25	1	995	1	0.961538461538462	0.961538461538462
AfterQC	r1000000	rrs_n.878G>A	non_coding_transcript_exon_variant	Streptomycin(I:0.48%)	8	0	1014	0	1	1
AfterQC	r1000000	tlyA_LoF_frameshift	start_lost,stop_gained,frameshift_variant	Capreomycin(R:9.06%)	3	1	1018	0	1	0.75
AfterQC	r1000000	tlyA_p.Asn236Lys	missense_variant	Capreomycin(R:1.02%)	6	0	1016	0	1	1
AfterQC	r1000000	ALL	ALL	ALL	1881	24	186110	33	0.982758620689655	0.98740157480315
AfterQC	r5000	Rv0678_LoF_frameshift	start_lost,stop_gained,frameshift_variant	Bedaquiline(R:82.04%),Clofazimine(R:27.63%)	0	0	1019	3	0	1
AfterQC	r5000	Rv0678_p.Leu117Arg	missense_variant	Bedaquiline(R:0.77%),Clofazimine(I:0.59%)	0	0	1021	1	0	1
AfterQC	r5000	Rv0678_p.Met146Thr	missense_variant	Bedaquiline(I:1.06%),Clofazimine(I:0.30%)	0	0	1020	2	0	1
AfterQC	r5000	ddn_LoF_frameshift	start_lost,stop_gained,frameshift_variant	Delamanid(I:19.65%)	0	0	1021	1	0	1
AfterQC	r5000	eis_c.-10G>A	upstream_gene_variant	Kanamycin(R:6.60%)	1	0	1006	15	0.0625	1
AfterQC	r5000	eis_c.-12C>T	upstream_gene_variant	Kanamycin(R:9.14%)	1	1	1006	14	0.0666666666666667	0.5
AfterQC	r5000	eis_c.-14C>T	upstream_gene_variant	Amikacin(I:3.66%),Kanamycin(R:7.02%)	0	0	1010	12	0	1
AfterQC	r5000	eis_c.-37G>T	upstream_gene_variant	Kanamycin(R:5.13%)	0	0	1011	11	0	1
AfterQC	r5000	embB_p.Asp328Tyr	missense_variant	Ethambutol(R:0.49%)	0	0	1020	2	0	1
AfterQC	r5000	embB_p.Asp354Ala	missense_variant	Ethambutol(R:3.17%)	0	0	1006	16	0	1
AfterQC	r5000	embB_p.Gln497Arg	missense_variant	Ethambutol(R:10.54%)	0	0	1008	14	0	1
AfterQC	r5000	embB_p.Gln497Lys	missense_variant	Ethambutol(R:1.53%)	0	0	1020	2	0	1
AfterQC	r5000	embB_p.Gly406Ala	missense_variant	Ethambutol(R:3.46%)	2	0	1007	13	0.133333333333333	1
AfterQC	r5000	embB_p.Gly406Asp	missense_variant	Ethambutol(R:2.89%)	0	0	1019	3	0	1
AfterQC	r5000	embB_p.Gly406Cys	missense_variant	Ethambutol(R:0.38%)	0	0	1021	1	0	1
AfterQC	r5000	embB_p.Gly406Ser	missense_variant	Ethambutol(R:1.97%)	0	0	1017	5	0	1
AfterQC	r5000	embB_p.Met306Ile	missense_variant	Ethambutol(R:20.60%)	4	0	941	77	0.0493827160493827	1
AfterQC	r5000	embB_p.Met306Leu	missense_variant	Ethambutol(R:1.53%)	2	0	1017	3	0.4	1
AfterQC	r5000	embB_p.Met306Val	missense_variant	Ethambutol(R:34.23%)	3	0	915	104	0.0280373831775701	1
AfterQC	r5000	embB_p.Tyr319Cys	missense_variant	Ethambutol(R:0.36%)	0	0	1021	1	0	1
AfterQC	r5000	embB_p.Tyr319Ser	missense_variant	Ethambutol(R:2.15%)	0	0	1019	3	0	1
AfterQC	r5000	ethA_LoF_frameshift	start_lost,stop_gained,frameshift_variant	Ethionamide(R:49.09%)	0	0	959	63	0	1
AfterQC	r5000	ethA_p.Arg207Gly	missense_variant	Ethionamide(R:0.69%)	0	0	1021	1	0	1
AfterQC	r5000	ethA_p.Asn379Asp	missense_variant	Ethionamide(I:1.17%)	0	0	1021	1	0	1
AfterQC	r5000	ethA_p.Ser390Phe	missense_variant	Ethionamide(I:0.36%)	0	0	1021	1	0	1
AfterQC	r5000	fbiC_LoF_frameshift	start_lost,stop_gained,frameshift_variant	Delamanid(I:2.40%)	0	0	1021	1	0	1
AfterQC	r5000	fgd1_LoF_frameshift	start_lost,stop_gained,frameshift_variant	Delamanid(I:1.60%)	0	0	1021	1	0	1
AfterQC	r5000	gid_LoF_frameshift	start_lost,stop_gained,frameshift_variant	Streptomycin(R:18.20%)	0	0	968	54	0	1
AfterQC	r5000	gid_p.Ala200Glu	missense_variant	Streptomycin(R:0.13%)	0	0	1021	1	0	1
AfterQC	r5000	gid_p.Asp67His	missense_variant	Streptomycin(I:0.09%)	0	0	1021	1	0	1
AfterQC	r5000	gid_p.Gly73Ala	missense_variant	Streptomycin(I:0.32%)	0	0	1021	1	0	1
AfterQC	r5000	gid_p.Pro84Leu	missense_variant	Streptomycin(I:0.54%)	0	0	1020	2	0	1
AfterQC	r5000	gyrA_p.Ala90Val	missense_variant	Levofloxacin(R:22.44%),Moxifloxacin(R:17.99%)	1	0	989	32	0.0303030303030303	1
AfterQC	r5000	gyrA_p.Asp94Ala	missense_variant	Levofloxacin(R:7.55%),Moxifloxacin(R:6.52%)	0	0	1009	13	0	1
AfterQC	r5000	gyrA_p.Asp94Asn	missense_variant	Levofloxacin(R:6.42%),Moxifloxacin(R:7.40%)	1	0	1012	9	0.1	1
AfterQC	r5000	gyrA_p.Asp94Gly	missense_variant	Levofloxacin(R:36.42%),Moxifloxacin(R:42.28%)	1	0	982	39	0.025	1
AfterQC	r5000	gyrA_p.Asp94His	missense_variant	Levofloxacin(R:1.69%),Moxifloxacin(R:1.75%)	0	0	1019	3	0	1
AfterQC	r5000	gyrA_p.Asp94Tyr	missense_variant	Levofloxacin(R:3.92%),Moxifloxacin(R:4.27%)	0	0	1015	7	0	1
AfterQC	r5000	gyrA_p.Ser91Pro	missense_variant	Levofloxacin(R:4.69%),Moxifloxacin(R:4.37%)	0	0	1016	6	0	1
AfterQC	r5000	gyrB_p.Asn499Thr	missense_variant	Levofloxacin(R:0.53%),Moxifloxacin(I:0.57%)	0	0	1020	2	0	1
AfterQC	r5000	gyrB_p.Glu501Asp	missense_variant	Levofloxacin(I:0.77%),Moxifloxacin(R:1.52%)	0	0	1020	2	0	1
AfterQC	r5000	gyrB_p.Ser447Phe	missense_variant	Levofloxacin(I:0.36%),Moxifloxacin(I:0.17%)	0	0	1021	1	0	1
AfterQC	r5000	inhA_c.-154G>A	upstream_gene_variant	Ethionamide(I:5.93%),Isoniazid(R:3.57%)	1	0	1005	16	0.0588235294117647	1
AfterQC	r5000	inhA_c.-770T>A	upstream_gene_variant	Ethionamide(I:1.23%),Isoniazid(I:0.80%)	0	0	1007	15	0	1
AfterQC	r5000	inhA_c.-770T>C	upstream_gene_variant	Ethionamide(I:3.57%),Isoniazid(I:1.86%)	0	0	1009	13	0	1
AfterQC	r5000	inhA_c.-777C>T	upstream_gene_variant	Ethionamide(R:41.56%),Isoniazid(R:21.34%)	7	0	925	90	0.0721649484536082	1
AfterQC	r5000	inhA_c.-779G>T	upstream_gene_variant	Ethionamide(I:2.34%),Isoniazid(I:1.63%)	2	0	1010	10	0.166666666666667	1
AfterQC	r5000	inhA_p.Ser94Ala	missense_variant	Ethionamide(I:2.26%),Isoniazid(I:1.02%)	0	0	1013	9	0	1
AfterQC	r5000	katG_LoF_frameshift	start_lost,stop_gained,frameshift_variant	Isoniazid(R:2.07%)	1	0	1018	3	0.25	1
AfterQC	r5000	katG_p.Ser315Arg	missense_variant	Isoniazid(R:0.07%)	0	0	1020	2	0	1
AfterQC	r5000	katG_p.Ser315Asn	missense_variant	Isoniazid(R:0.99%)	0	0	1015	7	0	1
AfterQC	r5000	katG_p.Ser315Ile	missense_variant	Isoniazid(I:0.10%)	0	0	1021	1	0	1
AfterQC	r5000	katG_p.Ser315Thr	missense_variant	Isoniazid(R:77.81%)	12	0	726	284	0.0405405405405405	1
AfterQC	r5000	katG_p.Trp328Leu	missense_variant	Isoniazid(R:0.06%)	0	0	1021	1	0	1
AfterQC	r5000	pepQ_LoF_frameshift	start_lost,stop_gained,frameshift_variant	Bedaquiline(I:1.55%),Clofazimine(I:0.90%)	0	0	1021	1	0	1
AfterQC	r5000	pncA_LoF_frameshift	start_lost,stop_gained,frameshift_variant	Pyrazinamide(R:27.06%)	0	0	975	47	0	1
AfterQC	r5000	pncA_c.-11A>C	upstream_gene_variant	Pyrazinamide(R:0.54%)	0	0	1020	2	0	1
AfterQC	r5000	pncA_c.-11A>G	upstream_gene_variant	Pyrazinamide(R:3.20%)	0	0	1008	14	0	1
AfterQC	r5000	pncA_c.-12T>C	upstream_gene_variant	Pyrazinamide(R:0.16%)	0	0	1021	1	0	1
AfterQC	r5000	pncA_p.Ala102Thr	missense_variant	Pyrazinamide(I:0.05%)	0	0	1021	1	0	1
AfterQC	r5000	pncA_p.Ala143Gly	missense_variant	Pyrazinamide(I:0.07%)	0	0	1021	1	0	1
AfterQC	r5000	pncA_p.Ala146Thr	missense_variant	Pyrazinamide(R:0.34%)	0	0	1021	1	0	1
AfterQC	r5000	pncA_p.Ala146Val	missense_variant	Pyrazinamide(R:0.48%)	0	0	1021	1	0	1
AfterQC	r5000	pncA_p.Ala3Glu	missense_variant	Pyrazinamide(I:0.07%)	0	0	1020	2	0	1
AfterQC	r5000	pncA_p.Ala46Val	missense_variant	Pyrazinamide(I:0.09%)	0	0	1021	1	0	1
AfterQC	r5000	pncA_p.Arg140Pro	missense_variant	Pyrazinamide(I:0.11%)	0	0	1021	1	0	1
AfterQC	r5000	pncA_p.Arg154Gly	missense_variant	Pyrazinamide(R:0.39%)	0	0	1014	8	0	1
AfterQC	r5000	pncA_p.Asp12Ala	missense_variant	Pyrazinamide(R:0.41%)	0	0	1020	2	0	1
AfterQC	r5000	pncA_p.Asp12Asn	missense_variant	Pyrazinamide(I:0.14%)	0	0	1021	1	0	1
AfterQC	r5000	pncA_p.Asp12Glu	missense_variant	Pyrazinamide(R:0.14%)	0	0	1021	1	0	1
AfterQC	r5000	pncA_p.Asp136Gly	missense_variant	Pyrazinamide(R:0.41%)	0	0	1021	1	0	1
AfterQC	r5000	pncA_p.Asp49Asn	missense_variant	Pyrazinamide(I:0.11%)	0	0	1020	2	0	1
AfterQC	r5000	pncA_p.Asp49Gly	missense_variant	Pyrazinamide(R:0.98%)	0	0	1021	1	0	1
AfterQC	r5000	pncA_p.Asp8Gly	missense_variant	Pyrazinamide(R:0.50%)	0	0	1021	1	0	1
AfterQC	r5000	pncA_p.Cys138Arg	missense_variant	Pyrazinamide(R:0.20%)	0	0	1020	2	0	1
AfterQC	r5000	pncA_p.Cys14Arg	missense_variant	Pyrazinamide(R:0.95%)	0	0	1021	1	0	1
AfterQC	r5000	pncA_p.Cys14Trp	missense_variant	Pyrazinamide(I:0.05%)	0	0	1021	1	0	1
AfterQC	r5000	pncA_p.Gln10Pro	missense_variant	Pyrazinamide(R:1.59%)	1	0	1016	5	0.166666666666667	1
AfterQC	r5000	pncA_p.Gln141Pro	missense_variant	Pyrazinamide(R:1.70%)	0	0	1021	1	0	1
AfterQC	r5000	pncA_p.Gly108Glu	missense_variant	Pyrazinamide(I:0.09%)	0	0	1021	1	0	1
AfterQC	r5000	pncA_p.Gly132Ala	missense_variant	Pyrazinamide(R:1.29%)	0	0	1021	1	0	1
AfterQC	r5000	pncA_p.Gly132Ser	missense_variant	Pyrazinamide(R:0.20%)	0	0	1021	1	0	1
AfterQC	r5000	pncA_p.Gly17Asp	missense_variant	Pyrazinamide(I:0.09%)	0	0	1021	1	0	1
AfterQC	r5000	pncA_p.Gly78Ser	missense_variant	Pyrazinamide(I:0.07%)	0	0	1021	1	0	1
AfterQC	r5000	pncA_p.Gly97Asp	missense_variant	Pyrazinamide(R:1.04%)	1	0	1020	1	0.5	1
AfterQC	r5000	pncA_p.Gly97Cys	missense_variant	Pyrazinamide(R:0.43%)	0	0	1021	1	0	1
AfterQC	r5000	pncA_p.Gly97Ser	missense_variant	Pyrazinamide(R:0.29%)	0	0	1018	4	0	1
AfterQC	r5000	pncA_p.Gly97Val	missense_variant	Pyrazinamide(I:0.07%)	0	0	1021	1	0	1
AfterQC	r5000	pncA_p.His43Pro	missense_variant	Pyrazinamide(I:0.07%)	0	0	1021	1	0	1
AfterQC	r5000	pncA_p.His51Arg	missense_variant	Pyrazinamide(R:1.86%)	0	0	1020	2	0	1
AfterQC	r5000	pncA_p.His51Asp	missense_variant	Pyrazinamide(R:1.09%)	0	0	1019	3	0	1
AfterQC	r5000	pncA_p.His51Pro	missense_variant	Pyrazinamide(R:0.18%)	0	0	1021	1	0	1
AfterQC	r5000	pncA_p.His51Tyr	missense_variant	Pyrazinamide(R:0.11%)	0	0	1021	1	0	1
AfterQC	r5000	pncA_p.His57Asp	missense_variant	Pyrazinamide(R:3.77%)	0	0	1017	5	0	1
AfterQC	r5000	pncA_p.His71Arg	missense_variant	Pyrazinamide(R:0.86%)	0	0	1021	1	0	1
AfterQC	r5000	pncA_p.His82Arg	missense_variant	Pyrazinamide(R:0.11%)	0	0	1021	1	0	1
AfterQC	r5000	pncA_p.Ile133Thr	missense_variant	Pyrazinamide(R:0.66%)	0	0	1019	3	0	1
AfterQC	r5000	pncA_p.Leu120Pro	missense_variant	Pyrazinamide(R:0.64%)	0	0	1018	4	0	1
AfterQC	r5000	pncA_p.Leu151Ser	missense_variant	Pyrazinamide(R:0.43%)	0	0	1017	5	0	1
AfterQC	r5000	pncA_p.Leu4Ser	missense_variant	Pyrazinamide(R:0.95%)	0	0	1021	1	0	1
AfterQC	r5000	pncA_p.Leu4Trp	missense_variant	Pyrazinamide(R:0.34%)	0	0	1020	2	0	1
AfterQC	r5000	pncA_p.Lys48Thr	missense_variant	Pyrazinamide(I:0.45%)	0	0	1020	2	0	1
AfterQC	r5000	pncA_p.Lys96Arg	missense_variant	Pyrazinamide(R:0.23%)	0	0	1021	1	0	1
AfterQC	r5000	pncA_p.Lys96Asn	missense_variant	Pyrazinamide(I:0.09%)	0	0	1021	1	0	1
AfterQC	r5000	pncA_p.Lys96Gln	missense_variant	Pyrazinamide(R:0.11%)	0	0	1021	1	0	1
AfterQC	r5000	pncA_p.Lys96Glu	missense_variant	Pyrazinamide(R:0.23%)	0	0	1021	1	0	1
AfterQC	r5000	pncA_p.Met175Arg	missense_variant	Pyrazinamide(R:0.23%)	0	0	1021	1	0	1
AfterQC	r5000	pncA_p.Met175Ile	missense_variant	Pyrazinamide(I:0.09%)	0	0	1021	1	0	1
AfterQC	r5000	pncA_p.Met175Thr	missense_variant	Pyrazinamide(I:0.11%)	0	0	1021	1	0	1
AfterQC	r5000	pncA_p.Met175Val	missense_variant	Pyrazinamide(R:0.27%)	0	0	1021	1	0	1
AfterQC	r5000	pncA_p.Phe106Ser	missense_variant	Pyrazinamide(I:0.07%)	0	0	1021	1	0	1
AfterQC	r5000	pncA_p.Phe13Leu	missense_variant	Pyrazinamide(I:0.11%)	0	0	1021	1	0	1
AfterQC	r5000	pncA_p.Phe13Ser	missense_variant	Pyrazinamide(R:0.11%)	0	0	1021	1	0	1
AfterQC	r5000	pncA_p.Phe58Leu	missense_variant	Pyrazinamide(R:0.29%)	0	0	1020	2	0	1
AfterQC	r5000	pncA_p.Phe58Ser	missense_variant	Pyrazinamide(I:0.05%)	0	0	1021	1	0	1
AfterQC	r5000	pncA_p.Pro54Gln	missense_variant	Pyrazinamide(I:0.07%)	0	0	1020	2	0	1
AfterQC	r5000	pncA_p.Pro54Leu	missense_variant	Pyrazinamide(R:0.73%)	0	0	1020	2	0	1
AfterQC	r5000	pncA_p.Pro54Thr	missense_variant	Pyrazinamide(I:0.05%)	0	0	1022	0	0	1
AfterQC	r5000	pncA_p.Pro62Leu	missense_variant	Pyrazinamide(R:0.23%)	0	0	1022	0	0	1
AfterQC	r5000	pncA_p.Pro62Ser	missense_variant	Pyrazinamide(I:0.07%)	0	0	1020	2	0	1
AfterQC	r5000	pncA_p.Ser59Pro	missense_variant	Pyrazinamide(R:0.54%)	0	0	1020	2	0	1
AfterQC	r5000	pncA_p.Thr135Pro	missense_variant	Pyrazinamide(R:0.98%)	0	0	1021	1	0	1
AfterQC	r5000	pncA_p.Thr142Lys	missense_variant	Pyrazinamide(I:0.05%)	0	0	1020	2	0	1
AfterQC	r5000	pncA_p.Thr47Ala	missense_variant	Pyrazinamide(R:0.39%)	0	0	1021	1	0	1
AfterQC	r5000	pncA_p.Thr61Pro	missense_variant	Pyrazinamide(I:0.09%)	0	0	1021	1	0	1
AfterQC	r5000	pncA_p.Thr76Ile	missense_variant	Pyrazinamide(R:0.18%)	0	0	1021	1	0	1
AfterQC	r5000	pncA_p.Trp119Arg	missense_variant	Pyrazinamide(I:0.11%)	0	0	1021	1	0	1
AfterQC	r5000	pncA_p.Trp119Gly	missense_variant	Pyrazinamide(I:0.11%)	0	0	1022	0	0	1
AfterQC	r5000	pncA_p.Trp68Arg	missense_variant	Pyrazinamide(R:0.41%)	0	0	1020	2	0	1
AfterQC	r5000	pncA_p.Trp68Cys	missense_variant	Pyrazinamide(R:0.45%)	0	0	1017	5	0	1
AfterQC	r5000	pncA_p.Trp68Gly	missense_variant	Pyrazinamide(R:0.73%)	0	0	1015	7	0	1
AfterQC	r5000	pncA_p.Tyr103Cys	missense_variant	Pyrazinamide(R:0.20%)	0	0	1020	2	0	1
AfterQC	r5000	pncA_p.Tyr34Asp	missense_variant	Pyrazinamide(R:0.41%)	0	0	1020	2	0	1
AfterQC	r5000	pncA_p.Val130Gly	missense_variant	Pyrazinamide(I:0.07%)	0	0	1021	1	0	1
AfterQC	r5000	pncA_p.Val139Ala	missense_variant	Pyrazinamide(R:1.34%)	0	0	1018	4	0	1
AfterQC	r5000	pncA_p.Val139Met	missense_variant	Pyrazinamide(R:0.18%)	0	0	1021	1	0	1
AfterQC	r5000	pncA_p.Val163Ala	missense_variant	Pyrazinamide(I:0.07%)	0	0	1021	1	0	1
AfterQC	r5000	pncA_p.Val180Ala	missense_variant	Pyrazinamide(R:0.23%)	0	0	1021	1	0	1
AfterQC	r5000	pncA_p.Val180Gly	missense_variant	Pyrazinamide(R:0.20%)	0	0	1020	2	0	1
AfterQC	r5000	pncA_p.Val7Gly	missense_variant	Pyrazinamide(R:0.77%)	0	0	1020	2	0	1
AfterQC	r5000	pncA_p.Val7Leu	missense_variant	Pyrazinamide(R:0.18%)	0	0	1021	1	0	1
AfterQC	r5000	pncA_p.Val93Leu	missense_variant	Pyrazinamide(I:0.11%)	0	0	1021	1	0	1
AfterQC	r5000	rplC_p.Cys154Arg	missense_variant	Linezolid(R:27.35%)	0	0	1021	1	0	1
AfterQC	r5000	rpoB_RRDR_indel	inframe,frameshift_variant	Rifampicin(R:0.68%)	0	0	1017	5	0	1
AfterQC	r5000	rpoB_p.Asp435Ala	missense_variant	Rifampicin(I:0.07%)	0	0	1020	2	0	1
AfterQC	r5000	rpoB_p.Asp435Glu	missense_variant	Rifampicin(I:0.12%)	0	0	1021	1	0	1
AfterQC	r5000	rpoB_p.Asp435Gly	missense_variant	Rifampicin(I:0.88%)	2	0	1013	7	0.222222222222222	1
AfterQC	r5000	rpoB_p.Asp435Tyr	missense_variant	Rifampicin(R:2.03%)	1	0	1012	9	0.1	1
AfterQC	r5000	rpoB_p.Asp435Val	missense_variant	Rifampicin(R:6.86%)	3	0	1003	16	0.157894736842105	1
AfterQC	r5000	rpoB_p.Gln432Leu	missense_variant	Rifampicin(R:0.17%)	0	0	1021	1	0	1
AfterQC	r5000	rpoB_p.Gln432Pro	missense_variant	Rifampicin(R:0.41%)	0	0	1019	3	0	1
AfterQC	r5000	rpoB_p.His445Arg	missense_variant	Rifampicin(R:0.81%)	0	0	1014	8	0	1
AfterQC	r5000	rpoB_p.His445Asn	missense_variant	Rifampicin(R:0.75%)	0	0	1021	1	0	1
AfterQC	r5000	rpoB_p.His445Asp	missense_variant	Rifampicin(R:3.62%)	0	0	1014	8	0	1
AfterQC	r5000	rpoB_p.His445Gln	missense_variant	Rifampicin(I:0.12%)	0	0	1021	1	0	1
AfterQC	r5000	rpoB_p.His445Leu	missense_variant	Rifampicin(R:1.29%)	0	0	1012	10	0	1
AfterQC	r5000	rpoB_p.His445Pro	missense_variant	Rifampicin(I:0.05%)	0	0	1019	3	0	1
AfterQC	r5000	rpoB_p.His445Tyr	missense_variant	Rifampicin(R:3.53%)	0	0	1003	19	0	1
AfterQC	r5000	rpoB_p.Ile491Phe	missense_variant	Rifampicin(R:0.69%)	0	0	1017	5	0	1
AfterQC	r5000	rpoB_p.Leu430Arg	missense_variant	Rifampicin(I:0.19%)	0	0	1021	1	0	1
AfterQC	r5000	rpoB_p.Leu430Pro	missense_variant	Rifampicin(R:1.28%)	1	0	1017	4	0.2	1
AfterQC	r5000	rpoB_p.Leu452Pro	missense_variant	Rifampicin(R:1.67%)	0	0	1007	15	0	1
AfterQC	r5000	rpoB_p.Lys446Gln	missense_variant	Rifampicin(I:0.03%)	0	0	1020	2	0	1
AfterQC	r5000	rpoB_p.Met434Ile	missense_variant	Rifampicin(I:0.20%)	0	0	1020	2	0	1
AfterQC	r5000	rpoB_p.Ser428Arg	missense_variant	Rifampicin(I:0.04%)	0	0	1021	1	0	1
AfterQC	r5000	rpoB_p.Ser428Ile	missense_variant	Rifampicin(I:0.02%)	0	0	1021	1	0	1
AfterQC	r5000	rpoB_p.Ser441Leu	missense_variant	Rifampicin(R:0.23%)	0	0	1019	3	0	1
AfterQC	r5000	rpoB_p.Ser450Leu	missense_variant	Rifampicin(R:64.40%)	8	0	800	214	0.036036036036036	1
AfterQC	r5000	rpoB_p.Ser450Trp	missense_variant	Rifampicin(R:1.42%)	1	0	1015	6	0.142857142857143	1
AfterQC	r5000	rpoB_p.Ser450Tyr	missense_variant	Rifampicin(R:0.05%)	0	0	1020	2	0	1
AfterQC	r5000	rpoB_p.Thr427Ile	missense_variant	Rifampicin(I:0.03%)	0	0	1022	0	0	1
AfterQC	r5000	rpoB_p.Val170Phe	missense_variant	Rifampicin(R:0.53%)	0	0	1019	3	0	1
AfterQC	r5000	rpsL_p.Lys43Arg	missense_variant	Streptomycin(R:45.48%)	7	0	881	134	0.049645390070922	1
AfterQC	r5000	rpsL_p.Lys88Arg	missense_variant	Streptomycin(R:12.35%)	1	0	996	25	0.0384615384615385	1
AfterQC	r5000	rpsL_p.Lys88Gln	missense_variant	Streptomycin(I:0.14%)	0	0	1021	1	0	1
AfterQC	r5000	rpsL_p.Lys88Met	missense_variant	Streptomycin(R:0.30%)	0	0	1021	1	0	1
AfterQC	r5000	rrs_n.1401A>G	non_coding_transcript_exon_variant	Amikacin(R:68.37%),Capreomycin(R:58.08%),Kanamycin(R:46.98%)	1	0	963	58	0.0169491525423729	1
AfterQC	r5000	rrs_n.1402C>T	non_coding_transcript_exon_variant	Amikacin(I:0.37%),Capreomycin(R:0.83%),Kanamycin(I:0.28%)	0	0	1021	1	0	1
AfterQC	r5000	rrs_n.1484G>T	non_coding_transcript_exon_variant	Amikacin(R:0.69%),Capreomycin(R:0.88%),Kanamycin(R:0.65%)	0	0	1022	0	0	1
AfterQC	r5000	rrs_n.514A>C	non_coding_transcript_exon_variant	Streptomycin(R:5.30%)	1	0	991	30	0.032258064516129	1
AfterQC	r5000	rrs_n.517C>T	non_coding_transcript_exon_variant	Streptomycin(R:5.79%)	2	0	996	24	0.0769230769230769	1
AfterQC	r5000	rrs_n.878G>A	non_coding_transcript_exon_variant	Streptomycin(I:0.48%)	2	0	1014	6	0.25	1
AfterQC	r5000	tlyA_LoF_frameshift	start_lost,stop_gained,frameshift_variant	Capreomycin(R:9.06%)	0	0	1019	3	0	1
AfterQC	r5000	tlyA_p.Asn236Lys	missense_variant	Capreomycin(R:1.02%)	0	0	1016	6	0	1
AfterQC	r5000	ALL	ALL	ALL	71	1	186133	1843	0.0370950888192267	0.986111111111111
AfterQC	r50000	Rv0678_LoF_frameshift	start_lost,stop_gained,frameshift_variant	Bedaquiline(R:82.04%),Clofazimine(R:27.63%)	1	0	1019	2	0.333333333333333	1
AfterQC	r50000	Rv0678_p.Leu117Arg	missense_variant	Bedaquiline(R:0.77%),Clofazimine(I:0.59%)	0	0	1021	1	0	1
AfterQC	r50000	Rv0678_p.Met146Thr	missense_variant	Bedaquiline(I:1.06%),Clofazimine(I:0.30%)	1	0	1020	1	0.5	1
AfterQC	r50000	ddn_LoF_frameshift	start_lost,stop_gained,frameshift_variant	Delamanid(I:19.65%)	1	0	1021	0	1	1
AfterQC	r50000	eis_c.-10G>A	upstream_gene_variant	Kanamycin(R:6.60%)	4	0	1006	12	0.25	1
AfterQC	r50000	eis_c.-12C>T	upstream_gene_variant	Kanamycin(R:9.14%)	5	1	1006	10	0.333333333333333	0.833333333333333
AfterQC	r50000	eis_c.-14C>T	upstream_gene_variant	Amikacin(I:3.66%),Kanamycin(R:7.02%)	6	0	1010	6	0.5	1
AfterQC	r50000	eis_c.-37G>T	upstream_gene_variant	Kanamycin(R:5.13%)	2	0	1011	9	0.181818181818182	1
AfterQC	r50000	embB_p.Asp328Tyr	missense_variant	Ethambutol(R:0.49%)	0	0	1020	2	0	1
AfterQC	r50000	embB_p.Asp354Ala	missense_variant	Ethambutol(R:3.17%)	7	0	1006	9	0.4375	1
AfterQC	r50000	embB_p.Gln497Arg	missense_variant	Ethambutol(R:10.54%)	3	0	1008	11	0.214285714285714	1
AfterQC	r50000	embB_p.Gln497Lys	missense_variant	Ethambutol(R:1.53%)	0	0	1020	2	0	1
AfterQC	r50000	embB_p.Gly406Ala	missense_variant	Ethambutol(R:3.46%)	6	0	1007	9	0.4	1
AfterQC	r50000	embB_p.Gly406Asp	missense_variant	Ethambutol(R:2.89%)	2	0	1019	1	0.666666666666667	1
AfterQC	r50000	embB_p.Gly406Cys	missense_variant	Ethambutol(R:0.38%)	0	0	1021	1	0	1
AfterQC	r50000	embB_p.Gly406Ser	missense_variant	Ethambutol(R:1.97%)	3	0	1017	2	0.6	1
AfterQC	r50000	embB_p.Met306Ile	missense_variant	Ethambutol(R:20.60%)	38	0	941	43	0.469135802469136	1
AfterQC	r50000	embB_p.Met306Leu	missense_variant	Ethambutol(R:1.53%)	2	1	1016	3	0.4	0.666666666666667
AfterQC	r50000	embB_p.Met306Val	missense_variant	Ethambutol(R:34.23%)	33	1	914	74	0.308411214953271	0.970588235294118
AfterQC	r50000	embB_p.Tyr319Cys	missense_variant	Ethambutol(R:0.36%)	0	0	1021	1	0	1
AfterQC	r50000	embB_p.Tyr319Ser	missense_variant	Ethambutol(R:2.15%)	0	0	1019	3	0	1
AfterQC	r50000	ethA_LoF_frameshift	start_lost,stop_gained,frameshift_variant	Ethionamide(R:49.09%)	2	0	959	61	0.0317460317460317	1
AfterQC	r50000	ethA_p.Arg207Gly	missense_variant	Ethionamide(R:0.69%)	0	0	1021	1	0	1
AfterQC	r50000	ethA_p.Asn379Asp	missense_variant	Ethionamide(I:1.17%)	0	0	1021	1	0	1
AfterQC	r50000	ethA_p.Ser390Phe	missense_variant	Ethionamide(I:0.36%)	0	0	1021	1	0	1
AfterQC	r50000	fbiC_LoF_frameshift	start_lost,stop_gained,frameshift_variant	Delamanid(I:2.40%)	0	0	1021	1	0	1
AfterQC	r50000	fgd1_LoF_frameshift	start_lost,stop_gained,frameshift_variant	Delamanid(I:1.60%)	0	0	1021	1	0	1
AfterQC	r50000	gid_LoF_frameshift	start_lost,stop_gained,frameshift_variant	Streptomycin(R:18.20%)	4	0	968	50	0.0740740740740741	1
AfterQC	r50000	gid_p.Ala200Glu	missense_variant	Streptomycin(R:0.13%)	1	0	1021	0	1	1
AfterQC	r50000	gid_p.Asp67His	missense_variant	Streptomycin(I:0.09%)	0	0	1021	1	0	1
AfterQC	r50000	gid_p.Gly73Ala	missense_variant	Streptomycin(I:0.32%)	0	0	1021	1	0	1
AfterQC	r50000	gid_p.Pro84Leu	missense_variant	Streptomycin(I:0.54%)	0	0	1020	2	0	1
AfterQC	r50000	gyrA_p.Ala90Val	missense_variant	Levofloxacin(R:22.44%),Moxifloxacin(R:17.99%)	10	0	989	23	0.303030303030303	1
AfterQC	r50000	gyrA_p.Asp94Ala	missense_variant	Levofloxacin(R:7.55%),Moxifloxacin(R:6.52%)	1	0	1009	12	0.0769230769230769	1
AfterQC	r50000	gyrA_p.Asp94Asn	missense_variant	Levofloxacin(R:6.42%),Moxifloxacin(R:7.40%)	4	0	1012	6	0.4	1
AfterQC	r50000	gyrA_p.Asp94Gly	missense_variant	Levofloxacin(R:36.42%),Moxifloxacin(R:42.28%)	17	0	982	23	0.425	1
AfterQC	r50000	gyrA_p.Asp94His	missense_variant	Levofloxacin(R:1.69%),Moxifloxacin(R:1.75%)	1	0	1019	2	0.333333333333333	1
AfterQC	r50000	gyrA_p.Asp94Tyr	missense_variant	Levofloxacin(R:3.92%),Moxifloxacin(R:4.27%)	3	0	1015	4	0.428571428571429	1
AfterQC	r50000	gyrA_p.Ser91Pro	missense_variant	Levofloxacin(R:4.69%),Moxifloxacin(R:4.37%)	3	0	1016	3	0.5	1
AfterQC	r50000	gyrB_p.Asn499Thr	missense_variant	Levofloxacin(R:0.53%),Moxifloxacin(I:0.57%)	0	0	1020	2	0	1
AfterQC	r50000	gyrB_p.Glu501Asp	missense_variant	Levofloxacin(I:0.77%),Moxifloxacin(R:1.52%)	0	0	1020	2	0	1
AfterQC	r50000	gyrB_p.Ser447Phe	missense_variant	Levofloxacin(I:0.36%),Moxifloxacin(I:0.17%)	0	0	1021	1	0	1
AfterQC	r50000	inhA_c.-154G>A	upstream_gene_variant	Ethionamide(I:5.93%),Isoniazid(R:3.57%)	5	0	1005	12	0.294117647058824	1
AfterQC	r50000	inhA_c.-770T>A	upstream_gene_variant	Ethionamide(I:1.23%),Isoniazid(I:0.80%)	5	0	1007	10	0.333333333333333	1
AfterQC	r50000	inhA_c.-770T>C	upstream_gene_variant	Ethionamide(I:3.57%),Isoniazid(I:1.86%)	2	0	1009	11	0.153846153846154	1
AfterQC	r50000	inhA_c.-777C>T	upstream_gene_variant	Ethionamide(R:41.56%),Isoniazid(R:21.34%)	39	0	925	58	0.402061855670103	1
AfterQC	r50000	inhA_c.-779G>T	upstream_gene_variant	Ethionamide(I:2.34%),Isoniazid(I:1.63%)	5	0	1010	7	0.416666666666667	1
AfterQC	r50000	inhA_p.Ser94Ala	missense_variant	Ethionamide(I:2.26%),Isoniazid(I:1.02%)	2	0	1013	7	0.222222222222222	1
AfterQC	r50000	katG_LoF_frameshift	start_lost,stop_gained,frameshift_variant	Isoniazid(R:2.07%)	1	0	1018	3	0.25	1
AfterQC	r50000	katG_p.Ser315Arg	missense_variant	Isoniazid(R:0.07%)	0	0	1020	2	0	1
AfterQC	r50000	katG_p.Ser315Asn	missense_variant	Isoniazid(R:0.99%)	0	0	1015	7	0	1
AfterQC	r50000	katG_p.Ser315Ile	missense_variant	Isoniazid(I:0.10%)	0	0	1021	1	0	1
AfterQC	r50000	katG_p.Ser315Thr	missense_variant	Isoniazid(R:77.81%)	92	0	726	204	0.310810810810811	1
AfterQC	r50000	katG_p.Trp328Leu	missense_variant	Isoniazid(R:0.06%)	0	0	1021	1	0	1
AfterQC	r50000	pepQ_LoF_frameshift	start_lost,stop_gained,frameshift_variant	Bedaquiline(I:1.55%),Clofazimine(I:0.90%)	0	0	1021	1	0	1
AfterQC	r50000	pncA_LoF_frameshift	start_lost,stop_gained,frameshift_variant	Pyrazinamide(R:27.06%)	4	0	975	43	0.0851063829787234	1
AfterQC	r50000	pncA_c.-11A>C	upstream_gene_variant	Pyrazinamide(R:0.54%)	1	0	1020	1	0.5	1
AfterQC	r50000	pncA_c.-11A>G	upstream_gene_variant	Pyrazinamide(R:3.20%)	1	0	1008	13	0.0714285714285714	1
AfterQC	r50000	pncA_c.-12T>C	upstream_gene_variant	Pyrazinamide(R:0.16%)	0	0	1021	1	0	1
AfterQC	r50000	pncA_p.Ala102Thr	missense_variant	Pyrazinamide(I:0.05%)	0	0	1021	1	0	1
AfterQC	r50000	pncA_p.Ala143Gly	missense_variant	Pyrazinamide(I:0.07%)	0	0	1021	1	0	1
AfterQC	r50000	pncA_p.Ala146Thr	missense_variant	Pyrazinamide(R:0.34%)	1	0	1021	0	1	1
AfterQC	r50000	pncA_p.Ala146Val	missense_variant	Pyrazinamide(R:0.48%)	0	0	1021	1	0	1
AfterQC	r50000	pncA_p.Ala3Glu	missense_variant	Pyrazinamide(I:0.07%)	1	0	1020	1	0.5	1
AfterQC	r50000	pncA_p.Ala46Val	missense_variant	Pyrazinamide(I:0.09%)	0	0	1021	1	0	1
AfterQC	r50000	pncA_p.Arg140Pro	missense_variant	Pyrazinamide(I:0.11%)	0	0	1021	1	0	1
AfterQC	r50000	pncA_p.Arg154Gly	missense_variant	Pyrazinamide(R:0.39%)	4	0	1014	4	0.5	1
AfterQC	r50000	pncA_p.Asp12Ala	missense_variant	Pyrazinamide(R:0.41%)	0	0	1020	2	0	1
AfterQC	r50000	pncA_p.Asp12Asn	missense_variant	Pyrazinamide(I:0.14%)	0	0	1021	1	0	1
AfterQC	r50000	pncA_p.Asp12Glu	missense_variant	Pyrazinamide(R:0.14%)	0	0	1021	1	0	1
AfterQC	r50000	pncA_p.Asp136Gly	missense_variant	Pyrazinamide(R:0.41%)	0	0	1021	1	0	1
AfterQC	r50000	pncA_p.Asp49Asn	missense_variant	Pyrazinamide(I:0.11%)	0	0	1020	2	0	1
AfterQC	r50000	pncA_p.Asp49Gly	missense_variant	Pyrazinamide(R:0.98%)	0	0	1021	1	0	1
AfterQC	r50000	pncA_p.Asp8Gly	missense_variant	Pyrazinamide(R:0.50%)	0	0	1021	1	0	1
AfterQC	r50000	pncA_p.Cys138Arg	missense_variant	Pyrazinamide(R:0.20%)	1	0	1020	1	0.5	1
AfterQC	r50000	pncA_p.Cys14Arg	missense_variant	Pyrazinamide(R:0.95%)	0	0	1021	1	0	1
AfterQC	r50000	pncA_p.Cys14Trp	missense_variant	Pyrazinamide(I:0.05%)	0	0	1021	1	0	1
AfterQC	r50000	pncA_p.Gln10Pro	missense_variant	Pyrazinamide(R:1.59%)	4	0	1016	2	0.666666666666667	1
AfterQC	r50000	pncA_p.Gln141Pro	missense_variant	Pyrazinamide(R:1.70%)	0	0	1021	1	0	1
AfterQC	r50000	pncA_p.Gly108Glu	missense_variant	Pyrazinamide(I:0.09%)	0	0	1021	1	0	1
AfterQC	r50000	pncA_p.Gly132Ala	missense_variant	Pyrazinamide(R:1.29%)	0	0	1021	1	0	1
AfterQC	r50000	pncA_p.Gly132Ser	missense_variant	Pyrazinamide(R:0.20%)	0	0	1021	1	0	1
AfterQC	r50000	pncA_p.Gly17Asp	missense_variant	Pyrazinamide(I:0.09%)	0	0	1021	1	0	1
AfterQC	r50000	pncA_p.Gly78Ser	missense_variant	Pyrazinamide(I:0.07%)	0	0	1021	1	0	1
AfterQC	r50000	pncA_p.Gly97Asp	missense_variant	Pyrazinamide(R:1.04%)	2	0	1020	0	1	1
AfterQC	r50000	pncA_p.Gly97Cys	missense_variant	Pyrazinamide(R:0.43%)	0	0	1021	1	0	1
AfterQC	r50000	pncA_p.Gly97Ser	missense_variant	Pyrazinamide(R:0.29%)	1	0	1018	3	0.25	1
AfterQC	r50000	pncA_p.Gly97Val	missense_variant	Pyrazinamide(I:0.07%)	0	0	1021	1	0	1
AfterQC	r50000	pncA_p.His43Pro	missense_variant	Pyrazinamide(I:0.07%)	0	0	1021	1	0	1
AfterQC	r50000	pncA_p.His51Arg	missense_variant	Pyrazinamide(R:1.86%)	1	0	1020	1	0.5	1
AfterQC	r50000	pncA_p.His51Asp	missense_variant	Pyrazinamide(R:1.09%)	0	0	1019	3	0	1
AfterQC	r50000	pncA_p.His51Pro	missense_variant	Pyrazinamide(R:0.18%)	0	0	1021	1	0	1
AfterQC	r50000	pncA_p.His51Tyr	missense_variant	Pyrazinamide(R:0.11%)	0	0	1021	1	0	1
AfterQC	r50000	pncA_p.His57Asp	missense_variant	Pyrazinamide(R:3.77%)	3	0	1017	2	0.6	1
AfterQC	r50000	pncA_p.His71Arg	missense_variant	Pyrazinamide(R:0.86%)	1	0	1021	0	1	1
AfterQC	r50000	pncA_p.His82Arg	missense_variant	Pyrazinamide(R:0.11%)	0	0	1021	1	0	1
AfterQC	r50000	pncA_p.Ile133Thr	missense_variant	Pyrazinamide(R:0.66%)	2	0	1019	1	0.666666666666667	1
AfterQC	r50000	pncA_p.Leu120Pro	missense_variant	Pyrazinamide(R:0.64%)	1	0	1018	3	0.25	1
AfterQC	r50000	pncA_p.Leu151Ser	missense_variant	Pyrazinamide(R:0.43%)	1	0	1017	4	0.2	1
AfterQC	r50000	pncA_p.Leu4Ser	missense_variant	Pyrazinamide(R:0.95%)	0	0	1021	1	0	1
AfterQC	r50000	pncA_p.Leu4Trp	missense_variant	Pyrazinamide(R:0.34%)	0	0	1020	2	0	1
AfterQC	r50000	pncA_p.Lys48Thr	missense_variant	Pyrazinamide(I:0.45%)	1	0	1020	1	0.5	1
AfterQC	r50000	pncA_p.Lys96Arg	missense_variant	Pyrazinamide(R:0.23%)	1	0	1021	0	1	1
AfterQC	r50000	pncA_p.Lys96Asn	missense_variant	Pyrazinamide(I:0.09%)	0	0	1021	1	0	1
AfterQC	r50000	pncA_p.Lys96Gln	missense_variant	Pyrazinamide(R:0.11%)	0	0	1021	1	0	1
AfterQC	r50000	pncA_p.Lys96Glu	missense_variant	Pyrazinamide(R:0.23%)	0	0	1021	1	0	1
AfterQC	r50000	pncA_p.Met175Arg	missense_variant	Pyrazinamide(R:0.23%)	0	0	1021	1	0	1
AfterQC	r50000	pncA_p.Met175Ile	missense_variant	Pyrazinamide(I:0.09%)	0	0	1021	1	0	1
AfterQC	r50000	pncA_p.Met175Thr	missense_variant	Pyrazinamide(I:0.11%)	0	0	1021	1	0	1
AfterQC	r50000	pncA_p.Met175Val	missense_variant	Pyrazinamide(R:0.27%)	0	0	1021	1	0	1
AfterQC	r50000	pncA_p.Phe106Ser	missense_variant	Pyrazinamide(I:0.07%)	1	0	1021	0	1	1
AfterQC	r50000	pncA_p.Phe13Leu	missense_variant	Pyrazinamide(I:0.11%)	0	0	1021	1	0	1
AfterQC	r50000	pncA_p.Phe13Ser	missense_variant	Pyrazinamide(R:0.11%)	0	0	1021	1	0	1
AfterQC	r50000	pncA_p.Phe58Leu	missense_variant	Pyrazinamide(R:0.29%)	0	0	1020	2	0	1
AfterQC	r50000	pncA_p.Phe58Ser	missense_variant	Pyrazinamide(I:0.05%)	0	0	1021	1	0	1
AfterQC	r50000	pncA_p.Pro54Gln	missense_variant	Pyrazinamide(I:0.07%)	0	0	1020	2	0	1
AfterQC	r50000	pncA_p.Pro54Leu	missense_variant	Pyrazinamide(R:0.73%)	0	0	1020	2	0	1
AfterQC	r50000	pncA_p.Pro54Thr	missense_variant	Pyrazinamide(I:0.05%)	0	0	1022	0	0	1
AfterQC	r50000	pncA_p.Pro62Leu	missense_variant	Pyrazinamide(R:0.23%)	0	0	1022	0	0	1
AfterQC	r50000	pncA_p.Pro62Ser	missense_variant	Pyrazinamide(I:0.07%)	0	0	1020	2	0	1
AfterQC	r50000	pncA_p.Ser59Pro	missense_variant	Pyrazinamide(R:0.54%)	0	0	1020	2	0	1
AfterQC	r50000	pncA_p.Thr135Pro	missense_variant	Pyrazinamide(R:0.98%)	0	0	1021	1	0	1
AfterQC	r50000	pncA_p.Thr142Lys	missense_variant	Pyrazinamide(I:0.05%)	0	0	1020	2	0	1
AfterQC	r50000	pncA_p.Thr47Ala	missense_variant	Pyrazinamide(R:0.39%)	0	0	1021	1	0	1
AfterQC	r50000	pncA_p.Thr61Pro	missense_variant	Pyrazinamide(I:0.09%)	0	0	1021	1	0	1
AfterQC	r50000	pncA_p.Thr76Ile	missense_variant	Pyrazinamide(R:0.18%)	0	0	1021	1	0	1
AfterQC	r50000	pncA_p.Trp119Arg	missense_variant	Pyrazinamide(I:0.11%)	0	0	1021	1	0	1
AfterQC	r50000	pncA_p.Trp119Gly	missense_variant	Pyrazinamide(I:0.11%)	0	0	1022	0	0	1
AfterQC	r50000	pncA_p.Trp68Arg	missense_variant	Pyrazinamide(R:0.41%)	1	0	1020	1	0.5	1
AfterQC	r50000	pncA_p.Trp68Cys	missense_variant	Pyrazinamide(R:0.45%)	2	0	1017	3	0.4	1
AfterQC	r50000	pncA_p.Trp68Gly	missense_variant	Pyrazinamide(R:0.73%)	2	0	1015	5	0.285714285714286	1
AfterQC	r50000	pncA_p.Tyr103Cys	missense_variant	Pyrazinamide(R:0.20%)	1	0	1020	1	0.5	1
AfterQC	r50000	pncA_p.Tyr34Asp	missense_variant	Pyrazinamide(R:0.41%)	1	0	1020	1	0.5	1
AfterQC	r50000	pncA_p.Val130Gly	missense_variant	Pyrazinamide(I:0.07%)	0	0	1021	1	0	1
AfterQC	r50000	pncA_p.Val139Ala	missense_variant	Pyrazinamide(R:1.34%)	0	0	1018	4	0	1
AfterQC	r50000	pncA_p.Val139Met	missense_variant	Pyrazinamide(R:0.18%)	0	0	1021	1	0	1
AfterQC	r50000	pncA_p.Val163Ala	missense_variant	Pyrazinamide(I:0.07%)	0	0	1021	1	0	1
AfterQC	r50000	pncA_p.Val180Ala	missense_variant	Pyrazinamide(R:0.23%)	0	0	1021	1	0	1
AfterQC	r50000	pncA_p.Val180Gly	missense_variant	Pyrazinamide(R:0.20%)	0	0	1020	2	0	1
AfterQC	r50000	pncA_p.Val7Gly	missense_variant	Pyrazinamide(R:0.77%)	0	0	1020	2	0	1
AfterQC	r50000	pncA_p.Val7Leu	missense_variant	Pyrazinamide(R:0.18%)	0	0	1021	1	0	1
AfterQC	r50000	pncA_p.Val93Leu	missense_variant	Pyrazinamide(I:0.11%)	0	0	1021	1	0	1
AfterQC	r50000	rplC_p.Cys154Arg	missense_variant	Linezolid(R:27.35%)	0	0	1021	1	0	1
AfterQC	r50000	rpoB_RRDR_indel	inframe,frameshift_variant	Rifampicin(R:0.68%)	0	0	1017	5	0	1
AfterQC	r50000	rpoB_p.Asp435Ala	missense_variant	Rifampicin(I:0.07%)	0	0	1020	2	0	1
AfterQC	r50000	rpoB_p.Asp435Glu	missense_variant	Rifampicin(I:0.12%)	0	0	1021	1	0	1
AfterQC	r50000	rpoB_p.Asp435Gly	missense_variant	Rifampicin(I:0.88%)	4	0	1013	5	0.444444444444444	1
AfterQC	r50000	rpoB_p.Asp435Tyr	missense_variant	Rifampicin(R:2.03%)	5	0	1012	5	0.5	1
AfterQC	r50000	rpoB_p.Asp435Val	missense_variant	Rifampicin(R:6.86%)	12	0	1003	7	0.631578947368421	1
AfterQC	r50000	rpoB_p.Gln432Leu	missense_variant	Rifampicin(R:0.17%)	1	0	1021	0	1	1
AfterQC	r50000	rpoB_p.Gln432Pro	missense_variant	Rifampicin(R:0.41%)	0	0	1019	3	0	1
AfterQC	r50000	rpoB_p.His445Arg	missense_variant	Rifampicin(R:0.81%)	0	0	1014	8	0	1
AfterQC	r50000	rpoB_p.His445Asn	missense_variant	Rifampicin(R:0.75%)	1	0	1021	0	1	1
AfterQC	r50000	rpoB_p.His445Asp	missense_variant	Rifampicin(R:3.62%)	3	0	1014	5	0.375	1
AfterQC	r50000	rpoB_p.His445Gln	missense_variant	Rifampicin(I:0.12%)	0	0	1021	1	0	1
AfterQC	r50000	rpoB_p.His445Leu	missense_variant	Rifampicin(R:1.29%)	5	1	1011	5	0.5	0.833333333333333
AfterQC	r50000	rpoB_p.His445Pro	missense_variant	Rifampicin(I:0.05%)	1	0	1019	2	0.333333333333333	1
AfterQC	r50000	rpoB_p.His445Tyr	missense_variant	Rifampicin(R:3.53%)	5	0	1003	14	0.263157894736842	1
AfterQC	r50000	rpoB_p.Ile491Phe	missense_variant	Rifampicin(R:0.69%)	5	0	1017	0	1	1
AfterQC	r50000	rpoB_p.Leu430Arg	missense_variant	Rifampicin(I:0.19%)	1	0	1021	0	1	1
AfterQC	r50000	rpoB_p.Leu430Pro	missense_variant	Rifampicin(R:1.28%)	2	0	1017	3	0.4	1
AfterQC	r50000	rpoB_p.Leu452Pro	missense_variant	Rifampicin(R:1.67%)	9	0	1007	6	0.6	1
AfterQC	r50000	rpoB_p.Lys446Gln	missense_variant	Rifampicin(I:0.03%)	0	0	1020	2	0	1
AfterQC	r50000	rpoB_p.Met434Ile	missense_variant	Rifampicin(I:0.20%)	0	0	1020	2	0	1
AfterQC	r50000	rpoB_p.Ser428Arg	missense_variant	Rifampicin(I:0.04%)	0	0	1021	1	0	1
AfterQC	r50000	rpoB_p.Ser428Ile	missense_variant	Rifampicin(I:0.02%)	0	0	1021	1	0	1
AfterQC	r50000	rpoB_p.Ser441Leu	missense_variant	Rifampicin(R:0.23%)	0	0	1019	3	0	1
AfterQC	r50000	rpoB_p.Ser450Leu	missense_variant	Rifampicin(R:64.40%)	84	0	800	138	0.378378378378378	1
AfterQC	r50000	rpoB_p.Ser450Trp	missense_variant	Rifampicin(R:1.42%)	5	1	1014	2	0.714285714285714	0.833333333333333
AfterQC	r50000	rpoB_p.Ser450Tyr	missense_variant	Rifampicin(R:0.05%)	0	0	1020	2	0	1
AfterQC	r50000	rpoB_p.Thr427Ile	missense_variant	Rifampicin(I:0.03%)	0	0	1022	0	0	1
AfterQC	r50000	rpoB_p.Val170Phe	missense_variant	Rifampicin(R:0.53%)	0	0	1019	3	0	1
AfterQC	r50000	rpsL_p.Lys43Arg	missense_variant	Streptomycin(R:45.48%)	58	0	881	83	0.411347517730496	1
AfterQC	r50000	rpsL_p.Lys88Arg	missense_variant	Streptomycin(R:12.35%)	7	0	996	19	0.269230769230769	1
AfterQC	r50000	rpsL_p.Lys88Gln	missense_variant	Streptomycin(I:0.14%)	0	0	1021	1	0	1
AfterQC	r50000	rpsL_p.Lys88Met	missense_variant	Streptomycin(R:0.30%)	1	0	1021	0	1	1
AfterQC	r50000	rrs_n.1401A>G	non_coding_transcript_exon_variant	Amikacin(R:68.37%),Capreomycin(R:58.08%),Kanamycin(R:46.98%)	21	0	963	38	0.355932203389831	1
AfterQC	r50000	rrs_n.1402C>T	non_coding_transcript_exon_variant	Amikacin(I:0.37%),Capreomycin(R:0.83%),Kanamycin(I:0.28%)	0	0	1021	1	0	1
AfterQC	r50000	rrs_n.1484G>T	non_coding_transcript_exon_variant	Amikacin(R:0.69%),Capreomycin(R:0.88%),Kanamycin(R:0.65%)	0	0	1022	0	0	1
AfterQC	r50000	rrs_n.514A>C	non_coding_transcript_exon_variant	Streptomycin(R:5.30%)	14	0	991	17	0.451612903225806	1
AfterQC	r50000	rrs_n.517C>T	non_coding_transcript_exon_variant	Streptomycin(R:5.79%)	10	2	994	16	0.384615384615385	0.833333333333333
AfterQC	r50000	rrs_n.878G>A	non_coding_transcript_exon_variant	Streptomycin(I:0.48%)	4	0	1014	4	0.5	1
AfterQC	r50000	tlyA_LoF_frameshift	start_lost,stop_gained,frameshift_variant	Capreomycin(R:9.06%)	0	0	1019	3	0	1
AfterQC	r50000	tlyA_p.Asn236Lys	missense_variant	Capreomycin(R:1.02%)	2	0	1016	4	0.333333333333333	1
AfterQC	r50000	ALL	ALL	ALL	610	7	186127	1304	0.318704284221526	0.988654781199352
AfterQC	r500000	Rv0678_LoF_frameshift	start_lost,stop_gained,frameshift_variant	Bedaquiline(R:82.04%),Clofazimine(R:27.63%)	1	0	1019	2	0.333333333333333	1
AfterQC	r500000	Rv0678_p.Leu117Arg	missense_variant	Bedaquiline(R:0.77%),Clofazimine(I:0.59%)	1	0	1021	0	1	1
AfterQC	r500000	Rv0678_p.Met146Thr	missense_variant	Bedaquiline(I:1.06%),Clofazimine(I:0.30%)	2	0	1020	0	1	1
AfterQC	r500000	ddn_LoF_frameshift	start_lost,stop_gained,frameshift_variant	Delamanid(I:19.65%)	1	0	1021	0	1	1
AfterQC	r500000	eis_c.-10G>A	upstream_gene_variant	Kanamycin(R:6.60%)	15	0	1006	1	0.9375	1
AfterQC	r500000	eis_c.-12C>T	upstream_gene_variant	Kanamycin(R:9.14%)	14	0	1007	1	0.933333333333333	1
AfterQC	r500000	eis_c.-14C>T	upstream_gene_variant	Amikacin(I:3.66%),Kanamycin(R:7.02%)	12	0	1010	0	1	1
AfterQC	r500000	eis_c.-37G>T	upstream_gene_variant	Kanamycin(R:5.13%)	11	0	1011	0	1	1
AfterQC	r500000	embB_p.Asp328Tyr	missense_variant	Ethambutol(R:0.49%)	2	0	1020	0	1	1
AfterQC	r500000	embB_p.Asp354Ala	missense_variant	Ethambutol(R:3.17%)	16	0	1006	0	1	1
AfterQC	r500000	embB_p.Gln497Arg	missense_variant	Ethambutol(R:10.54%)	12	0	1008	2	0.857142857142857	1
AfterQC	r500000	embB_p.Gln497Lys	missense_variant	Ethambutol(R:1.53%)	1	0	1020	1	0.5	1
AfterQC	r500000	embB_p.Gly406Ala	missense_variant	Ethambutol(R:3.46%)	14	0	1007	1	0.933333333333333	1
AfterQC	r500000	embB_p.Gly406Asp	missense_variant	Ethambutol(R:2.89%)	1	0	1019	2	0.333333333333333	1
AfterQC	r500000	embB_p.Gly406Cys	missense_variant	Ethambutol(R:0.38%)	0	0	1021	1	0	1
AfterQC	r500000	embB_p.Gly406Ser	missense_variant	Ethambutol(R:1.97%)	5	0	1017	0	1	1
AfterQC	r500000	embB_p.Met306Ile	missense_variant	Ethambutol(R:20.60%)	78	0	941	3	0.962962962962963	1
AfterQC	r500000	embB_p.Met306Leu	missense_variant	Ethambutol(R:1.53%)	5	0	1017	0	1	1
AfterQC	r500000	embB_p.Met306Val	missense_variant	Ethambutol(R:34.23%)	106	1	914	1	0.990654205607477	0.990654205607477
AfterQC	r500000	embB_p.Tyr319Cys	missense_variant	Ethambutol(R:0.36%)	1	0	1021	0	1	1
AfterQC	r500000	embB_p.Tyr319Ser	missense_variant	Ethambutol(R:2.15%)	3	0	1019	0	1	1
AfterQC	r500000	ethA_LoF_frameshift	start_lost,stop_gained,frameshift_variant	Ethionamide(R:49.09%)	55	1	958	8	0.873015873015873	0.982142857142857
AfterQC	r500000	ethA_p.Arg207Gly	missense_variant	Ethionamide(R:0.69%)	0	0	1021	1	0	1
AfterQC	r500000	ethA_p.Asn379Asp	missense_variant	Ethionamide(I:1.17%)	1	0	1021	0	1	1
AfterQC	r500000	ethA_p.Ser390Phe	missense_variant	Ethionamide(I:0.36%)	1	0	1021	0	1	1
AfterQC	r500000	fbiC_LoF_frameshift	start_lost,stop_gained,frameshift_variant	Delamanid(I:2.40%)	0	0	1021	1	0	1
AfterQC	r500000	fgd1_LoF_frameshift	start_lost,stop_gained,frameshift_variant	Delamanid(I:1.60%)	0	0	1021	1	0	1
AfterQC	r500000	gid_LoF_frameshift	start_lost,stop_gained,frameshift_variant	Streptomycin(R:18.20%)	47	2	966	7	0.87037037037037	0.959183673469388
AfterQC	r500000	gid_p.Ala200Glu	missense_variant	Streptomycin(R:0.13%)	1	0	1021	0	1	1
AfterQC	r500000	gid_p.Asp67His	missense_variant	Streptomycin(I:0.09%)	1	0	1021	0	1	1
AfterQC	r500000	gid_p.Gly73Ala	missense_variant	Streptomycin(I:0.32%)	1	0	1021	0	1	1
AfterQC	r500000	gid_p.Pro84Leu	missense_variant	Streptomycin(I:0.54%)	2	0	1020	0	1	1
AfterQC	r500000	gyrA_p.Ala90Val	missense_variant	Levofloxacin(R:22.44%),Moxifloxacin(R:17.99%)	31	0	989	2	0.939393939393939	1
AfterQC	r500000	gyrA_p.Asp94Ala	missense_variant	Levofloxacin(R:7.55%),Moxifloxacin(R:6.52%)	11	0	1009	2	0.846153846153846	1
AfterQC	r500000	gyrA_p.Asp94Asn	missense_variant	Levofloxacin(R:6.42%),Moxifloxacin(R:7.40%)	9	0	1012	1	0.9	1
AfterQC	r500000	gyrA_p.Asp94Gly	missense_variant	Levofloxacin(R:36.42%),Moxifloxacin(R:42.28%)	39	1	981	1	0.975	0.975
AfterQC	r500000	gyrA_p.Asp94His	missense_variant	Levofloxacin(R:1.69%),Moxifloxacin(R:1.75%)	3	0	1019	0	1	1
AfterQC	r500000	gyrA_p.Asp94Tyr	missense_variant	Levofloxacin(R:3.92%),Moxifloxacin(R:4.27%)	7	0	1015	0	1	1
AfterQC	r500000	gyrA_p.Ser91Pro	missense_variant	Levofloxacin(R:4.69%),Moxifloxacin(R:4.37%)	5	0	1016	1	0.833333333333333	1
AfterQC	r500000	gyrB_p.Asn499Thr	missense_variant	Levofloxacin(R:0.53%),Moxifloxacin(I:0.57%)	2	0	1020	0	1	1
AfterQC	r500000	gyrB_p.Glu501Asp	missense_variant	Levofloxacin(I:0.77%),Moxifloxacin(R:1.52%)	2	0	1020	0	1	1
AfterQC	r500000	gyrB_p.Ser447Phe	missense_variant	Levofloxacin(I:0.36%),Moxifloxacin(I:0.17%)	1	0	1021	0	1	1
AfterQC	r500000	inhA_c.-154G>A	upstream_gene_variant	Ethionamide(I:5.93%),Isoniazid(R:3.57%)	15	0	1005	2	0.882352941176471	1
AfterQC	r500000	inhA_c.-770T>A	upstream_gene_variant	Ethionamide(I:1.23%),Isoniazid(I:0.80%)	14	1	1006	1	0.933333333333333	0.933333333333333
AfterQC	r500000	inhA_c.-770T>C	upstream_gene_variant	Ethionamide(I:3.57%),Isoniazid(I:1.86%)	13	0	1009	0	1	1
AfterQC	r500000	inhA_c.-777C>T	upstream_gene_variant	Ethionamide(R:41.56%),Isoniazid(R:21.34%)	94	0	925	3	0.969072164948454	1
AfterQC	r500000	inhA_c.-779G>T	upstream_gene_variant	Ethionamide(I:2.34%),Isoniazid(I:1.63%)	12	0	1010	0	1	1
AfterQC	r500000	inhA_p.Ser94Ala	missense_variant	Ethionamide(I:2.26%),Isoniazid(I:1.02%)	9	0	1013	0	1	1
AfterQC	r500000	katG_LoF_frameshift	start_lost,stop_gained,frameshift_variant	Isoniazid(R:2.07%)	3	0	1018	1	0.75	1
AfterQC	r500000	katG_p.Ser315Arg	missense_variant	Isoniazid(R:0.07%)	2	0	1020	0	1	1
AfterQC	r500000	katG_p.Ser315Asn	missense_variant	Isoniazid(R:0.99%)	7	0	1015	0	1	1
AfterQC	r500000	katG_p.Ser315Ile	missense_variant	Isoniazid(I:0.10%)	1	0	1021	0	1	1
AfterQC	r500000	katG_p.Ser315Thr	missense_variant	Isoniazid(R:77.81%)	286	0	726	10	0.966216216216216	1
AfterQC	r500000	katG_p.Trp328Leu	missense_variant	Isoniazid(R:0.06%)	1	0	1021	0	1	1
AfterQC	r500000	pepQ_LoF_frameshift	start_lost,stop_gained,frameshift_variant	Bedaquiline(I:1.55%),Clofazimine(I:0.90%)	0	0	1021	1	0	1
AfterQC	r500000	pncA_LoF_frameshift	start_lost,stop_gained,frameshift_variant	Pyrazinamide(R:27.06%)	38	0	975	9	0.808510638297872	1
AfterQC	r500000	pncA_c.-11A>C	upstream_gene_variant	Pyrazinamide(R:0.54%)	2	0	1020	0	1	1
AfterQC	r500000	pncA_c.-11A>G	upstream_gene_variant	Pyrazinamide(R:3.20%)	9	0	1008	5	0.642857142857143	1
AfterQC	r500000	pncA_c.-12T>C	upstream_gene_variant	Pyrazinamide(R:0.16%)	1	0	1021	0	1	1
AfterQC	r500000	pncA_p.Ala102Thr	missense_variant	Pyrazinamide(I:0.05%)	1	0	1021	0	1	1
AfterQC	r500000	pncA_p.Ala143Gly	missense_variant	Pyrazinamide(I:0.07%)	1	0	1021	0	1	1
AfterQC	r500000	pncA_p.Ala146Thr	missense_variant	Pyrazinamide(R:0.34%)	1	0	1021	0	1	1
AfterQC	r500000	pncA_p.Ala146Val	missense_variant	Pyrazinamide(R:0.48%)	1	0	1021	0	1	1
AfterQC	r500000	pncA_p.Ala3Glu	missense_variant	Pyrazinamide(I:0.07%)	2	0	1020	0	1	1
AfterQC	r500000	pncA_p.Ala46Val	missense_variant	Pyrazinamide(I:0.09%)	1	0	1021	0	1	1
AfterQC	r500000	pncA_p.Arg140Pro	missense_variant	Pyrazinamide(I:0.11%)	1	0	1021	0	1	1
AfterQC	r500000	pncA_p.Arg154Gly	missense_variant	Pyrazinamide(R:0.39%)	8	1	1013	0	1	0.888888888888889
AfterQC	r500000	pncA_p.Asp12Ala	missense_variant	Pyrazinamide(R:0.41%)	2	0	1020	0	1	1
AfterQC	r500000	pncA_p.Asp12Asn	missense_variant	Pyrazinamide(I:0.14%)	0	0	1021	1	0	1
AfterQC	r500000	pncA_p.Asp12Glu	missense_variant	Pyrazinamide(R:0.14%)	1	0	1021	0	1	1
AfterQC	r500000	pncA_p.Asp136Gly	missense_variant	Pyrazinamide(R:0.41%)	1	0	1021	0	1	1
AfterQC	r500000	pncA_p.Asp49Asn	missense_variant	Pyrazinamide(I:0.11%)	2	0	1020	0	1	1
AfterQC	r500000	pncA_p.Asp49Gly	missense_variant	Pyrazinamide(R:0.98%)	1	0	1021	0	1	1
AfterQC	r500000	pncA_p.Asp8Gly	missense_variant	Pyrazinamide(R:0.50%)	1	0	1021	0	1	1
AfterQC	r500000	pncA_p.Cys138Arg	missense_variant	Pyrazinamide(R:0.20%)	2	0	1020	0	1	1
AfterQC	r500000	pncA_p.Cys14Arg	missense_variant	Pyrazinamide(R:0.95%)	1	0	1021	0	1	1
AfterQC	r500000	pncA_p.Cys14Trp	missense_variant	Pyrazinamide(I:0.05%)	1	0	1021	0	1	1
AfterQC	r500000	pncA_p.Gln10Pro	missense_variant	Pyrazinamide(R:1.59%)	6	0	1016	0	1	1
AfterQC	r500000	pncA_p.Gln141Pro	missense_variant	Pyrazinamide(R:1.70%)	1	0	1021	0	1	1
AfterQC	r500000	pncA_p.Gly108Glu	missense_variant	Pyrazinamide(I:0.09%)	0	0	1021	1	0	1
AfterQC	r500000	pncA_p.Gly132Ala	missense_variant	Pyrazinamide(R:1.29%)	0	0	1021	1	0	1
AfterQC	r500000	pncA_p.Gly132Ser	missense_variant	Pyrazinamide(R:0.20%)	1	0	1021	0	1	1
AfterQC	r500000	pncA_p.Gly17Asp	missense_variant	Pyrazinamide(I:0.09%)	1	0	1021	0	1	1
AfterQC	r500000	pncA_p.Gly78Ser	missense_variant	Pyrazinamide(I:0.07%)	1	0	1021	0	1	1
AfterQC	r500000	pncA_p.Gly97Asp	missense_variant	Pyrazinamide(R:1.04%)	2	0	1020	0	1	1
AfterQC	r500000	pncA_p.Gly97Cys	missense_variant	Pyrazinamide(R:0.43%)	1	0	1021	0	1	1
AfterQC	r500000	pncA_p.Gly97Ser	missense_variant	Pyrazinamide(R:0.29%)	4	0	1018	0	1	1
AfterQC	r500000	pncA_p.Gly97Val	missense_variant	Pyrazinamide(I:0.07%)	1	0	1021	0	1	1
AfterQC	r500000	pncA_p.His43Pro	missense_variant	Pyrazinamide(I:0.07%)	1	0	1021	0	1	1
AfterQC	r500000	pncA_p.His51Arg	missense_variant	Pyrazinamide(R:1.86%)	2	0	1020	0	1	1
AfterQC	r500000	pncA_p.His51Asp	missense_variant	Pyrazinamide(R:1.09%)	3	0	1019	0	1	1
AfterQC	r500000	pncA_p.His51Pro	missense_variant	Pyrazinamide(R:0.18%)	0	0	1021	1	0	1
AfterQC	r500000	pncA_p.His51Tyr	missense_variant	Pyrazinamide(R:0.11%)	1	0	1021	0	1	1
AfterQC	r500000	pncA_p.His57Asp	missense_variant	Pyrazinamide(R:3.77%)	5	0	1017	0	1	1
AfterQC	r500000	pncA_p.His71Arg	missense_variant	Pyrazinamide(R:0.86%)	1	0	1021	0	1	1
AfterQC	r500000	pncA_p.His82Arg	missense_variant	Pyrazinamide(R:0.11%)	1	0	1021	0	1	1
AfterQC	r500000	pncA_p.Ile133Thr	missense_variant	Pyrazinamide(R:0.66%)	3	0	1019	0	1	1
AfterQC	r500000	pncA_p.Leu120Pro	missense_variant	Pyrazinamide(R:0.64%)	4	0	1018	0	1	1
AfterQC	r500000	pncA_p.Leu151Ser	missense_variant	Pyrazinamide(R:0.43%)	5	0	1017	0	1	1
AfterQC	r500000	pncA_p.Leu4Ser	missense_variant	Pyrazinamide(R:0.95%)	1	0	1021	0	1	1
AfterQC	r500000	pncA_p.Leu4Trp	missense_variant	Pyrazinamide(R:0.34%)	1	0	1020	1	0.5	1
AfterQC	r500000	pncA_p.Lys48Thr	missense_variant	Pyrazinamide(I:0.45%)	2	0	1020	0	1	1
AfterQC	r500000	pncA_p.Lys96Arg	missense_variant	Pyrazinamide(R:0.23%)	1	0	1021	0	1	1
AfterQC	r500000	pncA_p.Lys96Asn	missense_variant	Pyrazinamide(I:0.09%)	1	0	1021	0	1	1
AfterQC	r500000	pncA_p.Lys96Gln	missense_variant	Pyrazinamide(R:0.11%)	1	0	1021	0	1	1
AfterQC	r500000	pncA_p.Lys96Glu	missense_variant	Pyrazinamide(R:0.23%)	1	0	1021	0	1	1
AfterQC	r500000	pncA_p.Met175Arg	missense_variant	Pyrazinamide(R:0.23%)	1	0	1021	0	1	1
AfterQC	r500000	pncA_p.Met175Ile	missense_variant	Pyrazinamide(I:0.09%)	1	0	1021	0	1	1
AfterQC	r500000	pncA_p.Met175Thr	missense_variant	Pyrazinamide(I:0.11%)	0	0	1021	1	0	1
AfterQC	r500000	pncA_p.Met175Val	missense_variant	Pyrazinamide(R:0.27%)	1	0	1021	0	1	1
AfterQC	r500000	pncA_p.Phe106Ser	missense_variant	Pyrazinamide(I:0.07%)	1	0	1021	0	1	1
AfterQC	r500000	pncA_p.Phe13Leu	missense_variant	Pyrazinamide(I:0.11%)	1	0	1021	0	1	1
AfterQC	r500000	pncA_p.Phe13Ser	missense_variant	Pyrazinamide(R:0.11%)	0	0	1021	1	0	1
AfterQC	r500000	pncA_p.Phe58Leu	missense_variant	Pyrazinamide(R:0.29%)	2	0	1020	0	1	1
AfterQC	r500000	pncA_p.Phe58Ser	missense_variant	Pyrazinamide(I:0.05%)	1	0	1021	0	1	1
AfterQC	r500000	pncA_p.Pro54Gln	missense_variant	Pyrazinamide(I:0.07%)	2	0	1020	0	1	1
AfterQC	r500000	pncA_p.Pro54Leu	missense_variant	Pyrazinamide(R:0.73%)	2	0	1020	0	1	1
AfterQC	r500000	pncA_p.Pro54Thr	missense_variant	Pyrazinamide(I:0.05%)	0	0	1022	0	0	1
AfterQC	r500000	pncA_p.Pro62Leu	missense_variant	Pyrazinamide(R:0.23%)	0	0	1022	0	0	1
AfterQC	r500000	pncA_p.Pro62Ser	missense_variant	Pyrazinamide(I:0.07%)	1	0	1020	1	0.5	1
AfterQC	r500000	pncA_p.Ser59Pro	missense_variant	Pyrazinamide(R:0.54%)	2	0	1020	0	1	1
AfterQC	r500000	pncA_p.Thr135Pro	missense_variant	Pyrazinamide(R:0.98%)	0	0	1021	1	0	1
AfterQC	r500000	pncA_p.Thr142Lys	missense_variant	Pyrazinamide(I:0.05%)	1	0	1020	1	0.5	1
AfterQC	r500000	pncA_p.Thr47Ala	missense_variant	Pyrazinamide(R:0.39%)	1	0	1021	0	1	1
AfterQC	r500000	pncA_p.Thr61Pro	missense_variant	Pyrazinamide(I:0.09%)	1	0	1021	0	1	1
AfterQC	r500000	pncA_p.Thr76Ile	missense_variant	Pyrazinamide(R:0.18%)	0	0	1021	1	0	1
AfterQC	r500000	pncA_p.Trp119Arg	missense_variant	Pyrazinamide(I:0.11%)	1	0	1021	0	1	1
AfterQC	r500000	pncA_p.Trp119Gly	missense_variant	Pyrazinamide(I:0.11%)	0	0	1022	0	0	1
AfterQC	r500000	pncA_p.Trp68Arg	missense_variant	Pyrazinamide(R:0.41%)	2	1	1019	0	1	0.666666666666667
AfterQC	r500000	pncA_p.Trp68Cys	missense_variant	Pyrazinamide(R:0.45%)	5	0	1017	0	1	1
AfterQC	r500000	pncA_p.Trp68Gly	missense_variant	Pyrazinamide(R:0.73%)	7	0	1015	0	1	1
AfterQC	r500000	pncA_p.Tyr103Cys	missense_variant	Pyrazinamide(R:0.20%)	2	0	1020	0	1	1
AfterQC	r500000	pncA_p.Tyr34Asp	missense_variant	Pyrazinamide(R:0.41%)	2	0	1020	0	1	1
AfterQC	r500000	pncA_p.Val130Gly	missense_variant	Pyrazinamide(I:0.07%)	1	0	1021	0	1	1
AfterQC	r500000	pncA_p.Val139Ala	missense_variant	Pyrazinamide(R:1.34%)	4	0	1018	0	1	1
AfterQC	r500000	pncA_p.Val139Met	missense_variant	Pyrazinamide(R:0.18%)	1	0	1021	0	1	1
AfterQC	r500000	pncA_p.Val163Ala	missense_variant	Pyrazinamide(I:0.07%)	1	0	1021	0	1	1
AfterQC	r500000	pncA_p.Val180Ala	missense_variant	Pyrazinamide(R:0.23%)	1	0	1021	0	1	1
AfterQC	r500000	pncA_p.Val180Gly	missense_variant	Pyrazinamide(R:0.20%)	2	0	1020	0	1	1
AfterQC	r500000	pncA_p.Val7Gly	missense_variant	Pyrazinamide(R:0.77%)	1	0	1020	1	0.5	1
AfterQC	r500000	pncA_p.Val7Leu	missense_variant	Pyrazinamide(R:0.18%)	1	0	1021	0	1	1
AfterQC	r500000	pncA_p.Val93Leu	missense_variant	Pyrazinamide(I:0.11%)	1	0	1021	0	1	1
AfterQC	r500000	rplC_p.Cys154Arg	missense_variant	Linezolid(R:27.35%)	1	0	1021	0	1	1
AfterQC	r500000	rpoB_RRDR_indel	inframe,frameshift_variant	Rifampicin(R:0.68%)	4	0	1017	1	0.8	1
AfterQC	r500000	rpoB_p.Asp435Ala	missense_variant	Rifampicin(I:0.07%)	2	0	1020	0	1	1
AfterQC	r500000	rpoB_p.Asp435Glu	missense_variant	Rifampicin(I:0.12%)	1	0	1021	0	1	1
AfterQC	r500000	rpoB_p.Asp435Gly	missense_variant	Rifampicin(I:0.88%)	9	0	1013	0	1	1
AfterQC	r500000	rpoB_p.Asp435Tyr	missense_variant	Rifampicin(R:2.03%)	10	0	1012	0	1	1
AfterQC	r500000	rpoB_p.Asp435Val	missense_variant	Rifampicin(R:6.86%)	19	0	1003	0	1	1
AfterQC	r500000	rpoB_p.Gln432Leu	missense_variant	Rifampicin(R:0.17%)	1	0	1021	0	1	1
AfterQC	r500000	rpoB_p.Gln432Pro	missense_variant	Rifampicin(R:0.41%)	3	0	1019	0	1	1
AfterQC	r500000	rpoB_p.His445Arg	missense_variant	Rifampicin(R:0.81%)	8	0	1014	0	1	1
AfterQC	r500000	rpoB_p.His445Asn	missense_variant	Rifampicin(R:0.75%)	1	0	1021	0	1	1
AfterQC	r500000	rpoB_p.His445Asp	missense_variant	Rifampicin(R:3.62%)	8	0	1014	0	1	1
AfterQC	r500000	rpoB_p.His445Gln	missense_variant	Rifampicin(I:0.12%)	1	0	1021	0	1	1
AfterQC	r500000	rpoB_p.His445Leu	missense_variant	Rifampicin(R:1.29%)	10	0	1012	0	1	1
AfterQC	r500000	rpoB_p.His445Pro	missense_variant	Rifampicin(I:0.05%)	2	0	1019	1	0.666666666666667	1
AfterQC	r500000	rpoB_p.His445Tyr	missense_variant	Rifampicin(R:3.53%)	19	0	1003	0	1	1
AfterQC	r500000	rpoB_p.Ile491Phe	missense_variant	Rifampicin(R:0.69%)	5	0	1017	0	1	1
AfterQC	r500000	rpoB_p.Leu430Arg	missense_variant	Rifampicin(I:0.19%)	1	0	1021	0	1	1
AfterQC	r500000	rpoB_p.Leu430Pro	missense_variant	Rifampicin(R:1.28%)	5	0	1017	0	1	1
AfterQC	r500000	rpoB_p.Leu452Pro	missense_variant	Rifampicin(R:1.67%)	15	0	1007	0	1	1
AfterQC	r500000	rpoB_p.Lys446Gln	missense_variant	Rifampicin(I:0.03%)	1	0	1020	1	0.5	1
AfterQC	r500000	rpoB_p.Met434Ile	missense_variant	Rifampicin(I:0.20%)	2	0	1020	0	1	1
AfterQC	r500000	rpoB_p.Ser428Arg	missense_variant	Rifampicin(I:0.04%)	1	0	1021	0	1	1
AfterQC	r500000	rpoB_p.Ser428Ile	missense_variant	Rifampicin(I:0.02%)	1	0	1021	0	1	1
AfterQC	r500000	rpoB_p.Ser441Leu	missense_variant	Rifampicin(R:0.23%)	3	0	1019	0	1	1
AfterQC	r500000	rpoB_p.Ser450Leu	missense_variant	Rifampicin(R:64.40%)	219	0	800	3	0.986486486486487	1
AfterQC	r500000	rpoB_p.Ser450Trp	missense_variant	Rifampicin(R:1.42%)	7	0	1015	0	1	1
AfterQC	r500000	rpoB_p.Ser450Tyr	missense_variant	Rifampicin(R:0.05%)	2	0	1020	0	1	1
AfterQC	r500000	rpoB_p.Thr427Ile	missense_variant	Rifampicin(I:0.03%)	0	0	1022	0	0	1
AfterQC	r500000	rpoB_p.Val170Phe	missense_variant	Rifampicin(R:0.53%)	3	0	1019	0	1	1
AfterQC	r500000	rpsL_p.Lys43Arg	missense_variant	Streptomycin(R:45.48%)	139	0	881	2	0.985815602836879	1
AfterQC	r500000	rpsL_p.Lys88Arg	missense_variant	Streptomycin(R:12.35%)	26	0	996	0	1	1
AfterQC	r500000	rpsL_p.Lys88Gln	missense_variant	Streptomycin(I:0.14%)	1	1	1020	0	1	0.5
AfterQC	r500000	rpsL_p.Lys88Met	missense_variant	Streptomycin(R:0.30%)	1	0	1021	0	1	1
AfterQC	r500000	rrs_n.1401A>G	non_coding_transcript_exon_variant	Amikacin(R:68.37%),Capreomycin(R:58.08%),Kanamycin(R:46.98%)	57	2	961	2	0.966101694915254	0.966101694915254
AfterQC	r500000	rrs_n.1402C>T	non_coding_transcript_exon_variant	Amikacin(I:0.37%),Capreomycin(R:0.83%),Kanamycin(I:0.28%)	1	1	1020	0	1	0.5
AfterQC	r500000	rrs_n.1484G>T	non_coding_transcript_exon_variant	Amikacin(R:0.69%),Capreomycin(R:0.88%),Kanamycin(R:0.65%)	0	1	1021	0	0	0
AfterQC	r500000	rrs_n.514A>C	non_coding_transcript_exon_variant	Streptomycin(R:5.30%)	29	0	991	2	0.935483870967742	1
AfterQC	r500000	rrs_n.517C>T	non_coding_transcript_exon_variant	Streptomycin(R:5.79%)	25	1	995	1	0.961538461538462	0.961538461538462
AfterQC	r500000	rrs_n.878G>A	non_coding_transcript_exon_variant	Streptomycin(I:0.48%)	8	0	1014	0	1	1
AfterQC	r500000	tlyA_LoF_frameshift	start_lost,stop_gained,frameshift_variant	Capreomycin(R:9.06%)	2	0	1019	1	0.666666666666667	1
AfterQC	r500000	tlyA_p.Asn236Lys	missense_variant	Capreomycin(R:1.02%)	6	0	1016	0	1	1
AfterQC	r500000	ALL	ALL	ALL	1816	14	186120	98	0.948798328108673	0.992349726775956
