Drug	Method	Name	laboratory_method	y_pred	Evidence	QC
Ethambutol	vmdm	SRR31248590	Resistant	1	embB_p.Gln497Arg(R:10.54%),embB_p.Met306Ile(R:20.60%),model(0.81)	pass
Isoniazid	vmdm	SRR31248590	Resistant	1	katG_p.Ser315Thr(R:77.81%),model(1.00)	pass
Pyrazinamide	vmdm	SRR31248590	Resistant	0	NULL	pass
Rifampicin	vmdm	SRR31248590	Resistant	1	rpoB_p.Ser450Leu(R:64.40%),model(0.99)	pass
Ethambutol	vmdm	SRR31248591	Susceptible	0	NULL	pass
Isoniazid	vmdm	SRR31248591	Susceptible	0	NULL	pass
Pyrazinamide	vmdm	SRR31248591	Susceptible	0	NULL	pass
Rifampicin	vmdm	SRR31248591	Susceptible	0	NULL	pass
Ethambutol	vmdm	SRR31248592	Susceptible	0	NULL	pass
Isoniazid	vmdm	SRR31248592	Resistant	1	katG_p.Ser315Thr(R:77.81%),model(0.99)	pass
Pyrazinamide	vmdm	SRR31248592	Susceptible	0	NULL	pass
Rifampicin	vmdm	SRR31248592	Resistant	1	rpoB_p.Ser450Leu(R:64.40%),model(0.99)	pass
Ethambutol	vmdm	SRR31248593	Resistant	1	embB_p.Met306Ile(R:20.60%),model(0.64)	pass
Isoniazid	vmdm	SRR31248593	Resistant	1	inhA_c.-770T>A(I:0.80%),katG_p.Ser315Thr(R:77.81%),model(0.99)	pass
Pyrazinamide	vmdm	SRR31248593	Resistant	1	model(0.89)	pass
Rifampicin	vmdm	SRR31248593	Resistant	1	rpoB_p.Ser450Leu(R:64.40%),model(0.99)	pass
Ethambutol	vmdm	SRR31248594	Susceptible	0	NULL	fail
Isoniazid	vmdm	SRR31248594	Susceptible	0	NULL	fail
Pyrazinamide	vmdm	SRR31248594	Susceptible	0	NULL	fail
Rifampicin	vmdm	SRR31248594	Susceptible	0	NULL	fail
Ethambutol	vmdm	SRR31248595	Resistant	1	embB_p.Gln497Lys(R:1.53%),embB_p.Met306Ile(R:20.60%),model(0.78)	pass
Isoniazid	vmdm	SRR31248595	Resistant	1	katG_p.Ser315Thr(R:77.81%),model(1.00)	pass
Pyrazinamide	vmdm	SRR31248595	Resistant	1	pncA_p.Cys14Arg(R:0.95%),model(0.93)	pass
Rifampicin	vmdm	SRR31248595	Resistant	1	rpoB_p.Ser450Leu(R:64.40%),model(0.99)	pass
Ethambutol	vmdm	SRR31248596	Resistant	1	embB_p.Gln497Lys(R:1.53%),embB_p.Met306Ile(R:20.60%),model(0.78)	pass
Isoniazid	vmdm	SRR31248596	Resistant	1	katG_p.Ser315Thr(R:77.81%),model(1.00)	pass
Pyrazinamide	vmdm	SRR31248596	Resistant	1	pncA_p.Cys14Arg(R:0.95%),model(0.93)	pass
Rifampicin	vmdm	SRR31248596	Resistant	1	rpoB_p.Ser450Leu(R:64.40%),model(0.99)	pass
Ethambutol	vmdm	SRR31248597	Resistant	1	embB_p.Met306Val(R:34.23%),model(0.86)	pass
Isoniazid	vmdm	SRR31248597	Resistant	1	model(0.94)	pass
Pyrazinamide	vmdm	SRR31248597	Resistant	1	pncA_p.Gly97Asp(R:1.04%),model(0.82)	pass
Rifampicin	vmdm	SRR31248597	Resistant	1	rpoB_p.Ser450Leu(R:64.40%),model(0.99)	pass
Ethambutol	vmdm	SRR31248598	Resistant	1	embB_p.Met306Val(R:34.23%),model(0.93)	pass
Isoniazid	vmdm	SRR31248598	Resistant	1	inhA_c.-770T>A(I:0.80%),katG_p.Ser315Thr(R:77.81%),model(1.00)	pass
Pyrazinamide	vmdm	SRR31248598	Resistant	1	model(0.97)	pass
Rifampicin	vmdm	SRR31248598	Resistant	1	rpoB_p.Asp435Gly(I:0.88%),rpoB_p.Leu452Pro(R:1.67%),model(0.99)	pass
Ethambutol	vmdm	SRR31248599	Susceptible	0	NULL	fail
Isoniazid	vmdm	SRR31248599	Susceptible	0	NULL	fail
Pyrazinamide	vmdm	SRR31248599	Susceptible	0	NULL	fail
Rifampicin	vmdm	SRR31248599	Susceptible	0	NULL	fail
Ethambutol	vmdm	SRR31248600	Susceptible	0	NULL	pass
Isoniazid	vmdm	SRR31248600	Susceptible	0	NULL	pass
Pyrazinamide	vmdm	SRR31248600	Susceptible	0	NULL	pass
Rifampicin	vmdm	SRR31248600	Susceptible	0	NULL	pass
Ethambutol	vmdm	SRR31248601	Susceptible	0	NULL	pass
Isoniazid	vmdm	SRR31248601	Susceptible	0	NULL	pass
Pyrazinamide	vmdm	SRR31248601	Susceptible	0	NULL	pass
Rifampicin	vmdm	SRR31248601	Resistant	0	NULL	pass
Ethambutol	vmdm	SRR31248602	Resistant	1	embB_p.Met306Val(R:34.23%),model(0.78)	pass
Isoniazid	vmdm	SRR31248602	Resistant	1	katG_p.Ser315Thr(R:77.81%),model(1.00)	pass
Pyrazinamide	vmdm	SRR31248602	Resistant	1	pncA_p.Leu27Pro(R:1.00%)	pass
Rifampicin	vmdm	SRR31248602	Resistant	1	rpoB_p.Ser450Leu(R:64.40%),model(0.99)	pass
Ethambutol	vmdm	SRR31248603	Resistant	1	embB_p.Gln497Lys(R:1.53%),model(0.70)	pass
Isoniazid	vmdm	SRR31248603	Resistant	1	katG_p.Ser315Thr(R:77.81%),model(0.99)	pass
Pyrazinamide	vmdm	SRR31248603	Resistant	1	pncA_p.Val155Met(R:0.18%)	pass
Rifampicin	vmdm	SRR31248603	Resistant	1	rpoB_p.Ser450Leu(R:64.40%),model(0.99)	pass
Ethambutol	vmdm	SRR31248604	Susceptible	0	NULL	pass
Isoniazid	vmdm	SRR31248604	Susceptible	0	NULL	pass
Pyrazinamide	vmdm	SRR31248604	Susceptible	0	NULL	pass
Rifampicin	vmdm	SRR31248604	Susceptible	0	NULL	pass
Ethambutol	vmdm	SRR31248605	Resistant	1	embB_p.Met306Val(R:34.23%),model(0.80)	pass
Isoniazid	vmdm	SRR31248605	Resistant	1	katG_p.Ser315Thr(R:77.81%),model(0.99)	pass
Pyrazinamide	vmdm	SRR31248605	Resistant	1	pncA_p.Gln10Pro(R:1.59%),model(0.91)	pass
Rifampicin	vmdm	SRR31248605	Resistant	1	rpoB_p.His445Arg(R:0.81%),rpoB_p.His445Tyr(R:3.53%),model(0.99)	pass
Ethambutol	vmdm	SRR31248606	Resistant	1	embB_p.Met306Val(R:34.23%),model(0.79)	pass
Isoniazid	vmdm	SRR31248606	Resistant	1	katG_p.Ser315Thr(R:77.81%),model(1.00)	pass
Pyrazinamide	vmdm	SRR31248606	Resistant	0	NULL	pass
Rifampicin	vmdm	SRR31248606	Resistant	1	rpoB_p.Ser450Leu(R:64.40%),model(0.99)	pass
Ethambutol	vmdm	SRR31248607	Resistant	1	embB_p.Gln497Arg(R:10.54%),model(0.76)	fail
Isoniazid	vmdm	SRR31248607	Resistant	1	model(0.98)	fail
Pyrazinamide	vmdm	SRR31248607	Resistant	1	pncA_p.Gly132Ala(R:1.29%)	fail
Rifampicin	vmdm	SRR31248607	Resistant	1	rpoB_p.Ser450Leu(R:64.40%),model(1.00)	fail
Ethambutol	vmdm	SRR31248608	Resistant	1	embB_p.Gly406Ser(R:1.97%),model(0.87)	pass
Isoniazid	vmdm	SRR31248608	Resistant	1	katG_p.Ser315Thr(R:77.81%),model(0.99)	pass
Pyrazinamide	vmdm	SRR31248608	Resistant	1	pncA_c.-11A>G(R:3.20%),model(0.87)	pass
Rifampicin	vmdm	SRR31248608	Resistant	1	rpoB_p.Ser450Leu(R:64.40%),model(0.99)	pass
Ethambutol	vmdm	SRR31248609	Resistant	1	embB_p.Met306Val(R:34.23%),model(0.79)	pass
Isoniazid	vmdm	SRR31248609	Resistant	1	katG_p.Ser315Thr(R:77.81%),model(0.99)	pass
Pyrazinamide	vmdm	SRR31248609	Resistant	1	pncA_p.Asp136Gly(R:0.41%)	pass
Rifampicin	vmdm	SRR31248609	Resistant	1	rpoB_p.Ser450Leu(R:64.40%),model(0.99)	pass
Ethambutol	vmdm	SRR31248610	Resistant	1	embB_p.Met306Val(R:34.23%),model(0.81)	pass
Isoniazid	vmdm	SRR31248610	Resistant	1	inhA_c.-777C>T(R:21.34%),katG_p.Ser315Thr(R:77.81%),model(1.00)	pass
Pyrazinamide	vmdm	SRR31248610	Resistant	1	pncA_p.Leu27Pro(R:1.00%),model(0.77)	pass
Rifampicin	vmdm	SRR31248610	Resistant	1	rpoB_p.Ser450Leu(R:64.40%),model(0.99)	pass
Ethambutol	vmdm	SRR31248611	Resistant	1	embB_p.Gln497Arg(R:10.54%),model(0.78)	pass
Isoniazid	vmdm	SRR31248611	Resistant	1	inhA_c.-777C>T(R:21.34%),katG_p.Ser315Thr(R:77.81%),model(0.99)	pass
Pyrazinamide	vmdm	SRR31248611	Resistant	1	pncA_p.Gly132Ala(R:1.29%),model(0.76)	pass
Rifampicin	vmdm	SRR31248611	Resistant	1	rpoB_p.Ser450Leu(R:64.40%),model(0.99)	pass
Ethambutol	vmdm	SRR31248612	Resistant	1	embB_p.Gln497Arg(R:10.54%),model(0.86)	pass
Isoniazid	vmdm	SRR31248612	Resistant	1	inhA_c.-777C>T(R:21.34%),katG_p.Ser315Thr(R:77.81%),model(0.99)	pass
Pyrazinamide	vmdm	SRR31248612	Resistant	1	pncA_p.Gly132Ala(R:1.29%),model(0.80)	pass
Rifampicin	vmdm	SRR31248612	Resistant	1	rpoB_p.Ser450Leu(R:64.40%),model(0.99)	pass
Ethambutol	vmdm	SRR31248613	Resistant	1	embB_p.Gln497Arg(R:10.54%),model(0.78)	pass
Isoniazid	vmdm	SRR31248613	Resistant	1	inhA_c.-777C>T(R:21.34%),katG_p.Ser315Thr(R:77.81%),model(0.99)	pass
Pyrazinamide	vmdm	SRR31248613	Resistant	1	pncA_p.Gly132Ala(R:1.29%),model(0.75)	pass
Rifampicin	vmdm	SRR31248613	Resistant	1	rpoB_p.Ser450Leu(R:64.40%),model(0.99)	pass
Ethambutol	vmdm	SRR31248614	Resistant	1	embB_p.Asp354Ala(R:3.17%),model(0.73)	pass
Isoniazid	vmdm	SRR31248614	Resistant	1	katG_p.Ser315Thr(R:77.81%),model(1.00)	pass
Pyrazinamide	vmdm	SRR31248614	Resistant	1	pncA_p.Lys96Arg(R:0.23%)	pass
Rifampicin	vmdm	SRR31248614	Resistant	1	rpoB_p.Ser450Leu(R:64.40%),model(0.99)	pass
Ethambutol	vmdm	SRR31248615	Susceptible	0	NULL	pass
Isoniazid	vmdm	SRR31248615	Resistant	1	katG_p.Ser315Thr(R:77.81%),model(0.99)	pass
Pyrazinamide	vmdm	SRR31248615	Susceptible	0	NULL	pass
Rifampicin	vmdm	SRR31248615	Susceptible	0	NULL	pass
Ethambutol	vmdm	SRR31248616	Susceptible	1	embB_p.Gln497Arg(R:10.54%),model(0.86)	pass
Isoniazid	vmdm	SRR31248616	Resistant	1	inhA_c.-777C>T(R:21.34%),katG_p.Ser315Thr(R:77.81%),model(0.99)	pass
Pyrazinamide	vmdm	SRR31248616	Resistant	1	pncA_p.Gly132Ala(R:1.29%),model(0.80)	pass
Rifampicin	vmdm	SRR31248616	Resistant	1	rpoB_p.Ser450Leu(R:64.40%),model(0.99)	pass
Ethambutol	vmdm	SRR31248617	Susceptible	0	NULL	pass
Isoniazid	vmdm	SRR31248617	Susceptible	0	NULL	pass
Pyrazinamide	vmdm	SRR31248617	Susceptible	0	NULL	pass
Rifampicin	vmdm	SRR31248617	Resistant	1	rpoB_p.His445Tyr(R:3.53%),model(0.94)	pass
Ethambutol	vmdm	SRR31248618	Susceptible	1	embB_p.Met306Val(R:34.23%),model(0.79)	pass
Isoniazid	vmdm	SRR31248618	Resistant	1	katG_p.Ser315Thr(R:77.81%),model(0.99)	pass
Pyrazinamide	vmdm	SRR31248618	Resistant	1	pncA_p.Thr177Pro(R:0.18%)	pass
Rifampicin	vmdm	SRR31248618	Resistant	1	rpoB_p.Ser450Leu(R:64.40%),model(0.99)	pass
Ethambutol	vmdm	SRR31248619	Resistant	0	NULL	pass
Isoniazid	vmdm	SRR31248619	Resistant	1	katG_p.Ser315Thr(R:77.81%),model(0.99)	pass
Pyrazinamide	vmdm	SRR31248619	Resistant	1	pncA_p.Ile5Ser(R:0.61%)	pass
Rifampicin	vmdm	SRR31248619	Resistant	1	rpoB_p.Ser450Leu(R:64.40%),model(0.99)	pass
Ethambutol	vmdm	SRR31248620	Resistant	1	embB_p.Gln497Arg(R:10.54%),model(0.86)	pass
Isoniazid	vmdm	SRR31248620	Resistant	1	inhA_c.-777C>T(R:21.34%),katG_p.Ser315Thr(R:77.81%),model(0.99)	pass
Pyrazinamide	vmdm	SRR31248620	Resistant	1	pncA_p.Gly132Ala(R:1.29%),model(0.80)	pass
Rifampicin	vmdm	SRR31248620	Resistant	1	rpoB_p.Ser450Leu(R:64.40%),model(0.99)	pass
Ethambutol	vmdm	SRR31248621	Resistant	1	embB_p.Met306Val(R:34.23%),model(0.89)	pass
Isoniazid	vmdm	SRR31248621	Resistant	1	inhA_c.-777C>T(R:21.34%),model(0.96)	pass
Pyrazinamide	vmdm	SRR31248621	Resistant	1	pncA_p.Val128Gly(R:0.32%),model(0.95)	pass
Rifampicin	vmdm	SRR31248621	Resistant	1	rpoB_p.Ser450Leu(R:64.40%),model(0.99)	pass
Ethambutol	vmdm	SRR31248622	Susceptible	0	NULL	pass
Isoniazid	vmdm	SRR31248622	Susceptible	0	NULL	pass
Pyrazinamide	vmdm	SRR31248622	Resistant	0	NULL	pass
Rifampicin	vmdm	SRR31248622	Susceptible	1	rpoB_p.Thr427Asn(I:0.00%)	pass
Ethambutol	vmdm	SRR31248623	Resistant	1	embB_p.Gly406Cys(R:0.38%)	pass
Isoniazid	vmdm	SRR31248623	Resistant	1	katG_p.Ser315Arg(R:0.07%),katG_p.Ser315Thr(R:77.81%),model(0.99)	pass
Pyrazinamide	vmdm	SRR31248623	Resistant	1	pncA_p.Val139Gly(R:0.34%)	pass
Rifampicin	vmdm	SRR31248623	Resistant	1	rpoB_p.Ser450Leu(R:64.40%),model(0.99)	pass
Ethambutol	vmdm	SRR31248624	Resistant	1	embB_p.Gln497Arg(R:10.54%),model(0.78)	pass
Isoniazid	vmdm	SRR31248624	Resistant	1	inhA_c.-777C>T(R:21.34%),katG_p.Ser315Thr(R:77.81%),model(0.99)	pass
Pyrazinamide	vmdm	SRR31248624	Resistant	1	pncA_p.Gly132Ala(R:1.29%)	pass
Rifampicin	vmdm	SRR31248624	Resistant	1	rpoB_p.Ser450Leu(R:64.40%),model(0.99)	pass
Ethambutol	vmdm	SRR31248625	Resistant	1	embB_p.Gln497Arg(R:10.54%),model(0.85)	pass
Isoniazid	vmdm	SRR31248625	Resistant	1	inhA_c.-777C>T(R:21.34%),katG_p.Ser315Thr(R:77.81%),model(0.99)	pass
Pyrazinamide	vmdm	SRR31248625	Resistant	1	pncA_p.Gly132Ala(R:1.29%),model(0.77)	pass
Rifampicin	vmdm	SRR31248625	Resistant	1	rpoB_p.Ser450Leu(R:64.40%),model(0.99)	pass
Ethambutol	vmdm	SRR31248626	Susceptible	0	NULL	pass
Isoniazid	vmdm	SRR31248626	Susceptible	0	NULL	pass
Pyrazinamide	vmdm	SRR31248626	Susceptible	0	NULL	pass
Rifampicin	vmdm	SRR31248626	Susceptible	0	NULL	pass
Ethambutol	vmdm	SRR31248627	Resistant	1	embB_p.Gln497Arg(R:10.54%),model(0.76)	pass
Isoniazid	vmdm	SRR31248627	Resistant	1	katG_p.Ser315Thr(R:77.81%),model(0.99)	pass
Pyrazinamide	vmdm	SRR31248627	Resistant	1	pncA_p.Leu151Ser(R:0.43%)	pass
Rifampicin	vmdm	SRR31248627	Resistant	1	rpoB_p.Ser450Leu(R:64.40%),model(0.99)	pass
Ethambutol	vmdm	SRR31248628	Susceptible	0	NULL	pass
Isoniazid	vmdm	SRR31248628	Resistant	1	inhA_c.-777C>T(R:21.34%),model(0.96)	pass
Pyrazinamide	vmdm	SRR31248628	Susceptible	0	NULL	pass
Rifampicin	vmdm	SRR31248628	Susceptible	1	rpoB_p.Asp435Tyr(R:2.03%)	pass
Ethambutol	vmdm	SRR31248629	Resistant	1	embB_p.Met306Val(R:34.23%),model(0.82)	pass
Isoniazid	vmdm	SRR31248629	Resistant	1	katG_p.Ser315Thr(R:77.81%),model(1.00)	pass
Pyrazinamide	vmdm	SRR31248629	Resistant	1	pncA_p.Leu27Pro(R:1.00%)	pass
Rifampicin	vmdm	SRR31248629	Resistant	1	rpoB_p.Ser450Leu(R:64.40%),model(0.99)	pass
Ethambutol	vmdm	SRR31248630	Susceptible	0	NULL	pass
Isoniazid	vmdm	SRR31248630	Resistant	1	katG_p.Ser315Thr(R:77.81%),model(0.99)	pass
Pyrazinamide	vmdm	SRR31248630	Susceptible	0	NULL	pass
Rifampicin	vmdm	SRR31248630	Resistant	1	rpoB_p.Asp435Tyr(R:2.03%),model(0.74)	pass
Ethambutol	vmdm	SRR31248631	Resistant	1	embB_p.Gly406Ser(R:1.97%),model(0.79)	partial
Isoniazid	vmdm	SRR31248631	Resistant	1	katG_p.Ser315Thr(R:77.81%),model(1.00)	partial
Pyrazinamide	vmdm	SRR31248631	Resistant	1	pncA_LoF_frameshift(R:27.06%),model(0.83)	partial
Rifampicin	vmdm	SRR31248631	Resistant	1	rpoB_p.Ser450Leu(R:64.40%),model(0.99)	partial
Ethambutol	vmdm	SRR31248632	Resistant	1	embB_p.Asp354Ala(R:3.17%),model(0.67)	fail
Isoniazid	vmdm	SRR31248632	Resistant	1	model(0.96)	fail
Pyrazinamide	vmdm	SRR31248632	Resistant	0	NULL	fail
Rifampicin	vmdm	SRR31248632	Resistant	1	model(0.95)	fail
Ethambutol	vmdm	SRR31248633	Resistant	1	embB_p.Met306Val(R:34.23%),model(0.79)	pass
Isoniazid	vmdm	SRR31248633	Resistant	1	katG_p.Ser315Thr(R:77.81%),model(0.99)	pass
Pyrazinamide	vmdm	SRR31248633	Resistant	1	pncA_p.Asp136Gly(R:0.41%)	pass
Rifampicin	vmdm	SRR31248633	Resistant	1	rpoB_p.Ser450Leu(R:64.40%),model(0.99)	pass
Ethambutol	vmdm	SRR31248634	Resistant	1	embB_p.Met306Leu(R:1.53%),model(0.91)	pass
Isoniazid	vmdm	SRR31248634	Resistant	1	katG_p.Ser315Thr(R:77.81%),model(0.99)	pass
Pyrazinamide	vmdm	SRR31248634	Resistant	1	pncA_p.Gln10Pro(R:1.59%),model(0.95)	pass
Rifampicin	vmdm	SRR31248634	Resistant	1	rpoB_p.Leu452Pro(R:1.67%),model(0.69)	pass
Ethambutol	vmdm	SRR31248635	Resistant	0	NULL	pass
Isoniazid	vmdm	SRR31248635	Resistant	1	katG_p.Ser315Thr(R:77.81%),model(0.99)	pass
Pyrazinamide	vmdm	SRR31248635	Resistant	1	pncA_p.Ile5Ser(R:0.61%)	pass
Rifampicin	vmdm	SRR31248635	Resistant	1	rpoB_p.Ser450Leu(R:64.40%),model(0.99)	pass
Ethambutol	vmdm	SRR31248636	Resistant	0	NULL	pass
Isoniazid	vmdm	SRR31248636	Resistant	1	katG_p.Ser315Thr(R:77.81%),model(0.99)	pass
Pyrazinamide	vmdm	SRR31248636	Susceptible	0	NULL	pass
Rifampicin	vmdm	SRR31248636	Resistant	1	rpoB_p.Ser450Leu(R:64.40%),model(0.99)	pass
Ethambutol	vmdm	SRR31248637	Resistant	1	embB_p.Gly406Ser(R:1.97%),model(0.59)	pass
Isoniazid	vmdm	SRR31248637	Resistant	1	katG_p.Ser315Thr(R:77.81%),model(0.99)	pass
Pyrazinamide	vmdm	SRR31248637	Resistant	1	pncA_c.-11A>G(R:3.20%),model(0.89)	pass
Rifampicin	vmdm	SRR31248637	Resistant	1	rpoB_p.Ser450Leu(R:64.40%),model(0.99)	pass
Ethambutol	vmdm	SRR31248638	Resistant	1	embB_p.Met306Val(R:34.23%),model(0.77)	pass
Isoniazid	vmdm	SRR31248638	Resistant	1	inhA_c.-777C>T(R:21.34%),katG_p.Ser315Thr(R:77.81%),model(0.99)	pass
Pyrazinamide	vmdm	SRR31248638	Susceptible	1	pncA_p.Asp136Gly(R:0.41%)	pass
Rifampicin	vmdm	SRR31248638	Resistant	1	rpoB_p.Ser450Leu(R:64.40%),model(0.99)	pass
Ethambutol	vmdm	SRR31248639	Resistant	1	embB_p.Gly406Asp(R:2.89%),embB_p.Met306Ile(R:20.60%),model(0.89)	pass
Isoniazid	vmdm	SRR31248639	Resistant	1	katG_p.Ser315Thr(R:77.81%),model(1.00)	pass
Pyrazinamide	vmdm	SRR31248639	Resistant	1	pncA_p.His82Arg(R:0.11%)	pass
Rifampicin	vmdm	SRR31248639	Resistant	1	rpoB_p.His445Arg(R:0.81%),model(0.97)	pass
Ethambutol	vmdm	SRR31248640	Resistant	1	embB_p.Gln497Arg(R:10.54%),model(0.78)	pass
Isoniazid	vmdm	SRR31248640	Resistant	1	inhA_c.-777C>T(R:21.34%),katG_p.Ser315Thr(R:77.81%),model(0.99)	pass
Pyrazinamide	vmdm	SRR31248640	Resistant	1	pncA_p.Gly132Ala(R:1.29%),model(0.76)	pass
Rifampicin	vmdm	SRR31248640	Resistant	1	rpoB_p.Ser450Leu(R:64.40%),model(0.99)	pass
Ethambutol	vmdm	SRR31248641	Susceptible	0	NULL	pass
Isoniazid	vmdm	SRR31248641	Susceptible	0	NULL	pass
Pyrazinamide	vmdm	SRR31248641	Susceptible	0	NULL	pass
Rifampicin	vmdm	SRR31248641	Susceptible	0	NULL	pass
Ethambutol	vmdm	SRR31248642	Resistant	1	embB_p.Met306Val(R:34.23%),model(0.79)	pass
Isoniazid	vmdm	SRR31248642	Resistant	1	katG_p.Ser315Thr(R:77.81%),model(1.00)	pass
Pyrazinamide	vmdm	SRR31248642	Susceptible	0	NULL	pass
Rifampicin	vmdm	SRR31248642	Resistant	1	rpoB_p.Ser450Leu(R:64.40%),model(0.99)	pass
Ethambutol	vmdm	SRR31248643	Resistant	1	embB_p.Met306Val(R:34.23%),model(0.77)	pass
Isoniazid	vmdm	SRR31248643	Resistant	1	inhA_c.-777C>T(R:21.34%),katG_p.Ser315Thr(R:77.81%),model(0.99)	pass
Pyrazinamide	vmdm	SRR31248643	Resistant	0	NULL	pass
Rifampicin	vmdm	SRR31248643	Resistant	1	rpoB_p.Ser450Leu(R:64.40%),model(0.99)	pass
Ethambutol	vmdm	SRR31248644	Resistant	1	embB_p.Gln497Arg(R:10.54%),model(0.78)	partial
Isoniazid	vmdm	SRR31248644	Resistant	1	inhA_c.-777C>T(R:21.34%),katG_p.Ser315Thr(R:77.81%),model(0.99)	partial
Pyrazinamide	vmdm	SRR31248644	Resistant	1	pncA_p.Gly132Ala(R:1.29%),model(0.76)	partial
Rifampicin	vmdm	SRR31248644	Resistant	1	rpoB_p.Ser450Leu(R:64.40%),model(0.99)	partial
Ethambutol	vmdm	SRR31248645	Resistant	1	embB_p.Gln497Arg(R:10.54%),model(0.78)	pass
Isoniazid	vmdm	SRR31248645	Resistant	1	inhA_c.-777C>T(R:21.34%),katG_p.Ser315Thr(R:77.81%),model(0.99)	pass
Pyrazinamide	vmdm	SRR31248645	Resistant	1	pncA_p.Gly132Ala(R:1.29%),model(0.75)	pass
Rifampicin	vmdm	SRR31248645	Resistant	1	rpoB_p.Ser450Leu(R:64.40%),model(0.99)	pass
Ethambutol	vmdm	SRR31248646	Resistant	1	embB_p.Met306Val(R:34.23%),model(0.78)	pass
Isoniazid	vmdm	SRR31248646	Resistant	1	katG_p.Ser315Thr(R:77.81%),model(1.00)	pass
Pyrazinamide	vmdm	SRR31248646	Resistant	1	pncA_p.Ile5Ser(R:0.61%)	pass
Rifampicin	vmdm	SRR31248646	Resistant	1	rpoB_p.Ser450Trp(R:1.42%),model(0.98)	pass
Ethambutol	vmdm	SRR31248647	Resistant	1	embB_p.Met306Val(R:34.23%),model(0.79)	pass
Isoniazid	vmdm	SRR31248647	Resistant	1	katG_p.Ser315Thr(R:77.81%),model(1.00)	pass
Pyrazinamide	vmdm	SRR31248647	Susceptible	0	NULL	pass
Rifampicin	vmdm	SRR31248647	Resistant	1	rpoB_p.Ser450Leu(R:64.40%),model(0.99)	pass
Ethambutol	vmdm	SRR31248648	Susceptible	0	NULL	pass
Isoniazid	vmdm	SRR31248648	Susceptible	0	NULL	pass
Pyrazinamide	vmdm	SRR31248648	Susceptible	0	NULL	pass
Rifampicin	vmdm	SRR31248648	Susceptible	1	rpoB_p.His445Gln(I:0.12%)	pass
Ethambutol	vmdm	SRR31248649	Susceptible	1	embB_p.Gly406Ala(R:3.46%),model(0.75)	fail
Isoniazid	vmdm	SRR31248649	Resistant	1	katG_p.Ser315Thr(R:77.81%),model(1.00)	fail
Pyrazinamide	vmdm	SRR31248649	Resistant	1	pncA_p.His71Arg(R:0.86%)	fail
Rifampicin	vmdm	SRR31248649	Resistant	1	rpoB_p.His445Tyr(R:3.53%),model(0.99)	fail
Ethambutol	vmdm	SRR31248650	Resistant	1	embB_p.Met306Val(R:34.23%),model(0.79)	pass
Isoniazid	vmdm	SRR31248650	Resistant	1	katG_p.Ser315Thr(R:77.81%),model(1.00)	pass
Pyrazinamide	vmdm	SRR31248650	Resistant	1	pncA_p.Leu27Pro(R:1.00%)	pass
Rifampicin	vmdm	SRR31248650	Resistant	1	rpoB_p.Ser450Leu(R:64.40%),model(0.99)	pass
Ethambutol	vmdm	SRR31248651	Resistant	1	embB_p.Met306Val(R:34.23%),model(0.79)	pass
Isoniazid	vmdm	SRR31248651	Resistant	1	katG_p.Ser315Thr(R:77.81%),model(1.00)	pass
Pyrazinamide	vmdm	SRR31248651	Susceptible	0	NULL	pass
Rifampicin	vmdm	SRR31248651	Resistant	1	rpoB_p.Ser450Leu(R:64.40%),model(0.99)	pass
Ethambutol	vmdm	SRR31248652	Susceptible	0	NULL	pass
Isoniazid	vmdm	SRR31248652	Susceptible	0	NULL	pass
Pyrazinamide	vmdm	SRR31248652	Susceptible	0	NULL	pass
Rifampicin	vmdm	SRR31248652	Susceptible	0	NULL	pass
Ethambutol	vmdm	SRR31248653	Resistant	1	embB_p.Met306Val(R:34.23%),model(0.79)	pass
Isoniazid	vmdm	SRR31248653	Resistant	1	katG_p.Ser315Thr(R:77.81%),model(1.00)	pass
Pyrazinamide	vmdm	SRR31248653	Resistant	1	pncA_c.-11A>G(R:3.20%)	pass
Rifampicin	vmdm	SRR31248653	Resistant	1	rpoB_p.Ser450Leu(R:64.40%),model(0.99)	pass
Ethambutol	vmdm	SRR31248654	Resistant	1	embB_p.Gln497Arg(R:10.54%),model(0.78)	pass
Isoniazid	vmdm	SRR31248654	Resistant	1	inhA_c.-777C>T(R:21.34%),katG_p.Ser315Thr(R:77.81%),model(0.99)	pass
Pyrazinamide	vmdm	SRR31248654	Resistant	1	pncA_p.Gly132Ala(R:1.29%),model(0.76)	pass
Rifampicin	vmdm	SRR31248654	Resistant	1	rpoB_p.Ser450Leu(R:64.40%),model(0.99)	pass
Ethambutol	vmdm	SRR31248655	Susceptible	0	NULL	pass
Isoniazid	vmdm	SRR31248655	Resistant	1	katG_p.Ser315Thr(R:77.81%),model(0.99)	pass
Pyrazinamide	vmdm	SRR31248655	Susceptible	0	NULL	pass
Rifampicin	vmdm	SRR31248655	Resistant	1	rpoB_p.Asp435Gly(I:0.88%),rpoB_p.Leu430Pro(R:1.28%),model(0.93)	pass
Ethambutol	vmdm	SRR31248656	Resistant	1	embB_p.Met306Val(R:34.23%),model(0.92)	pass
Isoniazid	vmdm	SRR31248656	Resistant	1	inhA_c.-770T>C(I:1.86%),katG_p.Ser315Arg(R:0.07%),katG_p.Ser315Thr(R:77.81%),model(1.00)	pass
Pyrazinamide	vmdm	SRR31248656	Resistant	1	pncA_p.His43Pro(I:0.07%)	pass
Rifampicin	vmdm	SRR31248656	Resistant	1	rpoB_p.Ser450Leu(R:64.40%),model(0.99)	pass
Ethambutol	vmdm	SRR31248657	Resistant	1	embB_p.Gln497Arg(R:10.54%),model(0.76)	pass
Isoniazid	vmdm	SRR31248657	Resistant	1	katG_p.Ser315Thr(R:77.81%),model(0.99)	pass
Pyrazinamide	vmdm	SRR31248657	Resistant	0	NULL	pass
Rifampicin	vmdm	SRR31248657	Resistant	1	rpoB_p.Ser450Leu(R:64.40%),model(0.99)	pass
Ethambutol	vmdm	SRR31248658	Resistant	1	embB_p.Met306Val(R:34.23%),model(0.79)	pass
Isoniazid	vmdm	SRR31248658	Resistant	1	katG_p.Ser315Thr(R:77.81%),model(1.00)	pass
Pyrazinamide	vmdm	SRR31248658	Resistant	1	pncA_p.Leu27Pro(R:1.00%)	pass
Rifampicin	vmdm	SRR31248658	Resistant	1	rpoB_p.Ser450Leu(R:64.40%),model(0.99)	pass
Ethambutol	vmdm	SRR31248659	Resistant	1	embB_p.Met306Ile(R:20.60%),model(0.73)	pass
Isoniazid	vmdm	SRR31248659	Resistant	1	katG_p.Ser315Thr(R:77.81%),model(1.00)	pass
Pyrazinamide	vmdm	SRR31248659	Resistant	1	pncA_c.-11A>G(R:3.20%)	pass
Rifampicin	vmdm	SRR31248659	Resistant	1	rpoB_p.Ser450Leu(R:64.40%),model(0.99)	pass
Ethambutol	vmdm	SRR31248660	Resistant	1	embB_p.Met306Ile(R:20.60%),model(0.63)	pass
Isoniazid	vmdm	SRR31248660	Resistant	1	katG_p.Ser315Thr(R:77.81%),model(0.99)	pass
Pyrazinamide	vmdm	SRR31248660	Resistant	0	NULL	pass
Rifampicin	vmdm	SRR31248660	Resistant	1	rpoB_p.Asp435Val(R:6.86%),model(0.96)	pass
Ethambutol	vmdm	SRR31248661	Resistant	1	embB_p.Met306Val(R:34.23%),model(0.79)	pass
Isoniazid	vmdm	SRR31248661	Resistant	1	katG_p.Ser315Thr(R:77.81%),model(1.00)	pass
Pyrazinamide	vmdm	SRR31248661	Susceptible	0	NULL	pass
Rifampicin	vmdm	SRR31248661	Resistant	1	rpoB_p.Ser450Leu(R:64.40%),model(0.99)	pass
Ethambutol	vmdm	SRR31248662	Resistant	1	embB_p.Gly406Asp(R:2.89%),model(0.56)	pass
Isoniazid	vmdm	SRR31248662	Resistant	1	katG_p.Ser315Thr(R:77.81%),model(0.99)	pass
Pyrazinamide	vmdm	SRR31248662	Susceptible	1	model(0.80)	pass
Rifampicin	vmdm	SRR31248662	Resistant	1	rpoB_p.Ser450Leu(R:64.40%),model(0.99)	pass
Ethambutol	vmdm	SRR31248663	Susceptible	0	NULL	pass
Isoniazid	vmdm	SRR31248663	Susceptible	0	NULL	pass
Pyrazinamide	vmdm	SRR31248663	Susceptible	0	NULL	pass
Rifampicin	vmdm	SRR31248663	Susceptible	0	NULL	pass
Ethambutol	vmdm	SRR31248664	Resistant	1	embB_p.Met306Val(R:34.23%),model(0.79)	pass
Isoniazid	vmdm	SRR31248664	Resistant	1	katG_p.Ser315Thr(R:77.81%),model(1.00)	pass
Pyrazinamide	vmdm	SRR31248664	Resistant	1	pncA_p.Val139Ala(R:1.34%)	pass
Rifampicin	vmdm	SRR31248664	Resistant	1	rpoB_p.Ser450Leu(R:64.40%),model(0.99)	pass
Ethambutol	vmdm	SRR31248665	Resistant	1	embB_p.Met306Val(R:34.23%),model(0.71)	pass
Isoniazid	vmdm	SRR31248665	Resistant	1	katG_p.Ser315Thr(R:77.81%),model(1.00)	pass
Pyrazinamide	vmdm	SRR31248665	Resistant	1	pncA_p.Cys72Arg(R:0.32%)	pass
Rifampicin	vmdm	SRR31248665	Resistant	1	rpoB_p.Ser450Leu(R:64.40%),model(0.99)	pass
Ethambutol	vmdm	SRR31248666	Resistant	1	embB_p.Met306Val(R:34.23%),model(0.84)	pass
Isoniazid	vmdm	SRR31248666	Resistant	1	katG_p.Ser315Thr(R:77.81%),model(1.00)	pass
Pyrazinamide	vmdm	SRR31248666	Susceptible	1	model(0.77)	pass
Rifampicin	vmdm	SRR31248666	Resistant	1	rpoB_p.Ser450Leu(R:64.40%),model(0.99)	pass
Ethambutol	vmdm	SRR31248667	Susceptible	0	NULL	pass
Isoniazid	vmdm	SRR31248667	Susceptible	0	NULL	pass
Pyrazinamide	vmdm	SRR31248667	Susceptible	0	NULL	pass
Rifampicin	vmdm	SRR31248667	Susceptible	0	NULL	pass
Ethambutol	vmdm	SRR31248668	Resistant	1	embB_p.Met306Val(R:34.23%),model(0.75)	pass
Isoniazid	vmdm	SRR31248668	Resistant	1	katG_p.Ser315Thr(R:77.81%),model(0.99)	pass
Pyrazinamide	vmdm	SRR31248668	Resistant	1	pncA_p.Asp63Gly(I:0.16%),model(0.78)	pass
Rifampicin	vmdm	SRR31248668	Resistant	1	rpoB_p.Ser450Leu(R:64.40%),model(0.99)	pass
Ethambutol	vmdm	SRR31248669	Resistant	1	embB_p.Met306Val(R:34.23%),model(0.81)	pass
Isoniazid	vmdm	SRR31248669	Resistant	1	inhA_c.-777C>T(R:21.34%),katG_p.Ser315Thr(R:77.81%),model(0.99)	pass
Pyrazinamide	vmdm	SRR31248669	Resistant	1	pncA_p.Leu27Pro(R:1.00%)	pass
Rifampicin	vmdm	SRR31248669	Resistant	1	rpoB_p.Ser450Leu(R:64.40%),model(0.99)	pass
Ethambutol	vmdm	SRR31248670	Resistant	0	NULL	pass
Isoniazid	vmdm	SRR31248670	Resistant	1	inhA_c.-777C>T(R:21.34%),katG_p.Ser315Thr(R:77.81%),model(1.00)	pass
Pyrazinamide	vmdm	SRR31248670	Susceptible	1	pncA_p.Asp63Gly(I:0.16%)	pass
Rifampicin	vmdm	SRR31248670	Susceptible	1	rpoB_p.Asn437Asp(I:0.09%),rpoB_p.Asp435Tyr(R:2.03%),model(0.68)	pass
Ethambutol	vmdm	SRR31248671	Resistant	1	embB_p.Met306Ile(R:20.60%),model(0.62)	pass
Isoniazid	vmdm	SRR31248671	Resistant	1	katG_p.Ser315Thr(R:77.81%),model(0.99)	pass
Pyrazinamide	vmdm	SRR31248671	Resistant	1	pncA_p.Gly108Arg(R:0.39%)	pass
Rifampicin	vmdm	SRR31248671	Resistant	1	rpoB_p.Ser450Leu(R:64.40%),model(0.99)	pass
Ethambutol	vmdm	SRR31248672	Resistant	1	embB_p.Met306Val(R:34.23%),model(0.82)	pass
Isoniazid	vmdm	SRR31248672	Resistant	1	katG_p.Ser315Thr(R:77.81%),model(1.00)	pass
Pyrazinamide	vmdm	SRR31248672	Resistant	1	pncA_p.Asp49Gly(R:0.98%),model(0.73)	pass
Rifampicin	vmdm	SRR31248672	Resistant	1	rpoB_p.Ser450Leu(R:64.40%),model(0.99)	pass
Ethambutol	vmdm	SRR31248673	Resistant	1	embB_p.Met306Ile(R:20.60%),model(0.62)	pass
Isoniazid	vmdm	SRR31248673	Resistant	1	katG_p.Ser315Thr(R:77.81%),model(0.99)	pass
Pyrazinamide	vmdm	SRR31248673	Resistant	1	pncA_p.Pro54Leu(R:0.73%)	pass
Rifampicin	vmdm	SRR31248673	Resistant	1	rpoB_p.Ser450Leu(R:64.40%),model(0.99)	pass
Ethambutol	vmdm	SRR31248674	Resistant	0	NULL	fail
Isoniazid	vmdm	SRR31248674	Resistant	0	NULL	fail
Pyrazinamide	vmdm	SRR31248674	Susceptible	0	NULL	fail
Rifampicin	vmdm	SRR31248674	Resistant	0	NULL	fail
Ethambutol	vmdm	SRR31248675	Susceptible	1	embB_p.Met306Val(R:34.23%),model(0.79)	partial
Isoniazid	vmdm	SRR31248675	Resistant	1	model(0.99)	partial
Pyrazinamide	vmdm	SRR31248675	Susceptible	0	NULL	partial
Rifampicin	vmdm	SRR31248675	Resistant	1	rpoB_p.Ser450Leu(R:64.40%),model(0.99)	partial
Ethambutol	vmdm	SRR31248676	Resistant	1	embB_p.Met306Val(R:34.23%),model(0.79)	fail
Isoniazid	vmdm	SRR31248676	Resistant	1	model(0.99)	fail
Pyrazinamide	vmdm	SRR31248676	Resistant	1	pncA_p.Asp63Gly(I:0.16%),pncA_p.Leu27Pro(R:1.00%)	fail
Rifampicin	vmdm	SRR31248676	Resistant	1	rpoB_p.Ser450Leu(R:64.40%),model(0.99)	fail
Ethambutol	vmdm	SRR31248677	Resistant	1	embB_p.Met306Val(R:34.23%),model(0.82)	pass
Isoniazid	vmdm	SRR31248677	Resistant	1	katG_p.Ser315Thr(R:77.81%),model(1.00)	pass
Pyrazinamide	vmdm	SRR31248677	Resistant	1	pncA_p.Leu27Pro(R:1.00%)	pass
Rifampicin	vmdm	SRR31248677	Resistant	1	rpoB_p.Ser450Leu(R:64.40%),model(0.99)	pass
Ethambutol	vmdm	SRR31248678	Susceptible	0	NULL	pass
Isoniazid	vmdm	SRR31248678	Susceptible	0	NULL	pass
Pyrazinamide	vmdm	SRR31248678	Susceptible	0	NULL	pass
Rifampicin	vmdm	SRR31248678	Susceptible	0	NULL	pass
Ethambutol	vmdm	SRR31248679	Susceptible	0	NULL	fail
Isoniazid	vmdm	SRR31248679	Resistant	0	NULL	fail
Pyrazinamide	vmdm	SRR31248679	Resistant	1	pncA_p.Asp63Gly(I:0.16%)	fail
Rifampicin	vmdm	SRR31248679	Resistant	1	rpoB_p.Ser450Leu(R:64.40%),model(0.99)	fail
Ethambutol	vmdm	SRR31248680	Resistant	1	embB_p.Met306Val(R:34.23%),model(0.81)	pass
Isoniazid	vmdm	SRR31248680	Resistant	1	inhA_c.-777C>T(R:21.34%),katG_p.Ser315Thr(R:77.81%),model(1.00)	pass
Pyrazinamide	vmdm	SRR31248680	Resistant	1	pncA_p.Leu27Pro(R:1.00%)	pass
Rifampicin	vmdm	SRR31248680	Resistant	1	rpoB_p.Ser450Leu(R:64.40%),model(0.99)	pass
Ethambutol	vmdm	SRR31248681	Resistant	1	embB_p.Met306Ile(R:20.60%),model(0.51)	fail
Isoniazid	vmdm	SRR31248681	Resistant	1	model(0.95)	fail
Pyrazinamide	vmdm	SRR31248681	Resistant	1	pncA_LoF_frameshift(R:27.06%),model(0.81)	fail
Rifampicin	vmdm	SRR31248681	Resistant	1	model(0.95)	fail
Ethambutol	vmdm	SRR31248682	Resistant	1	embB_p.Met306Val(R:34.23%),model(0.81)	pass
Isoniazid	vmdm	SRR31248682	Resistant	1	katG_p.Ser315Thr(R:77.81%),model(0.99)	pass
Pyrazinamide	vmdm	SRR31248682	Resistant	1	pncA_p.Thr160Lys(I:0.05%)	pass
Rifampicin	vmdm	SRR31248682	Resistant	1	rpoB_p.His445Tyr(R:3.53%),model(0.98)	pass
Ethambutol	vmdm	SRR31248683	Susceptible	0	NULL	pass
Isoniazid	vmdm	SRR31248683	Resistant	1	katG_p.Ser315Thr(R:77.81%),model(0.99)	pass
Pyrazinamide	vmdm	SRR31248683	Susceptible	0	NULL	pass
Rifampicin	vmdm	SRR31248683	Susceptible	1	rpoB_p.Leu430Pro(R:1.28%)	pass
Ethambutol	vmdm	SRR31248684	Resistant	1	embB_p.Gln497Arg(R:10.54%),model(0.78)	pass
Isoniazid	vmdm	SRR31248684	Resistant	1	inhA_c.-777C>T(R:21.34%),katG_p.Ser315Thr(R:77.81%),model(0.99)	pass
Pyrazinamide	vmdm	SRR31248684	Resistant	1	pncA_p.Gly132Ala(R:1.29%)	pass
Rifampicin	vmdm	SRR31248684	Resistant	1	rpoB_p.Ser450Leu(R:64.40%),model(0.99)	pass
Ethambutol	vmdm	SRR31248685	Resistant	1	embB_p.Met306Val(R:34.23%),model(0.82)	pass
Isoniazid	vmdm	SRR31248685	Resistant	1	katG_p.Ser315Thr(R:77.81%),model(1.00)	pass
Pyrazinamide	vmdm	SRR31248685	Resistant	1	pncA_p.Val139Ala(R:1.34%)	pass
Rifampicin	vmdm	SRR31248685	Resistant	1	rpoB_p.Ser450Leu(R:64.40%),model(0.99)	pass
Ethambutol	vmdm	SRR31248686	Resistant	1	embB_p.Gln497Arg(R:10.54%),model(0.78)	pass
Isoniazid	vmdm	SRR31248686	Resistant	1	inhA_c.-777C>T(R:21.34%),katG_p.Ser315Thr(R:77.81%),model(0.99)	pass
Pyrazinamide	vmdm	SRR31248686	Resistant	1	pncA_p.Gly132Ala(R:1.29%),model(0.76)	pass
Rifampicin	vmdm	SRR31248686	Resistant	1	rpoB_p.Ser450Leu(R:64.40%),model(0.99)	pass
Ethambutol	vmdm	SRR31248687	Resistant	1	model(0.75)	pass
Isoniazid	vmdm	SRR31248687	Resistant	1	inhA_c.-777C>T(R:21.34%),katG_p.Ser315Thr(R:77.81%),model(0.99)	pass
Pyrazinamide	vmdm	SRR31248687	Susceptible	0	NULL	pass
Rifampicin	vmdm	SRR31248687	Resistant	1	rpoB_p.Ser450Leu(R:64.40%),model(0.99)	pass
Ethambutol	vmdm	SRR31248688	Susceptible	0	NULL	pass
Isoniazid	vmdm	SRR31248688	Resistant	1	katG_p.Ser315Thr(R:77.81%),model(0.99)	pass
Pyrazinamide	vmdm	SRR31248688	Susceptible	0	NULL	pass
Rifampicin	vmdm	SRR31248688	Susceptible	0	NULL	pass
Ethambutol	vmdm	SRR31248689	Susceptible	0	NULL	pass
Isoniazid	vmdm	SRR31248689	Resistant	1	inhA_c.-777C>T(R:21.34%),model(0.87)	pass
Pyrazinamide	vmdm	SRR31248689	Susceptible	0	NULL	pass
Rifampicin	vmdm	SRR31248689	Susceptible	0	NULL	pass
Ethambutol	vmdm	SRR31248690	Resistant	1	embB_p.Met306Val(R:34.23%),model(0.81)	pass
Isoniazid	vmdm	SRR31248690	Resistant	1	inhA_c.-777C>T(R:21.34%),katG_p.Ser315Thr(R:77.81%),model(0.99)	pass
Pyrazinamide	vmdm	SRR31248690	Resistant	1	pncA_p.Leu27Pro(R:1.00%)	pass
Rifampicin	vmdm	SRR31248690	Resistant	1	rpoB_p.Ser450Leu(R:64.40%),model(0.99)	pass
Ethambutol	vmdm	SRR31248691	Susceptible	1	model(0.54)	pass
Isoniazid	vmdm	SRR31248691	Resistant	1	katG_p.Ser315Thr(R:77.81%),model(0.99)	pass
Pyrazinamide	vmdm	SRR31248691	Susceptible	0	NULL	pass
Rifampicin	vmdm	SRR31248691	Resistant	1	rpoB_p.Ser450Leu(R:64.40%),model(0.99)	pass
Ethambutol	vmdm	SRR31248692	Resistant	1	embB_p.Gly406Asp(R:2.89%),embB_p.Met306Val(R:34.23%),model(0.79)	pass
Isoniazid	vmdm	SRR31248692	Resistant	1	katG_p.Ser315Thr(R:77.81%),model(1.00)	pass
Pyrazinamide	vmdm	SRR31248692	Resistant	0	NULL	pass
Rifampicin	vmdm	SRR31248692	Resistant	1	rpoB_p.Leu430Pro(R:1.28%),rpoB_p.Ser431Gly(I:0.06%),model(0.90)	pass
Ethambutol	vmdm	SRR31248693	Susceptible	0	NULL	pass
Isoniazid	vmdm	SRR31248693	Resistant	1	katG_p.Ser315Thr(R:77.81%),model(0.99)	pass
Pyrazinamide	vmdm	SRR31248693	Susceptible	0	NULL	pass
Rifampicin	vmdm	SRR31248693	Resistant	1	rpoB_p.His445Tyr(R:3.53%),model(0.98)	pass
Ethambutol	vmdm	SRR31248694	Resistant	1	embB_p.Met306Val(R:34.23%),model(0.79)	pass
Isoniazid	vmdm	SRR31248694	Resistant	1	katG_p.Ser315Thr(R:77.81%),model(1.00)	pass
Pyrazinamide	vmdm	SRR31248694	Susceptible	0	NULL	pass
Rifampicin	vmdm	SRR31248694	Resistant	1	rpoB_p.Ser450Leu(R:64.40%),model(0.99)	pass
Ethambutol	vmdm	SRR31248695	Susceptible	1	model(0.53)	pass
Isoniazid	vmdm	SRR31248695	Resistant	1	inhA_c.-777C>T(R:21.34%),katG_p.Ser315Thr(R:77.81%),model(0.99)	pass
Pyrazinamide	vmdm	SRR31248695	Resistant	0	NULL	pass
Rifampicin	vmdm	SRR31248695	Resistant	1	rpoB_p.Ser450Leu(R:64.40%),model(0.99)	pass
Ethambutol	vmdm	SRR31248696	Susceptible	0	NULL	pass
Isoniazid	vmdm	SRR31248696	Resistant	1	katG_p.Ser315Thr(R:77.81%),model(0.99)	pass
Pyrazinamide	vmdm	SRR31248696	Susceptible	0	NULL	pass
Rifampicin	vmdm	SRR31248696	Susceptible	0	NULL	pass
Ethambutol	vmdm	SRR31248697	Susceptible	1	embB_p.Met306Val(R:34.23%),model(0.79)	pass
Isoniazid	vmdm	SRR31248697	Resistant	1	katG_p.Ser315Thr(R:77.81%),model(0.99)	pass
Pyrazinamide	vmdm	SRR31248697	Susceptible	1	pncA_p.Ile133Thr(R:0.66%)	pass
Rifampicin	vmdm	SRR31248697	Resistant	1	rpoB_p.Ser450Leu(R:64.40%),model(0.99)	pass
Ethambutol	vmdm	SRR31248698	Resistant	1	embB_p.Met306Ile(R:20.60%)	pass
Isoniazid	vmdm	SRR31248698	Resistant	1	katG_p.Ser315Thr(R:77.81%),model(0.99)	pass
Pyrazinamide	vmdm	SRR31248698	Resistant	0	NULL	pass
Rifampicin	vmdm	SRR31248698	Resistant	1	rpoB_p.His445Arg(R:0.81%),model(0.95)	pass
Ethambutol	vmdm	SRR31248699	Susceptible	1	embB_p.Met306Ile(R:20.60%),model(0.62)	pass
Isoniazid	vmdm	SRR31248699	Resistant	1	katG_p.Ser315Thr(R:77.81%),model(0.99)	pass
Pyrazinamide	vmdm	SRR31248699	Resistant	0	NULL	pass
Rifampicin	vmdm	SRR31248699	Resistant	1	rpoB_p.Ser450Leu(R:64.40%),model(0.99)	pass
Ethambutol	vmdm	SRR31248700	Resistant	1	embB_p.Met306Val(R:34.23%),model(0.79)	pass
Isoniazid	vmdm	SRR31248700	Resistant	1	katG_p.Ser315Thr(R:77.81%),model(1.00)	pass
Pyrazinamide	vmdm	SRR31248700	Resistant	1	pncA_p.Val139Ala(R:1.34%)	pass
Rifampicin	vmdm	SRR31248700	Resistant	1	rpoB_p.Ser450Leu(R:64.40%),model(0.99)	pass
Ethambutol	vmdm	SRR31248701	Resistant	1	embB_p.Met306Ile(R:20.60%),model(0.62)	pass
Isoniazid	vmdm	SRR31248701	Resistant	1	katG_p.Ser315Thr(R:77.81%),model(0.99)	pass
Pyrazinamide	vmdm	SRR31248701	Susceptible	0	NULL	pass
Rifampicin	vmdm	SRR31248701	Resistant	1	rpoB_p.Ser450Leu(R:64.40%),model(0.99)	pass
Ethambutol	vmdm	SRR31248702	Resistant	1	embB_p.Met306Ile(R:20.60%),model(0.75)	pass
Isoniazid	vmdm	SRR31248702	Resistant	1	katG_p.Ser315Thr(R:77.81%),model(0.99)	pass
Pyrazinamide	vmdm	SRR31248702	Resistant	0	NULL	pass
Rifampicin	vmdm	SRR31248702	Resistant	1	rpoB_p.Ser450Leu(R:64.40%),model(0.99)	pass
Ethambutol	vmdm	SRR31248703	Susceptible	1	embB_p.Gly406Ser(R:1.97%),model(0.84)	partial
Isoniazid	vmdm	SRR31248703	Resistant	1	inhA_c.-777C>T(R:21.34%),model(0.95)	partial
Pyrazinamide	vmdm	SRR31248703	Resistant	1	pncA_p.Gln141Pro(R:1.70%)	partial
Rifampicin	vmdm	SRR31248703	Resistant	1	rpoB_p.Ser450Leu(R:64.40%),model(0.99)	partial
Ethambutol	vmdm	SRR31248704	Susceptible	1	embB_p.Gly406Ala(R:3.46%),model(0.80)	fail
Isoniazid	vmdm	SRR31248704	Susceptible	0	NULL	fail
Pyrazinamide	vmdm	SRR31248704	Susceptible	1	pncA_p.Thr135Pro(R:0.98%)	fail
Rifampicin	vmdm	SRR31248704	Susceptible	0	NULL	fail
Ethambutol	vmdm	SRR31248705	Resistant	1	embB_p.Met306Val(R:34.23%),model(0.79)	pass
Isoniazid	vmdm	SRR31248705	Resistant	1	katG_p.Ser315Thr(R:77.81%),model(1.00)	pass
Pyrazinamide	vmdm	SRR31248705	Resistant	1	pncA_p.Val139Ala(R:1.34%)	pass
Rifampicin	vmdm	SRR31248705	Resistant	1	rpoB_p.Ser450Leu(R:64.40%),model(0.99)	pass
Ethambutol	vmdm	SRR31248706	Resistant	1	embB_p.Met306Val(R:34.23%),model(0.79)	pass
Isoniazid	vmdm	SRR31248706	Resistant	1	katG_p.Ser315Thr(R:77.81%),model(1.00)	pass
Pyrazinamide	vmdm	SRR31248706	Resistant	1	pncA_p.Val139Ala(R:1.34%)	pass
Rifampicin	vmdm	SRR31248706	Resistant	1	rpoB_p.Ser450Leu(R:64.40%),model(0.99)	pass
Ethambutol	vmdm	SRR31248707	Susceptible	0	NULL	pass
Isoniazid	vmdm	SRR31248707	Resistant	1	katG_p.Ser315Thr(R:77.81%),model(0.99)	pass
Pyrazinamide	vmdm	SRR31248707	Resistant	0	NULL	pass
Rifampicin	vmdm	SRR31248707	Resistant	1	rpoB_p.His445Leu(R:1.29%),model(0.93)	pass
Ethambutol	vmdm	SRR31248708	Resistant	1	embB_p.Met306Val(R:34.23%),model(0.82)	pass
Isoniazid	vmdm	SRR31248708	Resistant	1	katG_p.Ser315Thr(R:77.81%),model(1.00)	pass
Pyrazinamide	vmdm	SRR31248708	Resistant	1	pncA_p.Asp136Gly(R:0.41%)	pass
Rifampicin	vmdm	SRR31248708	Resistant	1	rpoB_p.Ser450Leu(R:64.40%),model(0.99)	pass
Ethambutol	vmdm	SRR31248709	Resistant	1	embB_p.Met306Val(R:34.23%),model(0.79)	partial
Isoniazid	vmdm	SRR31248709	Resistant	1	katG_p.Ser315Thr(R:77.81%),model(1.00)	partial
Pyrazinamide	vmdm	SRR31248709	Resistant	1	pncA_p.Val139Ala(R:1.34%)	partial
Rifampicin	vmdm	SRR31248709	Resistant	1	rpoB_p.Ser450Leu(R:64.40%),model(0.99)	partial
Ethambutol	vmdm	SRR31248710	Susceptible	1	embB_p.Met306Ile(R:20.60%),model(0.73)	partial
Isoniazid	vmdm	SRR31248710	Resistant	1	katG_p.Ser315Thr(R:77.81%),model(1.00)	partial
Pyrazinamide	vmdm	SRR31248710	Resistant	1	pncA_p.Gly108Arg(R:0.39%)	partial
Rifampicin	vmdm	SRR31248710	Resistant	1	rpoB_p.Ser450Leu(R:64.40%),model(0.99)	partial
Ethambutol	vmdm	SRR31248711	Susceptible	0	NULL	pass
Isoniazid	vmdm	SRR31248711	Susceptible	0	NULL	pass
Pyrazinamide	vmdm	SRR31248711	Susceptible	0	NULL	pass
Rifampicin	vmdm	SRR31248711	Susceptible	1	rpoB_p.Thr444Pro(I:0.01%)	pass
Ethambutol	vmdm	SRR31248712	Susceptible	0	NULL	pass
Isoniazid	vmdm	SRR31248712	Susceptible	0	NULL	pass
Pyrazinamide	vmdm	SRR31248712	Susceptible	0	NULL	pass
Rifampicin	vmdm	SRR31248712	Susceptible	0	NULL	pass
Ethambutol	vmdm	SRR31248713	Susceptible	1	embB_p.Met306Ile(R:20.60%),model(0.52)	pass
Isoniazid	vmdm	SRR31248713	Resistant	1	katG_p.Ser315Thr(R:77.81%),model(0.99)	pass
Pyrazinamide	vmdm	SRR31248713	Resistant	1	pncA_p.Leu116Pro(I:0.14%)	pass
Rifampicin	vmdm	SRR31248713	Resistant	1	rpoB_p.Ser450Leu(R:64.40%),model(0.99)	pass
Ethambutol	vmdm	SRR31248714	Resistant	1	embB_p.Met306Ile(R:20.60%),model(0.73)	pass
Isoniazid	vmdm	SRR31248714	Resistant	1	katG_p.Ser315Thr(R:77.81%),model(1.00)	pass
Pyrazinamide	vmdm	SRR31248714	Resistant	1	pncA_p.Asp49Ala(R:0.23%)	pass
Rifampicin	vmdm	SRR31248714	Resistant	1	rpoB_p.Ser450Leu(R:64.40%),model(0.99)	pass
Ethambutol	vmdm	SRR31248715	Susceptible	0	NULL	pass
Isoniazid	vmdm	SRR31248715	Susceptible	0	NULL	pass
Pyrazinamide	vmdm	SRR31248715	Resistant	0	NULL	pass
Rifampicin	vmdm	SRR31248715	Susceptible	0	NULL	pass
Ethambutol	vmdm	SRR31248716	Resistant	1	embB_p.Gly406Ala(R:3.46%),model(0.63)	pass
Isoniazid	vmdm	SRR31248716	Resistant	1	katG_p.Ser315Thr(R:77.81%),model(1.00)	pass
Pyrazinamide	vmdm	SRR31248716	Resistant	1	pncA_p.Ile31Ser(R:0.52%),model(0.75)	pass
Rifampicin	vmdm	SRR31248716	Resistant	1	rpoB_p.Ser450Leu(R:64.40%),model(0.99)	pass
Ethambutol	vmdm	SRR31248717	Resistant	1	embB_p.Met306Val(R:34.23%),model(0.91)	pass
Isoniazid	vmdm	SRR31248717	Resistant	1	katG_p.Ser315Thr(R:77.81%),model(1.00)	pass
Pyrazinamide	vmdm	SRR31248717	Resistant	0	NULL	pass
Rifampicin	vmdm	SRR31248717	Resistant	1	rpoB_p.Leu430Pro(R:1.28%),rpoB_p.Met434Val(I:0.07%),model(0.88)	pass
Ethambutol	vmdm	SRR31248718	Resistant	1	embB_p.Met306Val(R:34.23%),model(0.79)	pass
Isoniazid	vmdm	SRR31248718	Resistant	1	katG_p.Ser315Thr(R:77.81%),model(1.00)	pass
Pyrazinamide	vmdm	SRR31248718	Resistant	1	pncA_p.Gln141Pro(R:1.70%)	pass
Rifampicin	vmdm	SRR31248718	Resistant	1	rpoB_p.Ser450Leu(R:64.40%),model(0.99)	pass
Ethambutol	vmdm	SRR31248719	Resistant	1	embB_p.Tyr319Ser(R:2.15%)	pass
Isoniazid	vmdm	SRR31248719	Resistant	1	katG_p.Ser315Thr(R:77.81%),model(0.99)	pass
Pyrazinamide	vmdm	SRR31248719	Resistant	0	NULL	pass
Rifampicin	vmdm	SRR31248719	Resistant	1	rpoB_p.Ser450Tyr(R:0.05%)	pass
Ethambutol	vmdm	SRR31248720	Susceptible	1	embB_p.Tyr319Ser(R:2.15%)	pass
Isoniazid	vmdm	SRR31248720	Resistant	1	katG_p.Ser315Thr(R:77.81%),model(0.99)	pass
Pyrazinamide	vmdm	SRR31248720	Susceptible	0	NULL	pass
Rifampicin	vmdm	SRR31248720	Resistant	1	rpoB_p.Ser450Tyr(R:0.05%)	pass
Ethambutol	vmdm	SRR31248721	Resistant	1	model(0.54)	pass
Isoniazid	vmdm	SRR31248721	Resistant	1	katG_p.Ser315Thr(R:77.81%),model(0.99)	pass
Pyrazinamide	vmdm	SRR31248721	Susceptible	1	pncA_p.Gly105Asp(R:0.14%),model(0.77)	pass
Rifampicin	vmdm	SRR31248721	Resistant	1	rpoB_p.Ser450Leu(R:64.40%),model(0.99)	pass
Ethambutol	vmdm	SRR31248722	Susceptible	0	NULL	pass
Isoniazid	vmdm	SRR31248722	Resistant	1	katG_p.Ser315Thr(R:77.81%),model(0.99)	pass
Pyrazinamide	vmdm	SRR31248722	Susceptible	0	NULL	pass
Rifampicin	vmdm	SRR31248722	Susceptible	1	rpoB_p.Leu430Pro(R:1.28%)	pass
Ethambutol	vmdm	SRR31248723	Resistant	1	embB_p.Met306Ile(R:20.60%),model(0.62)	pass
Isoniazid	vmdm	SRR31248723	Resistant	1	katG_p.Ser315Thr(R:77.81%),model(0.99)	pass
Pyrazinamide	vmdm	SRR31248723	Susceptible	1	model(0.76)	pass
Rifampicin	vmdm	SRR31248723	Resistant	1	rpoB_p.Ser450Leu(R:64.40%),model(0.99)	pass
Ethambutol	vmdm	SRR31248724	Resistant	0	NULL	fail
Isoniazid	vmdm	SRR31248724	Resistant	0	NULL	fail
Pyrazinamide	vmdm	SRR31248724	Resistant	0	NULL	fail
Rifampicin	vmdm	SRR31248724	Resistant	1	rpoB_p.Ser450Tyr(R:0.05%)	fail
Ethambutol	vmdm	SRR31248725	Resistant	1	embB_p.Met306Val(R:34.23%),model(0.79)	pass
Isoniazid	vmdm	SRR31248725	Resistant	1	katG_p.Ser315Thr(R:77.81%),model(1.00)	pass
Pyrazinamide	vmdm	SRR31248725	Susceptible	0	NULL	pass
Rifampicin	vmdm	SRR31248725	Resistant	1	rpoB_p.Ser450Leu(R:64.40%),model(0.99)	pass
Ethambutol	vmdm	SRR31248726	Susceptible	0	NULL	pass
Isoniazid	vmdm	SRR31248726	Susceptible	0	NULL	pass
Pyrazinamide	vmdm	SRR31248726	Resistant	0	NULL	pass
Rifampicin	vmdm	SRR31248726	Susceptible	0	NULL	pass
Ethambutol	vmdm	SRR31248727	Susceptible	1	embB_p.Gly406Ala(R:3.46%),model(0.68)	pass
Isoniazid	vmdm	SRR31248727	Resistant	1	inhA_c.-777C>T(R:21.34%),model(0.97)	pass
Pyrazinamide	vmdm	SRR31248727	Susceptible	1	model(0.82)	pass
Rifampicin	vmdm	SRR31248727	Resistant	1	rpoB_p.Asp435Val(R:6.86%),model(0.98)	pass
Ethambutol	vmdm	SRR31248728	Resistant	1	embB_p.Met306Val(R:34.23%),model(0.79)	pass
Isoniazid	vmdm	SRR31248728	Resistant	1	katG_p.Ser315Thr(R:77.81%),model(1.00)	pass
Pyrazinamide	vmdm	SRR31248728	Resistant	1	pncA_p.Gln141Pro(R:1.70%)	pass
Rifampicin	vmdm	SRR31248728	Resistant	1	rpoB_p.Ser450Leu(R:64.40%),model(0.99)	pass
Ethambutol	vmdm	SRR31248729	Resistant	1	embB_p.Tyr319Ser(R:2.15%)	partial
Isoniazid	vmdm	SRR31248729	Resistant	1	inhA_c.-777C>T(R:21.34%),katG_p.Ser315Thr(R:77.81%),model(0.99)	partial
Pyrazinamide	vmdm	SRR31248729	Susceptible	0	NULL	partial
Rifampicin	vmdm	SRR31248729	Resistant	0	NULL	partial
Ethambutol	vmdm	SRR31248730	Susceptible	0	NULL	pass
Isoniazid	vmdm	SRR31248730	Susceptible	0	NULL	pass
Pyrazinamide	vmdm	SRR31248730	Susceptible	0	NULL	pass
Rifampicin	vmdm	SRR31248730	Susceptible	0	NULL	pass
Ethambutol	vmdm	SRR31248731	Resistant	1	embB_p.Gly406Ser(R:1.97%),model(0.78)	pass
Isoniazid	vmdm	SRR31248731	Resistant	1	katG_p.Ser315Thr(R:77.81%),model(1.00)	pass
Pyrazinamide	vmdm	SRR31248731	Resistant	1	pncA_p.Gly78Asp(I:0.09%)	pass
Rifampicin	vmdm	SRR31248731	Resistant	1	rpoB_p.Ser450Leu(R:64.40%),model(0.99)	pass
Ethambutol	vmdm	SRR31248732	Susceptible	0	NULL	pass
Isoniazid	vmdm	SRR31248732	Susceptible	0	NULL	pass
Pyrazinamide	vmdm	SRR31248732	Susceptible	0	NULL	pass
Rifampicin	vmdm	SRR31248732	Susceptible	0	NULL	pass
Ethambutol	vmdm	SRR31248733	Resistant	0	NULL	pass
Isoniazid	vmdm	SRR31248733	Resistant	0	NULL	pass
Pyrazinamide	vmdm	SRR31248733	Susceptible	0	NULL	pass
Rifampicin	vmdm	SRR31248733	Susceptible	0	NULL	pass
Ethambutol	vmdm	SRR31248734	Susceptible	0	NULL	pass
Isoniazid	vmdm	SRR31248734	Susceptible	0	NULL	pass
Pyrazinamide	vmdm	SRR31248734	Susceptible	0	NULL	pass
Rifampicin	vmdm	SRR31248734	Susceptible	0	NULL	pass
Ethambutol	vmdm	SRR31248735	Susceptible	0	NULL	pass
Isoniazid	vmdm	SRR31248735	Resistant	0	NULL	pass
Pyrazinamide	vmdm	SRR31248735	Susceptible	0	NULL	pass
Rifampicin	vmdm	SRR31248735	Susceptible	0	NULL	pass
Ethambutol	vmdm	SRR31248736	Susceptible	0	NULL	pass
Isoniazid	vmdm	SRR31248736	Susceptible	0	NULL	pass
Pyrazinamide	vmdm	SRR31248736	Resistant	1	pncA_p.His57Asp(R:3.77%),model(0.98)	pass
Rifampicin	vmdm	SRR31248736	Susceptible	0	NULL	pass
Ethambutol	vmdm	SRR31248737	Susceptible	0	NULL	pass
Isoniazid	vmdm	SRR31248737	Susceptible	0	NULL	pass
Pyrazinamide	vmdm	SRR31248737	Susceptible	0	NULL	pass
Rifampicin	vmdm	SRR31248737	Susceptible	0	NULL	pass
Ethambutol	vmdm	SRR31248738	Resistant	1	embB_p.Met306Val(R:34.23%),model(0.87)	pass
Isoniazid	vmdm	SRR31248738	Resistant	1	katG_p.Ser315Thr(R:77.81%),model(1.00)	pass
Pyrazinamide	vmdm	SRR31248738	Resistant	1	pncA_p.Lys96Gln(R:0.11%)	pass
Rifampicin	vmdm	SRR31248738	Resistant	1	rpoB_p.Ser450Leu(R:64.40%),model(0.99)	pass
Ethambutol	vmdm	SRR31248739	Susceptible	0	NULL	pass
Isoniazid	vmdm	SRR31248739	Susceptible	0	NULL	pass
Pyrazinamide	vmdm	SRR31248739	Susceptible	0	NULL	pass
Rifampicin	vmdm	SRR31248739	Susceptible	0	NULL	pass
Ethambutol	vmdm	SRR31248740	Susceptible	0	NULL	pass
Isoniazid	vmdm	SRR31248740	Susceptible	0	NULL	pass
Pyrazinamide	vmdm	SRR31248740	Susceptible	0	NULL	pass
Rifampicin	vmdm	SRR31248740	Susceptible	0	NULL	pass
Ethambutol	vmdm	SRR31248741	Resistant	1	embB_p.Met306Val(R:34.23%),model(0.79)	partial
Isoniazid	vmdm	SRR31248741	Resistant	1	katG_p.Ser315Thr(R:77.81%),model(1.00)	partial
Pyrazinamide	vmdm	SRR31248741	Resistant	1	pncA_p.Gln141Pro(R:1.70%)	partial
Rifampicin	vmdm	SRR31248741	Resistant	1	rpoB_p.Ser450Leu(R:64.40%),model(0.99)	partial
Ethambutol	vmdm	SRR31248742	Resistant	1	embB_p.Gly406Asp(R:2.89%),embB_p.Met306Ile(R:20.60%),model(0.56)	pass
Isoniazid	vmdm	SRR31248742	Resistant	1	inhA_c.-777C>T(R:21.34%),model(0.92)	pass
Pyrazinamide	vmdm	SRR31248742	Resistant	1	pncA_p.Cys72Arg(R:0.32%),model(0.76)	pass
Rifampicin	vmdm	SRR31248742	Resistant	1	rpoB_p.Ser450Leu(R:64.40%),model(0.99)	pass
Ethambutol	vmdm	SRR31248743	Susceptible	0	NULL	pass
Isoniazid	vmdm	SRR31248743	Susceptible	0	NULL	pass
Pyrazinamide	vmdm	SRR31248743	Susceptible	0	NULL	pass
Rifampicin	vmdm	SRR31248743	Susceptible	0	NULL	pass
Ethambutol	vmdm	SRR31248744	Susceptible	0	NULL	pass
Isoniazid	vmdm	SRR31248744	Susceptible	0	NULL	pass
Pyrazinamide	vmdm	SRR31248744	Susceptible	0	NULL	pass
Rifampicin	vmdm	SRR31248744	Susceptible	0	NULL	pass
Ethambutol	vmdm	SRR31248745	Susceptible	0	NULL	pass
Isoniazid	vmdm	SRR31248745	Susceptible	0	NULL	pass
Pyrazinamide	vmdm	SRR31248745	Susceptible	0	NULL	pass
Rifampicin	vmdm	SRR31248745	Susceptible	0	NULL	pass
Ethambutol	vmdm	SRR31248746	Susceptible	0	NULL	pass
Isoniazid	vmdm	SRR31248746	Susceptible	0	NULL	pass
Pyrazinamide	vmdm	SRR31248746	Susceptible	0	NULL	pass
Rifampicin	vmdm	SRR31248746	Susceptible	0	NULL	pass
Ethambutol	vmdm	SRR31248747	Susceptible	0	NULL	pass
Isoniazid	vmdm	SRR31248747	Susceptible	0	NULL	pass
Pyrazinamide	vmdm	SRR31248747	Susceptible	0	NULL	pass
Rifampicin	vmdm	SRR31248747	Susceptible	0	NULL	pass
Ethambutol	vmdm	SRR31248748	Susceptible	0	NULL	pass
Isoniazid	vmdm	SRR31248748	Susceptible	0	NULL	pass
Pyrazinamide	vmdm	SRR31248748	Susceptible	0	NULL	pass
Rifampicin	vmdm	SRR31248748	Susceptible	0	NULL	pass
Ethambutol	vmdm	SRR31248749	Resistant	1	embB_p.Met306Val(R:34.23%),model(0.87)	pass
Isoniazid	vmdm	SRR31248749	Resistant	1	katG_p.Ser315Thr(R:77.81%),model(1.00)	pass
Pyrazinamide	vmdm	SRR31248749	Resistant	1	pncA_p.Lys96Gln(R:0.11%)	pass
Rifampicin	vmdm	SRR31248749	Resistant	1	rpoB_p.Ser450Leu(R:64.40%),model(0.99)	pass
Ethambutol	vmdm	SRR31248750	Susceptible	0	NULL	pass
Isoniazid	vmdm	SRR31248750	Susceptible	0	NULL	pass
Pyrazinamide	vmdm	SRR31248750	Susceptible	0	NULL	pass
Rifampicin	vmdm	SRR31248750	Susceptible	0	NULL	pass
Ethambutol	vmdm	SRR31248752	Susceptible	0	NULL	pass
Isoniazid	vmdm	SRR31248752	Susceptible	0	NULL	pass
Pyrazinamide	vmdm	SRR31248752	Susceptible	0	NULL	pass
Rifampicin	vmdm	SRR31248752	Susceptible	0	NULL	pass
Ethambutol	vmdm	SRR31248753	Resistant	0	NULL	partial
Isoniazid	vmdm	SRR31248753	Resistant	0	NULL	partial
Pyrazinamide	vmdm	SRR31248753	Susceptible	0	NULL	partial
Rifampicin	vmdm	SRR31248753	Susceptible	0	NULL	partial
Ethambutol	vmdm	SRR31248754	Resistant	1	embB_p.Asp354Ala(R:3.17%),model(0.73)	fail
Isoniazid	vmdm	SRR31248754	Resistant	1	katG_p.Ser315Thr(R:77.81%),model(1.00)	fail
Pyrazinamide	vmdm	SRR31248754	Resistant	1	pncA_p.Asp63Ala(R:0.59%)	fail
Rifampicin	vmdm	SRR31248754	Resistant	1	rpoB_p.Ser450Leu(R:64.40%),model(0.99)	fail
Ethambutol	vmdm	SRR31248755	Susceptible	0	NULL	pass
Isoniazid	vmdm	SRR31248755	Susceptible	0	NULL	pass
Pyrazinamide	vmdm	SRR31248755	Resistant	1	pncA_p.His57Asp(R:3.77%),model(0.98)	pass
Rifampicin	vmdm	SRR31248755	Susceptible	0	NULL	pass
Ethambutol	vmdm	SRR31248756	Susceptible	0	NULL	pass
Isoniazid	vmdm	SRR31248756	Susceptible	0	NULL	pass
Pyrazinamide	vmdm	SRR31248756	Resistant	1	pncA_p.His57Asp(R:3.77%),model(0.98)	pass
Rifampicin	vmdm	SRR31248756	Susceptible	0	NULL	pass
Ethambutol	vmdm	SRR31248757	Susceptible	0	NULL	pass
Isoniazid	vmdm	SRR31248757	Susceptible	0	NULL	pass
Pyrazinamide	vmdm	SRR31248757	Resistant	1	pncA_p.His57Asp(R:3.77%),model(0.98)	pass
Rifampicin	vmdm	SRR31248757	Susceptible	0	NULL	pass
Ethambutol	vmdm	SRR31248758	Resistant	1	embB_p.Gln497Arg(R:10.54%),model(0.76)	pass
Isoniazid	vmdm	SRR31248758	Resistant	1	katG_p.Ser315Thr(R:77.81%),model(1.00)	pass
Pyrazinamide	vmdm	SRR31248758	Resistant	1	pncA_c.-11A>G(R:3.20%),model(0.81)	pass
Rifampicin	vmdm	SRR31248758	Resistant	1	rpoB_p.Ser450Leu(R:64.40%),model(0.99)	pass
Ethambutol	vmdm	SRR31248759	Resistant	1	embB_p.Gly406Asp(R:2.89%),embB_p.Met306Ile(R:20.60%),model(0.71)	fail
Isoniazid	vmdm	SRR31248759	Resistant	1	inhA_c.-777C>T(R:21.34%),model(0.99)	fail
Pyrazinamide	vmdm	SRR31248759	Resistant	1	pncA_p.Cys72Arg(R:0.32%)	fail
Rifampicin	vmdm	SRR31248759	Resistant	1	rpoB_p.Ser450Leu(R:64.40%),model(0.99)	fail
Ethambutol	vmdm	SRR31248760	Susceptible	0	NULL	pass
Isoniazid	vmdm	SRR31248760	Susceptible	0	NULL	pass
Pyrazinamide	vmdm	SRR31248760	Susceptible	0	NULL	pass
Rifampicin	vmdm	SRR31248760	Susceptible	0	NULL	pass
Ethambutol	vmdm	SRR31248761	Susceptible	1	model(0.57)	fail
Isoniazid	vmdm	SRR31248761	Resistant	1	model(0.94)	fail
Pyrazinamide	vmdm	SRR31248761	Susceptible	0	NULL	fail
Rifampicin	vmdm	SRR31248761	Resistant	1	rpoB_p.Ser450Leu(R:64.40%),model(0.96)	fail
Ethambutol	vmdm	SRR31248763	Susceptible	0	NULL	pass
Isoniazid	vmdm	SRR31248763	Susceptible	0	NULL	pass
Pyrazinamide	vmdm	SRR31248763	Susceptible	0	NULL	pass
Rifampicin	vmdm	SRR31248763	Susceptible	0	NULL	pass
Ethambutol	vmdm	SRR31248764	Susceptible	0	NULL	pass
Isoniazid	vmdm	SRR31248764	Susceptible	0	NULL	pass
Pyrazinamide	vmdm	SRR31248764	Susceptible	0	NULL	pass
Rifampicin	vmdm	SRR31248764	Susceptible	0	NULL	pass
Ethambutol	vmdm	SRR31248765	Susceptible	0	NULL	pass
Isoniazid	vmdm	SRR31248765	Susceptible	0	NULL	pass
Pyrazinamide	vmdm	SRR31248765	Susceptible	0	NULL	pass
Rifampicin	vmdm	SRR31248765	Susceptible	0	NULL	pass
Ethambutol	vmdm	SRR31248766	Resistant	0	NULL	fail
Isoniazid	vmdm	SRR31248766	Resistant	0	NULL	fail
Pyrazinamide	vmdm	SRR31248766	Resistant	0	NULL	fail
Rifampicin	vmdm	SRR31248766	Resistant	0	NULL	fail
Ethambutol	vmdm	SRR31248767	Susceptible	0	NULL	partial
Isoniazid	vmdm	SRR31248767	Susceptible	0	NULL	partial
Pyrazinamide	vmdm	SRR31248767	Susceptible	0	NULL	partial
Rifampicin	vmdm	SRR31248767	Resistant	1	rpoB_p.His445Asp(R:3.62%),model(0.99)	partial
Ethambutol	vmdm	SRR31248768	Susceptible	0	NULL	pass
Isoniazid	vmdm	SRR31248768	Resistant	0	NULL	pass
Pyrazinamide	vmdm	SRR31248768	Susceptible	0	NULL	pass
Rifampicin	vmdm	SRR31248768	Resistant	0	NULL	pass
Ethambutol	vmdm	SRR31248769	Susceptible	0	NULL	pass
Isoniazid	vmdm	SRR31248769	Resistant	1	model(0.62)	pass
Pyrazinamide	vmdm	SRR31248769	Susceptible	0	NULL	pass
Rifampicin	vmdm	SRR31248769	Resistant	1	rpoB_p.Ser450Leu(R:64.40%),model(0.97)	pass
Ethambutol	vmdm	SRR31248770	Susceptible	0	NULL	pass
Isoniazid	vmdm	SRR31248770	Susceptible	0	NULL	pass
Pyrazinamide	vmdm	SRR31248770	Susceptible	0	NULL	pass
Rifampicin	vmdm	SRR31248770	Susceptible	0	NULL	pass
Ethambutol	vmdm	SRR31248771	Susceptible	0	NULL	pass
Isoniazid	vmdm	SRR31248771	Susceptible	0	NULL	pass
Pyrazinamide	vmdm	SRR31248771	Susceptible	0	NULL	pass
Rifampicin	vmdm	SRR31248771	Susceptible	0	NULL	pass
Ethambutol	vmdm	SRR31248772	Susceptible	0	NULL	partial
Isoniazid	vmdm	SRR31248772	Resistant	0	NULL	partial
Pyrazinamide	vmdm	SRR31248772	Susceptible	0	NULL	partial
Rifampicin	vmdm	SRR31248772	Susceptible	0	NULL	partial
Ethambutol	vmdm	SRR31248773	Susceptible	0	NULL	fail
Isoniazid	vmdm	SRR31248773	Susceptible	1	inhA_c.-777C>T(R:21.34%),model(0.90)	fail
Pyrazinamide	vmdm	SRR31248773	Susceptible	1	pncA_p.His71Arg(R:0.86%)	fail
Rifampicin	vmdm	SRR31248773	Susceptible	1	rpoB_p.Ser450Leu(R:64.40%),model(0.99)	fail
Ethambutol	vmdm	SRR31248774	Resistant	1	embB_p.Gln497Arg(R:10.54%),model(0.75)	fail
Isoniazid	vmdm	SRR31248774	Resistant	1	model(0.89)	fail
Pyrazinamide	vmdm	SRR31248774	Resistant	1	pncA_p.Gly132Ala(R:1.29%),pncA_p.Leu120Arg(R:0.34%)	fail
Rifampicin	vmdm	SRR31248774	Resistant	1	rpoB_p.Ser450Leu(R:64.40%),model(0.99)	fail
Ethambutol	vmdm	SRR31248775	Resistant	1	embB_p.Met306Val(R:34.23%),model(0.82)	pass
Isoniazid	vmdm	SRR31248775	Resistant	1	katG_p.Ser315Thr(R:77.81%),model(1.00)	pass
Pyrazinamide	vmdm	SRR31248775	Resistant	1	pncA_p.Leu27Pro(R:1.00%)	pass
Rifampicin	vmdm	SRR31248775	Resistant	1	rpoB_p.Ser450Leu(R:64.40%),model(0.99)	pass
Ethambutol	vmdm	SRR31248776	Resistant	1	embB_p.Met306Val(R:34.23%),model(0.81)	pass
Isoniazid	vmdm	SRR31248776	Resistant	1	inhA_c.-777C>T(R:21.34%),katG_p.Ser315Thr(R:77.81%),model(0.99)	pass
Pyrazinamide	vmdm	SRR31248776	Resistant	1	pncA_p.Leu27Pro(R:1.00%)	pass
Rifampicin	vmdm	SRR31248776	Resistant	1	rpoB_p.Ser450Leu(R:64.40%),model(0.99)	pass
Ethambutol	vmdm	SRR31248777	Resistant	1	embB_p.Gln497Arg(R:10.54%),model(0.78)	partial
Isoniazid	vmdm	SRR31248777	Resistant	1	inhA_c.-777C>T(R:21.34%),katG_p.Ser315Thr(R:77.81%),model(0.99)	partial
Pyrazinamide	vmdm	SRR31248777	Resistant	1	pncA_p.Gly132Ala(R:1.29%),model(0.76)	partial
Rifampicin	vmdm	SRR31248777	Resistant	1	rpoB_p.Ser450Leu(R:64.40%),model(0.99)	partial
Ethambutol	vmdm	SRR31248778	Resistant	0	NULL	pass
Isoniazid	vmdm	SRR31248778	Resistant	1	katG_p.Ser315Thr(R:77.81%),model(0.99)	pass
Pyrazinamide	vmdm	SRR31248778	Susceptible	0	NULL	pass
Rifampicin	vmdm	SRR31248778	Resistant	1	rpoB_p.Gln432Pro(R:0.41%)	pass
Ethambutol	vmdm	SRR31248779	Resistant	1	embB_p.Met306Val(R:34.23%),model(0.79)	pass
Isoniazid	vmdm	SRR31248779	Resistant	1	katG_p.Ser315Thr(R:77.81%),model(1.00)	pass
Pyrazinamide	vmdm	SRR31248779	Resistant	1	pncA_p.Asp136Gly(R:0.41%)	pass
Rifampicin	vmdm	SRR31248779	Resistant	1	rpoB_p.Ser450Leu(R:64.40%),model(0.99)	pass
Ethambutol	vmdm	SRR31248780	Resistant	1	embB_p.Met306Ile(R:20.60%)	pass
Isoniazid	vmdm	SRR31248780	Resistant	1	model(0.83)	pass
Pyrazinamide	vmdm	SRR31248780	Resistant	0	NULL	pass
Rifampicin	vmdm	SRR31248780	Resistant	1	rpoB_p.Ser450Leu(R:64.40%),model(0.98)	pass
Ethambutol	vmdm	SRR31248781	Resistant	1	embB_p.Gln497Arg(R:10.54%),model(0.76)	pass
Isoniazid	vmdm	SRR31248781	Resistant	1	katG_p.Ser315Thr(R:77.81%),model(0.99)	pass
Pyrazinamide	vmdm	SRR31248781	Resistant	1	pncA_p.Trp68Gly(R:0.73%),model(0.85)	pass
Rifampicin	vmdm	SRR31248781	Resistant	1	rpoB_p.Ser450Leu(R:64.40%),model(0.99)	pass
Ethambutol	vmdm	SRR31248782	Resistant	1	embB_p.Gln497Lys(R:1.53%),embB_p.Met306Ile(R:20.60%),model(0.91)	pass
Isoniazid	vmdm	SRR31248782	Resistant	1	katG_p.Ser315Thr(R:77.81%),model(0.99)	pass
Pyrazinamide	vmdm	SRR31248782	Resistant	1	model(0.85)	pass
Rifampicin	vmdm	SRR31248782	Resistant	1	rpoB_p.Ser450Leu(R:64.40%),model(0.99)	pass
Ethambutol	vmdm	SRR31248783	Susceptible	0	NULL	pass
Isoniazid	vmdm	SRR31248783	Resistant	1	katG_p.Ser315Thr(R:77.81%),model(0.99)	pass
Pyrazinamide	vmdm	SRR31248783	Susceptible	0	NULL	pass
Rifampicin	vmdm	SRR31248783	Resistant	1	rpoB_p.Ser450Trp(R:1.42%),model(0.83)	pass
Ethambutol	vmdm	SRR31248784	Susceptible	0	NULL	pass
Isoniazid	vmdm	SRR31248784	Susceptible	0	NULL	pass
Pyrazinamide	vmdm	SRR31248784	Susceptible	0	NULL	pass
Rifampicin	vmdm	SRR31248784	Susceptible	0	NULL	pass
Ethambutol	vmdm	SRR31248786	Resistant	0	NULL	pass
Isoniazid	vmdm	SRR31248786	Resistant	1	katG_p.Ser315Thr(R:77.81%),model(0.99)	pass
Pyrazinamide	vmdm	SRR31248786	Resistant	1	pncA_p.Ile5Ser(R:0.61%)	pass
Rifampicin	vmdm	SRR31248786	Resistant	1	rpoB_p.Ser450Leu(R:64.40%),model(0.99)	pass
Ethambutol	vmdm	SRR31248787	Resistant	1	embB_p.Met306Val(R:34.23%),model(0.81)	pass
Isoniazid	vmdm	SRR31248787	Resistant	1	inhA_c.-777C>T(R:21.34%),katG_p.Ser315Thr(R:77.81%),model(1.00)	pass
Pyrazinamide	vmdm	SRR31248787	Resistant	1	pncA_p.Leu27Pro(R:1.00%)	pass
Rifampicin	vmdm	SRR31248787	Resistant	1	rpoB_p.Ser450Leu(R:64.40%),model(0.99)	pass
Ethambutol	vmdm	SRR31248788	Susceptible	0	NULL	pass
Isoniazid	vmdm	SRR31248788	Susceptible	0	NULL	pass
Pyrazinamide	vmdm	SRR31248788	Susceptible	0	NULL	pass
Rifampicin	vmdm	SRR31248788	Susceptible	0	NULL	pass
Ethambutol	vmdm	SRR31248789	Resistant	1	embB_p.Met306Val(R:34.23%),model(0.77)	pass
Isoniazid	vmdm	SRR31248789	Resistant	1	inhA_c.-777C>T(R:21.34%),model(0.96)	pass
Pyrazinamide	vmdm	SRR31248789	Resistant	0	NULL	pass
Rifampicin	vmdm	SRR31248789	Resistant	1	rpoB_p.Ser450Leu(R:64.40%),model(0.99)	pass
Ethambutol	vmdm	SRR31248790	Resistant	0	NULL	pass
Isoniazid	vmdm	SRR31248790	Resistant	1	inhA_c.-777C>T(R:21.34%),inhA_p.Ser94Ala(I:1.02%),model(0.86)	pass
Pyrazinamide	vmdm	SRR31248790	Susceptible	0	NULL	pass
Rifampicin	vmdm	SRR31248790	Susceptible	1	rpoB_p.His445Asn(R:0.75%)	pass
Ethambutol	vmdm	SRR31248791	Resistant	0	NULL	pass
Isoniazid	vmdm	SRR31248791	Resistant	1	katG_p.Ser315Thr(R:77.81%),model(0.99)	pass
Pyrazinamide	vmdm	SRR31248791	Susceptible	0	NULL	pass
Rifampicin	vmdm	SRR31248791	Resistant	1	rpoB_p.Ser450Leu(R:64.40%),model(0.99)	pass
Ethambutol	vmdm	SRR31248792	Resistant	0	NULL	fail
Isoniazid	vmdm	SRR31248792	Resistant	1	model(0.96)	fail
Pyrazinamide	vmdm	SRR31248792	Resistant	1	pncA_p.Leu120Arg(R:0.34%)	fail
Rifampicin	vmdm	SRR31248792	Resistant	1	rpoB_p.Ser450Leu(R:64.40%),model(0.99)	fail
Ethambutol	vmdm	SRR31248793	Resistant	1	embB_p.Met306Val(R:34.23%),model(0.79)	pass
Isoniazid	vmdm	SRR31248793	Resistant	1	katG_p.Ser315Thr(R:77.81%),model(1.00)	pass
Pyrazinamide	vmdm	SRR31248793	Susceptible	0	NULL	pass
Rifampicin	vmdm	SRR31248793	Resistant	1	rpoB_p.Ser450Leu(R:64.40%),model(0.99)	pass
Ethambutol	vmdm	SRR31248794	Resistant	1	embB_p.Met306Val(R:34.23%),model(0.91)	pass
Isoniazid	vmdm	SRR31248794	Resistant	1	inhA_c.-777C>T(R:21.34%),inhA_p.Ser94Ala(I:1.02%),model(0.97)	pass
Pyrazinamide	vmdm	SRR31248794	Resistant	1	pncA_p.Val139Gly(R:0.34%),model(0.79)	pass
Rifampicin	vmdm	SRR31248794	Resistant	1	rpoB_p.Ser450Leu(R:64.40%),model(0.99)	pass
Ethambutol	vmdm	SRR31248795	Resistant	1	embB_p.Met306Val(R:34.23%),model(0.79)	pass
Isoniazid	vmdm	SRR31248795	Resistant	1	katG_p.Ser315Thr(R:77.81%),model(1.00)	pass
Pyrazinamide	vmdm	SRR31248795	Resistant	0	NULL	pass
Rifampicin	vmdm	SRR31248795	Resistant	1	rpoB_p.Ser450Leu(R:64.40%),model(0.99)	pass
Ethambutol	vmdm	SRR31248796	Resistant	0	NULL	pass
Isoniazid	vmdm	SRR31248796	Resistant	1	katG_p.Ser315Thr(R:77.81%),model(0.99)	pass
Pyrazinamide	vmdm	SRR31248796	Resistant	1	pncA_p.Ile5Ser(R:0.61%)	pass
Rifampicin	vmdm	SRR31248796	Resistant	1	rpoB_p.Ser450Leu(R:64.40%),model(0.99)	pass
Ethambutol	vmdm	SRR31248797	Resistant	0	NULL	fail
Isoniazid	vmdm	SRR31248797	Resistant	1	model(0.96)	fail
Pyrazinamide	vmdm	SRR31248797	Resistant	1	pncA_p.Leu120Arg(R:0.34%)	fail
Rifampicin	vmdm	SRR31248797	Resistant	1	rpoB_p.Ser450Leu(R:64.40%),model(0.99)	fail
Ethambutol	vmdm	SRR31248798	Susceptible	1	model(0.54)	pass
Isoniazid	vmdm	SRR31248798	Resistant	1	katG_p.Ser315Thr(R:77.81%),model(0.99)	pass
Pyrazinamide	vmdm	SRR31248798	Susceptible	0	NULL	pass
Rifampicin	vmdm	SRR31248798	Resistant	1	rpoB_p.Ser450Leu(R:64.40%),model(0.99)	pass
Ethambutol	vmdm	SRR31248799	Susceptible	0	NULL	fail
Isoniazid	vmdm	SRR31248799	Susceptible	0	NULL	fail
Pyrazinamide	vmdm	SRR31248799	Susceptible	1	pncA_p.Leu85Arg(R:0.20%)	fail
Rifampicin	vmdm	SRR31248799	Susceptible	0	NULL	fail
Ethambutol	vmdm	SRR31248800	Susceptible	0	NULL	fail
Isoniazid	vmdm	SRR31248800	Susceptible	0	NULL	fail
Pyrazinamide	vmdm	SRR31248800	Susceptible	0	NULL	fail
Rifampicin	vmdm	SRR31248800	Resistant	0	NULL	fail
Ethambutol	vmdm	SRR31248801	Susceptible	0	NULL	fail
Isoniazid	vmdm	SRR31248801	Resistant	0	NULL	fail
Pyrazinamide	vmdm	SRR31248801	Resistant	0	NULL	fail
Rifampicin	vmdm	SRR31248801	Resistant	0	NULL	fail
Ethambutol	vmdm	SRR31248802	Susceptible	1	embB_p.Met306Val(R:34.23%),model(0.79)	pass
Isoniazid	vmdm	SRR31248802	Resistant	1	katG_p.Ser315Thr(R:77.81%),model(1.00)	pass
Pyrazinamide	vmdm	SRR31248802	Resistant	1	pncA_p.Leu120Arg(R:0.34%)	pass
Rifampicin	vmdm	SRR31248802	Resistant	1	rpoB_p.Ser450Leu(R:64.40%),model(0.99)	pass
Ethambutol	vmdm	SRR31248803	Susceptible	0	NULL	pass
Isoniazid	vmdm	SRR31248803	Susceptible	0	NULL	pass
Pyrazinamide	vmdm	SRR31248803	Susceptible	0	NULL	pass
Rifampicin	vmdm	SRR31248803	Susceptible	0	NULL	pass
Ethambutol	vmdm	SRR31248804	Susceptible	1	embB_p.Met306Val(R:34.23%),model(0.79)	pass
Isoniazid	vmdm	SRR31248804	Resistant	1	katG_p.Ser315Thr(R:77.81%),model(1.00)	pass
Pyrazinamide	vmdm	SRR31248804	Resistant	1	pncA_c.-11A>G(R:3.20%),model(0.83)	pass
Rifampicin	vmdm	SRR31248804	Resistant	1	rpoB_p.Ser450Leu(R:64.40%),model(0.99)	pass
Ethambutol	vmdm	SRR31248805	Susceptible	1	embB_p.Met306Val(R:34.23%),model(0.79)	pass
Isoniazid	vmdm	SRR31248805	Resistant	1	katG_p.Ser315Thr(R:77.81%),model(1.00)	pass
Pyrazinamide	vmdm	SRR31248805	Susceptible	0	NULL	pass
Rifampicin	vmdm	SRR31248805	Resistant	1	rpoB_p.Ser450Leu(R:64.40%),model(0.99)	pass
Ethambutol	vmdm	SRR31248806	Resistant	1	embB_p.Gln497Arg(R:10.54%),model(0.78)	pass
Isoniazid	vmdm	SRR31248806	Resistant	1	inhA_c.-777C>T(R:21.34%),katG_p.Ser315Thr(R:77.81%),model(0.99)	pass
Pyrazinamide	vmdm	SRR31248806	Resistant	1	pncA_p.Gly132Ala(R:1.29%),model(0.76)	pass
Rifampicin	vmdm	SRR31248806	Resistant	1	rpoB_p.Ser450Leu(R:64.40%),model(0.99)	pass
Ethambutol	vmdm	SRR31248807	Resistant	1	embB_p.Met306Val(R:34.23%),model(0.79)	pass
Isoniazid	vmdm	SRR31248807	Resistant	1	katG_p.Ser315Thr(R:77.81%),model(1.00)	pass
Pyrazinamide	vmdm	SRR31248807	Susceptible	0	NULL	pass
Rifampicin	vmdm	SRR31248807	Resistant	1	rpoB_p.Ser450Leu(R:64.40%),model(0.99)	pass
Ethambutol	vmdm	SRR31248808	Resistant	1	embB_p.Tyr319Ser(R:2.15%)	pass
Isoniazid	vmdm	SRR31248808	Resistant	1	katG_p.Ser315Thr(R:77.81%),model(0.99)	pass
Pyrazinamide	vmdm	SRR31248808	Susceptible	0	NULL	pass
Rifampicin	vmdm	SRR31248808	Resistant	1	rpoB_p.Ser450Leu(R:64.40%),model(0.99)	pass
Ethambutol	vmdm	SRR31248809	Susceptible	1	model(0.81)	pass
Isoniazid	vmdm	SRR31248809	Resistant	1	inhA_c.-770T>C(I:1.86%),katG_p.Ser315Thr(R:77.81%),model(0.99)	pass
Pyrazinamide	vmdm	SRR31248809	Resistant	0	NULL	pass
Rifampicin	vmdm	SRR31248809	Resistant	1	rpoB_p.Ser450Leu(R:64.40%),model(0.99)	pass
Ethambutol	vmdm	SRR31248810	Resistant	1	embB_p.Gly406Ala(R:3.46%),model(0.68)	pass
Isoniazid	vmdm	SRR31248810	Resistant	1	katG_p.Ser315Thr(R:77.81%),model(0.99)	pass
Pyrazinamide	vmdm	SRR31248810	Resistant	1	pncA_p.Leu182Trp(R:0.14%)	pass
Rifampicin	vmdm	SRR31248810	Resistant	1	rpoB_p.Ser450Leu(R:64.40%),model(0.99)	pass
Ethambutol	vmdm	SRR31248811	Susceptible	0	NULL	partial
Isoniazid	vmdm	SRR31248811	Susceptible	0	NULL	partial
Pyrazinamide	vmdm	SRR31248811	Susceptible	0	NULL	partial
Rifampicin	vmdm	SRR31248811	Susceptible	0	NULL	partial
Ethambutol	vmdm	SRR31248812	Resistant	1	embB_p.Met306Val(R:34.23%),model(0.79)	pass
Isoniazid	vmdm	SRR31248812	Resistant	1	katG_p.Ser315Thr(R:77.81%),model(0.99)	pass
Pyrazinamide	vmdm	SRR31248812	Susceptible	1	pncA_p.Leu151Ser(R:0.43%)	pass
Rifampicin	vmdm	SRR31248812	Resistant	1	rpoB_p.Ser450Leu(R:64.40%),model(0.99)	pass
Ethambutol	vmdm	SRR31248813	Susceptible	0	NULL	pass
Isoniazid	vmdm	SRR31248813	Resistant	1	katG_p.Ser315Thr(R:77.81%),model(0.99)	pass
Pyrazinamide	vmdm	SRR31248813	Resistant	1	pncA_p.Thr177Pro(R:0.18%)	pass
Rifampicin	vmdm	SRR31248813	Resistant	1	rpoB_p.Ser450Leu(R:64.40%),model(0.99)	pass
Ethambutol	vmdm	SRR31248814	Susceptible	0	NULL	fail
Isoniazid	vmdm	SRR31248814	Resistant	0	NULL	fail
Pyrazinamide	vmdm	SRR31248814	Resistant	0	NULL	fail
Rifampicin	vmdm	SRR31248814	Resistant	0	NULL	fail
Ethambutol	vmdm	SRR31248815	Resistant	1	embB_p.Met306Val(R:34.23%),model(0.65)	pass
Isoniazid	vmdm	SRR31248815	Resistant	1	inhA_c.-777C>T(R:21.34%),model(0.96)	pass
Pyrazinamide	vmdm	SRR31248815	Resistant	1	pncA_LoF_frameshift(R:27.06%),model(0.98)	pass
Rifampicin	vmdm	SRR31248815	Resistant	1	rpoB_p.Ser450Leu(R:64.40%),model(0.99)	pass
Ethambutol	vmdm	SRR31248816	Resistant	0	NULL	pass
Isoniazid	vmdm	SRR31248816	Resistant	1	katG_p.Ser315Thr(R:77.81%),model(0.99)	pass
Pyrazinamide	vmdm	SRR31248816	Resistant	1	pncA_p.Ile5Ser(R:0.61%)	pass
Rifampicin	vmdm	SRR31248816	Resistant	1	rpoB_p.Ser450Leu(R:64.40%),model(0.99)	pass
Ethambutol	vmdm	SRR31248817	Resistant	1	embB_p.Gln497Arg(R:10.54%),model(0.76)	pass
Isoniazid	vmdm	SRR31248817	Resistant	1	katG_p.Ser315Thr(R:77.81%),model(0.99)	pass
Pyrazinamide	vmdm	SRR31248817	Resistant	0	NULL	pass
Rifampicin	vmdm	SRR31248817	Resistant	1	rpoB_p.Ser450Leu(R:64.40%),model(0.99)	pass
Ethambutol	vmdm	SRR31248818	Resistant	1	embB_p.Met306Val(R:34.23%),model(0.79)	pass
Isoniazid	vmdm	SRR31248818	Resistant	1	katG_p.Ser315Thr(R:77.81%),model(1.00)	pass
Pyrazinamide	vmdm	SRR31248818	Resistant	1	pncA_p.Leu27Pro(R:1.00%)	pass
Rifampicin	vmdm	SRR31248818	Resistant	1	rpoB_p.Ser450Leu(R:64.40%),model(0.99)	pass
Ethambutol	vmdm	SRR31248819	Susceptible	0	NULL	fail
Isoniazid	vmdm	SRR31248819	Resistant	1	model(0.96)	fail
Pyrazinamide	vmdm	SRR31248819	Susceptible	0	NULL	fail
Rifampicin	vmdm	SRR31248819	Susceptible	1	rpoB_p.Ser450Leu(R:64.40%),model(0.99)	fail
Ethambutol	vmdm	SRR31248820	Susceptible	1	embB_p.Gln497Arg(R:10.54%),model(0.76)	pass
Isoniazid	vmdm	SRR31248820	Resistant	1	katG_p.Ser315Thr(R:77.81%),model(1.00)	pass
Pyrazinamide	vmdm	SRR31248820	Resistant	1	pncA_p.Phe94Leu(R:0.23%)	pass
Rifampicin	vmdm	SRR31248820	Resistant	1	rpoB_p.Ser450Leu(R:64.40%),model(0.99)	pass
Ethambutol	vmdm	SRR31248821	Resistant	1	embB_p.Met306Val(R:34.23%),model(0.79)	pass
Isoniazid	vmdm	SRR31248821	Resistant	1	katG_p.Ser315Thr(R:77.81%),model(1.00)	pass
Pyrazinamide	vmdm	SRR31248821	Susceptible	0	NULL	pass
Rifampicin	vmdm	SRR31248821	Resistant	1	rpoB_p.Ser450Leu(R:64.40%),model(0.99)	pass
Ethambutol	vmdm	SRR31248822	Susceptible	0	NULL	pass
Isoniazid	vmdm	SRR31248822	Susceptible	0	NULL	pass
Pyrazinamide	vmdm	SRR31248822	Susceptible	0	NULL	pass
Rifampicin	vmdm	SRR31248822	Susceptible	0	NULL	pass
Ethambutol	vmdm	SRR31248823	Susceptible	0	NULL	pass
Isoniazid	vmdm	SRR31248823	Resistant	1	katG_p.Ser315Thr(R:77.81%),model(0.99)	pass
Pyrazinamide	vmdm	SRR31248823	Susceptible	0	NULL	pass
Rifampicin	vmdm	SRR31248823	Susceptible	1	rpoB_p.Leu430Pro(R:1.28%)	pass
Ethambutol	vmdm	SRR31248824	Resistant	1	embB_p.Met306Val(R:34.23%),model(0.79)	pass
Isoniazid	vmdm	SRR31248824	Resistant	1	katG_p.Ser315Thr(R:77.81%),model(1.00)	pass
Pyrazinamide	vmdm	SRR31248824	Resistant	1	pncA_c.-11A>G(R:3.20%),model(0.83)	pass
Rifampicin	vmdm	SRR31248824	Resistant	1	rpoB_p.Ser450Leu(R:64.40%),model(0.99)	pass
Ethambutol	vmdm	SRR31248825	Resistant	0	NULL	fail
Isoniazid	vmdm	SRR31248825	Resistant	1	model(0.96)	fail
Pyrazinamide	vmdm	SRR31248825	Resistant	1	pncA_p.Ile5Ser(R:0.61%)	fail
Rifampicin	vmdm	SRR31248825	Resistant	1	rpoB_p.Ser450Leu(R:64.40%),model(0.99)	fail
Ethambutol	vmdm	SRR31248826	Susceptible	0	NULL	pass
Isoniazid	vmdm	SRR31248826	Resistant	0	NULL	pass
Pyrazinamide	vmdm	SRR31248826	Susceptible	0	NULL	pass
Rifampicin	vmdm	SRR31248826	Susceptible	0	NULL	pass
Ethambutol	vmdm	SRR31248827	Resistant	1	embB_p.Met306Val(R:34.23%),model(0.79)	pass
Isoniazid	vmdm	SRR31248827	Resistant	1	katG_p.Ser315Thr(R:77.81%),model(1.00)	pass
Pyrazinamide	vmdm	SRR31248827	Resistant	1	pncA_p.Val139Ala(R:1.34%)	pass
Rifampicin	vmdm	SRR31248827	Resistant	1	rpoB_p.Ser450Leu(R:64.40%),model(0.99)	pass
Ethambutol	vmdm	SRR31248828	Resistant	1	embB_p.Gln497Arg(R:10.54%),model(0.78)	pass
Isoniazid	vmdm	SRR31248828	Resistant	1	inhA_c.-777C>T(R:21.34%),katG_p.Ser315Thr(R:77.81%),model(0.99)	pass
Pyrazinamide	vmdm	SRR31248828	Resistant	1	pncA_p.Gly132Ala(R:1.29%),model(0.76)	pass
Rifampicin	vmdm	SRR31248828	Resistant	1	rpoB_p.Ser450Leu(R:64.40%),model(0.99)	pass
Ethambutol	vmdm	SRR31248829	Resistant	0	NULL	pass
Isoniazid	vmdm	SRR31248829	Resistant	1	katG_p.Ser315Thr(R:77.81%),model(0.99)	pass
Pyrazinamide	vmdm	SRR31248829	Susceptible	0	NULL	pass
Rifampicin	vmdm	SRR31248829	Resistant	1	rpoB_p.Ser450Leu(R:64.40%),model(0.99)	pass
Ethambutol	vmdm	SRR31248830	Resistant	1	embB_p.Met306Val(R:34.23%),model(0.79)	pass
Isoniazid	vmdm	SRR31248830	Resistant	1	katG_p.Ser315Thr(R:77.81%),model(1.00)	pass
Pyrazinamide	vmdm	SRR31248830	Resistant	1	pncA_p.His71Tyr(R:0.77%)	pass
Rifampicin	vmdm	SRR31248830	Resistant	1	rpoB_p.Ser450Leu(R:64.40%),model(0.99)	pass
Ethambutol	vmdm	SRR31248831	Resistant	1	embB_p.Gln497Arg(R:10.54%),model(0.86)	pass
Isoniazid	vmdm	SRR31248831	Resistant	1	inhA_c.-777C>T(R:21.34%),katG_p.Ser315Thr(R:77.81%),model(0.99)	pass
Pyrazinamide	vmdm	SRR31248831	Resistant	1	pncA_p.Gly132Ala(R:1.29%),model(0.80)	pass
Rifampicin	vmdm	SRR31248831	Resistant	1	rpoB_p.Ser450Leu(R:64.40%),model(0.99)	pass
Ethambutol	vmdm	SRR31248832	Resistant	1	embB_p.Met306Val(R:34.23%),model(0.82)	pass
Isoniazid	vmdm	SRR31248832	Resistant	1	katG_p.Ser315Thr(R:77.81%),model(1.00)	pass
Pyrazinamide	vmdm	SRR31248832	Susceptible	0	NULL	pass
Rifampicin	vmdm	SRR31248832	Resistant	1	rpoB_p.Ser450Leu(R:64.40%),model(0.99)	pass
Ethambutol	vmdm	SRR31248833	Resistant	1	embB_p.Met306Val(R:34.23%),model(0.79)	pass
Isoniazid	vmdm	SRR31248833	Resistant	1	katG_p.Ser315Thr(R:77.81%),model(1.00)	pass
Pyrazinamide	vmdm	SRR31248833	Resistant	0	NULL	pass
Rifampicin	vmdm	SRR31248833	Resistant	1	rpoB_p.Ser450Leu(R:64.40%),model(0.99)	pass
Ethambutol	vmdm	SRR31248834	Resistant	1	embB_p.Gln497Arg(R:10.54%),model(0.78)	pass
Isoniazid	vmdm	SRR31248834	Resistant	1	inhA_c.-777C>T(R:21.34%),katG_p.Ser315Thr(R:77.81%),model(0.99)	pass
Pyrazinamide	vmdm	SRR31248834	Resistant	1	pncA_p.Gly132Ala(R:1.29%),model(0.76)	pass
Rifampicin	vmdm	SRR31248834	Resistant	1	rpoB_p.Ser450Leu(R:64.40%),model(0.99)	pass
Ethambutol	vmdm	SRR31248835	Susceptible	0	NULL	pass
Isoniazid	vmdm	SRR31248835	Resistant	1	katG_p.Ser315Thr(R:77.81%),model(0.99)	pass
Pyrazinamide	vmdm	SRR31248835	Susceptible	0	NULL	pass
Rifampicin	vmdm	SRR31248835	Susceptible	0	NULL	pass
Ethambutol	vmdm	SRR31248836	Resistant	1	embB_p.Met306Val(R:34.23%),model(0.79)	pass
Isoniazid	vmdm	SRR31248836	Resistant	1	katG_p.Ser315Thr(R:77.81%),model(1.00)	pass
Pyrazinamide	vmdm	SRR31248836	Resistant	1	pncA_p.Leu19Pro(R:0.23%)	pass
Rifampicin	vmdm	SRR31248836	Resistant	1	rpoB_p.Ser450Leu(R:64.40%),model(0.99)	pass
Ethambutol	vmdm	SRR31248837	Susceptible	0	NULL	pass
Isoniazid	vmdm	SRR31248837	Resistant	1	katG_p.Ser315Thr(R:77.81%),model(0.99)	pass
Pyrazinamide	vmdm	SRR31248837	Susceptible	0	NULL	pass
Rifampicin	vmdm	SRR31248837	Susceptible	0	NULL	pass
Ethambutol	vmdm	SRR31248838	Susceptible	1	embB_p.Met306Leu(R:1.53%),model(0.84)	pass
Isoniazid	vmdm	SRR31248838	Resistant	1	inhA_c.-777C>T(R:21.34%),katG_p.Ser315Thr(R:77.81%),model(0.99)	pass
Pyrazinamide	vmdm	SRR31248838	Resistant	1	pncA_p.Lys96Thr(R:0.43%)	pass
Rifampicin	vmdm	SRR31248838	Resistant	1	rpoB_p.Asp435Val(R:6.86%),model(0.96)	pass
Ethambutol	vmdm	SRR31248839	Resistant	1	embB_p.Met306Val(R:34.23%),model(0.81)	pass
Isoniazid	vmdm	SRR31248839	Resistant	1	inhA_c.-777C>T(R:21.34%),katG_p.Ser315Thr(R:77.81%),model(0.99)	pass
Pyrazinamide	vmdm	SRR31248839	Resistant	1	pncA_p.Leu27Pro(R:1.00%),model(0.79)	pass
Rifampicin	vmdm	SRR31248839	Resistant	1	rpoB_p.Ser450Leu(R:64.40%),model(0.99)	pass
Ethambutol	vmdm	SRR31248840	Resistant	1	embB_p.Met306Ile(R:20.60%),embB_p.Met306Val(R:34.23%),model(0.81)	pass
Isoniazid	vmdm	SRR31248840	Resistant	1	katG_p.Ser315Thr(R:77.81%),model(0.99)	pass
Pyrazinamide	vmdm	SRR31248840	Resistant	1	pncA_p.Thr135Pro(R:0.98%),pncA_p.Val139Ala(R:1.34%)	pass
Rifampicin	vmdm	SRR31248840	Resistant	1	rpoB_p.Ser450Leu(R:64.40%),model(0.99)	pass
Ethambutol	vmdm	SRR31248841	Resistant	1	embB_p.Met306Val(R:34.23%),model(0.79)	pass
Isoniazid	vmdm	SRR31248841	Resistant	1	katG_p.Ser315Thr(R:77.81%),model(1.00)	pass
Pyrazinamide	vmdm	SRR31248841	Resistant	1	pncA_p.Gly108Arg(R:0.39%)	pass
Rifampicin	vmdm	SRR31248841	Resistant	1	rpoB_p.Ser450Leu(R:64.40%),model(0.99)	pass
Ethambutol	vmdm	SRR31248842	Resistant	1	embB_p.Met306Val(R:34.23%),model(0.79)	pass
Isoniazid	vmdm	SRR31248842	Resistant	1	katG_p.Ser315Thr(R:77.81%),model(1.00)	pass
Pyrazinamide	vmdm	SRR31248842	Susceptible	0	NULL	pass
Rifampicin	vmdm	SRR31248842	Resistant	1	rpoB_p.Ser450Leu(R:64.40%),model(0.99)	pass
Ethambutol	vmdm	SRR31248843	Susceptible	1	embB_p.Gln497Arg(R:10.54%),model(0.78)	pass
Isoniazid	vmdm	SRR31248843	Resistant	1	inhA_c.-777C>T(R:21.34%),katG_p.Ser315Thr(R:77.81%),model(0.99)	pass
Pyrazinamide	vmdm	SRR31248843	Resistant	1	pncA_p.Gly132Ala(R:1.29%),model(0.76)	pass
Rifampicin	vmdm	SRR31248843	Resistant	1	rpoB_p.Ser450Leu(R:64.40%),model(0.99)	pass
Ethambutol	vmdm	SRR31248844	Resistant	1	embB_p.Gln497Arg(R:10.54%),model(0.78)	pass
Isoniazid	vmdm	SRR31248844	Resistant	1	inhA_c.-777C>T(R:21.34%),katG_p.Ser315Thr(R:77.81%),model(0.99)	pass
Pyrazinamide	vmdm	SRR31248844	Resistant	1	pncA_p.Gly132Ala(R:1.29%),model(0.76)	pass
Rifampicin	vmdm	SRR31248844	Resistant	1	rpoB_p.Ser450Leu(R:64.40%),model(0.99)	pass
Ethambutol	vmdm	SRR31248845	Resistant	1	embB_p.Met306Ile(R:20.60%),model(0.62)	pass
Isoniazid	vmdm	SRR31248845	Resistant	1	katG_p.Ser315Thr(R:77.81%),model(0.99)	pass
Pyrazinamide	vmdm	SRR31248845	Susceptible	0	NULL	pass
Rifampicin	vmdm	SRR31248845	Resistant	1	rpoB_p.Ser450Leu(R:64.40%),model(0.99)	pass
Ethambutol	vmdm	SRR31248846	Susceptible	0	NULL	pass
Isoniazid	vmdm	SRR31248846	Resistant	0	NULL	pass
Pyrazinamide	vmdm	SRR31248846	Susceptible	0	NULL	pass
Rifampicin	vmdm	SRR31248846	Resistant	1	rpoB_p.Ser450Leu(R:64.40%),model(0.97)	pass
Ethambutol	vmdm	SRR31248847	Resistant	1	embB_p.Met306Val(R:34.23%),model(0.82)	pass
Isoniazid	vmdm	SRR31248847	Resistant	1	katG_p.Ser315Thr(R:77.81%),model(0.99)	pass
Pyrazinamide	vmdm	SRR31248847	Resistant	1	pncA_p.Asp136Gly(R:0.41%),model(0.78)	pass
Rifampicin	vmdm	SRR31248847	Resistant	1	rpoB_p.Ser450Leu(R:64.40%),model(0.99)	pass
Ethambutol	vmdm	SRR31248848	Susceptible	0	NULL	fail
Isoniazid	vmdm	SRR31248848	Susceptible	1	inhA_c.-777C>T(R:21.34%),model(0.89)	fail
Pyrazinamide	vmdm	SRR31248848	Susceptible	0	NULL	fail
Rifampicin	vmdm	SRR31248848	Susceptible	0	NULL	fail
Ethambutol	vmdm	SRR31248849	Resistant	1	embB_p.Met306Val(R:34.23%),model(0.77)	pass
Isoniazid	vmdm	SRR31248849	Resistant	1	inhA_c.-777C>T(R:21.34%),katG_p.Ser315Thr(R:77.81%),model(1.00)	pass
Pyrazinamide	vmdm	SRR31248849	Resistant	0	NULL	pass
Rifampicin	vmdm	SRR31248849	Resistant	1	rpoB_p.Ser450Leu(R:64.40%),model(0.99)	pass
Ethambutol	vmdm	SRR31248850	Resistant	1	embB_p.Met306Val(R:34.23%),model(0.79)	pass
Isoniazid	vmdm	SRR31248850	Resistant	1	katG_p.Ser315Thr(R:77.81%),model(1.00)	pass
Pyrazinamide	vmdm	SRR31248850	Resistant	1	pncA_p.Asp49Gly(R:0.98%)	pass
Rifampicin	vmdm	SRR31248850	Resistant	1	rpoB_p.Ser450Leu(R:64.40%),model(0.99)	pass
Ethambutol	vmdm	SRR31248851	Resistant	1	embB_p.Met306Ile(R:20.60%),model(0.65)	pass
Isoniazid	vmdm	SRR31248851	Resistant	1	katG_p.Ser315Thr(R:77.81%),model(0.99)	pass
Pyrazinamide	vmdm	SRR31248851	Resistant	1	pncA_p.Val139Ala(R:1.34%)	pass
Rifampicin	vmdm	SRR31248851	Resistant	1	rpoB_p.Ser450Leu(R:64.40%),model(0.99)	pass
Ethambutol	vmdm	SRR31248852	Resistant	1	embB_p.Met306Val(R:34.23%),model(0.79)	pass
Isoniazid	vmdm	SRR31248852	Resistant	1	katG_p.Ser315Thr(R:77.81%),model(1.00)	pass
Pyrazinamide	vmdm	SRR31248852	Susceptible	0	NULL	pass
Rifampicin	vmdm	SRR31248852	Resistant	1	rpoB_p.Ser450Leu(R:64.40%),model(0.99)	pass
Ethambutol	vmdm	SRR31248853	Resistant	1	embB_p.Met306Val(R:34.23%),model(0.79)	pass
Isoniazid	vmdm	SRR31248853	Resistant	1	katG_p.Ser315Thr(R:77.81%),model(1.00)	pass
Pyrazinamide	vmdm	SRR31248853	Resistant	1	pncA_p.Asp136Gly(R:0.41%)	pass
Rifampicin	vmdm	SRR31248853	Resistant	1	rpoB_p.Ser450Leu(R:64.40%),model(0.99)	pass
Ethambutol	vmdm	SRR31248854	Resistant	0	NULL	pass
Isoniazid	vmdm	SRR31248854	Resistant	1	katG_p.Ser315Thr(R:77.81%),model(0.99)	pass
Pyrazinamide	vmdm	SRR31248854	Resistant	1	pncA_p.Ile5Ser(R:0.61%)	pass
Rifampicin	vmdm	SRR31248854	Resistant	1	rpoB_p.Ser450Leu(R:64.40%),model(0.99)	pass
Ethambutol	vmdm	SRR31248855	Susceptible	1	embB_p.Met306Val(R:34.23%),model(0.79)	pass
Isoniazid	vmdm	SRR31248855	Resistant	1	katG_p.Ser315Thr(R:77.81%),model(1.00)	pass
Pyrazinamide	vmdm	SRR31248855	Susceptible	0	NULL	pass
Rifampicin	vmdm	SRR31248855	Resistant	1	rpoB_p.Ser450Leu(R:64.40%),model(0.99)	pass
Ethambutol	vmdm	SRR31248856	Resistant	1	embB_p.Met306Val(R:34.23%),model(0.79)	pass
Isoniazid	vmdm	SRR31248856	Resistant	1	katG_p.Ser315Thr(R:77.81%),model(1.00)	pass
Pyrazinamide	vmdm	SRR31248856	Resistant	1	pncA_c.-11A>G(R:3.20%),model(0.83)	pass
Rifampicin	vmdm	SRR31248856	Resistant	1	rpoB_p.Ser450Leu(R:64.40%),model(0.99)	pass
Ethambutol	vmdm	SRR31248857	Resistant	1	embB_p.Met306Val(R:34.23%),model(0.79)	pass
Isoniazid	vmdm	SRR31248857	Resistant	1	katG_p.Ser315Thr(R:77.81%),model(1.00)	pass
Pyrazinamide	vmdm	SRR31248857	Resistant	1	pncA_p.Leu27Pro(R:1.00%)	pass
Rifampicin	vmdm	SRR31248857	Resistant	1	rpoB_p.Ser450Leu(R:64.40%),model(0.99)	pass
Ethambutol	vmdm	SRR31248858	Resistant	0	NULL	pass
Isoniazid	vmdm	SRR31248858	Resistant	1	katG_p.Ser315Thr(R:77.81%),model(0.99)	pass
Pyrazinamide	vmdm	SRR31248858	Resistant	1	pncA_p.Ile5Ser(R:0.61%)	pass
Rifampicin	vmdm	SRR31248858	Resistant	1	rpoB_p.Ser450Leu(R:64.40%),model(0.99)	pass
Ethambutol	vmdm	SRR31248859	Resistant	1	embB_p.Gln497Arg(R:10.54%),model(0.78)	pass
Isoniazid	vmdm	SRR31248859	Resistant	1	inhA_c.-777C>T(R:21.34%),katG_p.Ser315Thr(R:77.81%),model(0.99)	pass
Pyrazinamide	vmdm	SRR31248859	Resistant	1	pncA_p.Gly132Ala(R:1.29%)	pass
Rifampicin	vmdm	SRR31248859	Resistant	1	rpoB_p.Ser450Leu(R:64.40%),model(0.99)	pass
Ethambutol	vmdm	SRR31248860	Susceptible	0	NULL	pass
Isoniazid	vmdm	SRR31248860	Resistant	1	katG_p.Ser315Thr(R:77.81%),model(0.99)	pass
Pyrazinamide	vmdm	SRR31248860	Resistant	1	pncA_p.Tyr34Asp(R:0.41%)	pass
Rifampicin	vmdm	SRR31248860	Resistant	1	rpoB_p.Ser450Leu(R:64.40%),model(0.99)	pass
Ethambutol	vmdm	SRR31248861	Resistant	1	embB_p.Met306Ile(R:20.60%),model(0.62)	pass
Isoniazid	vmdm	SRR31248861	Resistant	1	katG_p.Ser315Thr(R:77.81%),model(0.99)	pass
Pyrazinamide	vmdm	SRR31248861	Resistant	0	NULL	pass
Rifampicin	vmdm	SRR31248861	Resistant	1	rpoB_p.Ser450Leu(R:64.40%),model(0.99)	pass
Ethambutol	vmdm	SRR31248862	Resistant	1	embB_p.Met306Val(R:34.23%),model(0.79)	pass
Isoniazid	vmdm	SRR31248862	Resistant	1	katG_p.Ser315Thr(R:77.81%),model(1.00)	pass
Pyrazinamide	vmdm	SRR31248862	Resistant	1	pncA_p.Val139Ala(R:1.34%)	pass
Rifampicin	vmdm	SRR31248862	Resistant	1	rpoB_p.Ser450Leu(R:64.40%),model(0.99)	pass
Ethambutol	vmdm	SRR31248863	Resistant	1	embB_p.Met306Val(R:34.23%),model(0.79)	pass
Isoniazid	vmdm	SRR31248863	Resistant	1	katG_p.Ser315Thr(R:77.81%),model(1.00)	pass
Pyrazinamide	vmdm	SRR31248863	Resistant	1	pncA_p.Gln141Pro(R:1.70%)	pass
Rifampicin	vmdm	SRR31248863	Resistant	1	rpoB_p.Ser450Leu(R:64.40%),model(0.99)	pass
Ethambutol	vmdm	SRR31248864	Susceptible	1	embB_p.Met306Ile(R:20.60%),model(0.54)	pass
Isoniazid	vmdm	SRR31248864	Resistant	1	inhA_c.-777C>T(R:21.34%),inhA_p.Ser94Ala(I:1.02%),model(0.93)	pass
Pyrazinamide	vmdm	SRR31248864	Resistant	1	pncA_p.Phe106Ser(I:0.07%)	pass
Rifampicin	vmdm	SRR31248864	Resistant	1	rpoB_p.Ser450Leu(R:64.40%),model(0.99)	pass
Ethambutol	vmdm	SRR31248865	Resistant	1	embB_p.Met306Val(R:34.23%),model(0.82)	pass
Isoniazid	vmdm	SRR31248865	Resistant	1	katG_p.Ser315Thr(R:77.81%),model(0.99)	pass
Pyrazinamide	vmdm	SRR31248865	Resistant	1	pncA_p.Ile5Ser(R:0.61%)	pass
Rifampicin	vmdm	SRR31248865	Resistant	1	rpoB_p.Ser450Leu(R:64.40%),model(0.99)	pass
Ethambutol	vmdm	SRR31248866	Susceptible	1	embB_p.Gly406Ser(R:1.97%),model(0.73)	NOT_RUN
Isoniazid	vmdm	SRR31248866	Resistant	1	model(0.99)	NOT_RUN
Pyrazinamide	vmdm	SRR31248866	Resistant	1	pncA_p.Ile5Ser(R:0.61%)	NOT_RUN
Rifampicin	vmdm	SRR31248866	Resistant	1	rpoB_p.Ser450Leu(R:64.40%),model(0.99)	NOT_RUN
Ethambutol	vmdm	SRR31248867	Susceptible	1	embB_p.Met306Val(R:34.23%),model(0.82)	pass
Isoniazid	vmdm	SRR31248867	Resistant	1	katG_p.Ser315Thr(R:77.81%),model(1.00)	pass
Pyrazinamide	vmdm	SRR31248867	Resistant	1	pncA_p.Leu27Pro(R:1.00%)	pass
Rifampicin	vmdm	SRR31248867	Resistant	1	rpoB_p.Ser450Leu(R:64.40%),model(0.99)	pass
Ethambutol	vmdm	SRR31248868	Resistant	1	embB_p.Gly406Ser(R:1.97%),model(0.59)	pass
Isoniazid	vmdm	SRR31248868	Resistant	1	katG_p.Ser315Thr(R:77.81%),model(1.00)	pass
Pyrazinamide	vmdm	SRR31248868	Resistant	0	NULL	pass
Rifampicin	vmdm	SRR31248868	Resistant	1	rpoB_p.Ser450Leu(R:64.40%),model(0.99)	pass
Ethambutol	vmdm	SRR31248869	Susceptible	0	NULL	pass
Isoniazid	vmdm	SRR31248869	Resistant	1	inhA_c.-777C>T(R:21.34%),model(0.90)	pass
Pyrazinamide	vmdm	SRR31248869	Susceptible	0	NULL	pass
Rifampicin	vmdm	SRR31248869	Resistant	1	rpoB_p.Ser450Leu(R:64.40%),model(0.99)	pass
Ethambutol	vmdm	SRR31248870	Resistant	1	embB_p.Met306Val(R:34.23%),model(0.79)	pass
Isoniazid	vmdm	SRR31248870	Resistant	1	katG_p.Ser315Thr(R:77.81%),model(1.00)	pass
Pyrazinamide	vmdm	SRR31248870	Susceptible	0	NULL	pass
Rifampicin	vmdm	SRR31248870	Resistant	1	rpoB_p.Ser450Leu(R:64.40%),model(0.99)	pass
Ethambutol	vmdm	SRR31248871	Resistant	0	NULL	pass
Isoniazid	vmdm	SRR31248871	Resistant	1	katG_p.Ser315Thr(R:77.81%),model(0.99)	pass
Pyrazinamide	vmdm	SRR31248871	Resistant	1	pncA_p.Ile5Ser(R:0.61%)	pass
Rifampicin	vmdm	SRR31248871	Resistant	1	rpoB_p.Ser450Leu(R:64.40%),model(0.99)	pass
Ethambutol	vmdm	SRR31248872	Susceptible	1	embB_p.Gly406Ser(R:1.97%)	pass
Isoniazid	vmdm	SRR31248872	Resistant	1	katG_p.Ser315Thr(R:77.81%),model(0.99)	pass
Pyrazinamide	vmdm	SRR31248872	Resistant	0	NULL	pass
Rifampicin	vmdm	SRR31248872	Resistant	1	rpoB_p.Ser450Leu(R:64.40%),model(0.99)	pass
Ethambutol	vmdm	SRR31248873	Resistant	1	embB_p.Met306Leu(R:1.53%),model(0.80)	pass
Isoniazid	vmdm	SRR31248873	Resistant	1	inhA_c.-777C>T(R:21.34%),katG_p.Ser315Thr(R:77.81%),model(0.99)	pass
Pyrazinamide	vmdm	SRR31248873	Resistant	1	pncA_p.Val9Gly(R:0.23%)	pass
Rifampicin	vmdm	SRR31248873	Resistant	1	rpoB_p.Ser450Leu(R:64.40%),model(0.99)	pass
Ethambutol	vmdm	SRR31248874	Susceptible	0	NULL	pass
Isoniazid	vmdm	SRR31248874	Susceptible	0	NULL	pass
Pyrazinamide	vmdm	SRR31248874	Susceptible	0	NULL	pass
Rifampicin	vmdm	SRR31248874	Susceptible	0	NULL	pass
Ethambutol	vmdm	SRR31248875	Resistant	1	model(0.69)	pass
Isoniazid	vmdm	SRR31248875	Resistant	1	katG_p.Ser315Thr(R:77.81%),model(0.99)	pass
Pyrazinamide	vmdm	SRR31248875	Resistant	0	NULL	pass
Rifampicin	vmdm	SRR31248875	Resistant	1	rpoB_p.Ser450Leu(R:64.40%),model(0.99)	pass
Ethambutol	vmdm	SRR31248876	Resistant	1	embB_p.Met306Val(R:34.23%),model(0.79)	pass
Isoniazid	vmdm	SRR31248876	Resistant	1	katG_p.Ser315Thr(R:77.81%),model(1.00)	pass
Pyrazinamide	vmdm	SRR31248876	Resistant	1	pncA_p.Leu27Pro(R:1.00%)	pass
Rifampicin	vmdm	SRR31248876	Resistant	1	rpoB_p.Ser450Leu(R:64.40%),model(0.99)	pass
Ethambutol	vmdm	SRR31248877	Susceptible	0	NULL	pass
Isoniazid	vmdm	SRR31248877	Resistant	1	katG_p.Ser315Thr(R:77.81%),model(1.00)	pass
Pyrazinamide	vmdm	SRR31248877	Susceptible	0	NULL	pass
Rifampicin	vmdm	SRR31248877	Susceptible	1	rpoB_p.Asp435Tyr(R:2.03%),model(0.80)	pass
Ethambutol	vmdm	SRR31248878	Resistant	1	embB_p.Gly406Asp(R:2.89%),model(0.82)	pass
Isoniazid	vmdm	SRR31248878	Resistant	1	katG_p.Ser315Thr(R:77.81%),model(1.00)	pass
Pyrazinamide	vmdm	SRR31248878	Susceptible	0	NULL	pass
Rifampicin	vmdm	SRR31248878	Resistant	1	rpoB_p.Leu452Pro(R:1.67%),model(0.91)	pass
Ethambutol	vmdm	SRR31248879	Resistant	1	embB_p.Met306Ile(R:20.60%)	pass
Isoniazid	vmdm	SRR31248879	Resistant	1	katG_p.Ser315Thr(R:77.81%),model(0.99)	pass
Pyrazinamide	vmdm	SRR31248879	Resistant	0	NULL	pass
Rifampicin	vmdm	SRR31248879	Resistant	1	rpoB_p.Ser450Leu(R:64.40%),model(0.99)	pass
Ethambutol	vmdm	SRR31248880	Resistant	1	embB_p.Met306Val(R:34.23%),model(0.81)	pass
Isoniazid	vmdm	SRR31248880	Resistant	1	inhA_c.-777C>T(R:21.34%),katG_p.Ser315Thr(R:77.81%),model(0.99)	pass
Pyrazinamide	vmdm	SRR31248880	Resistant	1	pncA_p.Leu27Pro(R:1.00%)	pass
Rifampicin	vmdm	SRR31248880	Resistant	1	rpoB_p.Ser450Leu(R:64.40%),model(0.99)	pass
Ethambutol	vmdm	SRR31248881	Resistant	1	embB_p.Met306Val(R:34.23%),model(0.82)	pass
Isoniazid	vmdm	SRR31248881	Resistant	1	katG_p.Ser315Thr(R:77.81%),model(1.00)	pass
Pyrazinamide	vmdm	SRR31248881	Resistant	1	pncA_p.Asp136Gly(R:0.41%)	pass
Rifampicin	vmdm	SRR31248881	Resistant	1	rpoB_p.Ser450Leu(R:64.40%),model(0.99)	pass
Ethambutol	vmdm	SRR31248882	Susceptible	0	NULL	pass
Isoniazid	vmdm	SRR31248882	Susceptible	0	NULL	pass
Pyrazinamide	vmdm	SRR31248882	Susceptible	0	NULL	pass
Rifampicin	vmdm	SRR31248882	Susceptible	1	rpoB_p.Ser431Gly(I:0.06%)	pass
Ethambutol	vmdm	SRR31248883	Resistant	0	NULL	pass
Isoniazid	vmdm	SRR31248883	Resistant	1	katG_p.Ser315Thr(R:77.81%),model(0.99)	pass
Pyrazinamide	vmdm	SRR31248883	Resistant	1	pncA_p.Ile5Ser(R:0.61%)	pass
Rifampicin	vmdm	SRR31248883	Resistant	1	rpoB_p.Ser450Leu(R:64.40%),model(0.99)	pass
Ethambutol	vmdm	SRR31248884	Resistant	1	embB_p.Met306Val(R:34.23%),model(0.79)	pass
Isoniazid	vmdm	SRR31248884	Resistant	1	katG_p.Ser315Thr(R:77.81%),model(1.00)	pass
Pyrazinamide	vmdm	SRR31248884	Susceptible	0	NULL	pass
Rifampicin	vmdm	SRR31248884	Resistant	1	rpoB_p.Ser450Leu(R:64.40%),model(0.99)	pass
Ethambutol	vmdm	SRR31248885	Susceptible	0	NULL	pass
Isoniazid	vmdm	SRR31248885	Susceptible	0	NULL	pass
Pyrazinamide	vmdm	SRR31248885	Susceptible	0	NULL	pass
Rifampicin	vmdm	SRR31248885	Susceptible	0	NULL	pass
Ethambutol	vmdm	SRR31248886	Susceptible	1	embB_p.Met306Val(R:34.23%),model(0.81)	fail
Isoniazid	vmdm	SRR31248886	Resistant	1	inhA_c.-777C>T(R:21.34%),katG_p.Ser315Thr(R:77.81%),model(0.99)	fail
Pyrazinamide	vmdm	SRR31248886	Resistant	1	pncA_p.Thr142Ala(R:0.32%)	fail
Rifampicin	vmdm	SRR31248886	Resistant	1	rpoB_p.Ser450Leu(R:64.40%),model(0.99)	fail
Ethambutol	vmdm	SRR31248887	Susceptible	1	model(0.74)	pass
Isoniazid	vmdm	SRR31248887	Resistant	1	inhA_c.-770T>A(I:0.80%),katG_p.Ser315Thr(R:77.81%),model(1.00)	pass
Pyrazinamide	vmdm	SRR31248887	Resistant	1	pncA_p.Ile5Ser(R:0.61%),model(0.84)	pass
Rifampicin	vmdm	SRR31248887	Resistant	1	rpoB_p.Ser450Leu(R:64.40%),model(0.99)	pass
Ethambutol	vmdm	SRR31248888	Resistant	1	embB_p.Asp354Ala(R:3.17%),embB_p.Met306Ile(R:20.60%),model(0.68)	pass
Isoniazid	vmdm	SRR31248888	Resistant	1	katG_p.Ser315Thr(R:77.81%),model(0.99)	pass
Pyrazinamide	vmdm	SRR31248888	Resistant	1	pncA_p.Asp8Tyr(I:0.07%)	pass
Rifampicin	vmdm	SRR31248888	Resistant	1	rpoB_p.His445Tyr(R:3.53%),model(0.98)	pass
Ethambutol	vmdm	SRR31248889	Resistant	1	embB_p.Met306Ile(R:20.60%),model(0.61)	fail
Isoniazid	vmdm	SRR31248889	Resistant	1	katG_p.Ser315Thr(R:77.81%),model(0.99)	fail
Pyrazinamide	vmdm	SRR31248889	Susceptible	0	NULL	fail
Rifampicin	vmdm	SRR31248889	Resistant	1	rpoB_p.Ser450Leu(R:64.40%),model(0.99)	fail
Ethambutol	vmdm	SRR31248890	Resistant	0	NULL	pass
Isoniazid	vmdm	SRR31248890	Resistant	0	NULL	pass
Pyrazinamide	vmdm	SRR31248890	Susceptible	0	NULL	pass
Rifampicin	vmdm	SRR31248890	Resistant	0	NULL	pass
Ethambutol	vmdm	SRR31248891	Susceptible	0	NULL	pass
Isoniazid	vmdm	SRR31248891	Susceptible	0	NULL	pass
Pyrazinamide	vmdm	SRR31248891	Susceptible	0	NULL	pass
Rifampicin	vmdm	SRR31248891	Susceptible	0	NULL	pass
Ethambutol	vmdm	SRR31248892	Resistant	1	model(0.51)	pass
Isoniazid	vmdm	SRR31248892	Resistant	1	inhA_c.-777C>T(R:21.34%),katG_p.Ser315Thr(R:77.81%),model(0.99)	pass
Pyrazinamide	vmdm	SRR31248892	Resistant	1	pncA_p.His71Arg(R:0.86%)	pass
Rifampicin	vmdm	SRR31248892	Resistant	1	rpoB_p.Ser450Leu(R:64.40%),model(0.99)	pass
Ethambutol	vmdm	SRR31248893	Susceptible	0	NULL	pass
Isoniazid	vmdm	SRR31248893	Susceptible	0	NULL	pass
Pyrazinamide	vmdm	SRR31248893	Susceptible	0	NULL	pass
Rifampicin	vmdm	SRR31248893	Susceptible	0	NULL	pass
Ethambutol	vmdm	SRR31248894	Susceptible	0	NULL	pass
Isoniazid	vmdm	SRR31248894	Susceptible	0	NULL	pass
Pyrazinamide	vmdm	SRR31248894	Susceptible	0	NULL	pass
Rifampicin	vmdm	SRR31248894	Susceptible	0	NULL	pass
Ethambutol	vmdm	SRR31248895	Susceptible	0	NULL	pass
Isoniazid	vmdm	SRR31248895	Susceptible	0	NULL	pass
Pyrazinamide	vmdm	SRR31248895	Resistant	0	NULL	pass
Rifampicin	vmdm	SRR31248895	Susceptible	0	NULL	pass
Ethambutol	vmdm	SRR31248896	Susceptible	0	NULL	pass
Isoniazid	vmdm	SRR31248896	Susceptible	0	NULL	pass
Pyrazinamide	vmdm	SRR31248896	Susceptible	0	NULL	pass
Rifampicin	vmdm	SRR31248896	Susceptible	0	NULL	pass
Ethambutol	vmdm	SRR31248897	Resistant	0	NULL	pass
Isoniazid	vmdm	SRR31248897	Susceptible	0	NULL	pass
Pyrazinamide	vmdm	SRR31248897	Susceptible	0	NULL	pass
Rifampicin	vmdm	SRR31248897	Susceptible	0	NULL	pass
Ethambutol	vmdm	SRR31248898	Resistant	0	NULL	fail
Isoniazid	vmdm	SRR31248898	Resistant	0	NULL	fail
Pyrazinamide	vmdm	SRR31248898	Resistant	0	NULL	fail
Rifampicin	vmdm	SRR31248898	Resistant	1	rpoB_p.Ser450Tyr(R:0.05%)	fail
Ethambutol	vmdm	SRR31248899	Resistant	1	embB_p.Tyr319Cys(R:0.36%)	pass
Isoniazid	vmdm	SRR31248899	Resistant	1	katG_p.Ser315Thr(R:77.81%),model(0.99)	pass
Pyrazinamide	vmdm	SRR31248899	Resistant	1	pncA_p.Val139Gly(R:0.34%)	pass
Rifampicin	vmdm	SRR31248899	Resistant	1	rpoB_p.Ser450Leu(R:64.40%),model(0.99)	pass
Ethambutol	vmdm	SRR31248900	Susceptible	0	NULL	pass
Isoniazid	vmdm	SRR31248900	Susceptible	0	NULL	pass
Pyrazinamide	vmdm	SRR31248900	Susceptible	0	NULL	pass
Rifampicin	vmdm	SRR31248900	Susceptible	0	NULL	pass
Ethambutol	vmdm	SRR31248901	Susceptible	0	NULL	pass
Isoniazid	vmdm	SRR31248901	Susceptible	0	NULL	pass
Pyrazinamide	vmdm	SRR31248901	Susceptible	0	NULL	pass
Rifampicin	vmdm	SRR31248901	Susceptible	0	NULL	pass
Ethambutol	vmdm	SRR31248902	Susceptible	0	NULL	pass
Isoniazid	vmdm	SRR31248902	Susceptible	0	NULL	pass
Pyrazinamide	vmdm	SRR31248902	Susceptible	0	NULL	pass
Rifampicin	vmdm	SRR31248902	Susceptible	0	NULL	pass
Ethambutol	vmdm	SRR31248903	Susceptible	0	NULL	partial
Isoniazid	vmdm	SRR31248903	Susceptible	0	NULL	partial
Pyrazinamide	vmdm	SRR31248903	Susceptible	0	NULL	partial
Rifampicin	vmdm	SRR31248903	Susceptible	0	NULL	partial
Ethambutol	vmdm	SRR31248904	Susceptible	1	model(0.72)	pass
Isoniazid	vmdm	SRR31248904	Resistant	1	katG_p.Ser315Thr(R:77.81%),model(1.00)	pass
Pyrazinamide	vmdm	SRR31248904	Resistant	1	pncA_LoF_frameshift(R:27.06%),model(0.78)	pass
Rifampicin	vmdm	SRR31248904	Resistant	1	rpoB_p.Ser450Leu(R:64.40%),model(0.99)	pass
Ethambutol	vmdm	SRR31248905	Susceptible	0	NULL	fail
Isoniazid	vmdm	SRR31248905	Susceptible	1	model(0.96)	fail
Pyrazinamide	vmdm	SRR31248905	Susceptible	0	NULL	fail
Rifampicin	vmdm	SRR31248905	Susceptible	1	rpoB_p.Ser450Leu(R:64.40%),model(0.99)	fail
Ethambutol	vmdm	SRR31248906	Susceptible	0	NULL	pass
Isoniazid	vmdm	SRR31248906	Susceptible	0	NULL	pass
Pyrazinamide	vmdm	SRR31248906	Susceptible	0	NULL	pass
Rifampicin	vmdm	SRR31248906	Susceptible	0	NULL	pass
Ethambutol	vmdm	SRR31248907	Susceptible	0	NULL	pass
Isoniazid	vmdm	SRR31248907	Susceptible	0	NULL	pass
Pyrazinamide	vmdm	SRR31248907	Susceptible	0	NULL	pass
Rifampicin	vmdm	SRR31248907	Susceptible	0	NULL	pass
Ethambutol	vmdm	SRR31248908	Susceptible	0	NULL	pass
Isoniazid	vmdm	SRR31248908	Susceptible	0	NULL	pass
Pyrazinamide	vmdm	SRR31248908	Susceptible	0	NULL	pass
Rifampicin	vmdm	SRR31248908	Susceptible	0	NULL	pass
Ethambutol	vmdm	SRR31248909	Susceptible	0	NULL	pass
Isoniazid	vmdm	SRR31248909	Susceptible	0	NULL	pass
Pyrazinamide	vmdm	SRR31248909	Susceptible	0	NULL	pass
Rifampicin	vmdm	SRR31248909	Susceptible	0	NULL	pass
Ethambutol	vmdm	SRR31248910	Susceptible	0	NULL	pass
Isoniazid	vmdm	SRR31248910	Susceptible	0	NULL	pass
Pyrazinamide	vmdm	SRR31248910	Susceptible	0	NULL	pass
Rifampicin	vmdm	SRR31248910	Susceptible	0	NULL	pass
Ethambutol	vmdm	SRR31248911	Susceptible	0	NULL	pass
Isoniazid	vmdm	SRR31248911	Susceptible	0	NULL	pass
Pyrazinamide	vmdm	SRR31248911	Resistant	0	NULL	pass
Rifampicin	vmdm	SRR31248911	Susceptible	0	NULL	pass
Ethambutol	vmdm	SRR31248913	Susceptible	1	model(0.71)	fail
Isoniazid	vmdm	SRR31248913	Susceptible	1	inhA_c.-777C>T(R:21.34%),katG_p.Ser315Thr(R:77.81%),model(1.00)	fail
Pyrazinamide	vmdm	SRR31248913	Susceptible	1	pncA_LoF_frameshift(R:27.06%),model(0.85)	fail
Rifampicin	vmdm	SRR31248913	Susceptible	1	rpoB_p.Ser450Leu(R:64.40%),model(0.99)	fail
Ethambutol	vmdm	SRR31248914	Susceptible	0	NULL	pass
Isoniazid	vmdm	SRR31248914	Resistant	1	model(0.57)	pass
Pyrazinamide	vmdm	SRR31248914	Susceptible	0	NULL	pass
Rifampicin	vmdm	SRR31248914	Resistant	1	rpoB_p.Ser450Leu(R:64.40%),model(0.97)	pass
Ethambutol	vmdm	SRR31248915	Susceptible	0	NULL	pass
Isoniazid	vmdm	SRR31248915	Susceptible	0	NULL	pass
Pyrazinamide	vmdm	SRR31248915	Susceptible	0	NULL	pass
Rifampicin	vmdm	SRR31248915	Susceptible	0	NULL	pass
Ethambutol	vmdm	SRR31248916	Susceptible	0	NULL	pass
Isoniazid	vmdm	SRR31248916	Susceptible	0	NULL	pass
Pyrazinamide	vmdm	SRR31248916	Susceptible	0	NULL	pass
Rifampicin	vmdm	SRR31248916	Susceptible	0	NULL	pass
Ethambutol	vmdm	SRR31248917	Susceptible	1	embB_p.Met306Val(R:34.23%),model(0.78)	fail
Isoniazid	vmdm	SRR31248917	Susceptible	1	model(0.98)	fail
Pyrazinamide	vmdm	SRR31248917	Susceptible	1	model(0.77)	fail
Rifampicin	vmdm	SRR31248917	Susceptible	0	NULL	fail
Ethambutol	vmdm	SRR31248918	Resistant	1	embB_p.Gly406Ala(R:3.46%),model(0.89)	pass
Isoniazid	vmdm	SRR31248918	Resistant	1	katG_p.Ser315Thr(R:77.81%),model(1.00)	pass
Pyrazinamide	vmdm	SRR31248918	Susceptible	1	pncA_p.Thr47Ala(R:0.39%),model(0.81)	pass
Rifampicin	vmdm	SRR31248918	Resistant	1	rpoB_p.Ser450Leu(R:64.40%),model(0.99)	pass
Ethambutol	vmdm	SRR31248919	Susceptible	0	NULL	pass
Isoniazid	vmdm	SRR31248919	Susceptible	0	NULL	pass
Pyrazinamide	vmdm	SRR31248919	Susceptible	0	NULL	pass
Rifampicin	vmdm	SRR31248919	Susceptible	0	NULL	pass
Ethambutol	vmdm	SRR31248920	Susceptible	0	NULL	pass
Isoniazid	vmdm	SRR31248920	Resistant	1	katG_p.Ser315Thr(R:77.81%),model(0.99)	pass
Pyrazinamide	vmdm	SRR31248920	Susceptible	0	NULL	pass
Rifampicin	vmdm	SRR31248920	Susceptible	0	NULL	pass
Ethambutol	vmdm	SRR31248921	Susceptible	0	NULL	pass
Isoniazid	vmdm	SRR31248921	Susceptible	0	NULL	pass
Pyrazinamide	vmdm	SRR31248921	Susceptible	0	NULL	pass
Rifampicin	vmdm	SRR31248921	Susceptible	0	NULL	pass
Ethambutol	vmdm	SRR31248922	Susceptible	0	NULL	pass
Isoniazid	vmdm	SRR31248922	Susceptible	0	NULL	pass
Pyrazinamide	vmdm	SRR31248922	Susceptible	0	NULL	pass
Rifampicin	vmdm	SRR31248922	Susceptible	0	NULL	pass
Ethambutol	vmdm	SRR31248923	Susceptible	0	NULL	pass
Isoniazid	vmdm	SRR31248923	Susceptible	0	NULL	pass
Pyrazinamide	vmdm	SRR31248923	Susceptible	0	NULL	pass
Rifampicin	vmdm	SRR31248923	Susceptible	0	NULL	pass
Ethambutol	vmdm	SRR31248924	Susceptible	0	NULL	partial
Isoniazid	vmdm	SRR31248924	Susceptible	0	NULL	partial
Pyrazinamide	vmdm	SRR31248924	Susceptible	0	NULL	partial
Rifampicin	vmdm	SRR31248924	Susceptible	0	NULL	partial
Ethambutol	vmdm	SRR31248926	Resistant	1	model(0.51)	pass
Isoniazid	vmdm	SRR31248926	Resistant	1	inhA_c.-777C>T(R:21.34%),katG_p.Ser315Thr(R:77.81%),model(0.99)	pass
Pyrazinamide	vmdm	SRR31248926	Susceptible	0	NULL	pass
Rifampicin	vmdm	SRR31248926	Resistant	1	rpoB_p.Ser450Leu(R:64.40%),model(0.99)	pass
Ethambutol	vmdm	SRR31248927	Susceptible	0	NULL	pass
Isoniazid	vmdm	SRR31248927	Susceptible	0	NULL	pass
Pyrazinamide	vmdm	SRR31248927	Susceptible	0	NULL	pass
Rifampicin	vmdm	SRR31248927	Susceptible	0	NULL	pass
Ethambutol	vmdm	SRR31248928	Susceptible	0	NULL	pass
Isoniazid	vmdm	SRR31248928	Susceptible	0	NULL	pass
Pyrazinamide	vmdm	SRR31248928	Susceptible	0	NULL	pass
Rifampicin	vmdm	SRR31248928	Susceptible	0	NULL	pass
Ethambutol	vmdm	SRR31248929	Resistant	1	embB_p.Asp354Ala(R:3.17%),model(0.73)	pass
Isoniazid	vmdm	SRR31248929	Resistant	1	katG_p.Ser315Thr(R:77.81%),model(1.00)	pass
Pyrazinamide	vmdm	SRR31248929	Resistant	1	pncA_p.Asp63Ala(R:0.59%)	pass
Rifampicin	vmdm	SRR31248929	Resistant	1	rpoB_p.Ser450Leu(R:64.40%),model(0.99)	pass
Ethambutol	vmdm	SRR31248930	Resistant	1	embB_p.Met306Val(R:34.23%),model(0.79)	partial
Isoniazid	vmdm	SRR31248930	Resistant	1	katG_p.Ser315Thr(R:77.81%),model(1.00)	partial
Pyrazinamide	vmdm	SRR31248930	Resistant	1	pncA_p.Gln141Pro(R:1.70%)	partial
Rifampicin	vmdm	SRR31248930	Resistant	1	rpoB_p.Ser450Leu(R:64.40%),model(0.99)	partial
Ethambutol	vmdm	SRR31248931	Susceptible	0	NULL	pass
Isoniazid	vmdm	SRR31248931	Susceptible	0	NULL	pass
Pyrazinamide	vmdm	SRR31248931	Susceptible	0	NULL	pass
Rifampicin	vmdm	SRR31248931	Susceptible	0	NULL	pass
Ethambutol	vmdm	SRR31248932	Resistant	0	NULL	pass
Isoniazid	vmdm	SRR31248932	Susceptible	0	NULL	pass
Pyrazinamide	vmdm	SRR31248932	Susceptible	0	NULL	pass
Rifampicin	vmdm	SRR31248932	Susceptible	0	NULL	pass
Ethambutol	vmdm	SRR31248933	Resistant	1	embB_p.Met306Val(R:34.23%),model(0.79)	pass
Isoniazid	vmdm	SRR31248933	Resistant	1	katG_p.Ser315Thr(R:77.81%),model(1.00)	pass
Pyrazinamide	vmdm	SRR31248933	Resistant	1	pncA_p.Gln141Pro(R:1.70%)	pass
Rifampicin	vmdm	SRR31248933	Resistant	1	rpoB_p.Ser450Leu(R:64.40%),model(0.99)	pass
Ethambutol	vmdm	SRR31248934	Susceptible	0	NULL	pass
Isoniazid	vmdm	SRR31248934	Susceptible	0	NULL	pass
Pyrazinamide	vmdm	SRR31248934	Susceptible	0	NULL	pass
Rifampicin	vmdm	SRR31248934	Susceptible	0	NULL	pass
Ethambutol	vmdm	SRR31248935	Resistant	1	embB_p.Gly406Asp(R:2.89%),embB_p.Met306Ile(R:20.60%),model(0.56)	pass
Isoniazid	vmdm	SRR31248935	Resistant	1	inhA_c.-777C>T(R:21.34%),model(0.92)	pass
Pyrazinamide	vmdm	SRR31248935	Resistant	1	pncA_p.Cys72Arg(R:0.32%),model(0.76)	pass
Rifampicin	vmdm	SRR31248935	Resistant	1	rpoB_p.Ser450Leu(R:64.40%),model(0.99)	pass
Ethambutol	vmdm	SRR31248936	Susceptible	0	NULL	pass
Isoniazid	vmdm	SRR31248936	Susceptible	0	NULL	pass
Pyrazinamide	vmdm	SRR31248936	Susceptible	0	NULL	pass
Rifampicin	vmdm	SRR31248936	Susceptible	0	NULL	pass
Ethambutol	vmdm	SRR31248937	Susceptible	0	NULL	pass
Isoniazid	vmdm	SRR31248937	Resistant	1	inhA_c.-777C>T(R:21.34%),model(0.87)	pass
Pyrazinamide	vmdm	SRR31248937	Susceptible	0	NULL	pass
Rifampicin	vmdm	SRR31248937	Susceptible	0	NULL	pass
Ethambutol	vmdm	SRR31248938	Susceptible	0	NULL	pass
Isoniazid	vmdm	SRR31248938	Susceptible	0	NULL	pass
Pyrazinamide	vmdm	SRR31248938	Susceptible	0	NULL	pass
Rifampicin	vmdm	SRR31248938	Susceptible	0	NULL	pass
Ethambutol	vmdm	SRR31248939	Susceptible	0	NULL	partial
Isoniazid	vmdm	SRR31248939	Susceptible	1	katG_p.Ser315Thr(R:77.81%),model(0.99)	partial
Pyrazinamide	vmdm	SRR31248939	Susceptible	0	NULL	partial
Rifampicin	vmdm	SRR31248939	Susceptible	0	NULL	partial
Ethambutol	vmdm	SRR31248940	Susceptible	0	NULL	pass
Isoniazid	vmdm	SRR31248940	Resistant	0	NULL	pass
Pyrazinamide	vmdm	SRR31248940	Susceptible	0	NULL	pass
Rifampicin	vmdm	SRR31248940	Susceptible	0	NULL	pass
Ethambutol	vmdm	SRR31248941	Resistant	1	embB_p.Met306Ile(R:20.60%),model(0.62)	pass
Isoniazid	vmdm	SRR31248941	Resistant	1	katG_p.Ser315Thr(R:77.81%),model(0.99)	pass
Pyrazinamide	vmdm	SRR31248941	Resistant	1	pncA_p.Val180Ala(R:0.23%)	pass
Rifampicin	vmdm	SRR31248941	Resistant	1	rpoB_p.Ser450Leu(R:64.40%),model(0.99)	pass
Ethambutol	vmdm	SRR31248942	Resistant	0	NULL	pass
Isoniazid	vmdm	SRR31248942	Resistant	1	katG_p.Ser315Thr(R:77.81%),model(1.00)	pass
Pyrazinamide	vmdm	SRR31248942	Resistant	1	pncA_p.Leu85Arg(R:0.20%)	pass
Rifampicin	vmdm	SRR31248942	Resistant	1	rpoB_p.Ser450Leu(R:64.40%),model(0.99)	pass
Ethambutol	vmdm	SRR31248944	Susceptible	0	NULL	partial
Isoniazid	vmdm	SRR31248944	Susceptible	0	NULL	partial
Pyrazinamide	vmdm	SRR31248944	Resistant	0	NULL	partial
Rifampicin	vmdm	SRR31248944	Susceptible	0	NULL	partial
Ethambutol	vmdm	SRR31248945	Susceptible	0	NULL	pass
Isoniazid	vmdm	SRR31248945	Susceptible	0	NULL	pass
Pyrazinamide	vmdm	SRR31248945	Susceptible	0	NULL	pass
Rifampicin	vmdm	SRR31248945	Susceptible	0	NULL	pass
Ethambutol	vmdm	SRR31248946	Susceptible	0	NULL	pass
Isoniazid	vmdm	SRR31248946	Susceptible	0	NULL	pass
Pyrazinamide	vmdm	SRR31248946	Susceptible	0	NULL	pass
Rifampicin	vmdm	SRR31248946	Susceptible	0	NULL	pass
Ethambutol	vmdm	SRR31248947	Susceptible	0	NULL	pass
Isoniazid	vmdm	SRR31248947	Susceptible	0	NULL	pass
Pyrazinamide	vmdm	SRR31248947	Susceptible	0	NULL	pass
Rifampicin	vmdm	SRR31248947	Susceptible	0	NULL	pass
Ethambutol	vmdm	SRR31248948	Susceptible	0	NULL	pass
Isoniazid	vmdm	SRR31248948	Susceptible	0	NULL	pass
Pyrazinamide	vmdm	SRR31248948	Susceptible	0	NULL	pass
Rifampicin	vmdm	SRR31248948	Susceptible	0	NULL	pass
Ethambutol	vmdm	SRR31248949	Susceptible	0	NULL	pass
Isoniazid	vmdm	SRR31248949	Resistant	0	NULL	pass
Pyrazinamide	vmdm	SRR31248949	Susceptible	0	NULL	pass
Rifampicin	vmdm	SRR31248949	Resistant	1	rpoB_p.Gln432Lys(R:0.27%)	pass
Ethambutol	vmdm	SRR31248950	Resistant	1	embB_p.Met306Val(R:34.23%),model(0.79)	pass
Isoniazid	vmdm	SRR31248950	Resistant	1	katG_p.Ser315Thr(R:77.81%),model(1.00)	pass
Pyrazinamide	vmdm	SRR31248950	Resistant	1	pncA_p.Tyr34Asp(R:0.41%)	pass
Rifampicin	vmdm	SRR31248950	Resistant	1	rpoB_p.Ser450Leu(R:64.40%),model(0.99)	pass
Ethambutol	vmdm	SRR31248951	Susceptible	0	NULL	fail
Isoniazid	vmdm	SRR31248951	Susceptible	0	NULL	fail
Pyrazinamide	vmdm	SRR31248951	Susceptible	0	NULL	fail
Rifampicin	vmdm	SRR31248951	Susceptible	0	NULL	fail
Ethambutol	vmdm	SRR31248952	Susceptible	0	NULL	pass
Isoniazid	vmdm	SRR31248952	Susceptible	1	model(0.62)	pass
Pyrazinamide	vmdm	SRR31248952	Susceptible	0	NULL	pass
Rifampicin	vmdm	SRR31248952	Resistant	1	rpoB_p.Ser450Leu(R:64.40%),model(0.97)	pass
Ethambutol	vmdm	SRR31248953	Susceptible	0	NULL	pass
Isoniazid	vmdm	SRR31248953	Resistant	0	NULL	pass
Pyrazinamide	vmdm	SRR31248953	Susceptible	0	NULL	pass
Rifampicin	vmdm	SRR31248953	Resistant	1	rpoB_p.His445Tyr(R:3.53%),model(0.94)	pass
Ethambutol	vmdm	SRR31248954	Susceptible	0	NULL	pass
Isoniazid	vmdm	SRR31248954	Resistant	1	model(0.93)	pass
Pyrazinamide	vmdm	SRR31248954	Susceptible	0	NULL	pass
Rifampicin	vmdm	SRR31248954	Resistant	1	rpoB_p.Ser450Leu(R:64.40%),model(0.99)	pass
Ethambutol	vmdm	SRR31248955	Susceptible	0	NULL	pass
Isoniazid	vmdm	SRR31248955	Susceptible	0	NULL	pass
Pyrazinamide	vmdm	SRR31248955	Susceptible	0	NULL	pass
Rifampicin	vmdm	SRR31248955	Resistant	0	NULL	pass
Ethambutol	vmdm	SRR31248956	Susceptible	0	NULL	pass
Isoniazid	vmdm	SRR31248956	Resistant	1	katG_p.Ser315Thr(R:77.81%),model(0.98)	pass
Pyrazinamide	vmdm	SRR31248956	Resistant	1	pncA_p.Gly108Arg(R:0.39%)	pass
Rifampicin	vmdm	SRR31248956	Resistant	1	rpoB_p.Ser450Leu(R:64.40%),model(0.99)	pass
Ethambutol	vmdm	SRR31248957	Resistant	1	embB_p.Met306Val(R:34.23%),model(0.96)	pass
Isoniazid	vmdm	SRR31248957	Resistant	1	model(0.96)	pass
Pyrazinamide	vmdm	SRR31248957	Resistant	1	pncA_p.Gly97Asp(R:1.04%),model(0.77)	pass
Rifampicin	vmdm	SRR31248957	Resistant	1	rpoB_p.Ser450Leu(R:64.40%),model(0.99)	pass
Ethambutol	vmdm	SRR31248958	Susceptible	0	NULL	pass
Isoniazid	vmdm	SRR31248958	Susceptible	0	NULL	pass
Pyrazinamide	vmdm	SRR31248958	Susceptible	0	NULL	pass
Rifampicin	vmdm	SRR31248958	Susceptible	0	NULL	pass
Ethambutol	vmdm	SRR31248959	Resistant	1	embB_p.Met306Ile(R:20.60%),model(0.87)	pass
Isoniazid	vmdm	SRR31248959	Resistant	1	katG_p.Ser315Thr(R:77.81%),model(0.99)	pass
Pyrazinamide	vmdm	SRR31248959	Resistant	1	pncA_p.Ser104Arg(R:0.16%)	pass
Rifampicin	vmdm	SRR31248959	Resistant	1	rpoB_p.Ser450Leu(R:64.40%),model(0.99)	pass
Ethambutol	vmdm	SRR31248960	Resistant	1	embB_p.Met306Ile(R:20.60%),model(0.87)	partial
Isoniazid	vmdm	SRR31248960	Resistant	1	katG_p.Ser315Thr(R:77.81%),model(0.99)	partial
Pyrazinamide	vmdm	SRR31248960	Resistant	1	pncA_p.Ser104Arg(R:0.16%)	partial
Rifampicin	vmdm	SRR31248960	Resistant	1	rpoB_p.Ser450Leu(R:64.40%),model(0.99)	partial
Ethambutol	vmdm	SRR31248961	Resistant	1	embB_p.Met306Val(R:34.23%),model(0.75)	partial
Isoniazid	vmdm	SRR31248961	Resistant	1	katG_p.Ser315Thr(R:77.81%),model(0.99)	partial
Pyrazinamide	vmdm	SRR31248961	Resistant	1	pncA_p.Ser59Pro(R:0.54%),model(0.78)	partial
Rifampicin	vmdm	SRR31248961	Resistant	1	rpoB_p.Ser450Leu(R:64.40%),model(0.99)	partial
Ethambutol	vmdm	SRR31248962	Susceptible	0	NULL	partial
Isoniazid	vmdm	SRR31248962	Susceptible	0	NULL	partial
Pyrazinamide	vmdm	SRR31248962	Susceptible	0	NULL	partial
Rifampicin	vmdm	SRR31248962	Resistant	1	rpoB_p.His445Tyr(R:3.53%),model(0.93)	partial
Ethambutol	vmdm	SRR31248963	Susceptible	0	NULL	partial
Isoniazid	vmdm	SRR31248963	Susceptible	1	model(0.64)	partial
Pyrazinamide	vmdm	SRR31248963	Susceptible	0	NULL	partial
Rifampicin	vmdm	SRR31248963	Resistant	1	rpoB_p.His445Leu(R:1.29%),rpoB_p.Ser450Leu(R:64.40%),model(0.97)	partial
Ethambutol	vmdm	SRR31248964	Susceptible	0	NULL	pass
Isoniazid	vmdm	SRR31248964	Susceptible	0	NULL	pass
Pyrazinamide	vmdm	SRR31248964	Susceptible	0	NULL	pass
Rifampicin	vmdm	SRR31248964	Susceptible	0	NULL	pass
Ethambutol	vmdm	SRR31248965	Susceptible	0	NULL	fail
Isoniazid	vmdm	SRR31248965	Susceptible	1	model(0.83)	fail
Pyrazinamide	vmdm	SRR31248965	Susceptible	0	NULL	fail
Rifampicin	vmdm	SRR31248965	Susceptible	1	rpoB_p.Val170Phe(R:0.53%),model(0.95)	fail
Ethambutol	vmdm	SRR31248966	Susceptible	0	NULL	pass
Isoniazid	vmdm	SRR31248966	Susceptible	1	inhA_c.-777C>T(R:21.34%),model(0.87)	pass
Pyrazinamide	vmdm	SRR31248966	Susceptible	0	NULL	pass
Rifampicin	vmdm	SRR31248966	Susceptible	0	NULL	pass
Ethambutol	vmdm	SRR31248967	Susceptible	0	NULL	pass
Isoniazid	vmdm	SRR31248967	Susceptible	0	NULL	pass
Pyrazinamide	vmdm	SRR31248967	Susceptible	0	NULL	pass
Rifampicin	vmdm	SRR31248967	Susceptible	0	NULL	pass
Ethambutol	vmdm	SRR31248968	Susceptible	0	NULL	pass
Isoniazid	vmdm	SRR31248968	Susceptible	0	NULL	pass
Pyrazinamide	vmdm	SRR31248968	Susceptible	0	NULL	pass
Rifampicin	vmdm	SRR31248968	Susceptible	0	NULL	pass
Ethambutol	vmdm	SRR31248969	Susceptible	0	NULL	pass
Isoniazid	vmdm	SRR31248969	Susceptible	0	NULL	pass
Pyrazinamide	vmdm	SRR31248969	Susceptible	0	NULL	pass
Rifampicin	vmdm	SRR31248969	Susceptible	0	NULL	pass
Ethambutol	vmdm	SRR31248970	Susceptible	0	NULL	pass
Isoniazid	vmdm	SRR31248970	Susceptible	0	NULL	pass
Pyrazinamide	vmdm	SRR31248970	Susceptible	0	NULL	pass
Rifampicin	vmdm	SRR31248970	Susceptible	1	rpoB_p.Leu430Pro(R:1.28%)	pass
Ethambutol	vmdm	SRR31248971	Susceptible	0	NULL	pass
Isoniazid	vmdm	SRR31248971	Susceptible	0	NULL	pass
Pyrazinamide	vmdm	SRR31248971	Susceptible	0	NULL	pass
Rifampicin	vmdm	SRR31248971	Susceptible	0	NULL	pass
Ethambutol	vmdm	SRR31248972	Susceptible	0	NULL	pass
Isoniazid	vmdm	SRR31248972	Susceptible	0	NULL	pass
Pyrazinamide	vmdm	SRR31248972	Susceptible	0	NULL	pass
Rifampicin	vmdm	SRR31248972	Susceptible	0	NULL	pass
Ethambutol	vmdm	SRR31248973	Susceptible	0	NULL	fail
Isoniazid	vmdm	SRR31248973	Susceptible	0	NULL	fail
Pyrazinamide	vmdm	SRR31248973	Susceptible	0	NULL	fail
Rifampicin	vmdm	SRR31248973	Susceptible	0	NULL	fail
Ethambutol	vmdm	SRR31248974	Susceptible	0	NULL	pass
Isoniazid	vmdm	SRR31248974	Susceptible	0	NULL	pass
Pyrazinamide	vmdm	SRR31248974	Susceptible	0	NULL	pass
Rifampicin	vmdm	SRR31248974	Susceptible	0	NULL	pass
Ethambutol	vmdm	SRR31248975	Susceptible	0	NULL	pass
Isoniazid	vmdm	SRR31248975	Susceptible	0	NULL	pass
Pyrazinamide	vmdm	SRR31248975	Susceptible	0	NULL	pass
Rifampicin	vmdm	SRR31248975	Susceptible	1	rpoB_p.Leu452Pro(R:1.67%),model(0.56)	pass
Ethambutol	vmdm	SRR31248976	Susceptible	0	NULL	partial
Isoniazid	vmdm	SRR31248976	Susceptible	0	NULL	partial
Pyrazinamide	vmdm	SRR31248976	Susceptible	0	NULL	partial
Rifampicin	vmdm	SRR31248976	Susceptible	0	NULL	partial
Ethambutol	vmdm	SRR31248977	Susceptible	0	NULL	partial
Isoniazid	vmdm	SRR31248977	Resistant	1	model(0.62)	partial
Pyrazinamide	vmdm	SRR31248977	Resistant	0	NULL	partial
Rifampicin	vmdm	SRR31248977	Resistant	1	rpoB_p.Ser450Leu(R:64.40%),model(0.97)	partial
Ethambutol	vmdm	SRR31248978	Susceptible	0	NULL	pass
Isoniazid	vmdm	SRR31248978	Resistant	1	katG_p.Ser315Thr(R:77.81%),model(0.99)	pass
Pyrazinamide	vmdm	SRR31248978	Resistant	0	NULL	pass
Rifampicin	vmdm	SRR31248978	Susceptible	0	NULL	pass
Ethambutol	vmdm	SRR31248979	Susceptible	0	NULL	pass
Isoniazid	vmdm	SRR31248979	Susceptible	0	NULL	pass
Pyrazinamide	vmdm	SRR31248979	Susceptible	0	NULL	pass
Rifampicin	vmdm	SRR31248979	Susceptible	0	NULL	pass
Ethambutol	vmdm	SRR31248980	Resistant	1	embB_p.Met306Val(R:34.23%),model(0.71)	pass
Isoniazid	vmdm	SRR31248980	Resistant	1	inhA_c.-770T>A(I:0.80%),katG_p.Ser315Thr(R:77.81%),model(1.00)	pass
Pyrazinamide	vmdm	SRR31248980	Resistant	1	pncA_p.Val139Gly(R:0.34%)	pass
Rifampicin	vmdm	SRR31248980	Resistant	1	rpoB_p.Ser450Leu(R:64.40%),model(0.99)	pass
Ethambutol	vmdm	SRR31248981	Susceptible	0	NULL	pass
Isoniazid	vmdm	SRR31248981	Susceptible	0	NULL	pass
Pyrazinamide	vmdm	SRR31248981	Susceptible	0	NULL	pass
Rifampicin	vmdm	SRR31248981	Resistant	1	rpoB_p.Ser441Lys(I:0.00%)	pass
Ethambutol	vmdm	SRR31248982	Susceptible	0	NULL	pass
Isoniazid	vmdm	SRR31248982	Susceptible	0	NULL	pass
Pyrazinamide	vmdm	SRR31248982	Susceptible	0	NULL	pass
Rifampicin	vmdm	SRR31248982	Resistant	1	rpoB_p.His445Tyr(R:3.53%),model(0.95)	pass
Ethambutol	vmdm	SRR31248983	Resistant	1	embB_p.Met306Ile(R:20.60%),model(0.57)	partial
Isoniazid	vmdm	SRR31248983	Resistant	1	katG_p.Ser315Thr(R:77.81%),model(1.00)	partial
Pyrazinamide	vmdm	SRR31248983	Susceptible	0	NULL	partial
Rifampicin	vmdm	SRR31248983	Susceptible	1	rpoB_p.Leu452Pro(R:1.67%),model(0.80)	partial
Ethambutol	vmdm	SRR31248984	Susceptible	0	NULL	pass
Isoniazid	vmdm	SRR31248984	Resistant	1	model(0.62)	pass
Pyrazinamide	vmdm	SRR31248984	Resistant	0	NULL	pass
Rifampicin	vmdm	SRR31248984	Resistant	1	rpoB_p.Ser450Leu(R:64.40%),model(0.97)	pass
Ethambutol	vmdm	SRR31248985	Susceptible	0	NULL	partial
Isoniazid	vmdm	SRR31248985	Susceptible	0	NULL	partial
Pyrazinamide	vmdm	SRR31248985	Susceptible	0	NULL	partial
Rifampicin	vmdm	SRR31248985	Susceptible	1	rpoB_p.Leu430Pro(R:1.28%)	partial
Ethambutol	vmdm	SRR31248986	Susceptible	0	NULL	partial
Isoniazid	vmdm	SRR31248986	Susceptible	0	NULL	partial
Pyrazinamide	vmdm	SRR31248986	Susceptible	0	NULL	partial
Rifampicin	vmdm	SRR31248986	Susceptible	1	rpoB_p.Leu430Pro(R:1.28%)	partial
Ethambutol	vmdm	SRR31248987	Resistant	1	embB_p.Met306Val(R:34.23%),model(0.75)	pass
Isoniazid	vmdm	SRR31248987	Resistant	1	katG_p.Ser315Thr(R:77.81%),model(0.99)	pass
Pyrazinamide	vmdm	SRR31248987	Resistant	1	pncA_p.Ser59Pro(R:0.54%),model(0.78)	pass
Rifampicin	vmdm	SRR31248987	Resistant	1	rpoB_p.Ser450Leu(R:64.40%),model(0.99)	pass
Ethambutol	vmdm	SRR31248988	Susceptible	0	NULL	pass
Isoniazid	vmdm	SRR31248988	Susceptible	0	NULL	pass
Pyrazinamide	vmdm	SRR31248988	Susceptible	0	NULL	pass
Rifampicin	vmdm	SRR31248988	Susceptible	1	rpoB_p.Leu430Pro(R:1.28%)	pass
Ethambutol	vmdm	SRR31248989	Resistant	1	embB_p.Met306Ile(R:20.60%),model(0.65)	pass
Isoniazid	vmdm	SRR31248989	Resistant	1	inhA_c.-779G>T(I:1.63%),katG_p.Ser315Thr(R:77.81%),model(1.00)	pass
Pyrazinamide	vmdm	SRR31248989	Resistant	1	model(0.91)	pass
Rifampicin	vmdm	SRR31248989	Resistant	1	rpoB_p.Asp435Val(R:6.86%),model(0.99)	pass
Ethambutol	vmdm	SRR31248990	Resistant	1	embB_p.Met306Val(R:34.23%),model(0.79)	pass
Isoniazid	vmdm	SRR31248990	Resistant	1	katG_p.Ser315Thr(R:77.81%),model(1.00)	pass
Pyrazinamide	vmdm	SRR31248990	Resistant	1	pncA_c.-11A>G(R:3.20%),model(0.83)	pass
Rifampicin	vmdm	SRR31248990	Resistant	1	rpoB_p.Ser450Leu(R:64.40%),model(0.99)	pass
Ethambutol	vmdm	SRR31248991	Resistant	1	embB_p.Met306Val(R:34.23%),model(0.82)	pass
Isoniazid	vmdm	SRR31248991	Resistant	1	katG_p.Ser315Thr(R:77.81%),model(1.00)	pass
Pyrazinamide	vmdm	SRR31248991	Susceptible	1	model(0.80)	pass
Rifampicin	vmdm	SRR31248991	Resistant	1	rpoB_p.Ser450Leu(R:64.40%),model(0.99)	pass
Ethambutol	vmdm	SRR31248992	Resistant	1	embB_p.Met306Val(R:34.23%),model(0.75)	pass
Isoniazid	vmdm	SRR31248992	Resistant	1	katG_p.Ser315Thr(R:77.81%),model(1.00)	pass
Pyrazinamide	vmdm	SRR31248992	Susceptible	1	model(0.77)	pass
Rifampicin	vmdm	SRR31248992	Resistant	1	rpoB_p.Ser450Leu(R:64.40%),model(0.99)	pass
Ethambutol	vmdm	SRR31248994	Susceptible	0	NULL	pass
Isoniazid	vmdm	SRR31248994	Susceptible	0	NULL	pass
Pyrazinamide	vmdm	SRR31248994	Susceptible	0	NULL	pass
Rifampicin	vmdm	SRR31248994	Susceptible	0	NULL	pass
Ethambutol	vmdm	SRR31248995	Resistant	1	embB_p.Met306Val(R:34.23%),model(0.78)	pass
Isoniazid	vmdm	SRR31248995	Resistant	1	katG_p.Ser315Thr(R:77.81%),model(1.00)	pass
Pyrazinamide	vmdm	SRR31248995	Resistant	1	pncA_p.Phe94Ser(I:0.07%)	pass
Rifampicin	vmdm	SRR31248995	Resistant	1	rpoB_p.Ser450Trp(R:1.42%),model(0.98)	pass
Ethambutol	vmdm	SRR31248996	Resistant	0	NULL	pass
Isoniazid	vmdm	SRR31248996	Resistant	1	katG_p.Ser315Thr(R:77.81%),model(0.99)	pass
Pyrazinamide	vmdm	SRR31248996	Resistant	1	pncA_p.Ile5Ser(R:0.61%)	pass
Rifampicin	vmdm	SRR31248996	Resistant	1	rpoB_p.Ser450Leu(R:64.40%),model(0.99)	pass
Ethambutol	vmdm	SRR31248997	Resistant	1	embB_p.Met306Ile(R:20.60%),model(0.62)	pass
Isoniazid	vmdm	SRR31248997	Resistant	1	katG_p.Ser315Thr(R:77.81%),model(0.99)	pass
Pyrazinamide	vmdm	SRR31248997	Resistant	0	NULL	pass
Rifampicin	vmdm	SRR31248997	Resistant	1	rpoB_p.Ser450Leu(R:64.40%),model(0.99)	pass
Ethambutol	vmdm	SRR31248998	Resistant	1	embB_p.Met306Val(R:34.23%),model(0.79)	fail
Isoniazid	vmdm	SRR31248998	Resistant	1	model(0.96)	fail
Pyrazinamide	vmdm	SRR31248998	Resistant	1	pncA_p.Gly132Ala(R:1.29%),pncA_p.Leu27Pro(R:1.00%)	fail
Rifampicin	vmdm	SRR31248998	Resistant	1	rpoB_p.Ser450Leu(R:64.40%),model(0.99)	fail
Ethambutol	vmdm	SRR31248999	Resistant	1	embB_p.Met306Val(R:34.23%),model(0.79)	pass
Isoniazid	vmdm	SRR31248999	Resistant	1	katG_p.Ser315Thr(R:77.81%),model(0.99)	pass
Pyrazinamide	vmdm	SRR31248999	Resistant	1	pncA_p.Thr177Pro(R:0.18%)	pass
Rifampicin	vmdm	SRR31248999	Resistant	1	rpoB_p.Ser450Leu(R:64.40%),model(0.99)	pass
Ethambutol	vmdm	SRR31249000	Resistant	1	embB_p.Met306Val(R:34.23%),model(0.79)	pass
Isoniazid	vmdm	SRR31249000	Resistant	1	katG_p.Ser315Thr(R:77.81%),model(0.99)	pass
Pyrazinamide	vmdm	SRR31249000	Resistant	1	pncA_p.Leu151Ser(R:0.43%)	pass
Rifampicin	vmdm	SRR31249000	Resistant	1	rpoB_p.Ser450Leu(R:64.40%),model(0.99)	pass
Ethambutol	vmdm	SRR31249001	Susceptible	1	embB_p.Met306Val(R:34.23%),model(0.79)	pass
Isoniazid	vmdm	SRR31249001	Resistant	1	katG_p.Ser315Thr(R:77.81%),model(1.00)	pass
Pyrazinamide	vmdm	SRR31249001	Resistant	1	pncA_p.His71Tyr(R:0.77%)	pass
Rifampicin	vmdm	SRR31249001	Resistant	1	rpoB_p.Ser450Leu(R:64.40%),model(0.99)	pass
Ethambutol	vmdm	SRR31249002	Resistant	1	embB_p.Gln497Arg(R:10.54%),model(0.78)	pass
Isoniazid	vmdm	SRR31249002	Resistant	1	inhA_c.-777C>T(R:21.34%),katG_p.Ser315Thr(R:77.81%),model(0.99)	pass
Pyrazinamide	vmdm	SRR31249002	Resistant	1	pncA_p.Gly132Ala(R:1.29%),model(0.78)	pass
Rifampicin	vmdm	SRR31249002	Resistant	1	rpoB_p.Ser450Leu(R:64.40%),model(0.99)	pass
Ethambutol	vmdm	SRR31249003	Resistant	1	embB_p.Met306Val(R:34.23%),model(0.82)	pass
Isoniazid	vmdm	SRR31249003	Resistant	1	katG_p.Ser315Thr(R:77.81%),model(1.00)	pass
Pyrazinamide	vmdm	SRR31249003	Resistant	1	model(0.80)	pass
Rifampicin	vmdm	SRR31249003	Resistant	1	rpoB_p.Ser450Leu(R:64.40%),model(0.99)	pass
Ethambutol	vmdm	SRR31249004	Susceptible	0	NULL	pass
Isoniazid	vmdm	SRR31249004	Susceptible	0	NULL	pass
Pyrazinamide	vmdm	SRR31249004	Susceptible	0	NULL	pass
Rifampicin	vmdm	SRR31249004	Susceptible	0	NULL	pass
Ethambutol	vmdm	SRR31249005	Resistant	1	embB_p.Met306Val(R:34.23%),model(0.67)	pass
Isoniazid	vmdm	SRR31249005	Resistant	1	katG_p.Ser315Thr(R:77.81%),model(0.99)	pass
Pyrazinamide	vmdm	SRR31249005	Resistant	1	pncA_LoF_frameshift(R:27.06%),model(0.91)	pass
Rifampicin	vmdm	SRR31249005	Resistant	1	rpoB_p.Ser450Leu(R:64.40%),model(0.99)	pass
Ethambutol	vmdm	SRR31249006	Susceptible	1	embB_p.Gly406Ser(R:1.97%),model(0.54)	pass
Isoniazid	vmdm	SRR31249006	Resistant	1	katG_p.Ser315Thr(R:77.81%),model(1.00)	pass
Pyrazinamide	vmdm	SRR31249006	Resistant	1	pncA_p.Met175Val(R:0.27%)	pass
Rifampicin	vmdm	SRR31249006	Resistant	1	rpoB_p.Ser450Trp(R:1.42%),model(0.82)	pass
Ethambutol	vmdm	SRR31249007	Susceptible	1	embB_p.Met306Ile(R:20.60%),model(0.73)	pass
Isoniazid	vmdm	SRR31249007	Resistant	1	katG_p.Ser315Thr(R:77.81%),model(1.00)	pass
Pyrazinamide	vmdm	SRR31249007	Resistant	1	pncA_p.Asp8Asn(R:0.32%)	pass
Rifampicin	vmdm	SRR31249007	Resistant	1	rpoB_p.Ser450Leu(R:64.40%),model(0.99)	pass
Ethambutol	vmdm	SRR31249008	Susceptible	1	embB_p.Met306Val(R:34.23%),model(0.79)	pass
Isoniazid	vmdm	SRR31249008	Resistant	1	katG_p.Ser315Thr(R:77.81%),model(1.00)	pass
Pyrazinamide	vmdm	SRR31249008	Resistant	1	pncA_p.Tyr103Cys(R:0.20%)	pass
Rifampicin	vmdm	SRR31249008	Resistant	1	rpoB_p.Ser450Leu(R:64.40%),model(0.99)	pass
Ethambutol	vmdm	SRR31249009	Resistant	1	embB_p.Gln497Arg(R:10.54%),model(0.86)	pass
Isoniazid	vmdm	SRR31249009	Resistant	1	inhA_c.-777C>T(R:21.34%),katG_p.Ser315Thr(R:77.81%),model(0.99)	pass
Pyrazinamide	vmdm	SRR31249009	Resistant	1	pncA_p.Gly132Ala(R:1.29%),model(0.80)	pass
Rifampicin	vmdm	SRR31249009	Resistant	1	rpoB_p.Ser450Leu(R:64.40%),model(0.99)	pass
Ethambutol	vmdm	SRR31249010	Resistant	1	embB_p.Met306Val(R:34.23%),model(0.79)	pass
Isoniazid	vmdm	SRR31249010	Resistant	1	katG_p.Ser315Thr(R:77.81%),model(1.00)	pass
Pyrazinamide	vmdm	SRR31249010	Susceptible	0	NULL	pass
Rifampicin	vmdm	SRR31249010	Resistant	1	rpoB_p.Ser450Leu(R:64.40%),model(0.99)	pass
Ethambutol	vmdm	SRR31249011	Resistant	0	NULL	pass
Isoniazid	vmdm	SRR31249011	Resistant	1	katG_p.Ser315Thr(R:77.81%),model(0.99)	pass
Pyrazinamide	vmdm	SRR31249011	Resistant	0	NULL	pass
Rifampicin	vmdm	SRR31249011	Resistant	1	rpoB_p.Ser450Leu(R:64.40%),model(0.99)	pass
Ethambutol	vmdm	SRR31249012	Resistant	1	model(0.56)	pass
Isoniazid	vmdm	SRR31249012	Resistant	1	katG_p.Ser315Thr(R:77.81%),model(0.99)	pass
Pyrazinamide	vmdm	SRR31249012	Resistant	1	pncA_p.Ile5Ser(R:0.61%)	pass
Rifampicin	vmdm	SRR31249012	Resistant	1	rpoB_p.Ser450Leu(R:64.40%),model(0.99)	pass
Ethambutol	vmdm	SRR31249013	Resistant	1	embB_p.Met306Val(R:34.23%),model(0.79)	partial
Isoniazid	vmdm	SRR31249013	Resistant	1	katG_p.Ser315Thr(R:77.81%),model(1.00)	partial
Pyrazinamide	vmdm	SRR31249013	Resistant	1	pncA_p.Val139Ala(R:1.34%)	partial
Rifampicin	vmdm	SRR31249013	Resistant	1	rpoB_p.Ser450Leu(R:64.40%),model(0.99)	partial
Ethambutol	vmdm	SRR31249014	Resistant	1	embB_p.Gln497Arg(R:10.54%),model(0.78)	pass
Isoniazid	vmdm	SRR31249014	Resistant	1	inhA_c.-777C>T(R:21.34%),katG_p.Ser315Thr(R:77.81%),model(0.99)	pass
Pyrazinamide	vmdm	SRR31249014	Resistant	1	pncA_p.Gly132Ala(R:1.29%),model(0.76)	pass
Rifampicin	vmdm	SRR31249014	Resistant	1	rpoB_p.Ser450Leu(R:64.40%),model(0.99)	pass
Ethambutol	vmdm	SRR31249015	Susceptible	0	NULL	pass
Isoniazid	vmdm	SRR31249015	Susceptible	0	NULL	pass
Pyrazinamide	vmdm	SRR31249015	Susceptible	0	NULL	pass
Rifampicin	vmdm	SRR31249015	Susceptible	0	NULL	pass
Ethambutol	vmdm	SRR31249016	Resistant	1	embB_p.Met306Ile(R:20.60%),model(0.70)	pass
Isoniazid	vmdm	SRR31249016	Resistant	1	katG_p.Ser315Thr(R:77.81%),model(0.99)	pass
Pyrazinamide	vmdm	SRR31249016	Resistant	1	pncA_p.Phe13Ser(R:0.11%),model(0.76)	pass
Rifampicin	vmdm	SRR31249016	Resistant	1	rpoB_p.Ser450Leu(R:64.40%),model(0.99)	pass
Ethambutol	vmdm	SRR31249017	Susceptible	1	embB_p.Met306Ile(R:20.60%)	pass
Isoniazid	vmdm	SRR31249017	Resistant	1	katG_p.Ser315Ile(I:0.10%),model(0.98)	pass
Pyrazinamide	vmdm	SRR31249017	Susceptible	0	NULL	pass
Rifampicin	vmdm	SRR31249017	Resistant	1	rpoB_p.Ser450Leu(R:64.40%),model(0.98)	pass
Ethambutol	vmdm	SRR31249018	Resistant	1	embB_p.Gln497Arg(R:10.54%),model(0.78)	pass
Isoniazid	vmdm	SRR31249018	Resistant	1	inhA_c.-777C>T(R:21.34%),katG_p.Ser315Thr(R:77.81%),model(0.99)	pass
Pyrazinamide	vmdm	SRR31249018	Resistant	1	pncA_p.Gly132Ala(R:1.29%),model(0.75)	pass
Rifampicin	vmdm	SRR31249018	Resistant	1	rpoB_p.Ser450Leu(R:64.40%),model(0.99)	pass
Ethambutol	vmdm	SRR31249019	Resistant	1	embB_p.Met306Val(R:34.23%),model(0.79)	pass
Isoniazid	vmdm	SRR31249019	Resistant	1	katG_p.Ser315Thr(R:77.81%),model(1.00)	pass
Pyrazinamide	vmdm	SRR31249019	Resistant	1	pncA_p.His71Tyr(R:0.77%)	pass
Rifampicin	vmdm	SRR31249019	Resistant	1	rpoB_p.Ser450Leu(R:64.40%),model(0.99)	pass
Ethambutol	vmdm	SRR31249020	Resistant	1	embB_p.Gln497Arg(R:10.54%),model(0.78)	pass
Isoniazid	vmdm	SRR31249020	Resistant	1	inhA_c.-777C>T(R:21.34%),katG_p.Ser315Thr(R:77.81%),model(0.99)	pass
Pyrazinamide	vmdm	SRR31249020	Resistant	1	pncA_p.Gly132Ala(R:1.29%),model(0.75)	pass
Rifampicin	vmdm	SRR31249020	Resistant	1	rpoB_p.Ser450Leu(R:64.40%),model(0.99)	pass
Ethambutol	vmdm	SRR31249021	Resistant	1	embB_p.Met306Val(R:34.23%),model(0.79)	pass
Isoniazid	vmdm	SRR31249021	Resistant	1	katG_p.Ser315Thr(R:77.81%),model(1.00)	pass
Pyrazinamide	vmdm	SRR31249021	Resistant	1	pncA_p.Ser67Pro(R:0.50%)	pass
Rifampicin	vmdm	SRR31249021	Resistant	1	rpoB_p.Ser450Leu(R:64.40%),model(0.99)	pass
Ethambutol	vmdm	SRR31249022	Resistant	1	embB_p.Met306Val(R:34.23%),model(0.82)	pass
Isoniazid	vmdm	SRR31249022	Resistant	1	katG_p.Ser315Thr(R:77.81%),model(1.00)	pass
Pyrazinamide	vmdm	SRR31249022	Resistant	1	pncA_p.Val139Ala(R:1.34%)	pass
Rifampicin	vmdm	SRR31249022	Resistant	1	rpoB_p.Ser450Leu(R:64.40%),model(0.99)	pass
Ethambutol	vmdm	SRR31249023	Susceptible	1	embB_p.Met306Val(R:34.23%),model(0.71)	pass
Isoniazid	vmdm	SRR31249023	Resistant	1	katG_p.Ser315Thr(R:77.81%),model(0.99)	pass
Pyrazinamide	vmdm	SRR31249023	Resistant	1	pncA_p.His57Arg(R:1.27%),model(0.88)	pass
Rifampicin	vmdm	SRR31249023	Resistant	1	rpoB_p.Ser450Leu(R:64.40%),model(0.99)	pass
Ethambutol	vmdm	SRR31249024	Susceptible	0	NULL	pass
Isoniazid	vmdm	SRR31249024	Susceptible	0	NULL	pass
Pyrazinamide	vmdm	SRR31249024	Susceptible	0	NULL	pass
Rifampicin	vmdm	SRR31249024	Susceptible	0	NULL	pass
Ethambutol	vmdm	SRR31249025	Resistant	1	embB_p.Gln497Lys(R:1.53%),model(0.70)	pass
Isoniazid	vmdm	SRR31249025	Resistant	1	katG_p.Ser315Thr(R:77.81%),model(0.99)	pass
Pyrazinamide	vmdm	SRR31249025	Resistant	1	pncA_p.Val155Met(R:0.18%),model(0.81)	pass
Rifampicin	vmdm	SRR31249025	Resistant	1	rpoB_p.Ser450Leu(R:64.40%),model(0.99)	pass
Ethambutol	vmdm	SRR31249026	Resistant	1	embB_p.Met306Val(R:34.23%),model(0.72)	pass
Isoniazid	vmdm	SRR31249026	Resistant	1	katG_p.Ser315Thr(R:77.81%),model(0.99)	pass
Pyrazinamide	vmdm	SRR31249026	Resistant	1	pncA_LoF_frameshift(R:27.06%),model(0.88)	pass
Rifampicin	vmdm	SRR31249026	Resistant	1	rpoB_p.Ser450Leu(R:64.40%),model(0.99)	pass
Ethambutol	vmdm	SRR31249027	Resistant	1	embB_p.Met306Val(R:34.23%),model(0.79)	pass
Isoniazid	vmdm	SRR31249027	Resistant	1	katG_p.Ser315Thr(R:77.81%),model(1.00)	pass
Pyrazinamide	vmdm	SRR31249027	Susceptible	0	NULL	pass
Rifampicin	vmdm	SRR31249027	Resistant	1	rpoB_p.Ser450Leu(R:64.40%),model(0.99)	pass
Ethambutol	vmdm	SRR31249028	Susceptible	1	embB_p.Met306Val(R:34.23%),model(0.79)	pass
Isoniazid	vmdm	SRR31249028	Resistant	1	katG_p.Ser315Thr(R:77.81%),model(1.00)	pass
Pyrazinamide	vmdm	SRR31249028	Resistant	1	pncA_p.Val139Ala(R:1.34%)	pass
Rifampicin	vmdm	SRR31249028	Resistant	1	rpoB_p.Ser450Leu(R:64.40%),model(0.99)	pass
Ethambutol	vmdm	SRR31249029	Resistant	1	embB_p.Met306Val(R:34.23%),model(0.79)	pass
Isoniazid	vmdm	SRR31249029	Resistant	1	katG_p.Ser315Thr(R:77.81%),model(1.00)	pass
Pyrazinamide	vmdm	SRR31249029	Susceptible	0	NULL	pass
Rifampicin	vmdm	SRR31249029	Resistant	1	rpoB_p.Ser450Leu(R:64.40%),model(0.99)	pass
Ethambutol	vmdm	SRR31249030	Susceptible	0	NULL	pass
Isoniazid	vmdm	SRR31249030	Susceptible	0	NULL	pass
Pyrazinamide	vmdm	SRR31249030	Susceptible	0	NULL	pass
Rifampicin	vmdm	SRR31249030	Susceptible	0	NULL	pass
Ethambutol	vmdm	SRR31249031	Resistant	1	embB_p.Met306Val(R:34.23%),model(0.79)	pass
Isoniazid	vmdm	SRR31249031	Resistant	1	katG_p.Ser315Thr(R:77.81%),model(1.00)	pass
Pyrazinamide	vmdm	SRR31249031	Resistant	1	pncA_c.-11A>G(R:3.20%),model(0.83)	pass
Rifampicin	vmdm	SRR31249031	Resistant	1	rpoB_p.Ser450Leu(R:64.40%),model(0.99)	pass
Ethambutol	vmdm	SRR31249032	Resistant	1	embB_p.Met306Val(R:34.23%),model(0.79)	pass
Isoniazid	vmdm	SRR31249032	Resistant	1	katG_p.Ser315Thr(R:77.81%),model(1.00)	pass
Pyrazinamide	vmdm	SRR31249032	Resistant	1	pncA_p.Leu27Pro(R:1.00%)	pass
Rifampicin	vmdm	SRR31249032	Resistant	1	rpoB_p.Ser450Leu(R:64.40%),model(0.99)	pass
Ethambutol	vmdm	SRR31249033	Resistant	1	embB_p.Gln497Arg(R:10.54%),model(0.78)	pass
Isoniazid	vmdm	SRR31249033	Resistant	1	inhA_c.-777C>T(R:21.34%),katG_p.Ser315Thr(R:77.81%),model(0.99)	pass
Pyrazinamide	vmdm	SRR31249033	Resistant	1	pncA_p.Gly132Ala(R:1.29%)	pass
Rifampicin	vmdm	SRR31249033	Resistant	1	rpoB_p.Ser450Leu(R:64.40%),model(0.99)	pass
Ethambutol	vmdm	SRR31249034	Resistant	1	embB_p.Gln497Arg(R:10.54%),model(0.78)	pass
Isoniazid	vmdm	SRR31249034	Resistant	1	inhA_c.-777C>T(R:21.34%),katG_p.Ser315Thr(R:77.81%),model(0.99)	pass
Pyrazinamide	vmdm	SRR31249034	Resistant	1	pncA_p.Gly132Ala(R:1.29%),model(0.76)	pass
Rifampicin	vmdm	SRR31249034	Resistant	1	rpoB_p.Ser450Leu(R:64.40%),model(0.99)	pass
Ethambutol	vmdm	SRR31249035	Resistant	1	embB_p.Met306Val(R:34.23%),model(0.79)	pass
Isoniazid	vmdm	SRR31249035	Resistant	1	katG_p.Ser315Thr(R:77.81%),model(1.00)	pass
Pyrazinamide	vmdm	SRR31249035	Resistant	1	pncA_p.Val139Ala(R:1.34%)	pass
Rifampicin	vmdm	SRR31249035	Resistant	1	rpoB_p.Ser450Leu(R:64.40%),model(0.99)	pass
Ethambutol	vmdm	SRR31249036	Resistant	1	embB_p.Met306Val(R:34.23%),model(0.83)	partial
Isoniazid	vmdm	SRR31249036	Resistant	1	katG_p.Ser315Thr(R:77.81%),model(1.00)	partial
Pyrazinamide	vmdm	SRR31249036	Susceptible	0	NULL	partial
Rifampicin	vmdm	SRR31249036	Resistant	1	rpoB_p.Ser450Leu(R:64.40%),model(0.99)	partial
Ethambutol	vmdm	SRR31249037	Susceptible	0	NULL	pass
Isoniazid	vmdm	SRR31249037	Resistant	1	inhA_c.-777C>T(R:21.34%),model(0.95)	pass
Pyrazinamide	vmdm	SRR31249037	Resistant	0	NULL	pass
Rifampicin	vmdm	SRR31249037	Susceptible	1	rpoB_p.Leu430Pro(R:1.28%)	pass
Ethambutol	vmdm	SRR31249038	Resistant	0	NULL	pass
Isoniazid	vmdm	SRR31249038	Resistant	1	katG_p.Ser315Thr(R:77.81%),model(0.99)	pass
Pyrazinamide	vmdm	SRR31249038	Resistant	1	pncA_p.Ile5Ser(R:0.61%)	pass
Rifampicin	vmdm	SRR31249038	Resistant	1	rpoB_p.Ser450Leu(R:64.40%),model(0.99)	pass
Ethambutol	vmdm	SRR31249039	Resistant	1	model(0.75)	pass
Isoniazid	vmdm	SRR31249039	Resistant	1	inhA_c.-777C>T(R:21.34%),katG_p.Ser315Thr(R:77.81%),model(0.99)	pass
Pyrazinamide	vmdm	SRR31249039	Resistant	1	pncA_p.Thr160Pro(R:0.27%)	pass
Rifampicin	vmdm	SRR31249039	Resistant	1	rpoB_p.Ser450Leu(R:64.40%),model(0.99)	pass
Ethambutol	vmdm	SRR31249041	Susceptible	0	NULL	pass
Isoniazid	vmdm	SRR31249041	Susceptible	0	NULL	pass
Pyrazinamide	vmdm	SRR31249041	Susceptible	0	NULL	pass
Rifampicin	vmdm	SRR31249041	Susceptible	0	NULL	pass
Ethambutol	vmdm	SRR31249042	Susceptible	1	model(0.68)	pass
Isoniazid	vmdm	SRR31249042	Resistant	1	katG_p.Ser315Arg(R:0.07%),katG_p.Ser315Thr(R:77.81%),model(0.99)	pass
Pyrazinamide	vmdm	SRR31249042	Resistant	1	pncA_p.Val128Gly(R:0.32%)	pass
Rifampicin	vmdm	SRR31249042	Resistant	1	rpoB_p.Leu452Pro(R:1.67%),model(0.87)	pass
Ethambutol	vmdm	SRR31249043	Resistant	1	embB_p.Gln497Lys(R:1.53%),embB_p.Met306Ile(R:20.60%),model(0.90)	pass
Isoniazid	vmdm	SRR31249043	Resistant	1	inhA_c.-777C>T(R:21.34%),katG_p.Ser315Thr(R:77.81%),model(0.99)	pass
Pyrazinamide	vmdm	SRR31249043	Resistant	1	model(0.79)	pass
Rifampicin	vmdm	SRR31249043	Resistant	1	rpoB_p.Ser450Leu(R:64.40%),model(0.99)	pass
Ethambutol	vmdm	SRR31249044	Susceptible	1	embB_p.Gly406Asp(R:2.89%)	pass
Isoniazid	vmdm	SRR31249044	Resistant	1	katG_p.Ser315Thr(R:77.81%),model(0.99)	pass
Pyrazinamide	vmdm	SRR31249044	Susceptible	0	NULL	pass
Rifampicin	vmdm	SRR31249044	Resistant	1	rpoB_p.His445Tyr(R:3.53%),model(0.97)	pass
Ethambutol	vmdm	SRR31249045	Resistant	1	embB_p.Met306Val(R:34.23%),model(0.79)	pass
Isoniazid	vmdm	SRR31249045	Resistant	1	katG_p.Ser315Thr(R:77.81%),model(1.00)	pass
Pyrazinamide	vmdm	SRR31249045	Resistant	1	pncA_p.Gln10Arg(R:1.29%)	pass
Rifampicin	vmdm	SRR31249045	Resistant	1	rpoB_p.Ser450Leu(R:64.40%),model(0.99)	pass
Ethambutol	vmdm	SRR31249046	Resistant	1	embB_p.Gln497Arg(R:10.54%),model(0.86)	pass
Isoniazid	vmdm	SRR31249046	Resistant	1	inhA_c.-777C>T(R:21.34%),katG_p.Ser315Thr(R:77.81%),model(0.99)	pass
Pyrazinamide	vmdm	SRR31249046	Resistant	1	pncA_p.Gly132Ala(R:1.29%),model(0.80)	pass
Rifampicin	vmdm	SRR31249046	Resistant	1	rpoB_p.Ser450Leu(R:64.40%),model(0.99)	pass
Ethambutol	vmdm	SRR31249047	Resistant	1	embB_p.Met306Val(R:34.23%),model(0.79)	pass
Isoniazid	vmdm	SRR31249047	Resistant	1	katG_p.Ser315Thr(R:77.81%),model(1.00)	pass
Pyrazinamide	vmdm	SRR31249047	Susceptible	0	NULL	pass
Rifampicin	vmdm	SRR31249047	Resistant	1	rpoB_p.Ser450Leu(R:64.40%),model(0.99)	pass
Ethambutol	vmdm	SRR31249048	Resistant	1	embB_p.Gln497Arg(R:10.54%),model(0.78)	pass
Isoniazid	vmdm	SRR31249048	Resistant	1	inhA_c.-777C>T(R:21.34%),katG_p.Ser315Thr(R:77.81%),model(0.99)	pass
Pyrazinamide	vmdm	SRR31249048	Resistant	1	pncA_p.Gly132Ala(R:1.29%),model(0.76)	pass
Rifampicin	vmdm	SRR31249048	Resistant	1	rpoB_p.Ser450Leu(R:64.40%),model(0.99)	pass
Ethambutol	vmdm	SRR31249049	Resistant	1	embB_p.Gln497Arg(R:10.54%),model(0.78)	pass
Isoniazid	vmdm	SRR31249049	Resistant	1	inhA_c.-777C>T(R:21.34%),katG_p.Ser315Thr(R:77.81%),model(0.99)	pass
Pyrazinamide	vmdm	SRR31249049	Resistant	1	pncA_p.Gly132Ala(R:1.29%),model(0.76)	pass
Rifampicin	vmdm	SRR31249049	Resistant	1	rpoB_p.Ser450Leu(R:64.40%),model(0.99)	pass
Ethambutol	vmdm	SRR31249050	Resistant	1	embB_p.Gln497Arg(R:10.54%),model(0.78)	pass
Isoniazid	vmdm	SRR31249050	Resistant	1	inhA_c.-777C>T(R:21.34%),katG_p.Ser315Thr(R:77.81%),model(0.99)	pass
Pyrazinamide	vmdm	SRR31249050	Resistant	1	pncA_p.Gly132Ala(R:1.29%),model(0.76)	pass
Rifampicin	vmdm	SRR31249050	Resistant	1	rpoB_p.Ser450Leu(R:64.40%),model(0.99)	pass
Ethambutol	vmdm	SRR31249051	Resistant	1	embB_p.Met306Val(R:34.23%),model(0.79)	pass
Isoniazid	vmdm	SRR31249051	Resistant	1	katG_p.Ser315Thr(R:77.81%),model(1.00)	pass
Pyrazinamide	vmdm	SRR31249051	Resistant	1	pncA_p.Val139Ala(R:1.34%)	pass
Rifampicin	vmdm	SRR31249051	Resistant	1	rpoB_p.Ser450Leu(R:64.40%),model(0.99)	pass
Ethambutol	vmdm	SRR31249052	Susceptible	0	NULL	fail
Isoniazid	vmdm	SRR31249052	Susceptible	0	NULL	fail
Pyrazinamide	vmdm	SRR31249052	Susceptible	0	NULL	fail
Rifampicin	vmdm	SRR31249052	Susceptible	0	NULL	fail
Ethambutol	vmdm	SRR31249053	Resistant	1	embB_p.Met306Val(R:34.23%),model(0.82)	partial
Isoniazid	vmdm	SRR31249053	Resistant	1	katG_p.Ser315Thr(R:77.81%),model(1.00)	partial
Pyrazinamide	vmdm	SRR31249053	Resistant	1	pncA_p.Val139Ala(R:1.34%)	partial
Rifampicin	vmdm	SRR31249053	Resistant	1	rpoB_p.Ser450Leu(R:64.40%),model(0.99)	partial
Ethambutol	vmdm	SRR31249054	Susceptible	1	embB_p.Met306Val(R:34.23%),model(0.79)	pass
Isoniazid	vmdm	SRR31249054	Resistant	1	inhA_c.-777C>T(R:21.34%),katG_p.Ser315Thr(R:77.81%),model(0.99)	pass
Pyrazinamide	vmdm	SRR31249054	Resistant	1	pncA_p.Thr47Ala(R:0.39%)	pass
Rifampicin	vmdm	SRR31249054	Resistant	1	rpoB_p.His445Leu(R:1.29%),model(0.88)	pass
Ethambutol	vmdm	SRR31249055	Resistant	1	embB_p.Met306Val(R:34.23%),model(0.79)	pass
Isoniazid	vmdm	SRR31249055	Resistant	1	katG_p.Ser315Thr(R:77.81%),model(0.99)	pass
Pyrazinamide	vmdm	SRR31249055	Resistant	1	pncA_p.Gly78Val(I:0.09%)	pass
Rifampicin	vmdm	SRR31249055	Resistant	1	rpoB_p.Ser450Leu(R:64.40%),model(0.99)	pass
Ethambutol	vmdm	SRR31249056	Susceptible	0	NULL	pass
Isoniazid	vmdm	SRR31249056	Susceptible	0	NULL	pass
Pyrazinamide	vmdm	SRR31249056	Susceptible	0	NULL	pass
Rifampicin	vmdm	SRR31249056	Susceptible	0	NULL	pass
Ethambutol	vmdm	SRR31249057	Resistant	1	embB_p.Met306Val(R:34.23%),model(0.82)	pass
Isoniazid	vmdm	SRR31249057	Resistant	1	katG_p.Ser315Thr(R:77.81%),model(1.00)	pass
Pyrazinamide	vmdm	SRR31249057	Resistant	1	pncA_c.-11A>G(R:3.20%),model(0.83)	pass
Rifampicin	vmdm	SRR31249057	Resistant	1	rpoB_p.Ser450Leu(R:64.40%),model(0.99)	pass
Ethambutol	vmdm	SRR31249058	Resistant	1	embB_p.Gln497Arg(R:10.54%),model(0.84)	pass
Isoniazid	vmdm	SRR31249058	Resistant	1	katG_p.Ser315Thr(R:77.81%),model(1.00)	pass
Pyrazinamide	vmdm	SRR31249058	Resistant	1	pncA_LoF_frameshift(R:27.06%),model(0.81)	pass
Rifampicin	vmdm	SRR31249058	Resistant	1	rpoB_p.Ser450Leu(R:64.40%),model(0.99)	pass
Ethambutol	vmdm	SRR31249059	Resistant	1	embB_p.Met306Val(R:34.23%),model(0.82)	pass
Isoniazid	vmdm	SRR31249059	Resistant	1	model(0.97)	pass
Pyrazinamide	vmdm	SRR31249059	Susceptible	0	NULL	pass
Rifampicin	vmdm	SRR31249059	Resistant	1	rpoB_p.Ser450Leu(R:64.40%),model(0.99)	pass
Ethambutol	vmdm	SRR31249060	Resistant	1	embB_p.Gln497Arg(R:10.54%),model(0.78)	pass
Isoniazid	vmdm	SRR31249060	Resistant	1	inhA_c.-777C>T(R:21.34%),katG_p.Ser315Thr(R:77.81%),model(0.99)	pass
Pyrazinamide	vmdm	SRR31249060	Resistant	1	pncA_p.Gly132Ala(R:1.29%),model(0.76)	pass
Rifampicin	vmdm	SRR31249060	Resistant	1	rpoB_p.Ser450Leu(R:64.40%),model(0.99)	pass
Ethambutol	vmdm	SRR31249061	Resistant	1	embB_p.Met306Val(R:34.23%),model(0.79)	pass
Isoniazid	vmdm	SRR31249061	Resistant	1	katG_p.Ser315Thr(R:77.81%),model(1.00)	pass
Pyrazinamide	vmdm	SRR31249061	Resistant	1	pncA_p.Val139Ala(R:1.34%)	pass
Rifampicin	vmdm	SRR31249061	Resistant	1	rpoB_p.Ser450Leu(R:64.40%),model(0.99)	pass
Ethambutol	vmdm	SRR31249062	Resistant	1	embB_p.Met306Val(R:34.23%),model(0.79)	pass
Isoniazid	vmdm	SRR31249062	Resistant	1	katG_p.Ser315Thr(R:77.81%),model(1.00)	pass
Pyrazinamide	vmdm	SRR31249062	Susceptible	0	NULL	pass
Rifampicin	vmdm	SRR31249062	Resistant	1	rpoB_p.Ser450Leu(R:64.40%),model(0.99)	pass
Ethambutol	vmdm	SRR31249063	Susceptible	0	NULL	pass
Isoniazid	vmdm	SRR31249063	Resistant	1	inhA_c.-777C>T(R:21.34%),inhA_p.Ser94Ala(I:1.02%),model(0.89)	pass
Pyrazinamide	vmdm	SRR31249063	Susceptible	0	NULL	pass
Rifampicin	vmdm	SRR31249063	Resistant	1	rpoB_p.His445Asp(R:3.62%),model(0.97)	pass
Ethambutol	vmdm	SRR31249064	Resistant	0	NULL	pass
Isoniazid	vmdm	SRR31249064	Resistant	1	katG_p.Ser315Thr(R:77.81%),model(0.99)	pass
Pyrazinamide	vmdm	SRR31249064	Resistant	1	pncA_p.Asp12Ala(R:0.41%)	pass
Rifampicin	vmdm	SRR31249064	Resistant	1	rpoB_p.Ser450Leu(R:64.40%),model(0.99)	pass
Ethambutol	vmdm	SRR31249065	Susceptible	0	NULL	pass
Isoniazid	vmdm	SRR31249065	Susceptible	0	NULL	pass
Pyrazinamide	vmdm	SRR31249065	Susceptible	0	NULL	pass
Rifampicin	vmdm	SRR31249065	Susceptible	0	NULL	pass
Ethambutol	vmdm	SRR31249066	Resistant	1	embB_p.Met306Ile(R:20.60%),model(0.84)	pass
Isoniazid	vmdm	SRR31249066	Resistant	1	katG_p.Ser315Thr(R:77.81%),model(1.00)	pass
Pyrazinamide	vmdm	SRR31249066	Susceptible	0	NULL	pass
Rifampicin	vmdm	SRR31249066	Resistant	1	rpoB_p.Ser450Leu(R:64.40%),model(0.99)	pass
Ethambutol	vmdm	SRR31249067	Resistant	1	embB_p.Gly406Ala(R:3.46%),model(0.68)	pass
Isoniazid	vmdm	SRR31249067	Resistant	1	inhA_c.-777C>T(R:21.34%),model(0.97)	pass
Pyrazinamide	vmdm	SRR31249067	Susceptible	1	model(0.82)	pass
Rifampicin	vmdm	SRR31249067	Resistant	1	rpoB_p.Asp435Val(R:6.86%),model(0.98)	pass
Ethambutol	vmdm	SRR31249068	Resistant	0	NULL	pass
Isoniazid	vmdm	SRR31249068	Resistant	1	katG_p.Ser315Thr(R:77.81%),model(0.99)	pass
Pyrazinamide	vmdm	SRR31249068	Susceptible	0	NULL	pass
Rifampicin	vmdm	SRR31249068	Resistant	1	rpoB_p.Ser450Leu(R:64.40%),model(0.99)	pass
Ethambutol	vmdm	SRR31249069	Resistant	1	embB_p.Met306Val(R:34.23%),model(0.81)	pass
Isoniazid	vmdm	SRR31249069	Resistant	1	inhA_c.-777C>T(R:21.34%),katG_p.Ser315Thr(R:77.81%),model(0.99)	pass
Pyrazinamide	vmdm	SRR31249069	Resistant	1	pncA_p.Leu27Pro(R:1.00%)	pass
Rifampicin	vmdm	SRR31249069	Resistant	1	rpoB_p.Ser450Leu(R:64.40%),model(0.99)	pass
Ethambutol	vmdm	SRR31249070	Resistant	1	embB_p.Met306Val(R:34.23%),model(0.75)	pass
Isoniazid	vmdm	SRR31249070	Resistant	1	katG_p.Ser315Thr(R:77.81%),model(0.99)	pass
Pyrazinamide	vmdm	SRR31249070	Resistant	1	pncA_p.Asp63Gly(I:0.16%),model(0.78)	pass
Rifampicin	vmdm	SRR31249070	Resistant	1	rpoB_p.Ser450Leu(R:64.40%),model(0.99)	pass
Ethambutol	vmdm	SRR31249071	Resistant	0	NULL	pass
Isoniazid	vmdm	SRR31249071	Resistant	1	katG_p.Ser315Thr(R:77.81%),model(0.99)	pass
Pyrazinamide	vmdm	SRR31249071	Resistant	1	pncA_p.Val139Ala(R:1.34%),model(0.76)	pass
Rifampicin	vmdm	SRR31249071	Resistant	1	rpoB_p.Ser450Leu(R:64.40%),model(0.99)	pass
Ethambutol	vmdm	SRR31249072	Resistant	1	embB_p.Met306Val(R:34.23%),model(0.81)	pass
Isoniazid	vmdm	SRR31249072	Resistant	1	katG_p.Ser315Thr(R:77.81%),model(1.00)	pass
Pyrazinamide	vmdm	SRR31249072	Resistant	1	pncA_p.His71Tyr(R:0.77%)	pass
Rifampicin	vmdm	SRR31249072	Resistant	1	rpoB_p.Ser450Leu(R:64.40%),model(0.99)	pass
Ethambutol	vmdm	SRR31249073	Resistant	1	embB_p.Gln497Arg(R:10.54%),model(0.71)	fail
Isoniazid	vmdm	SRR31249073	Resistant	1	inhA_c.-777C>T(R:21.34%),inhA_p.Ser94Ala(I:1.02%),model(0.95)	fail
Pyrazinamide	vmdm	SRR31249073	Resistant	1	pncA_p.His57Asp(R:3.77%),pncA_p.Phe106Ser(I:0.07%),model(0.82)	fail
Rifampicin	vmdm	SRR31249073	Resistant	1	rpoB_p.Ser450Leu(R:64.40%),model(0.99)	fail
Ethambutol	vmdm	SRR31249074	Susceptible	0	NULL	pass
Isoniazid	vmdm	SRR31249074	Resistant	1	model(0.57)	pass
Pyrazinamide	vmdm	SRR31249074	Susceptible	0	NULL	pass
Rifampicin	vmdm	SRR31249074	Resistant	1	rpoB_p.Ser450Leu(R:64.40%),model(0.97)	pass
Ethambutol	vmdm	SRR31249075	Resistant	1	embB_p.Met306Val(R:34.23%),model(0.79)	pass
Isoniazid	vmdm	SRR31249075	Resistant	1	katG_p.Ser315Thr(R:77.81%),model(1.00)	pass
Pyrazinamide	vmdm	SRR31249075	Resistant	1	pncA_p.Leu27Pro(R:1.00%)	pass
Rifampicin	vmdm	SRR31249075	Resistant	1	rpoB_p.Ser450Leu(R:64.40%),model(0.99)	pass
Ethambutol	vmdm	SRR31249076	Resistant	1	embB_p.Gln497Arg(R:10.54%),model(0.78)	pass
Isoniazid	vmdm	SRR31249076	Resistant	1	inhA_c.-777C>T(R:21.34%),katG_p.Ser315Thr(R:77.81%),model(0.99)	pass
Pyrazinamide	vmdm	SRR31249076	Resistant	1	pncA_p.Gly132Ala(R:1.29%),model(0.76)	pass
Rifampicin	vmdm	SRR31249076	Resistant	1	rpoB_p.Ser450Leu(R:64.40%),model(0.99)	pass
Ethambutol	vmdm	SRR31249077	Resistant	1	embB_p.Met306Val(R:34.23%),model(0.79)	pass
Isoniazid	vmdm	SRR31249077	Resistant	1	katG_p.Ser315Thr(R:77.81%),model(1.00)	pass
Pyrazinamide	vmdm	SRR31249077	Resistant	1	pncA_c.-11A>G(R:3.20%),model(0.83)	pass
Rifampicin	vmdm	SRR31249077	Resistant	1	rpoB_p.Ser450Leu(R:64.40%),model(0.99)	pass
Ethambutol	vmdm	SRR31249078	Susceptible	0	NULL	pass
Isoniazid	vmdm	SRR31249078	Susceptible	0	NULL	pass
Pyrazinamide	vmdm	SRR31249078	Susceptible	0	NULL	pass
Rifampicin	vmdm	SRR31249078	Susceptible	0	NULL	pass
Ethambutol	vmdm	SRR31249079	Resistant	1	embB_p.Met306Val(R:34.23%),model(0.79)	pass
Isoniazid	vmdm	SRR31249079	Resistant	1	inhA_c.-777C>T(R:21.34%),katG_p.Ser315Thr(R:77.81%),model(1.00)	pass
Pyrazinamide	vmdm	SRR31249079	Resistant	1	pncA_p.Trp68Arg(R:0.41%)	pass
Rifampicin	vmdm	SRR31249079	Susceptible	1	rpoB_p.Asp435Tyr(R:2.03%),model(0.84)	pass
Ethambutol	vmdm	SRR31249080	Resistant	1	embB_p.Met306Val(R:34.23%),model(0.79)	pass
Isoniazid	vmdm	SRR31249080	Resistant	1	katG_p.Ser315Thr(R:77.81%),model(1.00)	pass
Pyrazinamide	vmdm	SRR31249080	Susceptible	0	NULL	pass
Rifampicin	vmdm	SRR31249080	Resistant	1	rpoB_p.Ser450Leu(R:64.40%),model(0.99)	pass
Ethambutol	vmdm	SRR31249081	Susceptible	1	embB_p.Gln497Arg(R:10.54%),embB_p.Met306Val(R:34.23%),model(0.91)	fail
Isoniazid	vmdm	SRR31249081	Resistant	1	model(0.98)	fail
Pyrazinamide	vmdm	SRR31249081	Resistant	1	pncA_p.Cys138Arg(R:0.20%),pncA_p.Ile5Ser(R:0.61%)	fail
Rifampicin	vmdm	SRR31249081	Resistant	1	rpoB_p.Ser450Leu(R:64.40%),model(0.99)	fail
Ethambutol	vmdm	SRR31249082	Resistant	1	embB_p.Met306Val(R:34.23%),model(0.79)	pass
Isoniazid	vmdm	SRR31249082	Resistant	1	katG_p.Ser315Thr(R:77.81%),model(1.00)	pass
Pyrazinamide	vmdm	SRR31249082	Resistant	1	pncA_p.Val139Ala(R:1.34%)	pass
Rifampicin	vmdm	SRR31249082	Resistant	1	rpoB_p.Ser450Leu(R:64.40%),model(0.99)	pass
Ethambutol	vmdm	SRR31249083	Susceptible	1	embB_p.Met306Leu(R:1.53%),model(0.63)	pass
Isoniazid	vmdm	SRR31249083	Resistant	1	katG_p.Ser315Thr(R:77.81%),model(1.00)	pass
Pyrazinamide	vmdm	SRR31249083	Resistant	0	NULL	pass
Rifampicin	vmdm	SRR31249083	Resistant	1	rpoB_p.Asp435Val(R:6.86%),model(0.95)	pass
Ethambutol	vmdm	SRR31249084	Resistant	0	NULL	pass
Isoniazid	vmdm	SRR31249084	Resistant	1	katG_p.Ser315Thr(R:77.81%),model(0.99)	pass
Pyrazinamide	vmdm	SRR31249084	Resistant	1	pncA_p.Ile5Ser(R:0.61%)	pass
Rifampicin	vmdm	SRR31249084	Resistant	1	rpoB_p.Ser450Leu(R:64.40%),model(0.99)	pass
Ethambutol	vmdm	SRR31249085	Resistant	1	embB_p.Met306Ile(R:20.60%),model(0.52)	pass
Isoniazid	vmdm	SRR31249085	Resistant	1	katG_p.Ser315Thr(R:77.81%),model(0.99)	pass
Pyrazinamide	vmdm	SRR31249085	Resistant	1	pncA_p.Leu116Pro(I:0.14%)	pass
Rifampicin	vmdm	SRR31249085	Resistant	1	rpoB_p.Ser450Leu(R:64.40%),model(0.99)	pass
Ethambutol	vmdm	SRR31249088	Resistant	1	embB_p.Met306Val(R:34.23%),model(0.79)	pass
Isoniazid	vmdm	SRR31249088	Resistant	1	katG_p.Ser315Thr(R:77.81%),model(1.00)	pass
Pyrazinamide	vmdm	SRR31249088	Susceptible	0	NULL	pass
Rifampicin	vmdm	SRR31249088	Resistant	1	rpoB_p.Ser450Leu(R:64.40%),model(0.99)	pass
Ethambutol	vmdm	SRR31249089	Resistant	1	embB_p.Tyr319Ser(R:2.15%)	pass
Isoniazid	vmdm	SRR31249089	Resistant	1	katG_p.Ser315Thr(R:77.81%),model(0.99)	pass
Pyrazinamide	vmdm	SRR31249089	Susceptible	0	NULL	pass
Rifampicin	vmdm	SRR31249089	Resistant	1	rpoB_p.Ser450Tyr(R:0.05%)	pass
Ethambutol	vmdm	SRR31249090	Resistant	1	embB_p.Met306Val(R:34.23%),model(0.74)	pass
Isoniazid	vmdm	SRR31249090	Resistant	1	inhA_c.-777C>T(R:21.34%),katG_p.Ser315Thr(R:77.81%),model(0.99)	pass
Pyrazinamide	vmdm	SRR31249090	Susceptible	0	NULL	pass
Rifampicin	vmdm	SRR31249090	Susceptible	1	rpoB_p.His445Asn(R:0.75%),model(0.93)	pass
Ethambutol	vmdm	SRR31249091	Resistant	1	model(0.51)	pass
Isoniazid	vmdm	SRR31249091	Resistant	1	inhA_c.-777C>T(R:21.34%),katG_p.Ser315Thr(R:77.81%),model(0.99)	pass
Pyrazinamide	vmdm	SRR31249091	Resistant	1	pncA_p.His71Arg(R:0.86%)	pass
Rifampicin	vmdm	SRR31249091	Resistant	1	rpoB_p.Ser450Leu(R:64.40%),model(0.99)	pass
Ethambutol	vmdm	SRR31249092	Susceptible	1	embB_p.Tyr319Ser(R:2.15%)	pass
Isoniazid	vmdm	SRR31249092	Resistant	1	katG_p.Ser315Thr(R:77.81%),model(0.99)	pass
Pyrazinamide	vmdm	SRR31249092	Resistant	0	NULL	pass
Rifampicin	vmdm	SRR31249092	Resistant	1	rpoB_p.Ser450Tyr(R:0.05%)	pass
Ethambutol	vmdm	SRR31249093	Susceptible	0	NULL	pass
Isoniazid	vmdm	SRR31249093	Susceptible	0	NULL	pass
Pyrazinamide	vmdm	SRR31249093	Susceptible	0	NULL	pass
Rifampicin	vmdm	SRR31249093	Susceptible	0	NULL	pass
Ethambutol	vmdm	SRR31249094	Resistant	1	embB_p.Asp328Tyr(R:0.49%),embB_p.Met306Val(R:34.23%),model(0.95)	fail
Isoniazid	vmdm	SRR31249094	Resistant	1	model(1.00)	fail
Pyrazinamide	vmdm	SRR31249094	Susceptible	1	pncA_p.Asp49Ala(R:0.23%)	fail
Rifampicin	vmdm	SRR31249094	Resistant	1	rpoB_p.Ser450Leu(R:64.40%),model(0.99)	fail
Ethambutol	vmdm	SRR31249095	Resistant	1	embB_p.Met306Ile(R:20.60%),model(0.88)	pass
Isoniazid	vmdm	SRR31249095	Resistant	1	katG_p.Ser315Thr(R:77.81%),model(0.99)	pass
Pyrazinamide	vmdm	SRR31249095	Susceptible	0	NULL	pass
Rifampicin	vmdm	SRR31249095	Resistant	1	rpoB_p.Ser450Leu(R:64.40%),model(0.99)	pass
Ethambutol	vmdm	SRR31249096	Susceptible	1	embB_p.Gly406Asp(R:2.89%),model(0.86)	pass
Isoniazid	vmdm	SRR31249096	Resistant	1	katG_p.Ser315Thr(R:77.81%),model(0.99)	pass
Pyrazinamide	vmdm	SRR31249096	Resistant	1	pncA_p.Asp49Gly(R:0.98%),model(0.71)	pass
Rifampicin	vmdm	SRR31249096	Resistant	1	rpoB_p.Ser450Leu(R:64.40%),model(1.00)	pass
Ethambutol	vmdm	SRR31249097	Resistant	1	embB_p.Met306Val(R:34.23%),model(0.76)	pass
Isoniazid	vmdm	SRR31249097	Resistant	1	katG_p.Ser315Thr(R:77.81%),model(1.00)	pass
Pyrazinamide	vmdm	SRR31249097	Resistant	1	pncA_LoF_frameshift(R:27.06%),model(0.95)	pass
Rifampicin	vmdm	SRR31249097	Resistant	1	rpoB_p.His445Tyr(R:3.53%),model(0.98)	pass
Ethambutol	vmdm	SRR31249098	Resistant	1	embB_p.Met306Val(R:34.23%),model(0.79)	pass
Isoniazid	vmdm	SRR31249098	Resistant	1	katG_p.Ser315Thr(R:77.81%),model(1.00)	pass
Pyrazinamide	vmdm	SRR31249098	Susceptible	0	NULL	pass
Rifampicin	vmdm	SRR31249098	Resistant	1	rpoB_p.Ser450Leu(R:64.40%),model(0.99)	pass
Ethambutol	vmdm	SRR31249099	Resistant	1	embB_p.Tyr319Ser(R:2.15%),model(0.78)	fail
Isoniazid	vmdm	SRR31249099	Resistant	1	inhA_c.-777C>T(R:21.34%),model(0.99)	fail
Pyrazinamide	vmdm	SRR31249099	Susceptible	1	pncA_p.Ala146Thr(R:0.34%)	fail
Rifampicin	vmdm	SRR31249099	Resistant	1	rpoB_p.His445Asn(R:0.75%),rpoB_p.Ser450Leu(R:64.40%),model(0.97)	fail
Ethambutol	vmdm	SRR31249100	Resistant	1	model(0.53)	pass
Isoniazid	vmdm	SRR31249100	Resistant	1	inhA_c.-777C>T(R:21.34%),katG_p.Ser315Thr(R:77.81%),model(1.00)	pass
Pyrazinamide	vmdm	SRR31249100	Susceptible	0	NULL	pass
Rifampicin	vmdm	SRR31249100	Resistant	1	rpoB_p.Ser450Leu(R:64.40%),model(0.99)	pass
Ethambutol	vmdm	SRR31249101	Resistant	1	embB_p.Met306Val(R:34.23%),model(0.79)	pass
Isoniazid	vmdm	SRR31249101	Resistant	1	katG_p.Ser315Thr(R:77.81%),model(1.00)	pass
Pyrazinamide	vmdm	SRR31249101	Resistant	1	pncA_p.Gln141Pro(R:1.70%)	pass
Rifampicin	vmdm	SRR31249101	Resistant	1	rpoB_p.Ser450Leu(R:64.40%),model(0.99)	pass
Ethambutol	vmdm	SRR31249102	Resistant	1	embB_p.Met306Ile(R:20.60%),embB_p.Met306Val(R:34.23%),model(0.90)	fail
Isoniazid	vmdm	SRR31249102	Resistant	1	inhA_c.-777C>T(R:21.34%),model(0.98)	fail
Pyrazinamide	vmdm	SRR31249102	Susceptible	0	NULL	fail
Rifampicin	vmdm	SRR31249102	Resistant	1	rpoB_p.Ser450Leu(R:64.40%),model(0.99)	fail
Ethambutol	vmdm	SRR31249103	Resistant	1	model(0.53)	pass
Isoniazid	vmdm	SRR31249103	Resistant	1	inhA_c.-777C>T(R:21.34%),katG_p.Ser315Thr(R:77.81%),model(1.00)	pass
Pyrazinamide	vmdm	SRR31249103	Resistant	1	pncA_p.Val139Ala(R:1.34%)	pass
Rifampicin	vmdm	SRR31249103	Resistant	1	rpoB_p.Ser450Leu(R:64.40%),model(0.99)	pass
Ethambutol	vmdm	SRR31249104	Susceptible	0	NULL	fail
Isoniazid	vmdm	SRR31249104	Resistant	1	katG_LoF_frameshift(R:2.07%),model(0.95)	fail
Pyrazinamide	vmdm	SRR31249104	Susceptible	1	pncA_p.Gln141Pro(R:1.70%)	fail
Rifampicin	vmdm	SRR31249104	Resistant	1	rpoB_p.Asp435Tyr(R:2.03%),rpoB_p.Leu430Arg(I:0.19%),model(0.75)	fail
Ethambutol	vmdm	SRR31249105	Susceptible	0	NULL	pass
Isoniazid	vmdm	SRR31249105	Susceptible	0	NULL	pass
Pyrazinamide	vmdm	SRR31249105	Resistant	0	NULL	pass
Rifampicin	vmdm	SRR31249105	Resistant	0	NULL	pass
Ethambutol	vmdm	SRR31249107	Resistant	1	embB_p.Met306Val(R:34.23%),model(0.69)	pass
Isoniazid	vmdm	SRR31249107	Resistant	1	katG_p.Ser315Thr(R:77.81%),model(1.00)	pass
Pyrazinamide	vmdm	SRR31249107	Resistant	1	pncA_LoF_frameshift(R:27.06%),model(0.92)	pass
Rifampicin	vmdm	SRR31249107	Resistant	1	rpoB_p.Ser450Leu(R:64.40%),model(0.99)	pass
Ethambutol	vmdm	SRR31249108	Susceptible	1	embB_p.Tyr319Ser(R:2.15%)	pass
Isoniazid	vmdm	SRR31249108	Resistant	1	katG_p.Ser315Thr(R:77.81%),model(0.99)	pass
Pyrazinamide	vmdm	SRR31249108	Susceptible	0	NULL	pass
Rifampicin	vmdm	SRR31249108	Resistant	1	rpoB_p.Ser450Tyr(R:0.05%)	pass
Ethambutol	vmdm	SRR31249109	Susceptible	1	embB_p.Tyr319Ser(R:2.15%)	pass
Isoniazid	vmdm	SRR31249109	Resistant	1	katG_p.Ser315Thr(R:77.81%),model(0.99)	pass
Pyrazinamide	vmdm	SRR31249109	Susceptible	0	NULL	pass
Rifampicin	vmdm	SRR31249109	Resistant	1	rpoB_p.Ser450Tyr(R:0.05%)	pass
Ethambutol	vmdm	SRR31249110	Resistant	1	embB_p.Met306Val(R:34.23%),model(0.86)	pass
Isoniazid	vmdm	SRR31249110	Resistant	1	inhA_c.-777C>T(R:21.34%),katG_p.Ser315Thr(R:77.81%),model(0.99)	pass
Pyrazinamide	vmdm	SRR31249110	Resistant	1	pncA_c.-11A>G(R:3.20%),model(0.83)	pass
Rifampicin	vmdm	SRR31249110	Resistant	1	rpoB_p.Ser450Leu(R:64.40%),model(1.00)	pass
Ethambutol	vmdm	SRR31249111	Susceptible	0	NULL	pass
Isoniazid	vmdm	SRR31249111	Resistant	1	inhA_c.-777C>T(R:21.34%),katG_p.Ser315Thr(R:77.81%),model(0.99)	pass
Pyrazinamide	vmdm	SRR31249111	Resistant	1	pncA_p.Lys96Thr(R:0.43%)	pass
Rifampicin	vmdm	SRR31249111	Susceptible	1	rpoB_p.Leu430Pro(R:1.28%)	pass
Ethambutol	vmdm	SRR31249112	Resistant	1	embB_p.Met306Val(R:34.23%),model(0.88)	pass
Isoniazid	vmdm	SRR31249112	Resistant	1	inhA_c.-777C>T(R:21.34%),katG_p.Ser315Thr(R:77.81%),model(0.99)	pass
Pyrazinamide	vmdm	SRR31249112	Susceptible	1	pncA_p.Thr142Met(R:0.29%)	pass
Rifampicin	vmdm	SRR31249112	Resistant	1	rpoB_p.Ser450Leu(R:64.40%),model(0.99)	pass
Ethambutol	vmdm	SRR31249113	Resistant	1	embB_p.Tyr319Ser(R:2.15%)	pass
Isoniazid	vmdm	SRR31249113	Resistant	1	katG_p.Ser315Thr(R:77.81%),model(0.99)	pass
Pyrazinamide	vmdm	SRR31249113	Susceptible	0	NULL	pass
Rifampicin	vmdm	SRR31249113	Resistant	1	rpoB_p.Ser450Tyr(R:0.05%)	pass
Ethambutol	vmdm	SRR31249114	Susceptible	1	embB_p.Gly406Ala(R:3.46%),model(0.68)	pass
Isoniazid	vmdm	SRR31249114	Resistant	1	inhA_c.-777C>T(R:21.34%),model(0.97)	pass
Pyrazinamide	vmdm	SRR31249114	Susceptible	1	model(0.82)	pass
Rifampicin	vmdm	SRR31249114	Resistant	1	rpoB_p.Asp435Val(R:6.86%),model(0.98)	pass
Ethambutol	vmdm	SRR31249115	Resistant	1	model(0.51)	pass
Isoniazid	vmdm	SRR31249115	Resistant	1	inhA_c.-777C>T(R:21.34%),katG_p.Ser315Thr(R:77.81%),model(0.99)	pass
Pyrazinamide	vmdm	SRR31249115	Resistant	1	pncA_p.His71Arg(R:0.86%)	pass
Rifampicin	vmdm	SRR31249115	Resistant	1	rpoB_p.Ser450Leu(R:64.40%),model(0.99)	pass
Ethambutol	vmdm	SRR31249116	Susceptible	0	NULL	pass
Isoniazid	vmdm	SRR31249116	Susceptible	0	NULL	pass
Pyrazinamide	vmdm	SRR31249116	Resistant	1	pncA_p.His57Asp(R:3.77%),model(0.98)	pass
Rifampicin	vmdm	SRR31249116	Susceptible	0	NULL	pass
Ethambutol	vmdm	SRR31249117	Resistant	1	embB_p.Met306Val(R:34.23%),model(0.83)	pass
Isoniazid	vmdm	SRR31249117	Resistant	1	katG_p.Ser315Thr(R:77.81%),model(1.00)	pass
Pyrazinamide	vmdm	SRR31249117	Resistant	0	NULL	pass
Rifampicin	vmdm	SRR31249117	Resistant	1	rpoB_p.Ser450Leu(R:64.40%),rpoB_p.Val170Phe(R:0.53%),model(0.99)	pass
Ethambutol	vmdm	SRR31249118	Resistant	0	NULL	pass
Isoniazid	vmdm	SRR31249118	Resistant	1	inhA_c.-777C>T(R:21.34%),katG_p.Ser315Thr(R:77.81%),model(0.99)	pass
Pyrazinamide	vmdm	SRR31249118	Susceptible	0	NULL	pass
Rifampicin	vmdm	SRR31249118	Resistant	1	rpoB_p.Leu430Pro(R:1.28%),model(0.78)	pass
Ethambutol	vmdm	SRR31249119	Resistant	1	embB_p.Met306Val(R:34.23%),model(0.71)	pass
Isoniazid	vmdm	SRR31249119	Resistant	1	inhA_c.-770T>A(I:0.80%),katG_p.Ser315Thr(R:77.81%),model(1.00)	pass
Pyrazinamide	vmdm	SRR31249119	Resistant	1	pncA_p.Val139Gly(R:0.34%)	pass
Rifampicin	vmdm	SRR31249119	Resistant	1	rpoB_p.Ser450Leu(R:64.40%),model(0.99)	pass
Ethambutol	vmdm	SRR31249120	Susceptible	0	NULL	pass
Isoniazid	vmdm	SRR31249120	Susceptible	0	NULL	pass
Pyrazinamide	vmdm	SRR31249120	Susceptible	0	NULL	pass
Rifampicin	vmdm	SRR31249120	Resistant	1	rpoB_p.Ser450Leu(R:64.40%),model(0.95)	pass
Ethambutol	vmdm	SRR31249121	Susceptible	0	NULL	pass
Isoniazid	vmdm	SRR31249121	Resistant	1	inhA_c.-777C>T(R:21.34%),model(0.89)	pass
Pyrazinamide	vmdm	SRR31249121	Susceptible	0	NULL	pass
Rifampicin	vmdm	SRR31249121	Susceptible	1	rpoB_p.Leu430Pro(R:1.28%),model(0.50)	pass
Ethambutol	vmdm	SRR31249123	Resistant	1	model(0.91)	pass
Isoniazid	vmdm	SRR31249123	Resistant	1	inhA_c.-777C>T(R:21.34%),katG_p.Ser315Thr(R:77.81%),model(0.99)	pass
Pyrazinamide	vmdm	SRR31249123	Resistant	1	pncA_p.His71Tyr(R:0.77%)	pass
Rifampicin	vmdm	SRR31249123	Resistant	1	rpoB_p.His445Tyr(R:3.53%),model(0.98)	pass
Ethambutol	vmdm	SRR31249124	Susceptible	0	NULL	pass
Isoniazid	vmdm	SRR31249124	Resistant	0	NULL	pass
Pyrazinamide	vmdm	SRR31249124	Susceptible	0	NULL	pass
Rifampicin	vmdm	SRR31249124	Susceptible	1	rpoB_p.Leu452Pro(R:1.67%),model(0.56)	pass
Ethambutol	vmdm	SRR31249125	Susceptible	0	NULL	fail
Isoniazid	vmdm	SRR31249125	Resistant	0	NULL	fail
Pyrazinamide	vmdm	SRR31249125	Susceptible	0	NULL	fail
Rifampicin	vmdm	SRR31249125	Resistant	0	NULL	fail
Ethambutol	vmdm	SRR31249126	Susceptible	0	NULL	pass
Isoniazid	vmdm	SRR31249126	Susceptible	0	NULL	pass
Pyrazinamide	vmdm	SRR31249126	Susceptible	0	NULL	pass
Rifampicin	vmdm	SRR31249126	Susceptible	0	NULL	pass
Ethambutol	vmdm	SRR31249127	Susceptible	1	embB_p.Met306Ile(R:20.60%),model(0.65)	fail
Isoniazid	vmdm	SRR31249127	Resistant	1	model(0.99)	fail
Pyrazinamide	vmdm	SRR31249127	Susceptible	1	pncA_p.Tyr103Cys(R:0.20%)	fail
Rifampicin	vmdm	SRR31249127	Susceptible	1	rpoB_p.Asp435Ala(I:0.07%),rpoB_p.Ser450Leu(R:64.40%),model(0.99)	fail
Ethambutol	vmdm	SRR31249128	Resistant	1	embB_p.Gln497Arg(R:10.54%),model(0.86)	pass
Isoniazid	vmdm	SRR31249128	Resistant	1	katG_p.Ser315Thr(R:77.81%),model(1.00)	pass
Pyrazinamide	vmdm	SRR31249128	Resistant	0	NULL	pass
Rifampicin	vmdm	SRR31249128	Resistant	1	rpoB_p.His445Leu(R:1.29%),model(0.97)	pass
Ethambutol	vmdm	SRR31249129	Susceptible	0	NULL	fail
Isoniazid	vmdm	SRR31249129	Susceptible	0	NULL	fail
Pyrazinamide	vmdm	SRR31249129	Susceptible	0	NULL	fail
Rifampicin	vmdm	SRR31249129	Resistant	0	NULL	fail
Ethambutol	vmdm	SRR31249130	Resistant	1	embB_p.Gln497Arg(R:10.54%),model(0.71)	pass
Isoniazid	vmdm	SRR31249130	Resistant	1	inhA_c.-777C>T(R:21.34%),model(0.92)	pass
Pyrazinamide	vmdm	SRR31249130	Susceptible	0	NULL	pass
Rifampicin	vmdm	SRR31249130	Resistant	1	rpoB_p.Ser450Leu(R:64.40%),model(0.99)	pass
Ethambutol	vmdm	SRR31249131	Susceptible	0	NULL	pass
Isoniazid	vmdm	SRR31249131	Resistant	0	NULL	pass
Pyrazinamide	vmdm	SRR31249131	Resistant	0	NULL	pass
Rifampicin	vmdm	SRR31249131	Resistant	1	rpoB_p.Asp435Tyr(R:2.03%),model(0.50)	pass
Ethambutol	vmdm	SRR31249132	Susceptible	0	NULL	fail
Isoniazid	vmdm	SRR31249132	Susceptible	0	NULL	fail
Pyrazinamide	vmdm	SRR31249132	Susceptible	0	NULL	fail
Rifampicin	vmdm	SRR31249132	Resistant	0	NULL	fail
Ethambutol	vmdm	SRR31249133	Susceptible	0	NULL	pass
Isoniazid	vmdm	SRR31249133	Resistant	1	model(0.72)	pass
Pyrazinamide	vmdm	SRR31249133	Susceptible	0	NULL	pass
Rifampicin	vmdm	SRR31249133	Resistant	1	rpoB_p.Asp435Val(R:6.86%),model(0.96)	pass
Ethambutol	vmdm	SRR31249134	Resistant	1	embB_p.Gln497Arg(R:10.54%),model(0.66)	fail
Isoniazid	vmdm	SRR31249134	Resistant	1	inhA_c.-777C>T(R:21.34%),model(0.84)	fail
Pyrazinamide	vmdm	SRR31249134	Susceptible	0	NULL	fail
Rifampicin	vmdm	SRR31249134	Resistant	1	rpoB_p.His445Tyr(R:3.53%),rpoB_p.Ser450Leu(R:64.40%),model(0.99)	fail
Ethambutol	vmdm	SRR31249135	Susceptible	0	NULL	partial
Isoniazid	vmdm	SRR31249135	Susceptible	0	NULL	partial
Pyrazinamide	vmdm	SRR31249135	Susceptible	0	NULL	partial
Rifampicin	vmdm	SRR31249135	Susceptible	1	rpoB_p.Leu430Pro(R:1.28%)	partial
Ethambutol	vmdm	SRR31249136	Susceptible	0	NULL	pass
Isoniazid	vmdm	SRR31249136	Resistant	1	inhA_c.-777C>T(R:21.34%),model(0.90)	pass
Pyrazinamide	vmdm	SRR31249136	Susceptible	0	NULL	pass
Rifampicin	vmdm	SRR31249136	Resistant	1	rpoB_p.Ser450Leu(R:64.40%),model(0.99)	pass
Ethambutol	vmdm	SRR31249137	Resistant	0	NULL	pass
Isoniazid	vmdm	SRR31249137	Susceptible	0	NULL	pass
Pyrazinamide	vmdm	SRR31249137	Susceptible	0	NULL	pass
Rifampicin	vmdm	SRR31249137	Susceptible	0	NULL	pass
Ethambutol	vmdm	SRR31249138	Susceptible	0	NULL	pass
Isoniazid	vmdm	SRR31249138	Resistant	1	inhA_c.-777C>T(R:21.34%),model(0.87)	pass
Pyrazinamide	vmdm	SRR31249138	Susceptible	0	NULL	pass
Rifampicin	vmdm	SRR31249138	Resistant	1	rpoB_p.Leu452Pro(R:1.67%),model(0.57)	pass
Ethambutol	vmdm	SRR31249139	Susceptible	1	embB_p.Met306Ile(R:20.60%),model(0.57)	pass
Isoniazid	vmdm	SRR31249139	Resistant	1	katG_p.Ser315Thr(R:77.81%),model(1.00)	pass
Pyrazinamide	vmdm	SRR31249139	Resistant	1	pncA_p.Cys14Arg(R:0.95%),model(0.91)	pass
Rifampicin	vmdm	SRR31249139	Resistant	1	rpoB_p.Ser450Leu(R:64.40%),model(0.99)	pass
Ethambutol	vmdm	SRR31249140	Susceptible	1	embB_p.Met306Ile(R:20.60%)	pass
Isoniazid	vmdm	SRR31249140	Resistant	1	katG_p.Ser315Thr(R:77.81%),model(0.99)	pass
Pyrazinamide	vmdm	SRR31249140	Susceptible	0	NULL	pass
Rifampicin	vmdm	SRR31249140	Resistant	1	rpoB_p.His445Asp(R:3.62%),model(0.99)	pass
Ethambutol	vmdm	SRR31249141	Resistant	1	embB_p.Met306Ile(R:20.60%),model(0.87)	pass
Isoniazid	vmdm	SRR31249141	Resistant	1	katG_p.Ser315Thr(R:77.81%),model(0.99)	pass
Pyrazinamide	vmdm	SRR31249141	Resistant	1	pncA_p.Ser104Arg(R:0.16%),model(0.72)	pass
Rifampicin	vmdm	SRR31249141	Resistant	1	rpoB_p.Ser450Leu(R:64.40%),model(0.99)	pass
Ethambutol	vmdm	SRR31249142	Susceptible	0	NULL	fail
Isoniazid	vmdm	SRR31249142	Susceptible	0	NULL	fail
Pyrazinamide	vmdm	SRR31249142	Susceptible	0	NULL	fail
Rifampicin	vmdm	SRR31249142	Resistant	0	NULL	fail
Ethambutol	vmdm	SRR31249143	Resistant	1	embB_p.Met306Val(R:34.23%),model(0.96)	pass
Isoniazid	vmdm	SRR31249143	Resistant	1	model(0.96)	pass
Pyrazinamide	vmdm	SRR31249143	Resistant	1	pncA_p.Gly97Asp(R:1.04%),model(0.77)	pass
Rifampicin	vmdm	SRR31249143	Resistant	1	rpoB_p.Ser450Leu(R:64.40%),model(0.99)	pass
Ethambutol	vmdm	SRR31249144	Susceptible	1	embB_p.Met306Ile(R:20.60%),model(0.60)	fail
Isoniazid	vmdm	SRR31249144	Susceptible	1	katG_p.Ser315Thr(R:77.81%),model(0.99)	fail
Pyrazinamide	vmdm	SRR31249144	Susceptible	0	NULL	fail
Rifampicin	vmdm	SRR31249144	Resistant	1	rpoB_p.His445Pro(I:0.05%),rpoB_p.Ser450Leu(R:64.40%),model(0.99)	fail
Ethambutol	vmdm	SRR31249145	Susceptible	0	NULL	pass
Isoniazid	vmdm	SRR31249145	Resistant	1	katG_p.Ser315Asn(R:0.99%),model(0.95)	pass
Pyrazinamide	vmdm	SRR31249145	Susceptible	0	NULL	pass
Rifampicin	vmdm	SRR31249145	Resistant	1	rpoB_p.Gln432Lys(R:0.27%)	pass
Ethambutol	vmdm	SRR31249146	Susceptible	0	NULL	partial
Isoniazid	vmdm	SRR31249146	Resistant	1	model(0.84)	partial
Pyrazinamide	vmdm	SRR31249146	Susceptible	0	NULL	partial
Rifampicin	vmdm	SRR31249146	Resistant	1	rpoB_p.Ser450Leu(R:64.40%),model(0.97)	partial
Ethambutol	vmdm	SRR31249147	Resistant	1	embB_p.Met306Val(R:34.23%),model(0.78)	partial
Isoniazid	vmdm	SRR31249147	Resistant	1	inhA_c.-777C>T(R:21.34%),model(0.96)	partial
Pyrazinamide	vmdm	SRR31249147	Susceptible	0	NULL	partial
Rifampicin	vmdm	SRR31249147	Resistant	1	rpoB_p.Ser450Leu(R:64.40%),model(0.99)	partial
Ethambutol	vmdm	SRR31249148	Susceptible	0	NULL	pass
Isoniazid	vmdm	SRR31249148	Susceptible	0	NULL	pass
Pyrazinamide	vmdm	SRR31249148	Susceptible	0	NULL	pass
Rifampicin	vmdm	SRR31249148	Susceptible	0	NULL	pass
Ethambutol	vmdm	SRR31249149	Susceptible	0	NULL	pass
Isoniazid	vmdm	SRR31249149	Susceptible	1	model(0.51)	pass
Pyrazinamide	vmdm	SRR31249149	Susceptible	0	NULL	pass
Rifampicin	vmdm	SRR31249149	Resistant	1	rpoB_p.Ser450Leu(R:64.40%),model(0.95)	pass
Ethambutol	vmdm	SRR31249150	Susceptible	0	NULL	pass
Isoniazid	vmdm	SRR31249150	Susceptible	0	NULL	pass
Pyrazinamide	vmdm	SRR31249150	Susceptible	0	NULL	pass
Rifampicin	vmdm	SRR31249150	Susceptible	0	NULL	pass
Ethambutol	vmdm	SRR31249151	Susceptible	0	NULL	pass
Isoniazid	vmdm	SRR31249151	Susceptible	1	model(0.66)	pass
Pyrazinamide	vmdm	SRR31249151	Susceptible	0	NULL	pass
Rifampicin	vmdm	SRR31249151	Resistant	1	rpoB_p.His445Leu(R:1.29%),rpoB_p.His445Tyr(R:3.53%),rpoB_p.Ser450Leu(R:64.40%),model(0.98)	pass
Pyrazinamide	vmdm	SRR31249152	Susceptible	0	NULL	fail
Ethambutol	vmdm	SRR31249153	Resistant	1	embB_p.Gln497Arg(R:10.54%),model(0.71)	pass
Isoniazid	vmdm	SRR31249153	Resistant	1	inhA_c.-777C>T(R:21.34%),model(0.92)	pass
Pyrazinamide	vmdm	SRR31249153	Susceptible	0	NULL	pass
Rifampicin	vmdm	SRR31249153	Resistant	1	rpoB_p.Ser450Leu(R:64.40%),model(0.99)	pass
Ethambutol	vmdm	SRR31249154	Susceptible	0	NULL	pass
Isoniazid	vmdm	SRR31249154	Susceptible	0	NULL	pass
Pyrazinamide	vmdm	SRR31249154	Susceptible	0	NULL	pass
Rifampicin	vmdm	SRR31249154	Susceptible	0	NULL	pass
Ethambutol	vmdm	SRR31249155	Susceptible	0	NULL	pass
Isoniazid	vmdm	SRR31249155	Susceptible	0	NULL	pass
Pyrazinamide	vmdm	SRR31249155	Susceptible	0	NULL	pass
Rifampicin	vmdm	SRR31249155	Resistant	1	rpoB_p.Ser450Leu(R:64.40%),model(0.97)	pass
Ethambutol	vmdm	SRR31249156	Susceptible	0	NULL	pass
Isoniazid	vmdm	SRR31249156	Resistant	1	model(0.72)	pass
Pyrazinamide	vmdm	SRR31249156	Susceptible	0	NULL	pass
Rifampicin	vmdm	SRR31249156	Resistant	1	rpoB_p.Asp435Val(R:6.86%),model(0.96)	pass
Ethambutol	vmdm	SRR31249157	Susceptible	0	NULL	pass
Isoniazid	vmdm	SRR31249157	Susceptible	0	NULL	pass
Pyrazinamide	vmdm	SRR31249157	Susceptible	0	NULL	pass
Rifampicin	vmdm	SRR31249157	Susceptible	1	rpoB_p.His445Asn(R:0.75%)	pass
Ethambutol	vmdm	SRR31249158	Resistant	1	model(0.97)	partial
Isoniazid	vmdm	SRR31249158	Resistant	1	inhA_c.-777C>T(R:21.34%),model(0.91)	partial
Pyrazinamide	vmdm	SRR31249158	Resistant	1	pncA_p.His71Tyr(R:0.77%)	partial
Rifampicin	vmdm	SRR31249158	Resistant	1	rpoB_p.His445Tyr(R:3.53%),model(0.97)	partial
Ethambutol	vmdm	SRR31249159	Resistant	1	embB_p.Met306Val(R:34.23%),model(0.77)	partial
Isoniazid	vmdm	SRR31249159	Resistant	1	inhA_c.-777C>T(R:21.34%),katG_p.Ser315Thr(R:77.81%),model(1.00)	partial
Pyrazinamide	vmdm	SRR31249159	Susceptible	0	NULL	partial
Rifampicin	vmdm	SRR31249159	Resistant	1	model(0.69)	partial
Ethambutol	vmdm	SRR31249161	Susceptible	0	NULL	pass
Isoniazid	vmdm	SRR31249161	Resistant	1	model(0.62)	pass
Pyrazinamide	vmdm	SRR31249161	Resistant	0	NULL	pass
Rifampicin	vmdm	SRR31249161	Resistant	1	rpoB_p.Ser450Leu(R:64.40%),model(0.97)	pass
Ethambutol	vmdm	SRR31249162	Resistant	1	embB_p.Met306Val(R:34.23%),model(0.71)	pass
Isoniazid	vmdm	SRR31249162	Resistant	1	katG_p.Ser315Thr(R:77.81%),model(1.00)	pass
Pyrazinamide	vmdm	SRR31249162	Resistant	1	pncA_p.Cys14Trp(I:0.05%)	pass
Rifampicin	vmdm	SRR31249162	Resistant	1	rpoB_p.Ser450Leu(R:64.40%),model(0.99)	pass
Ethambutol	vmdm	SRR31249163	Susceptible	1	embB_p.Met306Leu(R:1.53%),model(0.78)	pass
Isoniazid	vmdm	SRR31249163	Resistant	1	katG_p.Ser315Thr(R:77.81%),model(0.99)	pass
Pyrazinamide	vmdm	SRR31249163	Susceptible	0	NULL	pass
Rifampicin	vmdm	SRR31249163	Resistant	1	rpoB_p.Ser450Leu(R:64.40%),model(0.99)	pass
Ethambutol	vmdm	SRR31249164	Resistant	1	embB_p.Met306Ile(R:20.60%),model(0.57)	pass
Isoniazid	vmdm	SRR31249164	Resistant	1	katG_p.Ser315Thr(R:77.81%),model(1.00)	pass
Pyrazinamide	vmdm	SRR31249164	Resistant	1	pncA_p.Cys14Arg(R:0.95%),model(0.90)	pass
Rifampicin	vmdm	SRR31249164	Resistant	1	rpoB_p.Ser450Leu(R:64.40%),model(0.99)	pass
Ethambutol	vmdm	SRR31249165	Susceptible	0	NULL	fail
Isoniazid	vmdm	SRR31249165	Resistant	1	katG_p.Ser315Thr(R:77.81%),model(0.99)	fail
Pyrazinamide	vmdm	SRR31249165	Susceptible	0	NULL	fail
Rifampicin	vmdm	SRR31249165	Resistant	1	rpoB_p.Leu452Pro(R:1.67%),rpoB_p.Ser450Leu(R:64.40%),model(0.99)	fail
Ethambutol	vmdm	SRR31249166	Susceptible	1	model(0.69)	fail
Isoniazid	vmdm	SRR31249166	Resistant	1	model(0.93)	fail
Pyrazinamide	vmdm	SRR31249166	Susceptible	1	pncA_p.Gly97Asp(R:1.04%)	fail
Rifampicin	vmdm	SRR31249166	Resistant	1	rpoB_p.Ser450Leu(R:64.40%),model(0.98)	fail
Ethambutol	vmdm	SRR31249167	Resistant	1	model(0.93)	fail
Isoniazid	vmdm	SRR31249167	Resistant	1	inhA_c.-770T>A(I:0.80%),model(0.99)	fail
Pyrazinamide	vmdm	SRR31249167	Resistant	1	pncA_LoF_frameshift(R:27.06%),model(0.97)	fail
Rifampicin	vmdm	SRR31249167	Resistant	1	rpoB_p.Asp435Gly(I:0.88%),rpoB_p.Leu452Pro(R:1.67%),model(0.99)	fail
Ethambutol	vmdm	SRR31249168	Susceptible	0	NULL	pass
Isoniazid	vmdm	SRR31249168	Susceptible	0	NULL	pass
Pyrazinamide	vmdm	SRR31249168	Susceptible	0	NULL	pass
Rifampicin	vmdm	SRR31249168	Resistant	1	rpoB_p.His445Asp(R:3.62%),model(0.99)	pass
Ethambutol	vmdm	SRR31249169	Susceptible	1	embB_p.Met306Ile(R:20.60%),model(0.65)	pass
Isoniazid	vmdm	SRR31249169	Resistant	1	inhA_c.-779G>T(I:1.63%),katG_p.Ser315Thr(R:77.81%),model(1.00)	pass
Pyrazinamide	vmdm	SRR31249169	Resistant	1	model(0.91)	pass
Rifampicin	vmdm	SRR31249169	Resistant	1	rpoB_p.Asp435Val(R:6.86%),model(0.99)	pass
Ethambutol	vmdm	SRR31249170	Resistant	1	embB_p.Tyr319Ser(R:2.15%)	partial
Isoniazid	vmdm	SRR31249170	Resistant	1	model(0.73)	partial
Pyrazinamide	vmdm	SRR31249170	Resistant	1	pncA_LoF_frameshift(R:27.06%)	partial
Rifampicin	vmdm	SRR31249170	Resistant	1	rpoB_p.Ser450Leu(R:64.40%),model(0.98)	partial
Ethambutol	vmdm	SRR31249171	Susceptible	0	NULL	pass
Isoniazid	vmdm	SRR31249171	Susceptible	0	NULL	pass
Pyrazinamide	vmdm	SRR31249171	Susceptible	0	NULL	pass
Rifampicin	vmdm	SRR31249171	Susceptible	0	NULL	pass
Ethambutol	vmdm	SRR31249172	Susceptible	0	NULL	partial
Isoniazid	vmdm	SRR31249172	Susceptible	0	NULL	partial
Pyrazinamide	vmdm	SRR31249172	Susceptible	0	NULL	partial
Rifampicin	vmdm	SRR31249172	Resistant	1	rpoB_p.His445Tyr(R:3.53%),model(0.94)	partial
Ethambutol	vmdm	SRR31249173	Resistant	1	model(0.91)	pass
Isoniazid	vmdm	SRR31249173	Resistant	1	inhA_c.-777C>T(R:21.34%),katG_p.Ser315Thr(R:77.81%),model(0.99)	pass
Pyrazinamide	vmdm	SRR31249173	Resistant	1	pncA_p.His71Tyr(R:0.77%)	pass
Rifampicin	vmdm	SRR31249173	Resistant	1	rpoB_p.His445Tyr(R:3.53%),rpoB_p.Val170Phe(R:0.53%),model(1.00)	pass
Ethambutol	vmdm	SRR31249174	Susceptible	0	NULL	partial
Isoniazid	vmdm	SRR31249174	Susceptible	0	NULL	partial
Pyrazinamide	vmdm	SRR31249174	Susceptible	0	NULL	partial
Rifampicin	vmdm	SRR31249174	Resistant	0	NULL	partial
Ethambutol	vmdm	SRR31249175	Resistant	1	embB_p.Met306Val(R:34.23%),model(0.96)	pass
Isoniazid	vmdm	SRR31249175	Resistant	1	model(0.96)	pass
Pyrazinamide	vmdm	SRR31249175	Resistant	1	pncA_p.Gly97Asp(R:1.04%),model(0.77)	pass
Rifampicin	vmdm	SRR31249175	Resistant	1	rpoB_p.Ser450Leu(R:64.40%),model(0.99)	pass
Ethambutol	vmdm	SRR31249176	Susceptible	0	NULL	pass
Isoniazid	vmdm	SRR31249176	Susceptible	0	NULL	pass
Pyrazinamide	vmdm	SRR31249176	Susceptible	0	NULL	pass
Rifampicin	vmdm	SRR31249176	Susceptible	0	NULL	pass
Ethambutol	vmdm	SRR31249177	Susceptible	0	NULL	pass
Isoniazid	vmdm	SRR31249177	Susceptible	1	model(0.62)	pass
Pyrazinamide	vmdm	SRR31249177	Susceptible	0	NULL	pass
Rifampicin	vmdm	SRR31249177	Resistant	1	rpoB_p.Ser450Leu(R:64.40%),model(0.97)	pass
Ethambutol	vmdm	SRR31249178	Susceptible	0	NULL	partial
Isoniazid	vmdm	SRR31249178	Resistant	1	inhA_c.-777C>T(R:21.34%),model(0.88)	partial
Pyrazinamide	vmdm	SRR31249178	Susceptible	0	NULL	partial
Rifampicin	vmdm	SRR31249178	Resistant	1	rpoB_p.His445Leu(R:1.29%),model(0.77)	partial
Ethambutol	vmdm	SRR31249179	Susceptible	0	NULL	pass
Isoniazid	vmdm	SRR31249179	Susceptible	0	NULL	pass
Pyrazinamide	vmdm	SRR31249179	Susceptible	0	NULL	pass
Rifampicin	vmdm	SRR31249179	Resistant	1	rpoB_p.His445Tyr(R:3.53%),model(0.94)	pass
Ethambutol	vmdm	SRR31249180	Susceptible	0	NULL	pass
Isoniazid	vmdm	SRR31249180	Resistant	0	NULL	pass
Pyrazinamide	vmdm	SRR31249180	Susceptible	0	NULL	pass
Rifampicin	vmdm	SRR31249180	Resistant	1	rpoB_p.Leu452Pro(R:1.67%),model(0.55)	pass
Ethambutol	vmdm	SRR31249181	Susceptible	0	NULL	pass
Isoniazid	vmdm	SRR31249181	Susceptible	0	NULL	pass
Pyrazinamide	vmdm	SRR31249181	Susceptible	0	NULL	pass
Rifampicin	vmdm	SRR31249181	Susceptible	0	NULL	pass
Ethambutol	vmdm	SRR31249182	Resistant	1	embB_p.Met306Val(R:34.23%),model(0.79)	pass
Isoniazid	vmdm	SRR31249182	Resistant	1	katG_p.Ser315Thr(R:77.81%),model(1.00)	pass
Pyrazinamide	vmdm	SRR31249182	Susceptible	0	NULL	pass
Rifampicin	vmdm	SRR31249182	Resistant	1	rpoB_p.Ser450Leu(R:64.40%),model(0.99)	pass
Ethambutol	vmdm	SRR31249183	Susceptible	1	embB_p.Gln497Arg(R:10.54%),model(0.85)	pass
Isoniazid	vmdm	SRR31249183	Resistant	1	inhA_c.-777C>T(R:21.34%),katG_p.Ser315Thr(R:77.81%),model(0.99)	pass
Pyrazinamide	vmdm	SRR31249183	Resistant	1	pncA_p.Gly132Ala(R:1.29%),model(0.80)	pass
Rifampicin	vmdm	SRR31249183	Resistant	1	rpoB_p.Ser450Leu(R:64.40%),model(0.99)	pass
Ethambutol	vmdm	SRR31249184	Resistant	1	embB_p.Gln497Arg(R:10.54%),model(0.78)	pass
Isoniazid	vmdm	SRR31249184	Resistant	1	inhA_c.-777C>T(R:21.34%),katG_p.Ser315Thr(R:77.81%),model(0.99)	pass
Pyrazinamide	vmdm	SRR31249184	Resistant	1	pncA_p.Gly132Ala(R:1.29%)	pass
Rifampicin	vmdm	SRR31249184	Resistant	1	rpoB_p.Ser450Leu(R:64.40%),model(0.99)	pass
Ethambutol	vmdm	SRR31249185	Resistant	1	embB_p.Gln497Arg(R:10.54%),model(0.78)	pass
Isoniazid	vmdm	SRR31249185	Resistant	1	inhA_c.-777C>T(R:21.34%),katG_p.Ser315Thr(R:77.81%),model(0.99)	pass
Pyrazinamide	vmdm	SRR31249185	Resistant	1	pncA_p.Gly132Ala(R:1.29%),model(0.76)	pass
Rifampicin	vmdm	SRR31249185	Resistant	1	rpoB_p.Ser450Leu(R:64.40%),model(0.99)	pass
Ethambutol	vmdm	SRR31249186	Resistant	0	NULL	fail
Isoniazid	vmdm	SRR31249186	Resistant	1	model(0.95)	fail
Pyrazinamide	vmdm	SRR31249186	Resistant	0	NULL	fail
Rifampicin	vmdm	SRR31249186	Resistant	1	rpoB_p.Ser450Leu(R:64.40%),model(0.99)	fail
Ethambutol	vmdm	SRR31249187	Susceptible	1	embB_p.Met306Ile(R:20.60%),model(0.73)	pass
Isoniazid	vmdm	SRR31249187	Resistant	1	katG_p.Ser315Thr(R:77.81%),model(1.00)	pass
Pyrazinamide	vmdm	SRR31249187	Resistant	0	NULL	pass
Rifampicin	vmdm	SRR31249187	Resistant	1	rpoB_p.Ser450Leu(R:64.40%),model(0.99)	pass
Ethambutol	vmdm	SRR31249188	Resistant	1	embB_p.Met306Val(R:34.23%),model(0.79)	pass
Isoniazid	vmdm	SRR31249188	Resistant	1	katG_p.Ser315Thr(R:77.81%),model(1.00)	pass
Pyrazinamide	vmdm	SRR31249188	Susceptible	0	NULL	pass
Rifampicin	vmdm	SRR31249188	Resistant	1	rpoB_p.Ser450Leu(R:64.40%),model(0.99)	pass
Ethambutol	vmdm	SRR31249189	Resistant	1	embB_p.Met306Val(R:34.23%),model(0.78)	pass
Isoniazid	vmdm	SRR31249189	Resistant	1	katG_p.Ser315Thr(R:77.81%),model(1.00)	pass
Pyrazinamide	vmdm	SRR31249189	Resistant	0	NULL	pass
Rifampicin	vmdm	SRR31249189	Resistant	1	rpoB_p.Ser450Trp(R:1.42%),model(0.98)	pass
Ethambutol	vmdm	SRR31249190	Resistant	1	embB_p.Met306Val(R:34.23%),model(0.79)	pass
Isoniazid	vmdm	SRR31249190	Resistant	1	katG_p.Ser315Thr(R:77.81%),model(1.00)	pass
Pyrazinamide	vmdm	SRR31249190	Susceptible	0	NULL	pass
Rifampicin	vmdm	SRR31249190	Resistant	1	rpoB_p.Ser450Leu(R:64.40%),model(0.99)	pass
Ethambutol	vmdm	SRR31249191	Resistant	1	embB_p.Met306Val(R:34.23%),model(0.77)	pass
Isoniazid	vmdm	SRR31249191	Resistant	1	inhA_c.-777C>T(R:21.34%),katG_p.Ser315Thr(R:77.81%),model(0.99)	pass
Pyrazinamide	vmdm	SRR31249191	Resistant	1	pncA_p.Leu27Pro(R:1.00%)	pass
Rifampicin	vmdm	SRR31249191	Resistant	1	rpoB_p.Ser450Leu(R:64.40%),model(0.99)	pass
Ethambutol	vmdm	SRR31249192	Resistant	1	embB_p.Met306Val(R:34.23%),model(0.79)	pass
Isoniazid	vmdm	SRR31249192	Resistant	1	katG_p.Ser315Thr(R:77.81%),model(1.00)	pass
Pyrazinamide	vmdm	SRR31249192	Resistant	1	pncA_p.Thr177Pro(R:0.18%)	pass
Rifampicin	vmdm	SRR31249192	Resistant	1	rpoB_p.Ser450Leu(R:64.40%),model(0.99)	pass
Ethambutol	vmdm	SRR31249193	Resistant	1	embB_p.Gln497Arg(R:10.54%),model(0.78)	pass
Isoniazid	vmdm	SRR31249193	Resistant	1	inhA_c.-777C>T(R:21.34%),katG_p.Ser315Thr(R:77.81%),model(0.99)	pass
Pyrazinamide	vmdm	SRR31249193	Resistant	1	pncA_p.Gly132Ala(R:1.29%),model(0.75)	pass
Rifampicin	vmdm	SRR31249193	Resistant	1	rpoB_p.Ser450Leu(R:64.40%),model(0.99)	pass
Ethambutol	vmdm	SRR31249194	Resistant	1	embB_p.Met306Val(R:34.23%),model(0.79)	pass
Isoniazid	vmdm	SRR31249194	Resistant	1	katG_p.Ser315Thr(R:77.81%),model(0.99)	pass
Pyrazinamide	vmdm	SRR31249194	Resistant	1	pncA_p.Asp136Gly(R:0.41%)	pass
Rifampicin	vmdm	SRR31249194	Resistant	1	rpoB_p.Ser450Leu(R:64.40%),model(0.99)	pass
Ethambutol	vmdm	SRR31249195	Resistant	1	embB_p.Met306Val(R:34.23%),model(0.79)	pass
Isoniazid	vmdm	SRR31249195	Resistant	1	katG_p.Ser315Thr(R:77.81%),model(1.00)	pass
Pyrazinamide	vmdm	SRR31249195	Resistant	1	pncA_p.Thr142Met(R:0.29%)	pass
Rifampicin	vmdm	SRR31249195	Resistant	1	rpoB_p.Ser450Leu(R:64.40%),model(0.99)	pass
Ethambutol	vmdm	SRR31249196	Resistant	1	embB_p.Met306Val(R:34.23%),model(0.81)	pass
Isoniazid	vmdm	SRR31249196	Resistant	1	inhA_c.-777C>T(R:21.34%),katG_p.Ser315Thr(R:77.81%),model(0.99)	pass
Pyrazinamide	vmdm	SRR31249196	Resistant	1	pncA_p.Leu27Pro(R:1.00%)	pass
Rifampicin	vmdm	SRR31249196	Resistant	1	rpoB_p.Ser450Leu(R:64.40%),model(0.99)	pass
Ethambutol	vmdm	SRR31249197	Susceptible	0	NULL	fail
Isoniazid	vmdm	SRR31249197	Susceptible	0	NULL	fail
Pyrazinamide	vmdm	SRR31249197	Susceptible	0	NULL	fail
Rifampicin	vmdm	SRR31249197	Susceptible	0	NULL	fail
Ethambutol	vmdm	SRR31249198	Susceptible	1	embB_p.Met306Ile(R:20.60%)	pass
Isoniazid	vmdm	SRR31249198	Resistant	1	katG_p.Ser315Thr(R:77.81%),model(0.99)	pass
Pyrazinamide	vmdm	SRR31249198	Susceptible	0	NULL	pass
Rifampicin	vmdm	SRR31249198	Resistant	1	rpoB_p.His445Asp(R:3.62%),model(0.98)	pass
Ethambutol	vmdm	SRR31249199	Resistant	1	embB_p.Met306Val(R:34.23%),model(0.79)	pass
Isoniazid	vmdm	SRR31249199	Resistant	1	katG_p.Ser315Thr(R:77.81%),model(1.00)	pass
Pyrazinamide	vmdm	SRR31249199	Resistant	1	pncA_p.Leu27Pro(R:1.00%)	pass
Rifampicin	vmdm	SRR31249199	Resistant	1	rpoB_p.Ser450Leu(R:64.40%),model(0.99)	pass
Ethambutol	vmdm	SRR31249200	Resistant	1	embB_p.Met306Val(R:34.23%),model(0.93)	pass
Isoniazid	vmdm	SRR31249200	Resistant	1	inhA_c.-770T>C(I:1.86%),katG_p.Ser315Thr(R:77.81%),model(1.00)	pass
Pyrazinamide	vmdm	SRR31249200	Susceptible	0	NULL	pass
Rifampicin	vmdm	SRR31249200	Resistant	1	rpoB_p.Ser450Leu(R:64.40%),model(0.99)	pass
Ethambutol	vmdm	SRR31249201	Resistant	0	NULL	pass
Isoniazid	vmdm	SRR31249201	Resistant	1	katG_p.Ser315Thr(R:77.81%),model(0.99)	pass
Pyrazinamide	vmdm	SRR31249201	Resistant	1	pncA_p.Ile5Ser(R:0.61%)	pass
Rifampicin	vmdm	SRR31249201	Resistant	1	rpoB_p.Ser450Leu(R:64.40%),model(0.99)	pass
Ethambutol	vmdm	SRR31249202	Resistant	1	embB_p.Met306Val(R:34.23%),model(0.79)	partial
Isoniazid	vmdm	SRR31249202	Resistant	1	katG_p.Ser315Thr(R:77.81%),model(1.00)	partial
Pyrazinamide	vmdm	SRR31249202	Resistant	0	NULL	partial
Rifampicin	vmdm	SRR31249202	Resistant	1	rpoB_p.Ser450Leu(R:64.40%),model(0.99)	partial
Ethambutol	vmdm	SRR31249203	Resistant	0	NULL	pass
Isoniazid	vmdm	SRR31249203	Resistant	1	katG_p.Ser315Thr(R:77.81%),model(1.00)	pass
Pyrazinamide	vmdm	SRR31249203	Resistant	0	NULL	pass
Rifampicin	vmdm	SRR31249203	Resistant	1	rpoB_p.Asp435Tyr(R:2.03%),rpoB_p.Gln429His(I:0.08%),model(0.74)	pass
Ethambutol	vmdm	SRR31249204	Resistant	1	embB_p.Met306Val(R:34.23%),model(0.79)	pass
Isoniazid	vmdm	SRR31249204	Resistant	1	katG_p.Ser315Thr(R:77.81%),model(1.00)	pass
Pyrazinamide	vmdm	SRR31249204	Resistant	1	pncA_p.Val139Ala(R:1.34%)	pass
Rifampicin	vmdm	SRR31249204	Resistant	1	rpoB_p.Ser450Leu(R:64.40%),model(0.99)	pass
Ethambutol	vmdm	SRR31249205	Resistant	1	embB_p.Met306Val(R:34.23%),model(0.82)	pass
Isoniazid	vmdm	SRR31249205	Resistant	1	inhA_c.-777C>T(R:21.34%),model(0.94)	pass
Pyrazinamide	vmdm	SRR31249205	Resistant	1	pncA_p.Val128Gly(R:0.32%),model(0.95)	pass
Rifampicin	vmdm	SRR31249205	Resistant	1	rpoB_p.Ser450Leu(R:64.40%),model(0.99)	pass
Ethambutol	vmdm	SRR31249206	Resistant	1	embB_p.Met306Val(R:34.23%),model(0.79)	pass
Isoniazid	vmdm	SRR31249206	Resistant	1	katG_p.Ser315Thr(R:77.81%),model(1.00)	pass
Pyrazinamide	vmdm	SRR31249206	Susceptible	0	NULL	pass
Rifampicin	vmdm	SRR31249206	Resistant	1	rpoB_p.Ser450Leu(R:64.40%),model(0.99)	pass
Ethambutol	vmdm	SRR31249207	Resistant	1	embB_p.Met306Val(R:34.23%),model(0.79)	pass
Isoniazid	vmdm	SRR31249207	Resistant	1	katG_p.Ser315Thr(R:77.81%),model(1.00)	pass
Pyrazinamide	vmdm	SRR31249207	Resistant	1	pncA_p.Asp136Gly(R:0.41%)	pass
Rifampicin	vmdm	SRR31249207	Resistant	1	rpoB_p.Ser450Leu(R:64.40%),model(0.99)	pass
Ethambutol	vmdm	SRR31249208	Susceptible	0	NULL	pass
Isoniazid	vmdm	SRR31249208	Susceptible	0	NULL	pass
Pyrazinamide	vmdm	SRR31249208	Susceptible	0	NULL	pass
Rifampicin	vmdm	SRR31249208	Susceptible	0	NULL	pass
Ethambutol	vmdm	SRR31249209	Resistant	1	embB_p.Gly406Ser(R:1.97%),model(0.59)	pass
Isoniazid	vmdm	SRR31249209	Resistant	1	katG_p.Ser315Thr(R:77.81%),model(0.99)	pass
Pyrazinamide	vmdm	SRR31249209	Resistant	1	pncA_c.-11A>G(R:3.20%),model(0.89)	pass
Rifampicin	vmdm	SRR31249209	Resistant	1	rpoB_p.Ser450Leu(R:64.40%),model(0.99)	pass
Ethambutol	vmdm	SRR31249210	Resistant	1	embB_p.Met306Val(R:34.23%),model(0.79)	pass
Isoniazid	vmdm	SRR31249210	Resistant	1	katG_p.Ser315Thr(R:77.81%),model(0.99)	pass
Pyrazinamide	vmdm	SRR31249210	Susceptible	0	NULL	pass
Rifampicin	vmdm	SRR31249210	Resistant	1	rpoB_p.His445Asp(R:3.62%),model(0.97)	pass
Ethambutol	vmdm	SRR31249211	Resistant	1	embB_p.Met306Val(R:34.23%),model(0.82)	pass
Isoniazid	vmdm	SRR31249211	Resistant	1	katG_p.Ser315Thr(R:77.81%),model(1.00)	pass
Pyrazinamide	vmdm	SRR31249211	Resistant	1	pncA_LoF_frameshift(R:27.06%),model(0.91)	pass
Rifampicin	vmdm	SRR31249211	Resistant	1	rpoB_p.Ser450Leu(R:64.40%),model(0.99)	pass
Ethambutol	vmdm	SRR31249212	Susceptible	1	embB_p.Met306Val(R:34.23%),model(0.79)	pass
Isoniazid	vmdm	SRR31249212	Resistant	1	katG_p.Ser315Thr(R:77.81%),model(1.00)	pass
Pyrazinamide	vmdm	SRR31249212	Susceptible	0	NULL	pass
Rifampicin	vmdm	SRR31249212	Resistant	1	rpoB_p.Ser450Leu(R:64.40%),model(0.99)	pass
Ethambutol	vmdm	SRR31249213	Resistant	1	embB_p.Gln497Arg(R:10.54%),model(0.78)	pass
Isoniazid	vmdm	SRR31249213	Resistant	1	inhA_c.-777C>T(R:21.34%),katG_p.Ser315Thr(R:77.81%),model(0.99)	pass
Pyrazinamide	vmdm	SRR31249213	Resistant	1	pncA_p.Gly132Ala(R:1.29%),model(0.75)	pass
Rifampicin	vmdm	SRR31249213	Resistant	1	rpoB_p.Ser450Leu(R:64.40%),model(0.99)	pass
Ethambutol	vmdm	SRR31249214	Resistant	0	NULL	pass
Isoniazid	vmdm	SRR31249214	Resistant	1	katG_p.Ser315Thr(R:77.81%),model(0.99)	pass
Pyrazinamide	vmdm	SRR31249214	Resistant	1	pncA_p.Gln10Arg(R:1.29%)	pass
Rifampicin	vmdm	SRR31249214	Resistant	1	rpoB_p.Ser450Leu(R:64.40%),model(0.99)	pass
Ethambutol	vmdm	SRR31249215	Resistant	1	embB_p.Met306Val(R:34.23%),model(0.71)	pass
Isoniazid	vmdm	SRR31249215	Resistant	1	inhA_c.-770T>A(I:0.80%),katG_p.Ser315Thr(R:77.81%),model(1.00)	pass
Pyrazinamide	vmdm	SRR31249215	Resistant	1	pncA_p.Leu27Pro(R:1.00%),model(0.87)	pass
Rifampicin	vmdm	SRR31249215	Resistant	1	rpoB_p.Ser450Leu(R:64.40%),model(0.99)	pass
Ethambutol	vmdm	SRR31249216	Resistant	1	embB_p.Met306Leu(R:1.53%),model(0.86)	pass
Isoniazid	vmdm	SRR31249216	Resistant	1	katG_p.Ser315Thr(R:77.81%),model(0.99)	pass
Pyrazinamide	vmdm	SRR31249216	Resistant	1	pncA_c.-11A>C(R:0.54%)	pass
Rifampicin	vmdm	SRR31249216	Resistant	1	rpoB_p.Ser450Leu(R:64.40%),model(0.99)	pass
Ethambutol	vmdm	SRR31249217	Susceptible	0	NULL	pass
Isoniazid	vmdm	SRR31249217	Susceptible	1	model(0.70)	pass
Pyrazinamide	vmdm	SRR31249217	Susceptible	0	NULL	pass
Rifampicin	vmdm	SRR31249217	Susceptible	1	rpoB_p.Leu430Pro(R:1.28%),model(0.61)	pass
Ethambutol	vmdm	SRR31249218	Resistant	1	embB_p.Gln497Arg(R:10.54%),model(0.76)	partial
Isoniazid	vmdm	SRR31249218	Resistant	1	katG_p.Ser315Thr(R:77.81%),model(0.99)	partial
Pyrazinamide	vmdm	SRR31249218	Resistant	0	NULL	partial
Rifampicin	vmdm	SRR31249218	Resistant	1	rpoB_p.Ser450Leu(R:64.40%),model(0.99)	partial
Ethambutol	vmdm	SRR31249219	Resistant	1	embB_p.Met306Val(R:34.23%),model(0.79)	pass
Isoniazid	vmdm	SRR31249219	Resistant	1	katG_p.Ser315Thr(R:77.81%),model(1.00)	pass
Pyrazinamide	vmdm	SRR31249219	Resistant	1	pncA_p.Leu27Pro(R:1.00%)	pass
Rifampicin	vmdm	SRR31249219	Resistant	1	rpoB_p.Ser450Leu(R:64.40%),model(0.99)	pass
Ethambutol	vmdm	SRR31249220	Susceptible	0	NULL	pass
Isoniazid	vmdm	SRR31249220	Resistant	1	katG_p.Ser315Thr(R:77.81%),model(0.99)	pass
Pyrazinamide	vmdm	SRR31249220	Susceptible	0	NULL	pass
Rifampicin	vmdm	SRR31249220	Resistant	1	rpoB_p.Ser450Leu(R:64.40%),model(0.99)	pass
Ethambutol	vmdm	SRR31249221	Susceptible	1	embB_p.Met306Val(R:34.23%),model(0.89)	pass
Isoniazid	vmdm	SRR31249221	Resistant	1	katG_p.Ser315Thr(R:77.81%),model(1.00)	pass
Pyrazinamide	vmdm	SRR31249221	Susceptible	0	NULL	pass
Rifampicin	vmdm	SRR31249221	Resistant	1	rpoB_p.Ser450Leu(R:64.40%),model(1.00)	pass
Ethambutol	vmdm	SRR31249222	Resistant	0	NULL	partial
Isoniazid	vmdm	SRR31249222	Resistant	1	katG_p.Ser315Thr(R:77.81%),model(0.99)	partial
Pyrazinamide	vmdm	SRR31249222	Susceptible	0	NULL	partial
Rifampicin	vmdm	SRR31249222	Resistant	1	rpoB_p.Ser450Leu(R:64.40%),model(0.99)	partial
Ethambutol	vmdm	SRR31249223	Susceptible	0	NULL	pass
Isoniazid	vmdm	SRR31249223	Susceptible	0	NULL	pass
Pyrazinamide	vmdm	SRR31249223	Susceptible	0	NULL	pass
Rifampicin	vmdm	SRR31249223	Susceptible	0	NULL	pass
Ethambutol	vmdm	SRR31249224	Susceptible	1	embB_p.Gln497Arg(R:10.54%),model(0.78)	pass
Isoniazid	vmdm	SRR31249224	Resistant	1	inhA_c.-777C>T(R:21.34%),katG_p.Ser315Thr(R:77.81%),model(0.99)	pass
Pyrazinamide	vmdm	SRR31249224	Susceptible	1	pncA_p.Gly132Ala(R:1.29%)	pass
Rifampicin	vmdm	SRR31249224	Resistant	1	rpoB_p.Ser450Leu(R:64.40%),model(0.99)	pass
Ethambutol	vmdm	SRR31249225	Susceptible	0	NULL	pass
Isoniazid	vmdm	SRR31249225	Susceptible	0	NULL	pass
Pyrazinamide	vmdm	SRR31249225	Susceptible	0	NULL	pass
Rifampicin	vmdm	SRR31249225	Susceptible	0	NULL	pass
Ethambutol	vmdm	SRR31249226	Susceptible	0	NULL	pass
Isoniazid	vmdm	SRR31249226	Resistant	1	katG_p.Ser315Thr(R:77.81%),model(0.99)	pass
Pyrazinamide	vmdm	SRR31249226	Susceptible	0	NULL	pass
Rifampicin	vmdm	SRR31249226	Resistant	1	rpoB_p.Ser450Leu(R:64.40%),model(0.99)	pass
Ethambutol	vmdm	SRR31249227	Resistant	1	embB_p.Gly406Ser(R:1.97%),model(0.88)	pass
Isoniazid	vmdm	SRR31249227	Resistant	1	inhA_c.-777C>T(R:21.34%),katG_p.Ser315Thr(R:77.81%),model(0.99)	pass
Pyrazinamide	vmdm	SRR31249227	Resistant	1	model(0.76)	pass
Rifampicin	vmdm	SRR31249227	Resistant	1	rpoB_p.Ser450Leu(R:64.40%),model(0.99)	pass
Ethambutol	vmdm	SRR31249228	Resistant	1	embB_p.Gln497Arg(R:10.54%),model(0.86)	pass
Isoniazid	vmdm	SRR31249228	Resistant	1	inhA_c.-777C>T(R:21.34%),katG_p.Ser315Thr(R:77.81%),model(0.99)	pass
Pyrazinamide	vmdm	SRR31249228	Resistant	1	pncA_p.Gly132Ala(R:1.29%),model(0.80)	pass
Rifampicin	vmdm	SRR31249228	Resistant	1	rpoB_p.Ser450Leu(R:64.40%),model(0.99)	pass
Ethambutol	vmdm	SRR31249229	Resistant	1	embB_p.Gln497Arg(R:10.54%),model(0.84)	pass
Isoniazid	vmdm	SRR31249229	Resistant	1	katG_p.Ser315Thr(R:77.81%),model(0.99)	pass
Pyrazinamide	vmdm	SRR31249229	Resistant	1	pncA_p.Cys138Arg(R:0.20%),model(0.78)	pass
Rifampicin	vmdm	SRR31249229	Resistant	1	rpoB_p.Ser450Leu(R:64.40%),model(0.99)	pass
Ethambutol	vmdm	SRR31249230	Resistant	1	embB_p.Met306Val(R:34.23%),model(0.77)	pass
Isoniazid	vmdm	SRR31249230	Resistant	1	inhA_c.-777C>T(R:21.34%),katG_p.Ser315Thr(R:77.81%),model(0.99)	pass
Pyrazinamide	vmdm	SRR31249230	Resistant	1	pncA_p.Leu27Pro(R:1.00%)	pass
Rifampicin	vmdm	SRR31249230	Resistant	1	rpoB_p.Ser450Leu(R:64.40%),model(0.99)	pass
Ethambutol	vmdm	SRR31249231	Resistant	1	embB_p.Met306Val(R:34.23%),model(0.79)	pass
Isoniazid	vmdm	SRR31249231	Resistant	1	inhA_c.-777C>T(R:21.34%),katG_p.Ser315Thr(R:77.81%),model(0.99)	pass
Pyrazinamide	vmdm	SRR31249231	Resistant	1	pncA_p.Thr47Ala(R:0.39%)	pass
Rifampicin	vmdm	SRR31249231	Resistant	1	rpoB_p.His445Leu(R:1.29%),model(0.88)	pass
Ethambutol	vmdm	SRR31249232	Resistant	1	embB_p.Gln497Arg(R:10.54%),model(0.76)	pass
Isoniazid	vmdm	SRR31249232	Resistant	1	katG_p.Ser315Thr(R:77.81%),model(0.99)	pass
Pyrazinamide	vmdm	SRR31249232	Resistant	0	NULL	pass
Rifampicin	vmdm	SRR31249232	Resistant	1	rpoB_p.Ser450Leu(R:64.40%),model(0.99)	pass
Ethambutol	vmdm	SRR31249233	Resistant	1	embB_p.Met306Val(R:34.23%),model(0.79)	pass
Isoniazid	vmdm	SRR31249233	Resistant	1	katG_p.Ser315Thr(R:77.81%),model(1.00)	pass
Pyrazinamide	vmdm	SRR31249233	Resistant	1	pncA_p.Leu27Pro(R:1.00%)	pass
Rifampicin	vmdm	SRR31249233	Resistant	1	rpoB_p.Ser450Leu(R:64.40%),model(0.99)	pass
Ethambutol	vmdm	SRR31249234	Susceptible	0	NULL	pass
Isoniazid	vmdm	SRR31249234	Susceptible	0	NULL	pass
Pyrazinamide	vmdm	SRR31249234	Susceptible	0	NULL	pass
Rifampicin	vmdm	SRR31249234	Susceptible	0	NULL	pass
Ethambutol	vmdm	SRR31249235	Susceptible	0	NULL	pass
Isoniazid	vmdm	SRR31249235	Susceptible	0	NULL	pass
Pyrazinamide	vmdm	SRR31249235	Susceptible	0	NULL	pass
Rifampicin	vmdm	SRR31249235	Susceptible	0	NULL	pass
Ethambutol	vmdm	SRR31249236	Resistant	1	embB_p.Met306Val(R:34.23%),model(0.79)	pass
Isoniazid	vmdm	SRR31249236	Resistant	1	katG_p.Ser315Thr(R:77.81%),model(1.00)	pass
Pyrazinamide	vmdm	SRR31249236	Resistant	1	pncA_p.Val139Ala(R:1.34%)	pass
Rifampicin	vmdm	SRR31249236	Resistant	1	rpoB_p.Ser450Leu(R:64.40%),model(0.99)	pass
Ethambutol	vmdm	SRR31249237	Resistant	1	embB_p.Gln497Arg(R:10.54%),model(0.86)	pass
Isoniazid	vmdm	SRR31249237	Resistant	1	inhA_c.-777C>T(R:21.34%),katG_p.Ser315Thr(R:77.81%),model(0.99)	pass
Pyrazinamide	vmdm	SRR31249237	Resistant	1	pncA_p.Gly132Ala(R:1.29%),model(0.77)	pass
Rifampicin	vmdm	SRR31249237	Resistant	1	rpoB_p.Ser450Leu(R:64.40%),model(0.99)	pass
Ethambutol	vmdm	SRR31249238	Susceptible	0	NULL	pass
Isoniazid	vmdm	SRR31249238	Resistant	1	katG_p.Ser315Thr(R:77.81%),model(0.99)	pass
Pyrazinamide	vmdm	SRR31249238	Susceptible	0	NULL	pass
Rifampicin	vmdm	SRR31249238	Resistant	1	rpoB_p.Gln432Pro(R:0.41%)	pass
Ethambutol	vmdm	SRR31249239	Resistant	1	embB_p.Gln497Arg(R:10.54%),model(0.78)	pass
Isoniazid	vmdm	SRR31249239	Resistant	1	inhA_c.-777C>T(R:21.34%),katG_p.Ser315Thr(R:77.81%),model(0.99)	pass
Pyrazinamide	vmdm	SRR31249239	Resistant	1	pncA_p.Gly132Ala(R:1.29%),model(0.76)	pass
Rifampicin	vmdm	SRR31249239	Resistant	1	rpoB_p.Ser450Leu(R:64.40%),model(0.99)	pass
Ethambutol	vmdm	SRR31249240	Susceptible	1	embB_p.Met306Val(R:34.23%),model(0.79)	pass
Isoniazid	vmdm	SRR31249240	Resistant	1	inhA_p.Ser94Ala(I:1.02%),katG_p.Ser315Thr(R:77.81%),model(1.00)	pass
Pyrazinamide	vmdm	SRR31249240	Resistant	1	pncA_p.Asp136Gly(R:0.41%)	pass
Rifampicin	vmdm	SRR31249240	Resistant	1	rpoB_p.Ser450Leu(R:64.40%),model(0.99)	pass
Ethambutol	vmdm	SRR31249241	Resistant	1	embB_p.Met306Val(R:34.23%),model(0.79)	pass
Isoniazid	vmdm	SRR31249241	Resistant	1	katG_p.Ser315Thr(R:77.81%),model(1.00)	pass
Pyrazinamide	vmdm	SRR31249241	Resistant	1	pncA_p.Asp136Gly(R:0.41%)	pass
Rifampicin	vmdm	SRR31249241	Resistant	1	rpoB_p.Ser450Leu(R:64.40%),model(0.99)	pass
Ethambutol	vmdm	SRR31249242	Susceptible	1	embB_p.Met306Ile(R:20.60%),model(0.62)	pass
Isoniazid	vmdm	SRR31249242	Resistant	1	katG_p.Ser315Thr(R:77.81%),model(0.99)	pass
Pyrazinamide	vmdm	SRR31249242	Susceptible	0	NULL	pass
Rifampicin	vmdm	SRR31249242	Resistant	1	rpoB_p.Ser450Leu(R:64.40%),model(0.99)	pass
Ethambutol	vmdm	SRR31249243	Resistant	1	embB_p.Gln497Arg(R:10.54%),model(0.78)	pass
Isoniazid	vmdm	SRR31249243	Resistant	1	inhA_c.-777C>T(R:21.34%),katG_p.Ser315Thr(R:77.81%),model(0.99)	pass
Pyrazinamide	vmdm	SRR31249243	Resistant	1	pncA_p.Gly132Ala(R:1.29%),model(0.76)	pass
Rifampicin	vmdm	SRR31249243	Resistant	1	rpoB_p.Ser450Leu(R:64.40%),model(0.99)	pass
Ethambutol	vmdm	SRR31249244	Susceptible	1	model(0.60)	pass
Isoniazid	vmdm	SRR31249244	Resistant	1	katG_p.Ser315Thr(R:77.81%),model(1.00)	pass
Pyrazinamide	vmdm	SRR31249244	Resistant	0	NULL	pass
Rifampicin	vmdm	SRR31249244	Resistant	1	rpoB_p.Ser450Leu(R:64.40%),model(0.99)	pass
Ethambutol	vmdm	SRR31249245	Resistant	1	embB_p.Gln497Arg(R:10.54%),model(0.78)	pass
Isoniazid	vmdm	SRR31249245	Resistant	1	inhA_c.-777C>T(R:21.34%),katG_p.Ser315Thr(R:77.81%),model(0.99)	pass
Pyrazinamide	vmdm	SRR31249245	Resistant	1	pncA_p.Gly132Ala(R:1.29%),model(0.76)	pass
Rifampicin	vmdm	SRR31249245	Resistant	1	rpoB_p.Ser450Leu(R:64.40%),model(0.99)	pass
Ethambutol	vmdm	SRR31249246	Resistant	1	embB_p.Met306Val(R:34.23%),model(0.79)	pass
Isoniazid	vmdm	SRR31249246	Resistant	1	katG_p.Ser315Thr(R:77.81%),model(1.00)	pass
Pyrazinamide	vmdm	SRR31249246	Resistant	1	pncA_p.Gly17Asp(I:0.09%)	pass
Rifampicin	vmdm	SRR31249246	Resistant	1	rpoB_p.Ser450Leu(R:64.40%),model(0.99)	pass
Ethambutol	vmdm	SRR31249247	Susceptible	1	embB_p.Met306Ile(R:20.60%),model(0.57)	pass
Isoniazid	vmdm	SRR31249247	Resistant	1	katG_p.Ser315Thr(R:77.81%),model(1.00)	pass
Pyrazinamide	vmdm	SRR31249247	Resistant	0	NULL	pass
Rifampicin	vmdm	SRR31249247	Resistant	1	rpoB_p.Ser450Leu(R:64.40%),model(0.99)	pass
Ethambutol	vmdm	SRR31249248	Resistant	0	NULL	pass
Isoniazid	vmdm	SRR31249248	Resistant	1	inhA_c.-779G>T(I:1.63%),katG_p.Ser315Thr(R:77.81%),model(0.99)	pass
Pyrazinamide	vmdm	SRR31249248	Resistant	1	pncA_p.Ile5Ser(R:0.61%)	pass
Rifampicin	vmdm	SRR31249248	Resistant	1	rpoB_p.Ser450Leu(R:64.40%),model(0.99)	pass
Ethambutol	vmdm	SRR31249249	Resistant	1	model(0.51)	pass
Isoniazid	vmdm	SRR31249249	Resistant	1	inhA_c.-777C>T(R:21.34%),katG_p.Ser315Thr(R:77.81%),model(0.99)	pass
Pyrazinamide	vmdm	SRR31249249	Resistant	1	pncA_p.Ala146Thr(R:0.34%)	pass
Rifampicin	vmdm	SRR31249249	Resistant	1	rpoB_p.Ser450Leu(R:64.40%),model(0.99)	pass
Ethambutol	vmdm	SRR31249250	Susceptible	0	NULL	pass
Isoniazid	vmdm	SRR31249250	Susceptible	0	NULL	pass
Pyrazinamide	vmdm	SRR31249250	Resistant	0	NULL	pass
Rifampicin	vmdm	SRR31249250	Susceptible	0	NULL	pass
Ethambutol	vmdm	SRR31249251	Resistant	1	embB_p.Gln497Arg(R:10.54%),model(0.78)	pass
Isoniazid	vmdm	SRR31249251	Resistant	1	inhA_c.-777C>T(R:21.34%),katG_p.Ser315Thr(R:77.81%),model(0.99)	pass
Pyrazinamide	vmdm	SRR31249251	Resistant	1	pncA_p.Gly132Ala(R:1.29%)	pass
Rifampicin	vmdm	SRR31249251	Resistant	1	rpoB_p.Ser450Leu(R:64.40%),model(0.99)	pass
Ethambutol	vmdm	SRR31249252	Resistant	0	NULL	pass
Isoniazid	vmdm	SRR31249252	Resistant	1	katG_p.Ser315Thr(R:77.81%),model(0.99)	pass
Pyrazinamide	vmdm	SRR31249252	Resistant	1	pncA_p.Ile5Ser(R:0.61%)	pass
Rifampicin	vmdm	SRR31249252	Resistant	1	rpoB_p.Ser450Leu(R:64.40%),model(0.99)	pass
Ethambutol	vmdm	SRR31249253	Resistant	1	embB_p.Met306Val(R:34.23%),model(0.79)	pass
Isoniazid	vmdm	SRR31249253	Resistant	1	katG_p.Ser315Arg(R:0.07%),katG_p.Ser315Thr(R:77.81%),model(1.00)	pass
Pyrazinamide	vmdm	SRR31249253	Susceptible	0	NULL	pass
Rifampicin	vmdm	SRR31249253	Resistant	1	rpoB_p.Ser450Leu(R:64.40%),model(0.99)	pass
Ethambutol	vmdm	SRR31249254	Resistant	1	model(0.53)	pass
Isoniazid	vmdm	SRR31249254	Resistant	1	inhA_c.-777C>T(R:21.34%),katG_p.Ser315Thr(R:77.81%),model(0.99)	pass
Pyrazinamide	vmdm	SRR31249254	Resistant	1	pncA_p.Ile5Ser(R:0.61%)	pass
Rifampicin	vmdm	SRR31249254	Resistant	1	rpoB_p.Ser450Leu(R:64.40%),model(0.99)	pass
Ethambutol	vmdm	SRR31249255	Resistant	1	embB_p.Gln497Arg(R:10.54%),model(0.86)	pass
Isoniazid	vmdm	SRR31249255	Resistant	1	inhA_c.-777C>T(R:21.34%),katG_p.Ser315Thr(R:77.81%),model(0.99)	pass
Pyrazinamide	vmdm	SRR31249255	Resistant	1	pncA_p.Gly132Ala(R:1.29%),model(0.78)	pass
Rifampicin	vmdm	SRR31249255	Resistant	1	rpoB_p.Ser450Leu(R:64.40%),model(0.99)	pass
Ethambutol	vmdm	SRR31249256	Resistant	1	embB_p.Met306Val(R:34.23%),model(0.82)	pass
Isoniazid	vmdm	SRR31249256	Resistant	1	katG_p.Ser315Thr(R:77.81%),model(0.99)	pass
Pyrazinamide	vmdm	SRR31249256	Resistant	1	pncA_LoF_frameshift(R:27.06%),model(0.86)	pass
Rifampicin	vmdm	SRR31249256	Resistant	1	rpoB_p.Ser450Leu(R:64.40%),model(0.99)	pass
Ethambutol	vmdm	SRR31249257	Resistant	0	NULL	pass
Isoniazid	vmdm	SRR31249257	Resistant	1	katG_p.Ser315Thr(R:77.81%),model(0.99)	pass
Pyrazinamide	vmdm	SRR31249257	Resistant	1	pncA_p.Ile5Ser(R:0.61%)	pass
Rifampicin	vmdm	SRR31249257	Resistant	1	rpoB_p.Ser450Leu(R:64.40%),model(0.99)	pass
Ethambutol	vmdm	SRR31249258	Resistant	1	embB_p.Met306Val(R:34.23%),model(0.79)	pass
Isoniazid	vmdm	SRR31249258	Resistant	1	katG_p.Ser315Thr(R:77.81%),model(1.00)	pass
Pyrazinamide	vmdm	SRR31249258	Resistant	1	pncA_p.His71Tyr(R:0.77%)	pass
Rifampicin	vmdm	SRR31249258	Resistant	1	rpoB_p.Ser450Leu(R:64.40%),model(0.99)	pass
Ethambutol	vmdm	SRR31249259	Resistant	1	embB_p.Gln497Arg(R:10.54%),model(0.88)	pass
Isoniazid	vmdm	SRR31249259	Resistant	1	katG_p.Ser315Thr(R:77.81%),model(0.99)	pass
Pyrazinamide	vmdm	SRR31249259	Resistant	1	model(0.76)	pass
Rifampicin	vmdm	SRR31249259	Resistant	1	rpoB_p.Ser450Leu(R:64.40%),model(0.99)	pass
Ethambutol	vmdm	SRR31249260	Susceptible	0	NULL	pass
Isoniazid	vmdm	SRR31249260	Susceptible	0	NULL	pass
Pyrazinamide	vmdm	SRR31249260	Susceptible	0	NULL	pass
Rifampicin	vmdm	SRR31249260	Susceptible	0	NULL	pass
Ethambutol	vmdm	SRR31249262	Resistant	1	embB_p.Met306Val(R:34.23%),model(0.78)	pass
Isoniazid	vmdm	SRR31249262	Resistant	1	katG_p.Ser315Thr(R:77.81%),model(1.00)	pass
Pyrazinamide	vmdm	SRR31249262	Resistant	1	pncA_p.Leu27Pro(R:1.00%)	pass
Rifampicin	vmdm	SRR31249262	Resistant	1	rpoB_p.Ser450Leu(R:64.40%),model(0.99)	pass
Ethambutol	vmdm	SRR31249263	Susceptible	1	model(0.55)	partial
Isoniazid	vmdm	SRR31249263	Susceptible	1	model(0.86)	partial
Pyrazinamide	vmdm	SRR31249263	Resistant	0	NULL	partial
Rifampicin	vmdm	SRR31249263	Resistant	1	rpoB_p.Ser450Leu(R:64.40%),model(0.98)	partial
Ethambutol	vmdm	SRR31249264	Susceptible	1	embB_p.Met306Val(R:34.23%),model(0.79)	pass
Isoniazid	vmdm	SRR31249264	Resistant	1	katG_p.Ser315Thr(R:77.81%),model(1.00)	pass
Pyrazinamide	vmdm	SRR31249264	Resistant	1	pncA_p.Leu27Pro(R:1.00%)	pass
Rifampicin	vmdm	SRR31249264	Resistant	1	rpoB_p.Ser450Leu(R:64.40%),model(0.99)	pass
Ethambutol	vmdm	SRR31249265	Resistant	1	model(0.69)	pass
Isoniazid	vmdm	SRR31249265	Resistant	1	katG_p.Ser315Thr(R:77.81%),model(0.99)	pass
Pyrazinamide	vmdm	SRR31249265	Resistant	1	pncA_p.Pro54Leu(R:0.73%),model(0.78)	pass
Rifampicin	vmdm	SRR31249265	Resistant	1	rpoB_p.Ser450Leu(R:64.40%),model(0.99)	pass
Ethambutol	vmdm	SRR31249266	Resistant	1	embB_p.Gln497Arg(R:10.54%),model(0.78)	pass
Isoniazid	vmdm	SRR31249266	Resistant	1	inhA_c.-777C>T(R:21.34%),katG_p.Ser315Thr(R:77.81%),model(0.99)	pass
Pyrazinamide	vmdm	SRR31249266	Resistant	1	pncA_p.Gly132Ala(R:1.29%)	pass
Rifampicin	vmdm	SRR31249266	Resistant	1	rpoB_p.Ser450Leu(R:64.40%),model(0.99)	pass
Ethambutol	vmdm	SRR31249267	Resistant	1	embB_p.Met306Val(R:34.23%),model(0.82)	pass
Isoniazid	vmdm	SRR31249267	Resistant	1	katG_p.Ser315Thr(R:77.81%),model(1.00)	pass
Pyrazinamide	vmdm	SRR31249267	Resistant	1	pncA_p.Val139Ala(R:1.34%)	pass
Rifampicin	vmdm	SRR31249267	Resistant	1	rpoB_p.Ser450Leu(R:64.40%),model(0.99)	pass
Ethambutol	vmdm	SRR31249268	Susceptible	1	embB_p.Met306Val(R:34.23%),model(0.78)	pass
Isoniazid	vmdm	SRR31249268	Resistant	1	katG_p.Ser315Thr(R:77.81%),model(1.00)	pass
Pyrazinamide	vmdm	SRR31249268	Susceptible	0	NULL	pass
Rifampicin	vmdm	SRR31249268	Resistant	1	rpoB_p.Ser450Leu(R:64.40%),model(0.99)	pass
Ethambutol	vmdm	SRR31249269	Resistant	1	embB_p.Gln497Arg(R:10.54%),model(0.76)	pass
Isoniazid	vmdm	SRR31249269	Resistant	1	katG_p.Ser315Thr(R:77.81%),model(0.99)	pass
Pyrazinamide	vmdm	SRR31249269	Resistant	0	NULL	pass
Rifampicin	vmdm	SRR31249269	Resistant	1	rpoB_p.Ser450Leu(R:64.40%),model(0.99)	pass
Ethambutol	vmdm	SRR31249270	Resistant	0	NULL	pass
Isoniazid	vmdm	SRR31249270	Resistant	1	katG_p.Ser315Thr(R:77.81%),model(0.99)	pass
Pyrazinamide	vmdm	SRR31249270	Resistant	1	pncA_LoF_frameshift(R:27.06%),model(0.90)	pass
Rifampicin	vmdm	SRR31249270	Resistant	1	rpoB_p.His445Arg(R:0.81%),rpoB_p.His445Tyr(R:3.53%),model(0.99)	pass
Ethambutol	vmdm	SRR31249271	Susceptible	1	model(0.75)	fail
Isoniazid	vmdm	SRR31249271	Resistant	1	model(1.00)	fail
Pyrazinamide	vmdm	SRR31249271	Resistant	0	NULL	fail
Rifampicin	vmdm	SRR31249271	Resistant	1	rpoB_p.Ser450Leu(R:64.40%),model(1.00)	fail
Ethambutol	vmdm	SRR31249272	Susceptible	1	embB_p.Met306Ile(R:20.60%),model(0.66)	partial
Isoniazid	vmdm	SRR31249272	Resistant	1	inhA_c.-777C>T(R:21.34%),katG_p.Ser315Thr(R:77.81%),model(1.00)	partial
Pyrazinamide	vmdm	SRR31249272	Resistant	1	pncA_p.Met175Arg(R:0.23%)	partial
Rifampicin	vmdm	SRR31249272	Resistant	1	rpoB_p.His445Arg(R:0.81%),rpoB_p.His445Tyr(R:3.53%),model(0.99)	partial
Ethambutol	vmdm	SRR31249273	Susceptible	1	embB_p.Gln497Arg(R:10.54%),model(0.76)	pass
Isoniazid	vmdm	SRR31249273	Resistant	1	katG_p.Ser315Thr(R:77.81%),model(0.99)	pass
Pyrazinamide	vmdm	SRR31249273	Resistant	1	pncA_p.Pro54Leu(R:0.73%),model(0.80)	pass
Rifampicin	vmdm	SRR31249273	Resistant	1	rpoB_p.Ser450Leu(R:64.40%),model(0.99)	pass
Ethambutol	vmdm	SRR31249274	Susceptible	0	NULL	pass
Isoniazid	vmdm	SRR31249274	Resistant	1	katG_p.Ser315Thr(R:77.81%),model(0.99)	pass
Pyrazinamide	vmdm	SRR31249274	Susceptible	0	NULL	pass
Rifampicin	vmdm	SRR31249274	Resistant	1	rpoB_p.His445Tyr(R:3.53%),model(0.98)	pass
Ethambutol	vmdm	SRR31249275	Susceptible	1	embB_p.Met306Ile(R:20.60%),model(0.85)	pass
Isoniazid	vmdm	SRR31249275	Resistant	1	katG_p.Ser315Thr(R:77.81%),model(1.00)	pass
Pyrazinamide	vmdm	SRR31249275	Susceptible	1	model(0.76)	pass
Rifampicin	vmdm	SRR31249275	Resistant	1	rpoB_p.Ser450Leu(R:64.40%),model(0.99)	pass
Ethambutol	vmdm	SRR31249276	Resistant	1	embB_p.Met306Val(R:34.23%),model(0.77)	pass
Isoniazid	vmdm	SRR31249276	Resistant	1	inhA_c.-777C>T(R:21.34%),katG_p.Ser315Thr(R:77.81%),model(0.99)	pass
Pyrazinamide	vmdm	SRR31249276	Resistant	1	pncA_p.Leu27Pro(R:1.00%)	pass
Rifampicin	vmdm	SRR31249276	Resistant	1	rpoB_p.Ser450Leu(R:64.40%),model(0.99)	pass
Ethambutol	vmdm	SRR31249277	Resistant	1	embB_p.Gly406Ser(R:1.97%),model(0.59)	pass
Isoniazid	vmdm	SRR31249277	Resistant	1	katG_p.Ser315Thr(R:77.81%),model(1.00)	pass
Pyrazinamide	vmdm	SRR31249277	Susceptible	0	NULL	pass
Rifampicin	vmdm	SRR31249277	Resistant	1	rpoB_p.Ser450Leu(R:64.40%),model(0.99)	pass
Ethambutol	vmdm	SRR31249278	Resistant	1	embB_p.Gly406Asp(R:2.89%),model(0.74)	pass
Isoniazid	vmdm	SRR31249278	Resistant	1	inhA_c.-770T>C(I:1.86%),katG_p.Ser315Thr(R:77.81%),model(1.00)	pass
Pyrazinamide	vmdm	SRR31249278	Resistant	1	pncA_p.Leu35Pro(I:0.11%)	pass
Rifampicin	vmdm	SRR31249278	Resistant	1	rpoB_p.Asp435Val(R:6.86%),rpoB_p.Thr427Ser(I:0.02%),model(0.97)	pass
Ethambutol	vmdm	SRR31249279	Resistant	1	embB_p.Met306Val(R:34.23%),model(0.79)	pass
Isoniazid	vmdm	SRR31249279	Resistant	1	katG_p.Ser315Thr(R:77.81%),model(1.00)	pass
Pyrazinamide	vmdm	SRR31249279	Susceptible	1	pncA_p.Gln141Pro(R:1.70%)	pass
Rifampicin	vmdm	SRR31249279	Resistant	1	rpoB_p.Ser450Leu(R:64.40%),model(0.99)	pass
Ethambutol	vmdm	SRR31249280	Resistant	1	model(0.51)	pass
Isoniazid	vmdm	SRR31249280	Resistant	1	inhA_c.-777C>T(R:21.34%),katG_p.Ser315Thr(R:77.81%),model(0.99)	pass
Pyrazinamide	vmdm	SRR31249280	Susceptible	0	NULL	pass
Rifampicin	vmdm	SRR31249280	Resistant	1	rpoB_p.Ser450Leu(R:64.40%),model(0.99)	pass
Ethambutol	vmdm	SRR31249281	Resistant	1	embB_p.Asp328Tyr(R:0.49%),model(0.93)	pass
Isoniazid	vmdm	SRR31249281	Resistant	1	katG_p.Ser315Thr(R:77.81%),model(0.99)	pass
Pyrazinamide	vmdm	SRR31249281	Susceptible	0	NULL	pass
Rifampicin	vmdm	SRR31249281	Resistant	1	rpoB_p.Ser450Leu(R:64.40%),model(0.99)	pass
Ethambutol	vmdm	SRR31249282	Resistant	1	model(0.72)	fail
Isoniazid	vmdm	SRR31249282	Resistant	1	inhA_c.-777C>T(R:21.34%),model(0.98)	fail
Pyrazinamide	vmdm	SRR31249282	Susceptible	0	NULL	fail
Rifampicin	vmdm	SRR31249282	Resistant	1	rpoB_p.Asp435Val(R:6.86%),rpoB_p.Ser450Leu(R:64.40%),rpoB_p.Thr427Ser(I:0.02%),model(0.99)	fail
Ethambutol	vmdm	SRR31249283	Resistant	1	embB_p.Gly406Asp(R:2.89%),model(0.74)	pass
Isoniazid	vmdm	SRR31249283	Resistant	1	inhA_c.-770T>C(I:1.86%),katG_p.Ser315Thr(R:77.81%),model(1.00)	pass
Pyrazinamide	vmdm	SRR31249283	Resistant	1	pncA_p.Leu35Pro(I:0.11%)	pass
Rifampicin	vmdm	SRR31249283	Resistant	1	rpoB_p.Asp435Val(R:6.86%),rpoB_p.Thr427Ser(I:0.02%),model(0.97)	pass
Ethambutol	vmdm	SRR31249284	Resistant	1	embB_p.Met306Val(R:34.23%),model(0.86)	fail
Isoniazid	vmdm	SRR31249284	Resistant	1	inhA_c.-777C>T(R:21.34%),katG_p.Ser315Thr(R:77.81%),model(0.99)	fail
Pyrazinamide	vmdm	SRR31249284	Resistant	0	NULL	fail
Rifampicin	vmdm	SRR31249284	Resistant	1	rpoB_p.Ser450Leu(R:64.40%),model(0.99)	fail
Ethambutol	vmdm	SRR31249285	Resistant	1	embB_p.Met306Val(R:34.23%),model(0.82)	pass
Isoniazid	vmdm	SRR31249285	Resistant	1	inhA_c.-777C>T(R:21.34%),katG_p.Ser315Thr(R:77.81%),model(0.99)	pass
Pyrazinamide	vmdm	SRR31249285	Resistant	1	pncA_p.His71Pro(R:0.45%),model(0.76)	pass
Rifampicin	vmdm	SRR31249285	Resistant	1	rpoB_p.Ser450Leu(R:64.40%),model(0.99)	pass
Ethambutol	vmdm	SRR31249286	Resistant	1	model(0.51)	pass
Isoniazid	vmdm	SRR31249286	Resistant	1	inhA_c.-777C>T(R:21.34%),katG_p.Ser315Thr(R:77.81%),model(0.99)	pass
Pyrazinamide	vmdm	SRR31249286	Resistant	1	pncA_p.Ala146Thr(R:0.34%)	pass
Rifampicin	vmdm	SRR31249286	Resistant	1	rpoB_p.Ser450Leu(R:64.40%),model(0.99)	pass
Ethambutol	vmdm	SRR31249287	Susceptible	0	NULL	pass
Isoniazid	vmdm	SRR31249287	Susceptible	0	NULL	pass
Pyrazinamide	vmdm	SRR31249287	Susceptible	0	NULL	pass
Rifampicin	vmdm	SRR31249287	Susceptible	0	NULL	pass
Ethambutol	vmdm	SRR31249288	Resistant	1	model(0.51)	pass
Isoniazid	vmdm	SRR31249288	Resistant	1	inhA_c.-777C>T(R:21.34%),katG_p.Ser315Thr(R:77.81%),model(0.99)	pass
Pyrazinamide	vmdm	SRR31249288	Susceptible	0	NULL	pass
Rifampicin	vmdm	SRR31249288	Resistant	1	rpoB_p.Ser450Leu(R:64.40%),model(0.99)	pass
Ethambutol	vmdm	SRR31249289	Resistant	1	model(0.70)	fail
Isoniazid	vmdm	SRR31249289	Resistant	1	inhA_c.-777C>T(R:21.34%),model(0.99)	fail
Pyrazinamide	vmdm	SRR31249289	Resistant	0	NULL	fail
Rifampicin	vmdm	SRR31249289	Resistant	1	rpoB_p.Ser450Leu(R:64.40%),model(0.97)	fail
Ethambutol	vmdm	SRR31249290	Susceptible	1	model(0.69)	fail
Isoniazid	vmdm	SRR31249290	Susceptible	1	model(0.99)	fail
Pyrazinamide	vmdm	SRR31249290	Susceptible	0	NULL	fail
Rifampicin	vmdm	SRR31249290	Resistant	1	rpoB_p.Ser450Leu(R:64.40%),model(1.00)	fail
Ethambutol	vmdm	SRR31249291	Resistant	0	NULL	pass
Isoniazid	vmdm	SRR31249291	Resistant	1	katG_p.Ser315Thr(R:77.81%),model(0.99)	pass
Pyrazinamide	vmdm	SRR31249291	Resistant	1	pncA_p.Asp8Glu(R:0.20%)	pass
Rifampicin	vmdm	SRR31249291	Resistant	1	rpoB_p.Ser450Leu(R:64.40%),model(0.99)	pass
Ethambutol	vmdm	SRR31249292	Susceptible	0	NULL	pass
Isoniazid	vmdm	SRR31249292	Susceptible	1	model(0.62)	pass
Pyrazinamide	vmdm	SRR31249292	Susceptible	0	NULL	pass
Rifampicin	vmdm	SRR31249292	Resistant	1	rpoB_p.Ser450Leu(R:64.40%),model(0.97)	pass
Ethambutol	vmdm	SRR31249293	Resistant	1	embB_p.Asp328Tyr(R:0.49%),model(0.93)	pass
Isoniazid	vmdm	SRR31249293	Resistant	1	katG_p.Ser315Thr(R:77.81%),model(0.99)	pass
Pyrazinamide	vmdm	SRR31249293	Susceptible	0	NULL	pass
Rifampicin	vmdm	SRR31249293	Resistant	1	rpoB_p.Ser450Leu(R:64.40%),model(0.99)	pass
Ethambutol	vmdm	SRR31249294	Susceptible	1	model(0.57)	fail
Isoniazid	vmdm	SRR31249294	Susceptible	1	inhA_c.-777C>T(R:21.34%),model(0.95)	fail
Pyrazinamide	vmdm	SRR31249294	Susceptible	1	pncA_p.His57Asp(R:3.77%),pncA_p.His71Arg(R:0.86%)	fail
Rifampicin	vmdm	SRR31249294	Susceptible	1	rpoB_p.Ser450Leu(R:64.40%),model(0.99)	fail
Ethambutol	vmdm	SRR31249295	Resistant	1	embB_p.Gln497Arg(R:10.54%),model(0.78)	pass
Isoniazid	vmdm	SRR31249295	Resistant	1	katG_p.Ser315Thr(R:77.81%),model(1.00)	pass
Pyrazinamide	vmdm	SRR31249295	Susceptible	0	NULL	pass
Rifampicin	vmdm	SRR31249295	Resistant	1	rpoB_p.Ser450Leu(R:64.40%),model(0.99)	pass
Ethambutol	vmdm	SRR31249296	Resistant	1	model(0.51)	pass
Isoniazid	vmdm	SRR31249296	Resistant	1	inhA_c.-777C>T(R:21.34%),katG_p.Ser315Thr(R:77.81%),model(0.99)	pass
Pyrazinamide	vmdm	SRR31249296	Susceptible	1	pncA_p.Ala146Thr(R:0.34%)	pass
Rifampicin	vmdm	SRR31249296	Resistant	1	rpoB_p.Ser450Leu(R:64.40%),model(0.99)	pass
Ethambutol	vmdm	SRR31249297	Resistant	1	embB_p.Met306Val(R:34.23%),model(0.88)	pass
Isoniazid	vmdm	SRR31249297	Resistant	1	inhA_c.-777C>T(R:21.34%),katG_p.Ser315Thr(R:77.81%),model(0.99)	pass
Pyrazinamide	vmdm	SRR31249297	Resistant	0	NULL	pass
Rifampicin	vmdm	SRR31249297	Resistant	1	rpoB_p.Ser450Leu(R:64.40%),model(0.99)	pass
Ethambutol	vmdm	SRR31249298	Susceptible	0	NULL	pass
Isoniazid	vmdm	SRR31249298	Susceptible	0	NULL	pass
Pyrazinamide	vmdm	SRR31249298	Susceptible	0	NULL	pass
Rifampicin	vmdm	SRR31249298	Susceptible	0	NULL	pass
Ethambutol	vmdm	SRR31249299	Resistant	1	embB_p.Gln497Arg(R:10.54%),model(0.77)	pass
Isoniazid	vmdm	SRR31249299	Resistant	1	katG_p.Ser315Thr(R:77.81%),model(1.00)	pass
Pyrazinamide	vmdm	SRR31249299	Susceptible	0	NULL	pass
Rifampicin	vmdm	SRR31249299	Resistant	1	rpoB_p.Ser450Leu(R:64.40%),model(1.00)	pass
Ethambutol	vmdm	SRR31249301	Susceptible	0	NULL	pass
Isoniazid	vmdm	SRR31249301	Susceptible	0	NULL	pass
Pyrazinamide	vmdm	SRR31249301	Susceptible	0	NULL	pass
Rifampicin	vmdm	SRR31249301	Susceptible	0	NULL	pass
Ethambutol	vmdm	SRR31249302	Susceptible	0	NULL	pass
Isoniazid	vmdm	SRR31249302	Resistant	1	inhA_c.-777C>T(R:21.34%),model(0.87)	pass
Pyrazinamide	vmdm	SRR31249302	Susceptible	0	NULL	pass
Rifampicin	vmdm	SRR31249302	Susceptible	0	NULL	pass
Ethambutol	vmdm	SRR31249304	Susceptible	0	NULL	pass
Isoniazid	vmdm	SRR31249304	Susceptible	0	NULL	pass
Pyrazinamide	vmdm	SRR31249304	Susceptible	0	NULL	pass
Rifampicin	vmdm	SRR31249304	Susceptible	0	NULL	pass
Ethambutol	vmdm	SRR31249306	Susceptible	0	NULL	pass
Isoniazid	vmdm	SRR31249306	Resistant	1	inhA_c.-777C>T(R:21.34%),model(0.87)	pass
Pyrazinamide	vmdm	SRR31249306	Susceptible	0	NULL	pass
Rifampicin	vmdm	SRR31249306	Susceptible	0	NULL	pass
Ethambutol	vmdm	SRR31249307	Susceptible	0	NULL	partial
Isoniazid	vmdm	SRR31249307	Susceptible	0	NULL	partial
Pyrazinamide	vmdm	SRR31249307	Susceptible	0	NULL	partial
Rifampicin	vmdm	SRR31249307	Susceptible	0	NULL	partial
Ethambutol	vmdm	SRR31249308	Susceptible	0	NULL	pass
Isoniazid	vmdm	SRR31249308	Susceptible	0	NULL	pass
Pyrazinamide	vmdm	SRR31249308	Susceptible	0	NULL	pass
Rifampicin	vmdm	SRR31249308	Susceptible	0	NULL	pass
Ethambutol	vmdm	SRR31249309	Resistant	1	model(0.51)	pass
Isoniazid	vmdm	SRR31249309	Resistant	1	inhA_c.-777C>T(R:21.34%),katG_p.Ser315Thr(R:77.81%),model(0.99)	pass
Pyrazinamide	vmdm	SRR31249309	Resistant	1	pncA_p.His71Arg(R:0.86%)	pass
Rifampicin	vmdm	SRR31249309	Resistant	1	rpoB_p.Ser450Leu(R:64.40%),model(0.99)	pass
Ethambutol	vmdm	SRR31249310	Resistant	1	embB_p.Met306Val(R:34.23%),model(0.79)	pass
Isoniazid	vmdm	SRR31249310	Resistant	1	katG_p.Ser315Thr(R:77.81%),model(1.00)	pass
Pyrazinamide	vmdm	SRR31249310	Resistant	1	pncA_p.His57Arg(R:1.27%)	pass
Rifampicin	vmdm	SRR31249310	Resistant	1	rpoB_p.Ser450Leu(R:64.40%),model(0.99)	pass
Ethambutol	vmdm	SRR31249311	Susceptible	0	NULL	pass
Isoniazid	vmdm	SRR31249311	Susceptible	0	NULL	pass
Pyrazinamide	vmdm	SRR31249311	Susceptible	0	NULL	pass
Rifampicin	vmdm	SRR31249311	Susceptible	0	NULL	pass
Ethambutol	vmdm	SRR31249312	Susceptible	0	NULL	pass
Isoniazid	vmdm	SRR31249312	Susceptible	0	NULL	pass
Pyrazinamide	vmdm	SRR31249312	Susceptible	0	NULL	pass
Rifampicin	vmdm	SRR31249312	Susceptible	0	NULL	pass
Ethambutol	vmdm	SRR31249313	Susceptible	1	embB_p.Met306Val(R:34.23%),model(0.79)	fail
Isoniazid	vmdm	SRR31249313	Susceptible	1	model(0.99)	fail
Pyrazinamide	vmdm	SRR31249313	Susceptible	1	pncA_p.His57Asp(R:3.77%),pncA_p.Lys96Gln(R:0.11%)	fail
Rifampicin	vmdm	SRR31249313	Susceptible	1	rpoB_p.Ser450Leu(R:64.40%),model(0.99)	fail
Ethambutol	vmdm	SRR31249314	Susceptible	0	NULL	pass
Isoniazid	vmdm	SRR31249314	Susceptible	0	NULL	pass
Pyrazinamide	vmdm	SRR31249314	Susceptible	0	NULL	pass
Rifampicin	vmdm	SRR31249314	Resistant	1	rpoB_p.His445Leu(R:1.29%),model(0.52)	pass
Ethambutol	vmdm	SRR31249315	Susceptible	0	NULL	pass
Isoniazid	vmdm	SRR31249315	Susceptible	0	NULL	pass
Pyrazinamide	vmdm	SRR31249315	Susceptible	0	NULL	pass
Rifampicin	vmdm	SRR31249315	Susceptible	1	rpoB_p.Leu430Pro(R:1.28%)	pass
Ethambutol	vmdm	SRR31249316	Resistant	1	embB_p.Met306Ile(R:20.60%),model(0.65)	pass
Isoniazid	vmdm	SRR31249316	Resistant	1	inhA_c.-779G>T(I:1.63%),katG_p.Ser315Thr(R:77.81%),model(1.00)	pass
Pyrazinamide	vmdm	SRR31249316	Resistant	1	model(0.91)	pass
Rifampicin	vmdm	SRR31249316	Resistant	1	rpoB_p.Asp435Val(R:6.86%),model(0.99)	pass
Ethambutol	vmdm	SRR31249317	Resistant	1	embB_p.Met306Val(R:34.23%),model(0.76)	pass
Isoniazid	vmdm	SRR31249317	Resistant	1	katG_p.Ser315Thr(R:77.81%),model(0.99)	pass
Pyrazinamide	vmdm	SRR31249317	Resistant	1	pncA_p.Ser59Pro(R:0.54%),model(0.81)	pass
Rifampicin	vmdm	SRR31249317	Resistant	1	rpoB_p.Ser450Leu(R:64.40%),model(0.99)	pass
Ethambutol	vmdm	SRR31249318	Susceptible	0	NULL	pass
Isoniazid	vmdm	SRR31249318	Susceptible	0	NULL	pass
Pyrazinamide	vmdm	SRR31249318	Susceptible	0	NULL	pass
Rifampicin	vmdm	SRR31249318	Resistant	1	rpoB_p.His445Asn(R:0.75%)	pass
Pyrazinamide	vmdm	SRR31249319	Resistant	0	NULL	fail
Ethambutol	vmdm	SRR31249320	Resistant	1	embB_p.Gln497Lys(R:1.53%),embB_p.Met306Ile(R:20.60%),model(0.78)	pass
Isoniazid	vmdm	SRR31249320	Resistant	1	katG_p.Ser315Thr(R:77.81%),model(1.00)	pass
Pyrazinamide	vmdm	SRR31249320	Resistant	1	pncA_p.Cys14Arg(R:0.95%),model(0.93)	pass
Rifampicin	vmdm	SRR31249320	Resistant	1	rpoB_p.Ser450Leu(R:64.40%),model(0.99)	pass
Ethambutol	vmdm	SRR31249321	Susceptible	0	NULL	pass
Isoniazid	vmdm	SRR31249321	Susceptible	1	model(0.62)	pass
Pyrazinamide	vmdm	SRR31249321	Susceptible	0	NULL	pass
Rifampicin	vmdm	SRR31249321	Resistant	1	rpoB_p.Ser450Leu(R:64.40%),model(0.97)	pass
Ethambutol	vmdm	SRR31249322	Resistant	1	model(0.94)	pass
Isoniazid	vmdm	SRR31249322	Resistant	1	inhA_c.-777C>T(R:21.34%),katG_p.Ser315Thr(R:77.81%),model(1.00)	pass
Pyrazinamide	vmdm	SRR31249322	Resistant	1	pncA_p.His71Tyr(R:0.77%)	pass
Rifampicin	vmdm	SRR31249322	Resistant	1	rpoB_p.His445Arg(R:0.81%),rpoB_p.His445Tyr(R:3.53%),model(0.99)	pass
Ethambutol	vmdm	SRR31249323	Susceptible	0	NULL	pass
Isoniazid	vmdm	SRR31249323	Susceptible	0	NULL	pass
Pyrazinamide	vmdm	SRR31249323	Susceptible	0	NULL	pass
Rifampicin	vmdm	SRR31249323	Susceptible	0	NULL	pass
Ethambutol	vmdm	SRR31249324	Susceptible	0	NULL	pass
Isoniazid	vmdm	SRR31249324	Susceptible	0	NULL	pass
Pyrazinamide	vmdm	SRR31249324	Susceptible	0	NULL	pass
Rifampicin	vmdm	SRR31249324	Susceptible	0	NULL	pass
Ethambutol	vmdm	SRR31249325	Resistant	1	embB_p.Met306Ile(R:20.60%),model(0.73)	pass
Isoniazid	vmdm	SRR31249325	Resistant	1	katG_p.Ser315Thr(R:77.81%),model(0.99)	pass
Pyrazinamide	vmdm	SRR31249325	Resistant	1	pncA_p.Leu151Ser(R:0.43%)	pass
Rifampicin	vmdm	SRR31249325	Resistant	1	rpoB_p.Asp435Val(R:6.86%),model(0.97)	pass
Ethambutol	vmdm	SRR31249326	Susceptible	0	NULL	pass
Isoniazid	vmdm	SRR31249326	Susceptible	0	NULL	pass
Pyrazinamide	vmdm	SRR31249326	Susceptible	0	NULL	pass
Rifampicin	vmdm	SRR31249326	Resistant	1	rpoB_p.His445Asp(R:3.62%),model(0.99)	pass
Ethambutol	vmdm	SRR31249327	Susceptible	0	NULL	pass
Isoniazid	vmdm	SRR31249327	Resistant	1	katG_p.Ser315Thr(R:77.81%),model(0.99)	pass
Pyrazinamide	vmdm	SRR31249327	Susceptible	0	NULL	pass
Rifampicin	vmdm	SRR31249327	Resistant	1	rpoB_p.His445Asp(R:3.62%),model(0.99)	pass
Ethambutol	vmdm	SRR31249328	Resistant	1	embB_p.Met306Ile(R:20.60%),model(0.92)	pass
Isoniazid	vmdm	SRR31249328	Resistant	1	inhA_c.-777C>T(R:21.34%),katG_p.Ser315Thr(R:77.81%),model(0.99)	pass
Pyrazinamide	vmdm	SRR31249328	Susceptible	1	pncA_p.Arg154Gly(R:0.39%),model(0.85)	pass
Rifampicin	vmdm	SRR31249328	Resistant	1	rpoB_p.Ser450Leu(R:64.40%),model(0.99)	pass
Ethambutol	vmdm	SRR31249329	Resistant	1	embB_p.Met306Val(R:34.23%),model(0.96)	pass
Isoniazid	vmdm	SRR31249329	Resistant	1	model(0.97)	pass
Pyrazinamide	vmdm	SRR31249329	Resistant	1	pncA_p.Gly97Asp(R:1.04%),model(0.77)	pass
Rifampicin	vmdm	SRR31249329	Resistant	1	rpoB_p.Ser450Leu(R:64.40%),model(0.99)	pass
Ethambutol	vmdm	SRR31249330	Resistant	1	embB_p.Met306Val(R:34.23%),model(0.78)	pass
Isoniazid	vmdm	SRR31249330	Resistant	1	inhA_c.-770T>A(I:0.80%),katG_p.Ser315Thr(R:77.81%),model(1.00)	pass
Pyrazinamide	vmdm	SRR31249330	Resistant	1	pncA_p.Val139Gly(R:0.34%),model(0.84)	pass
Rifampicin	vmdm	SRR31249330	Resistant	1	rpoB_p.Ser450Leu(R:64.40%),model(0.99)	pass
Ethambutol	vmdm	SRR31249331	Susceptible	0	NULL	pass
Isoniazid	vmdm	SRR31249331	Resistant	1	model(0.62)	pass
Pyrazinamide	vmdm	SRR31249331	Susceptible	0	NULL	pass
Rifampicin	vmdm	SRR31249331	Resistant	1	rpoB_p.Ser450Leu(R:64.40%),model(0.97)	pass
Ethambutol	vmdm	SRR31249332	Susceptible	0	NULL	pass
Isoniazid	vmdm	SRR31249332	Resistant	0	NULL	pass
Pyrazinamide	vmdm	SRR31249332	Susceptible	0	NULL	pass
Rifampicin	vmdm	SRR31249332	Susceptible	1	rpoB_p.Leu430Pro(R:1.28%)	pass
Ethambutol	vmdm	SRR31249333	Resistant	1	embB_p.Met306Ile(R:20.60%),model(0.62)	pass
Isoniazid	vmdm	SRR31249333	Resistant	1	katG_p.Ser315Thr(R:77.81%),model(0.99)	pass
Pyrazinamide	vmdm	SRR31249333	Resistant	1	pncA_p.Trp68Cys(R:0.45%)	pass
Rifampicin	vmdm	SRR31249333	Resistant	1	rpoB_p.Ser450Leu(R:64.40%),model(0.99)	pass
Ethambutol	tbprofiler	SRR31248590	Resistant	1	embB_p.Met306Ile(1.00),embB_p.Gln497Arg(1.00)	pass
Isoniazid	tbprofiler	SRR31248590	Resistant	1	katG_p.Ser315Thr(1.00)	pass
Pyrazinamide	tbprofiler	SRR31248590	Resistant	0	NULL	pass
Rifampicin	tbprofiler	SRR31248590	Resistant	1	rpoB_p.Ser450Leu(1.00)	pass
Ethambutol	tbprofiler	SRR31248591	Susceptible	0	NULL	pass
Isoniazid	tbprofiler	SRR31248591	Susceptible	0	NULL	pass
Pyrazinamide	tbprofiler	SRR31248591	Susceptible	0	NULL	pass
Rifampicin	tbprofiler	SRR31248591	Susceptible	0	NULL	pass
Ethambutol	tbprofiler	SRR31248592	Susceptible	0	NULL	pass
Isoniazid	tbprofiler	SRR31248592	Resistant	1	katG_p.Ser315Thr(0.96)	pass
Pyrazinamide	tbprofiler	SRR31248592	Susceptible	0	NULL	pass
Rifampicin	tbprofiler	SRR31248592	Resistant	1	rpoB_p.Ser450Leu(1.00)	pass
Ethambutol	tbprofiler	SRR31248593	Resistant	1	embB_p.Met306Ile(1.00)	pass
Isoniazid	tbprofiler	SRR31248593	Resistant	1	fabG1_c.-8T>A(1.00),katG_p.Ser315Thr(1.00)	pass
Pyrazinamide	tbprofiler	SRR31248593	Resistant	0	NULL	pass
Rifampicin	tbprofiler	SRR31248593	Resistant	1	rpoB_p.Ser450Leu(1.00)	pass
Ethambutol	tbprofiler	SRR31248594	Susceptible	0	NULL	fail
Isoniazid	tbprofiler	SRR31248594	Susceptible	0	NULL	fail
Pyrazinamide	tbprofiler	SRR31248594	Susceptible	0	NULL	fail
Rifampicin	tbprofiler	SRR31248594	Susceptible	0	NULL	fail
Ethambutol	tbprofiler	SRR31248595	Resistant	1	embB_p.Met306Ile(1.00),embB_p.Gln497Lys(1.00)	pass
Isoniazid	tbprofiler	SRR31248595	Resistant	1	katG_p.Ser315Thr(1.00)	pass
Pyrazinamide	tbprofiler	SRR31248595	Resistant	1	pncA_p.Cys14Arg(1.00)	pass
Rifampicin	tbprofiler	SRR31248595	Resistant	1	rpoB_p.Ser450Leu(1.00)	pass
Ethambutol	tbprofiler	SRR31248596	Resistant	1	embB_p.Met306Ile(1.00),embB_p.Gln497Lys(0.99)	pass
Isoniazid	tbprofiler	SRR31248596	Resistant	1	katG_p.Ser315Thr(1.00)	pass
Pyrazinamide	tbprofiler	SRR31248596	Resistant	1	pncA_p.Cys14Arg(1.00)	pass
Rifampicin	tbprofiler	SRR31248596	Resistant	1	rpoB_p.Ser450Leu(1.00)	pass
Ethambutol	tbprofiler	SRR31248597	Resistant	1	embB_p.Met306Val(0.91)	pass
Isoniazid	tbprofiler	SRR31248597	Resistant	1	inhA_p.Ile194Thr(0.99)	pass
Pyrazinamide	tbprofiler	SRR31248597	Resistant	1	pncA_p.Gly97Asp(0.98)	pass
Rifampicin	tbprofiler	SRR31248597	Resistant	1	rpoB_p.Ser450Leu(1.00)	pass
Ethambutol	tbprofiler	SRR31248598	Resistant	1	embB_p.Met306Val(1.00)	pass
Isoniazid	tbprofiler	SRR31248598	Resistant	1	fabG1_c.-8T>A(1.00),katG_p.Ser315Thr(1.00)	pass
Pyrazinamide	tbprofiler	SRR31248598	Resistant	0	NULL	pass
Rifampicin	tbprofiler	SRR31248598	Resistant	1	rpoB_p.Asp435Gly(1.00),rpoB_p.Leu452Pro(1.00)	pass
Ethambutol	tbprofiler	SRR31248599	Susceptible	0	NULL	fail
Isoniazid	tbprofiler	SRR31248599	Susceptible	0	NULL	fail
Pyrazinamide	tbprofiler	SRR31248599	Susceptible	0	NULL	fail
Rifampicin	tbprofiler	SRR31248599	Susceptible	0	NULL	fail
Ethambutol	tbprofiler	SRR31248600	Susceptible	0	NULL	pass
Isoniazid	tbprofiler	SRR31248600	Susceptible	0	NULL	pass
Pyrazinamide	tbprofiler	SRR31248600	Susceptible	0	NULL	pass
Rifampicin	tbprofiler	SRR31248600	Susceptible	0	NULL	pass
Ethambutol	tbprofiler	SRR31248601	Susceptible	0	NULL	pass
Isoniazid	tbprofiler	SRR31248601	Susceptible	0	NULL	pass
Pyrazinamide	tbprofiler	SRR31248601	Susceptible	0	NULL	pass
Rifampicin	tbprofiler	SRR31248601	Resistant	0	NULL	pass
Ethambutol	tbprofiler	SRR31248602	Resistant	1	embB_p.Met306Val(1.00)	pass
Isoniazid	tbprofiler	SRR31248602	Resistant	1	katG_p.Ser315Thr(1.00)	pass
Pyrazinamide	tbprofiler	SRR31248602	Resistant	1	pncA_p.Leu27Pro(0.99)	pass
Rifampicin	tbprofiler	SRR31248602	Resistant	1	rpoB_p.Ser450Leu(1.00)	pass
Ethambutol	tbprofiler	SRR31248603	Resistant	1	embB_p.Gln497Lys(0.87)	pass
Isoniazid	tbprofiler	SRR31248603	Resistant	1	katG_p.Ser315Thr(0.83)	pass
Pyrazinamide	tbprofiler	SRR31248603	Resistant	1	pncA_p.Val155Met(0.88)	pass
Rifampicin	tbprofiler	SRR31248603	Resistant	1	rpoB_p.Ser450Leu(0.94)	pass
Ethambutol	tbprofiler	SRR31248604	Susceptible	0	NULL	pass
Isoniazid	tbprofiler	SRR31248604	Susceptible	0	NULL	pass
Pyrazinamide	tbprofiler	SRR31248604	Susceptible	0	NULL	pass
Rifampicin	tbprofiler	SRR31248604	Susceptible	0	NULL	pass
Ethambutol	tbprofiler	SRR31248605	Resistant	1	embB_p.Met306Val(1.00)	pass
Isoniazid	tbprofiler	SRR31248605	Resistant	1	katG_p.Ser315Thr(0.99)	pass
Pyrazinamide	tbprofiler	SRR31248605	Resistant	1	pncA_p.Gln10Pro(0.99)	pass
Rifampicin	tbprofiler	SRR31248605	Resistant	1	rpoB_p.His445Cys(0.99)	pass
Ethambutol	tbprofiler	SRR31248606	Resistant	1	embB_p.Met306Val(1.00)	pass
Isoniazid	tbprofiler	SRR31248606	Resistant	1	katG_p.Ser315Thr(1.00)	pass
Pyrazinamide	tbprofiler	SRR31248606	Resistant	0	NULL	pass
Rifampicin	tbprofiler	SRR31248606	Resistant	1	rpoB_p.Ser450Leu(1.00)	pass
Ethambutol	tbprofiler	SRR31248607	Resistant	0	NULL	fail
Isoniazid	tbprofiler	SRR31248607	Resistant	0	NULL	fail
Pyrazinamide	tbprofiler	SRR31248607	Resistant	0	NULL	fail
Rifampicin	tbprofiler	SRR31248607	Resistant	1	rpoB_p.Ser450Leu(0.93)	fail
Ethambutol	tbprofiler	SRR31248608	Resistant	1	embB_p.Gly406Ser(0.99)	pass
Isoniazid	tbprofiler	SRR31248608	Resistant	1	katG_p.Ser315Thr(1.00)	pass
Pyrazinamide	tbprofiler	SRR31248608	Resistant	1	pncA_c.-11A>G(1.00)	pass
Rifampicin	tbprofiler	SRR31248608	Resistant	1	rpoB_p.Ser450Leu(0.99)	pass
Ethambutol	tbprofiler	SRR31248609	Resistant	1	embB_p.Met306Val(1.00)	pass
Isoniazid	tbprofiler	SRR31248609	Resistant	1	katG_p.Ser315Thr(1.00)	pass
Pyrazinamide	tbprofiler	SRR31248609	Resistant	1	pncA_p.Asp136Gly(1.00)	pass
Rifampicin	tbprofiler	SRR31248609	Resistant	1	rpoB_p.Ser450Leu(1.00)	pass
Ethambutol	tbprofiler	SRR31248610	Resistant	1	embB_p.Met306Val(1.00)	pass
Isoniazid	tbprofiler	SRR31248610	Resistant	1	fabG1_c.-15C>T(1.00),katG_p.Ser315Thr(1.00)	pass
Pyrazinamide	tbprofiler	SRR31248610	Resistant	1	pncA_p.Leu27Pro(0.99)	pass
Rifampicin	tbprofiler	SRR31248610	Resistant	1	rpoB_p.Ser450Leu(1.00)	pass
Ethambutol	tbprofiler	SRR31248611	Resistant	1	embB_p.Gln497Arg(1.00)	pass
Isoniazid	tbprofiler	SRR31248611	Resistant	1	fabG1_c.-15C>T(1.00),katG_p.Ser315Thr(1.00)	pass
Pyrazinamide	tbprofiler	SRR31248611	Resistant	1	pncA_p.Gly132Ala(1.00)	pass
Rifampicin	tbprofiler	SRR31248611	Resistant	1	rpoB_p.Ser450Leu(1.00)	pass
Ethambutol	tbprofiler	SRR31248612	Resistant	1	embB_p.Gln497Arg(0.99)	pass
Isoniazid	tbprofiler	SRR31248612	Resistant	1	fabG1_c.-15C>T(0.99),katG_p.Ser315Thr(1.00)	pass
Pyrazinamide	tbprofiler	SRR31248612	Resistant	1	pncA_p.Gly132Ala(0.96)	pass
Rifampicin	tbprofiler	SRR31248612	Resistant	1	rpoB_p.Ser450Leu(1.00)	pass
Ethambutol	tbprofiler	SRR31248613	Resistant	1	embB_p.Gln497Arg(1.00)	pass
Isoniazid	tbprofiler	SRR31248613	Resistant	1	fabG1_c.-15C>T(1.00),katG_p.Ser315Thr(1.00)	pass
Pyrazinamide	tbprofiler	SRR31248613	Resistant	1	pncA_p.Gly132Ala(1.00)	pass
Rifampicin	tbprofiler	SRR31248613	Resistant	1	rpoB_p.Ser450Leu(1.00)	pass
Ethambutol	tbprofiler	SRR31248614	Resistant	1	embB_p.Asp354Ala(1.00)	pass
Isoniazid	tbprofiler	SRR31248614	Resistant	1	katG_p.Ser315Thr(1.00)	pass
Pyrazinamide	tbprofiler	SRR31248614	Resistant	1	pncA_p.Lys96Arg(1.00)	pass
Rifampicin	tbprofiler	SRR31248614	Resistant	1	rpoB_p.Ser450Leu(1.00)	pass
Ethambutol	tbprofiler	SRR31248615	Susceptible	0	NULL	pass
Isoniazid	tbprofiler	SRR31248615	Resistant	1	katG_p.Ser315Thr(1.00)	pass
Pyrazinamide	tbprofiler	SRR31248615	Susceptible	0	NULL	pass
Rifampicin	tbprofiler	SRR31248615	Susceptible	0	NULL	pass
Ethambutol	tbprofiler	SRR31248616	Susceptible	1	embB_p.Gln497Arg(1.00)	pass
Isoniazid	tbprofiler	SRR31248616	Resistant	1	fabG1_c.-15C>T(0.99),katG_p.Ser315Thr(1.00)	pass
Pyrazinamide	tbprofiler	SRR31248616	Resistant	1	pncA_p.Gly132Ala(1.00)	pass
Rifampicin	tbprofiler	SRR31248616	Resistant	1	rpoB_p.Ser450Leu(1.00)	pass
Ethambutol	tbprofiler	SRR31248617	Susceptible	0	NULL	pass
Isoniazid	tbprofiler	SRR31248617	Susceptible	0	NULL	pass
Pyrazinamide	tbprofiler	SRR31248617	Susceptible	0	NULL	pass
Rifampicin	tbprofiler	SRR31248617	Resistant	1	rpoB_p.His445Tyr(1.00)	pass
Ethambutol	tbprofiler	SRR31248618	Susceptible	1	embB_p.Met306Val(1.00)	pass
Isoniazid	tbprofiler	SRR31248618	Resistant	1	katG_p.Ser315Thr(1.00)	pass
Pyrazinamide	tbprofiler	SRR31248618	Resistant	0	NULL	pass
Rifampicin	tbprofiler	SRR31248618	Resistant	1	rpoB_p.Ser450Leu(0.99)	pass
Ethambutol	tbprofiler	SRR31248619	Resistant	0	NULL	pass
Isoniazid	tbprofiler	SRR31248619	Resistant	1	katG_p.Ser315Thr(1.00)	pass
Pyrazinamide	tbprofiler	SRR31248619	Resistant	1	pncA_p.Ile5Ser(0.99)	pass
Rifampicin	tbprofiler	SRR31248619	Resistant	1	rpoB_p.Ser450Leu(1.00)	pass
Ethambutol	tbprofiler	SRR31248620	Resistant	1	embB_p.Gln497Arg(1.00)	pass
Isoniazid	tbprofiler	SRR31248620	Resistant	1	fabG1_c.-15C>T(1.00),katG_p.Ser315Thr(1.00)	pass
Pyrazinamide	tbprofiler	SRR31248620	Resistant	1	pncA_p.Gly132Ala(1.00)	pass
Rifampicin	tbprofiler	SRR31248620	Resistant	1	rpoB_p.Ser450Leu(1.00)	pass
Ethambutol	tbprofiler	SRR31248621	Resistant	1	embB_p.Met306Val(0.98)	pass
Isoniazid	tbprofiler	SRR31248621	Resistant	1	fabG1_c.-15C>T(1.00),ahpC_c.-48G>A(1.00)	pass
Pyrazinamide	tbprofiler	SRR31248621	Resistant	1	pncA_p.Val128Gly(1.00)	pass
Rifampicin	tbprofiler	SRR31248621	Resistant	1	rpoB_p.Ser450Leu(1.00)	pass
Ethambutol	tbprofiler	SRR31248622	Susceptible	0	NULL	pass
Isoniazid	tbprofiler	SRR31248622	Susceptible	0	NULL	pass
Pyrazinamide	tbprofiler	SRR31248622	Resistant	0	NULL	pass
Rifampicin	tbprofiler	SRR31248622	Susceptible	0	NULL	pass
Ethambutol	tbprofiler	SRR31248623	Resistant	1	embB_p.Gly406Cys(1.00)	pass
Isoniazid	tbprofiler	SRR31248623	Resistant	1	katG_p.Ser315Thr(1.00)	pass
Pyrazinamide	tbprofiler	SRR31248623	Resistant	1	pncA_p.Val139Gly(1.00)	pass
Rifampicin	tbprofiler	SRR31248623	Resistant	1	rpoB_p.Ser450Leu(1.00)	pass
Ethambutol	tbprofiler	SRR31248624	Resistant	1	embB_p.Gln497Arg(1.00)	pass
Isoniazid	tbprofiler	SRR31248624	Resistant	1	fabG1_c.-15C>T(1.00),katG_p.Ser315Thr(1.00)	pass
Pyrazinamide	tbprofiler	SRR31248624	Resistant	1	pncA_p.Gly132Ala(1.00)	pass
Rifampicin	tbprofiler	SRR31248624	Resistant	1	rpoB_p.Ser450Leu(0.99)	pass
Ethambutol	tbprofiler	SRR31248625	Resistant	1	embB_p.Gln497Arg(1.00)	pass
Isoniazid	tbprofiler	SRR31248625	Resistant	1	fabG1_c.-15C>T(1.00),katG_p.Ser315Thr(1.00)	pass
Pyrazinamide	tbprofiler	SRR31248625	Resistant	1	pncA_p.Gly132Ala(1.00)	pass
Rifampicin	tbprofiler	SRR31248625	Resistant	1	rpoB_p.Ser450Leu(1.00)	pass
Ethambutol	tbprofiler	SRR31248626	Susceptible	0	NULL	pass
Isoniazid	tbprofiler	SRR31248626	Susceptible	0	NULL	pass
Pyrazinamide	tbprofiler	SRR31248626	Susceptible	0	NULL	pass
Rifampicin	tbprofiler	SRR31248626	Susceptible	0	NULL	pass
Ethambutol	tbprofiler	SRR31248627	Resistant	1	embB_p.Gln497Arg(1.00)	pass
Isoniazid	tbprofiler	SRR31248627	Resistant	1	katG_p.Ser315Thr(1.00)	pass
Pyrazinamide	tbprofiler	SRR31248627	Resistant	0	NULL	pass
Rifampicin	tbprofiler	SRR31248627	Resistant	1	rpoB_p.Ser450Leu(0.99)	pass
Ethambutol	tbprofiler	SRR31248628	Susceptible	0	NULL	pass
Isoniazid	tbprofiler	SRR31248628	Resistant	1	fabG1_c.-15C>T(1.00)	pass
Pyrazinamide	tbprofiler	SRR31248628	Susceptible	0	NULL	pass
Rifampicin	tbprofiler	SRR31248628	Susceptible	1	rpoB_p.Asp435Tyr(1.00)	pass
Ethambutol	tbprofiler	SRR31248629	Resistant	1	embB_p.Met306Val(1.00)	pass
Isoniazid	tbprofiler	SRR31248629	Resistant	1	katG_p.Ser315Thr(1.00)	pass
Pyrazinamide	tbprofiler	SRR31248629	Resistant	1	pncA_p.Leu27Pro(1.00)	pass
Rifampicin	tbprofiler	SRR31248629	Resistant	1	rpoB_p.Ser450Leu(1.00)	pass
Ethambutol	tbprofiler	SRR31248630	Susceptible	0	NULL	pass
Isoniazid	tbprofiler	SRR31248630	Resistant	1	katG_p.Ser315Thr(0.83)	pass
Pyrazinamide	tbprofiler	SRR31248630	Susceptible	0	NULL	pass
Rifampicin	tbprofiler	SRR31248630	Resistant	1	rpoB_p.Asp435Tyr(0.83)	pass
Ethambutol	tbprofiler	SRR31248631	Resistant	1	embB_p.Gly406Ser(0.92)	partial
Isoniazid	tbprofiler	SRR31248631	Resistant	1	katG_p.Ser315Thr(1.00)	partial
Pyrazinamide	tbprofiler	SRR31248631	Resistant	1	pncA_c.391_392insG(0.96)	partial
Rifampicin	tbprofiler	SRR31248631	Resistant	1	rpoB_p.Ser450Leu(0.97)	partial
Ethambutol	tbprofiler	SRR31248632	Resistant	1	embB_p.Asp354Ala(0.36)	fail
Isoniazid	tbprofiler	SRR31248632	Resistant	0	NULL	fail
Pyrazinamide	tbprofiler	SRR31248632	Resistant	0	NULL	fail
Rifampicin	tbprofiler	SRR31248632	Resistant	0	NULL	fail
Ethambutol	tbprofiler	SRR31248633	Resistant	1	embB_p.Met306Val(1.00)	pass
Isoniazid	tbprofiler	SRR31248633	Resistant	1	katG_p.Ser315Thr(1.00)	pass
Pyrazinamide	tbprofiler	SRR31248633	Resistant	1	pncA_p.Asp136Gly(1.00)	pass
Rifampicin	tbprofiler	SRR31248633	Resistant	1	rpoB_p.Ser450Leu(1.00)	pass
Ethambutol	tbprofiler	SRR31248634	Resistant	1	embB_p.Met306Leu(1.00)	pass
Isoniazid	tbprofiler	SRR31248634	Resistant	1	katG_p.Ser315Thr(1.00)	pass
Pyrazinamide	tbprofiler	SRR31248634	Resistant	1	pncA_p.Gln10Pro(1.00)	pass
Rifampicin	tbprofiler	SRR31248634	Resistant	1	rpoB_p.Leu452Pro(1.00)	pass
Ethambutol	tbprofiler	SRR31248635	Resistant	0	NULL	pass
Isoniazid	tbprofiler	SRR31248635	Resistant	1	katG_p.Ser315Thr(1.00)	pass
Pyrazinamide	tbprofiler	SRR31248635	Resistant	1	pncA_p.Ile5Ser(1.00)	pass
Rifampicin	tbprofiler	SRR31248635	Resistant	1	rpoB_p.Ser450Leu(1.00)	pass
Ethambutol	tbprofiler	SRR31248636	Resistant	0	NULL	pass
Isoniazid	tbprofiler	SRR31248636	Resistant	1	katG_p.Ser315Thr(1.00)	pass
Pyrazinamide	tbprofiler	SRR31248636	Susceptible	0	NULL	pass
Rifampicin	tbprofiler	SRR31248636	Resistant	1	rpoB_p.Ser450Leu(1.00)	pass
Ethambutol	tbprofiler	SRR31248637	Resistant	1	embB_p.Gly406Ser(0.99)	pass
Isoniazid	tbprofiler	SRR31248637	Resistant	1	katG_p.Ser315Thr(1.00)	pass
Pyrazinamide	tbprofiler	SRR31248637	Resistant	1	pncA_c.-11A>G(1.00)	pass
Rifampicin	tbprofiler	SRR31248637	Resistant	1	rpoB_p.Ser450Leu(1.00)	pass
Ethambutol	tbprofiler	SRR31248638	Resistant	1	embB_p.Met306Val(1.00)	pass
Isoniazid	tbprofiler	SRR31248638	Resistant	1	fabG1_c.-15C>T(0.99),katG_p.Ser315Thr(1.00)	pass
Pyrazinamide	tbprofiler	SRR31248638	Susceptible	1	pncA_p.Asp136Gly(1.00)	pass
Rifampicin	tbprofiler	SRR31248638	Resistant	1	rpoB_p.Ser450Leu(1.00)	pass
Ethambutol	tbprofiler	SRR31248639	Resistant	1	embB_p.Met306Ile(1.00),embB_p.Gly406Asp(1.00)	pass
Isoniazid	tbprofiler	SRR31248639	Resistant	1	katG_p.Ser315Thr(1.00),katG_p.Thr275Ala(1.00)	pass
Pyrazinamide	tbprofiler	SRR31248639	Resistant	1	pncA_p.His82Arg(1.00)	pass
Rifampicin	tbprofiler	SRR31248639	Resistant	1	rpoB_p.His445Arg(1.00)	pass
Ethambutol	tbprofiler	SRR31248640	Resistant	1	embB_p.Gln497Arg(0.99)	pass
Isoniazid	tbprofiler	SRR31248640	Resistant	1	fabG1_c.-15C>T(0.98),katG_p.Ser315Thr(0.95)	pass
Pyrazinamide	tbprofiler	SRR31248640	Resistant	1	pncA_p.Gly132Ala(0.97)	pass
Rifampicin	tbprofiler	SRR31248640	Resistant	1	rpoB_p.Ser450Leu(1.00)	pass
Ethambutol	tbprofiler	SRR31248641	Susceptible	0	NULL	pass
Isoniazid	tbprofiler	SRR31248641	Susceptible	0	NULL	pass
Pyrazinamide	tbprofiler	SRR31248641	Susceptible	0	NULL	pass
Rifampicin	tbprofiler	SRR31248641	Susceptible	0	NULL	pass
Ethambutol	tbprofiler	SRR31248642	Resistant	1	embB_p.Met306Val(1.00)	pass
Isoniazid	tbprofiler	SRR31248642	Resistant	1	katG_p.Ser315Thr(1.00)	pass
Pyrazinamide	tbprofiler	SRR31248642	Susceptible	0	NULL	pass
Rifampicin	tbprofiler	SRR31248642	Resistant	1	rpoB_p.Ser450Leu(1.00)	pass
Ethambutol	tbprofiler	SRR31248643	Resistant	1	embB_p.Met306Val(1.00)	pass
Isoniazid	tbprofiler	SRR31248643	Resistant	1	fabG1_c.-15C>T(1.00),katG_p.Ser315Thr(1.00)	pass
Pyrazinamide	tbprofiler	SRR31248643	Resistant	1	pncA_p.Asp8Glu(1.00)	pass
Rifampicin	tbprofiler	SRR31248643	Resistant	1	rpoB_p.Ser450Leu(1.00)	pass
Ethambutol	tbprofiler	SRR31248644	Resistant	1	embB_p.Gln497Arg(0.97)	partial
Isoniazid	tbprofiler	SRR31248644	Resistant	1	fabG1_c.-15C>T(0.99),katG_p.Ser315Thr(1.00)	partial
Pyrazinamide	tbprofiler	SRR31248644	Resistant	1	pncA_p.Gly132Ala(0.99)	partial
Rifampicin	tbprofiler	SRR31248644	Resistant	1	rpoB_p.Ser450Leu(1.00)	partial
Ethambutol	tbprofiler	SRR31248645	Resistant	1	embB_p.Gln497Arg(1.00)	pass
Isoniazid	tbprofiler	SRR31248645	Resistant	1	fabG1_c.-15C>T(1.00),katG_p.Ser315Thr(1.00)	pass
Pyrazinamide	tbprofiler	SRR31248645	Resistant	1	pncA_p.Gly132Ala(1.00)	pass
Rifampicin	tbprofiler	SRR31248645	Resistant	1	rpoB_p.Ser450Leu(1.00)	pass
Ethambutol	tbprofiler	SRR31248646	Resistant	1	embB_p.Met306Val(1.00)	pass
Isoniazid	tbprofiler	SRR31248646	Resistant	1	katG_p.Ser315Thr(1.00)	pass
Pyrazinamide	tbprofiler	SRR31248646	Resistant	1	pncA_p.Ile5Ser(0.99)	pass
Rifampicin	tbprofiler	SRR31248646	Resistant	1	rpoB_p.Ser450Trp(1.00)	pass
Ethambutol	tbprofiler	SRR31248647	Resistant	1	embB_p.Met306Val(1.00)	pass
Isoniazid	tbprofiler	SRR31248647	Resistant	1	katG_p.Ser315Thr(1.00)	pass
Pyrazinamide	tbprofiler	SRR31248647	Susceptible	0	NULL	pass
Rifampicin	tbprofiler	SRR31248647	Resistant	1	rpoB_p.Ser450Leu(1.00)	pass
Ethambutol	tbprofiler	SRR31248648	Susceptible	0	NULL	pass
Isoniazid	tbprofiler	SRR31248648	Susceptible	0	NULL	pass
Pyrazinamide	tbprofiler	SRR31248648	Susceptible	0	NULL	pass
Rifampicin	tbprofiler	SRR31248648	Susceptible	1	rpoB_p.His445Gln(0.98)	pass
Ethambutol	tbprofiler	SRR31248649	Susceptible	1	embB_p.Gly406Ala(0.86)	fail
Isoniazid	tbprofiler	SRR31248649	Resistant	1	katG_p.Ser315Thr(0.93)	fail
Pyrazinamide	tbprofiler	SRR31248649	Resistant	1	pncA_p.His71Arg(0.88)	fail
Rifampicin	tbprofiler	SRR31248649	Resistant	1	rpoB_p.His445Tyr(0.93)	fail
Ethambutol	tbprofiler	SRR31248650	Resistant	1	embB_p.Met306Val(1.00)	pass
Isoniazid	tbprofiler	SRR31248650	Resistant	1	katG_p.Ser315Thr(1.00)	pass
Pyrazinamide	tbprofiler	SRR31248650	Resistant	1	pncA_p.Leu27Pro(1.00)	pass
Rifampicin	tbprofiler	SRR31248650	Resistant	1	rpoB_p.Ser450Leu(1.00)	pass
Ethambutol	tbprofiler	SRR31248651	Resistant	1	embB_p.Met306Val(1.00)	pass
Isoniazid	tbprofiler	SRR31248651	Resistant	1	katG_p.Ser315Thr(1.00)	pass
Pyrazinamide	tbprofiler	SRR31248651	Susceptible	0	NULL	pass
Rifampicin	tbprofiler	SRR31248651	Resistant	1	rpoB_p.Ser450Leu(0.99)	pass
Ethambutol	tbprofiler	SRR31248652	Susceptible	0	NULL	pass
Isoniazid	tbprofiler	SRR31248652	Susceptible	0	NULL	pass
Pyrazinamide	tbprofiler	SRR31248652	Susceptible	0	NULL	pass
Rifampicin	tbprofiler	SRR31248652	Susceptible	0	NULL	pass
Ethambutol	tbprofiler	SRR31248653	Resistant	1	embB_p.Met306Val(1.00)	pass
Isoniazid	tbprofiler	SRR31248653	Resistant	1	katG_p.Ser315Thr(1.00)	pass
Pyrazinamide	tbprofiler	SRR31248653	Resistant	1	pncA_c.-11A>G(1.00)	pass
Rifampicin	tbprofiler	SRR31248653	Resistant	1	rpoB_p.Ser450Leu(0.99)	pass
Ethambutol	tbprofiler	SRR31248654	Resistant	1	embB_p.Gln497Arg(1.00)	pass
Isoniazid	tbprofiler	SRR31248654	Resistant	1	fabG1_c.-15C>T(1.00),katG_p.Ser315Thr(1.00)	pass
Pyrazinamide	tbprofiler	SRR31248654	Resistant	1	pncA_p.Gly132Ala(1.00)	pass
Rifampicin	tbprofiler	SRR31248654	Resistant	1	rpoB_p.Ser450Leu(1.00)	pass
Ethambutol	tbprofiler	SRR31248655	Susceptible	0	NULL	pass
Isoniazid	tbprofiler	SRR31248655	Resistant	1	katG_p.Ser315Thr(1.00)	pass
Pyrazinamide	tbprofiler	SRR31248655	Susceptible	0	NULL	pass
Rifampicin	tbprofiler	SRR31248655	Resistant	1	rpoB_p.Leu430Pro(1.00),rpoB_p.Asp435Gly(1.00)	pass
Ethambutol	tbprofiler	SRR31248656	Resistant	1	embB_p.Met306Val(1.00)	pass
Isoniazid	tbprofiler	SRR31248656	Resistant	1	fabG1_c.-8T>C(0.99),katG_p.Ser315Thr(1.00)	pass
Pyrazinamide	tbprofiler	SRR31248656	Resistant	1	pncA_p.His43Pro(1.00)	pass
Rifampicin	tbprofiler	SRR31248656	Resistant	1	rpoB_p.Ser450Leu(0.99)	pass
Ethambutol	tbprofiler	SRR31248657	Resistant	1	embB_p.Gln497Arg(1.00)	pass
Isoniazid	tbprofiler	SRR31248657	Resistant	1	katG_p.Ser315Thr(1.00)	pass
Pyrazinamide	tbprofiler	SRR31248657	Resistant	1	pncA_Chromosome:g.2288682_2288845del(1.00)	pass
Rifampicin	tbprofiler	SRR31248657	Resistant	1	rpoB_p.Ser450Leu(1.00)	pass
Ethambutol	tbprofiler	SRR31248658	Resistant	1	embB_p.Met306Val(1.00)	pass
Isoniazid	tbprofiler	SRR31248658	Resistant	1	katG_p.Ser315Thr(1.00)	pass
Pyrazinamide	tbprofiler	SRR31248658	Resistant	1	pncA_p.Leu27Pro(1.00)	pass
Rifampicin	tbprofiler	SRR31248658	Resistant	1	rpoB_p.Ser450Leu(1.00)	pass
Ethambutol	tbprofiler	SRR31248659	Resistant	1	embB_p.Met306Ile(1.00)	pass
Isoniazid	tbprofiler	SRR31248659	Resistant	1	katG_p.Ser315Thr(1.00)	pass
Pyrazinamide	tbprofiler	SRR31248659	Resistant	1	pncA_c.-11A>G(1.00)	pass
Rifampicin	tbprofiler	SRR31248659	Resistant	1	rpoB_p.Ser450Leu(1.00)	pass
Ethambutol	tbprofiler	SRR31248660	Resistant	1	embB_p.Met306Ile(1.00)	pass
Isoniazid	tbprofiler	SRR31248660	Resistant	1	katG_p.Ser315Thr(1.00)	pass
Pyrazinamide	tbprofiler	SRR31248660	Resistant	1	pncA_p.His82Arg(0.20)	pass
Rifampicin	tbprofiler	SRR31248660	Resistant	1	rpoB_p.Asp435Val(1.00)	pass
Ethambutol	tbprofiler	SRR31248661	Resistant	1	embB_p.Met306Val(1.00)	pass
Isoniazid	tbprofiler	SRR31248661	Resistant	1	katG_p.Ser315Thr(1.00)	pass
Pyrazinamide	tbprofiler	SRR31248661	Susceptible	0	NULL	pass
Rifampicin	tbprofiler	SRR31248661	Resistant	1	rpoB_p.Ser450Leu(1.00)	pass
Ethambutol	tbprofiler	SRR31248662	Resistant	1	embB_p.Gly406Asp(1.00)	pass
Isoniazid	tbprofiler	SRR31248662	Resistant	1	katG_p.Ser315Thr(1.00)	pass
Pyrazinamide	tbprofiler	SRR31248662	Susceptible	0	NULL	pass
Rifampicin	tbprofiler	SRR31248662	Resistant	1	rpoB_p.Ser450Leu(1.00)	pass
Ethambutol	tbprofiler	SRR31248663	Susceptible	0	NULL	pass
Isoniazid	tbprofiler	SRR31248663	Susceptible	0	NULL	pass
Pyrazinamide	tbprofiler	SRR31248663	Susceptible	0	NULL	pass
Rifampicin	tbprofiler	SRR31248663	Susceptible	0	NULL	pass
Ethambutol	tbprofiler	SRR31248664	Resistant	1	embB_p.Met306Val(1.00)	pass
Isoniazid	tbprofiler	SRR31248664	Resistant	1	katG_p.Ser315Thr(1.00)	pass
Pyrazinamide	tbprofiler	SRR31248664	Resistant	1	pncA_p.Val139Ala(0.98)	pass
Rifampicin	tbprofiler	SRR31248664	Resistant	1	rpoB_p.Ser450Leu(1.00)	pass
Ethambutol	tbprofiler	SRR31248665	Resistant	1	embB_p.Met306Val(1.00)	pass
Isoniazid	tbprofiler	SRR31248665	Resistant	1	katG_p.Ser315Thr(1.00)	pass
Pyrazinamide	tbprofiler	SRR31248665	Resistant	1	pncA_p.Cys72Arg(1.00)	pass
Rifampicin	tbprofiler	SRR31248665	Resistant	1	rpoB_p.Ser450Leu(1.00)	pass
Ethambutol	tbprofiler	SRR31248666	Resistant	1	embB_p.Met306Val(0.99)	pass
Isoniazid	tbprofiler	SRR31248666	Resistant	1	katG_p.Ser315Thr(1.00)	pass
Pyrazinamide	tbprofiler	SRR31248666	Susceptible	0	NULL	pass
Rifampicin	tbprofiler	SRR31248666	Resistant	1	rpoB_p.Ser450Leu(0.99)	pass
Ethambutol	tbprofiler	SRR31248667	Susceptible	0	NULL	pass
Isoniazid	tbprofiler	SRR31248667	Susceptible	0	NULL	pass
Pyrazinamide	tbprofiler	SRR31248667	Susceptible	0	NULL	pass
Rifampicin	tbprofiler	SRR31248667	Susceptible	0	NULL	pass
Ethambutol	tbprofiler	SRR31248668	Resistant	1	embB_p.Met306Val(1.00)	pass
Isoniazid	tbprofiler	SRR31248668	Resistant	1	katG_p.Ser315Thr(1.00)	pass
Pyrazinamide	tbprofiler	SRR31248668	Resistant	1	pncA_p.Asp63Gly(1.00)	pass
Rifampicin	tbprofiler	SRR31248668	Resistant	1	rpoB_p.Ser450Leu(1.00)	pass
Ethambutol	tbprofiler	SRR31248669	Resistant	1	embB_p.Met306Val(1.00)	pass
Isoniazid	tbprofiler	SRR31248669	Resistant	1	fabG1_c.-15C>T(1.00),katG_p.Ser315Thr(1.00)	pass
Pyrazinamide	tbprofiler	SRR31248669	Resistant	1	pncA_p.Leu27Pro(1.00)	pass
Rifampicin	tbprofiler	SRR31248669	Resistant	1	rpoB_p.Ser450Leu(0.99)	pass
Ethambutol	tbprofiler	SRR31248670	Resistant	1	embB_p.Gly294Ser(1.00)	pass
Isoniazid	tbprofiler	SRR31248670	Resistant	1	fabG1_c.-15C>T(1.00),katG_p.Ser315Thr(1.00)	pass
Pyrazinamide	tbprofiler	SRR31248670	Susceptible	1	pncA_p.Asp63Gly(1.00)	pass
Rifampicin	tbprofiler	SRR31248670	Susceptible	1	rpoB_p.Asp435Tyr(1.00),rpoB_p.Asn437Asp(1.00)	pass
Ethambutol	tbprofiler	SRR31248671	Resistant	1	embB_p.Met306Ile(0.99)	pass
Isoniazid	tbprofiler	SRR31248671	Resistant	1	katG_p.Ser315Thr(1.00)	pass
Pyrazinamide	tbprofiler	SRR31248671	Resistant	1	pncA_p.Gly108Arg(1.00)	pass
Rifampicin	tbprofiler	SRR31248671	Resistant	1	rpoB_p.Ser450Leu(1.00)	pass
Ethambutol	tbprofiler	SRR31248672	Resistant	1	embB_p.Met306Val(1.00)	pass
Isoniazid	tbprofiler	SRR31248672	Resistant	1	katG_p.Ser315Thr(1.00)	pass
Pyrazinamide	tbprofiler	SRR31248672	Resistant	1	pncA_p.Asp49Gly(1.00)	pass
Rifampicin	tbprofiler	SRR31248672	Resistant	1	rpoB_p.Ser450Leu(0.99)	pass
Ethambutol	tbprofiler	SRR31248673	Resistant	1	embB_p.Met306Ile(1.00)	pass
Isoniazid	tbprofiler	SRR31248673	Resistant	1	katG_p.Ser315Thr(1.00)	pass
Pyrazinamide	tbprofiler	SRR31248673	Resistant	1	pncA_p.Pro54Leu(1.00)	pass
Rifampicin	tbprofiler	SRR31248673	Resistant	1	rpoB_p.Ser450Leu(1.00)	pass
Ethambutol	tbprofiler	SRR31248674	Resistant	0	NULL	fail
Isoniazid	tbprofiler	SRR31248674	Resistant	0	NULL	fail
Pyrazinamide	tbprofiler	SRR31248674	Susceptible	0	NULL	fail
Rifampicin	tbprofiler	SRR31248674	Resistant	0	NULL	fail
Ethambutol	tbprofiler	SRR31248675	Susceptible	1	embB_p.Met306Val(0.19)	partial
Isoniazid	tbprofiler	SRR31248675	Resistant	0	NULL	partial
Pyrazinamide	tbprofiler	SRR31248675	Susceptible	0	NULL	partial
Rifampicin	tbprofiler	SRR31248675	Resistant	1	rpoB_p.Ser450Leu(0.99)	partial
Ethambutol	tbprofiler	SRR31248676	Resistant	1	embB_p.Met306Val(1.00)	fail
Isoniazid	tbprofiler	SRR31248676	Resistant	0	NULL	fail
Pyrazinamide	tbprofiler	SRR31248676	Resistant	1	pncA_p.Asp63Gly(0.33),pncA_p.Leu27Pro(0.81)	fail
Rifampicin	tbprofiler	SRR31248676	Resistant	1	rpoB_p.Ser450Leu(0.95)	fail
Ethambutol	tbprofiler	SRR31248677	Resistant	1	embB_p.Met306Val(0.99)	pass
Isoniazid	tbprofiler	SRR31248677	Resistant	1	katG_p.Ser315Thr(1.00)	pass
Pyrazinamide	tbprofiler	SRR31248677	Resistant	1	pncA_p.Leu27Pro(1.00)	pass
Rifampicin	tbprofiler	SRR31248677	Resistant	1	rpoB_p.Ser450Leu(1.00)	pass
Ethambutol	tbprofiler	SRR31248678	Susceptible	0	NULL	pass
Isoniazid	tbprofiler	SRR31248678	Susceptible	0	NULL	pass
Pyrazinamide	tbprofiler	SRR31248678	Susceptible	0	NULL	pass
Rifampicin	tbprofiler	SRR31248678	Susceptible	0	NULL	pass
Ethambutol	tbprofiler	SRR31248679	Susceptible	0	NULL	fail
Isoniazid	tbprofiler	SRR31248679	Resistant	0	NULL	fail
Pyrazinamide	tbprofiler	SRR31248679	Resistant	0	NULL	fail
Rifampicin	tbprofiler	SRR31248679	Resistant	1	rpoB_p.Ser450Leu(0.92)	fail
Ethambutol	tbprofiler	SRR31248680	Resistant	1	embB_p.Met306Val(0.98)	pass
Isoniazid	tbprofiler	SRR31248680	Resistant	1	fabG1_c.-15C>T(0.97),katG_p.Ser315Thr(0.98)	pass
Pyrazinamide	tbprofiler	SRR31248680	Resistant	1	pncA_p.Leu27Pro(0.98)	pass
Rifampicin	tbprofiler	SRR31248680	Resistant	1	rpoB_p.Ser450Leu(0.98)	pass
Ethambutol	tbprofiler	SRR31248681	Resistant	1	embB_p.Met306Ile(0.73)	fail
Isoniazid	tbprofiler	SRR31248681	Resistant	0	NULL	fail
Pyrazinamide	tbprofiler	SRR31248681	Resistant	1	pncA_c.407_408insA(0.59)	fail
Rifampicin	tbprofiler	SRR31248681	Resistant	0	NULL	fail
Ethambutol	tbprofiler	SRR31248682	Resistant	1	embB_p.Met306Val(1.00)	pass
Isoniazid	tbprofiler	SRR31248682	Resistant	1	katG_p.Ser315Thr(1.00)	pass
Pyrazinamide	tbprofiler	SRR31248682	Resistant	0	NULL	pass
Rifampicin	tbprofiler	SRR31248682	Resistant	1	rpoB_p.His445Tyr(1.00)	pass
Ethambutol	tbprofiler	SRR31248683	Susceptible	0	NULL	pass
Isoniazid	tbprofiler	SRR31248683	Resistant	1	katG_p.Ser315Thr(1.00)	pass
Pyrazinamide	tbprofiler	SRR31248683	Susceptible	0	NULL	pass
Rifampicin	tbprofiler	SRR31248683	Susceptible	1	rpoB_p.Leu430Pro(1.00)	pass
Ethambutol	tbprofiler	SRR31248684	Resistant	1	embB_p.Gln497Arg(0.99)	pass
Isoniazid	tbprofiler	SRR31248684	Resistant	1	fabG1_c.-15C>T(1.00),katG_p.Ser315Thr(1.00)	pass
Pyrazinamide	tbprofiler	SRR31248684	Resistant	1	pncA_p.Gly132Ala(1.00)	pass
Rifampicin	tbprofiler	SRR31248684	Resistant	1	rpoB_p.Ser450Leu(1.00)	pass
Ethambutol	tbprofiler	SRR31248685	Resistant	1	embB_p.Met306Val(1.00)	pass
Isoniazid	tbprofiler	SRR31248685	Resistant	1	katG_p.Ser315Thr(1.00)	pass
Pyrazinamide	tbprofiler	SRR31248685	Resistant	1	pncA_p.Val139Ala(0.99)	pass
Rifampicin	tbprofiler	SRR31248685	Resistant	1	rpoB_p.Ser450Leu(1.00)	pass
Ethambutol	tbprofiler	SRR31248686	Resistant	1	embB_p.Gln497Arg(0.99)	pass
Isoniazid	tbprofiler	SRR31248686	Resistant	1	fabG1_c.-15C>T(1.00),katG_p.Ser315Thr(1.00)	pass
Pyrazinamide	tbprofiler	SRR31248686	Resistant	1	pncA_p.Gly132Ala(1.00)	pass
Rifampicin	tbprofiler	SRR31248686	Resistant	1	rpoB_p.Ser450Leu(1.00)	pass
Ethambutol	tbprofiler	SRR31248687	Resistant	0	NULL	pass
Isoniazid	tbprofiler	SRR31248687	Resistant	1	fabG1_c.-15C>T(1.00),katG_p.Ser315Thr(1.00)	pass
Pyrazinamide	tbprofiler	SRR31248687	Susceptible	0	NULL	pass
Rifampicin	tbprofiler	SRR31248687	Resistant	1	rpoB_p.Ser450Leu(0.99)	pass
Ethambutol	tbprofiler	SRR31248688	Susceptible	0	NULL	pass
Isoniazid	tbprofiler	SRR31248688	Resistant	1	katG_p.Ser315Thr(1.00)	pass
Pyrazinamide	tbprofiler	SRR31248688	Susceptible	0	NULL	pass
Rifampicin	tbprofiler	SRR31248688	Susceptible	0	NULL	pass
Ethambutol	tbprofiler	SRR31248689	Susceptible	0	NULL	pass
Isoniazid	tbprofiler	SRR31248689	Resistant	1	fabG1_c.-15C>T(0.99)	pass
Pyrazinamide	tbprofiler	SRR31248689	Susceptible	0	NULL	pass
Rifampicin	tbprofiler	SRR31248689	Susceptible	0	NULL	pass
Ethambutol	tbprofiler	SRR31248690	Resistant	1	embB_p.Met306Val(0.99)	pass
Isoniazid	tbprofiler	SRR31248690	Resistant	1	fabG1_c.-15C>T(1.00),katG_p.Ser315Thr(1.00)	pass
Pyrazinamide	tbprofiler	SRR31248690	Resistant	1	pncA_p.Leu27Pro(1.00)	pass
Rifampicin	tbprofiler	SRR31248690	Resistant	1	rpoB_p.Ser450Leu(1.00)	pass
Ethambutol	tbprofiler	SRR31248691	Susceptible	0	NULL	pass
Isoniazid	tbprofiler	SRR31248691	Resistant	1	katG_p.Ser315Thr(1.00)	pass
Pyrazinamide	tbprofiler	SRR31248691	Susceptible	0	NULL	pass
Rifampicin	tbprofiler	SRR31248691	Resistant	1	rpoB_p.Ser450Leu(1.00)	pass
Ethambutol	tbprofiler	SRR31248692	Resistant	1	embB_p.Met306Val(0.91),embB_p.Gly406Asp(0.99)	pass
Isoniazid	tbprofiler	SRR31248692	Resistant	1	katG_p.Ser315Thr(1.00)	pass
Pyrazinamide	tbprofiler	SRR31248692	Resistant	1	pncA_p.Cys14Tyr(1.00)	pass
Rifampicin	tbprofiler	SRR31248692	Resistant	1	rpoB_p.Leu430Pro(1.00),rpoB_p.Ser431Gly(0.99)	pass
Ethambutol	tbprofiler	SRR31248693	Susceptible	0	NULL	pass
Isoniazid	tbprofiler	SRR31248693	Resistant	1	katG_p.Ser315Thr(1.00)	pass
Pyrazinamide	tbprofiler	SRR31248693	Susceptible	0	NULL	pass
Rifampicin	tbprofiler	SRR31248693	Resistant	1	rpoB_p.His445Tyr(1.00)	pass
Ethambutol	tbprofiler	SRR31248694	Resistant	1	embB_p.Met306Val(1.00)	pass
Isoniazid	tbprofiler	SRR31248694	Resistant	1	katG_p.Ser315Thr(1.00)	pass
Pyrazinamide	tbprofiler	SRR31248694	Susceptible	1	pncA_p.Cys14Gly(1.00)	pass
Rifampicin	tbprofiler	SRR31248694	Resistant	1	rpoB_p.Ser450Leu(1.00)	pass
Ethambutol	tbprofiler	SRR31248695	Susceptible	0	NULL	pass
Isoniazid	tbprofiler	SRR31248695	Resistant	1	fabG1_c.-15C>T(0.99),katG_p.Ser315Thr(1.00)	pass
Pyrazinamide	tbprofiler	SRR31248695	Resistant	0	NULL	pass
Rifampicin	tbprofiler	SRR31248695	Resistant	1	rpoB_p.Ser450Leu(1.00)	pass
Ethambutol	tbprofiler	SRR31248696	Susceptible	0	NULL	pass
Isoniazid	tbprofiler	SRR31248696	Resistant	1	katG_p.Ser315Thr(1.00)	pass
Pyrazinamide	tbprofiler	SRR31248696	Susceptible	0	NULL	pass
Rifampicin	tbprofiler	SRR31248696	Susceptible	0	NULL	pass
Ethambutol	tbprofiler	SRR31248697	Susceptible	1	embB_p.Met306Val(1.00)	pass
Isoniazid	tbprofiler	SRR31248697	Resistant	1	katG_p.Ser315Thr(1.00)	pass
Pyrazinamide	tbprofiler	SRR31248697	Susceptible	1	pncA_p.Ile133Thr(1.00)	pass
Rifampicin	tbprofiler	SRR31248697	Resistant	1	rpoB_p.Ser450Leu(0.99)	pass
Ethambutol	tbprofiler	SRR31248698	Resistant	1	embB_p.Met306Ile(1.00)	pass
Isoniazid	tbprofiler	SRR31248698	Resistant	1	katG_p.Ser315Thr(1.00)	pass
Pyrazinamide	tbprofiler	SRR31248698	Resistant	1	pncA_p.Val139Ala(0.20)	pass
Rifampicin	tbprofiler	SRR31248698	Resistant	1	rpoB_p.His445Arg(1.00)	pass
Ethambutol	tbprofiler	SRR31248699	Susceptible	1	embB_p.Met306Ile(1.00)	pass
Isoniazid	tbprofiler	SRR31248699	Resistant	1	katG_p.Ser315Thr(1.00)	pass
Pyrazinamide	tbprofiler	SRR31248699	Resistant	0	NULL	pass
Rifampicin	tbprofiler	SRR31248699	Resistant	1	rpoB_p.Ser450Leu(1.00)	pass
Ethambutol	tbprofiler	SRR31248700	Resistant	1	embB_p.Met306Val(1.00)	pass
Isoniazid	tbprofiler	SRR31248700	Resistant	1	katG_p.Ser315Thr(1.00)	pass
Pyrazinamide	tbprofiler	SRR31248700	Resistant	1	pncA_p.Val139Ala(1.00)	pass
Rifampicin	tbprofiler	SRR31248700	Resistant	1	rpoB_p.Ser450Leu(0.99)	pass
Ethambutol	tbprofiler	SRR31248701	Resistant	1	embB_p.Met306Ile(1.00)	pass
Isoniazid	tbprofiler	SRR31248701	Resistant	1	katG_p.Ser315Thr(1.00)	pass
Pyrazinamide	tbprofiler	SRR31248701	Susceptible	0	NULL	pass
Rifampicin	tbprofiler	SRR31248701	Resistant	1	rpoB_p.Ser450Leu(1.00)	pass
Ethambutol	tbprofiler	SRR31248702	Resistant	1	embB_p.Met306Ile(1.00)	pass
Isoniazid	tbprofiler	SRR31248702	Resistant	1	katG_p.Ser315Thr(1.00)	pass
Pyrazinamide	tbprofiler	SRR31248702	Resistant	1	pncA_p.Cys14Gly(1.00)	pass
Rifampicin	tbprofiler	SRR31248702	Resistant	1	rpoB_p.Ser450Leu(1.00)	pass
Ethambutol	tbprofiler	SRR31248703	Susceptible	1	embB_p.Gly406Ser(0.96)	partial
Isoniazid	tbprofiler	SRR31248703	Resistant	1	fabG1_c.-15C>T(0.99),ahpC_c.-48G>A(0.99)	partial
Pyrazinamide	tbprofiler	SRR31248703	Resistant	1	pncA_p.Gln141Pro(0.97)	partial
Rifampicin	tbprofiler	SRR31248703	Resistant	1	rpoB_p.Ser450Leu(0.98)	partial
Ethambutol	tbprofiler	SRR31248704	Susceptible	1	embB_p.Gly406Ala(0.30)	fail
Isoniazid	tbprofiler	SRR31248704	Susceptible	0	NULL	fail
Pyrazinamide	tbprofiler	SRR31248704	Susceptible	0	NULL	fail
Rifampicin	tbprofiler	SRR31248704	Susceptible	0	NULL	fail
Ethambutol	tbprofiler	SRR31248705	Resistant	1	embB_p.Met306Val(1.00)	pass
Isoniazid	tbprofiler	SRR31248705	Resistant	1	katG_p.Ser315Thr(1.00)	pass
Pyrazinamide	tbprofiler	SRR31248705	Resistant	1	pncA_p.Val139Ala(1.00)	pass
Rifampicin	tbprofiler	SRR31248705	Resistant	1	rpoB_p.Ser450Leu(1.00)	pass
Ethambutol	tbprofiler	SRR31248706	Resistant	1	embB_p.Met306Val(1.00)	pass
Isoniazid	tbprofiler	SRR31248706	Resistant	1	katG_p.Ser315Thr(1.00)	pass
Pyrazinamide	tbprofiler	SRR31248706	Resistant	1	pncA_p.Val139Ala(1.00)	pass
Rifampicin	tbprofiler	SRR31248706	Resistant	1	rpoB_p.Ser450Leu(1.00)	pass
Ethambutol	tbprofiler	SRR31248707	Susceptible	0	NULL	pass
Isoniazid	tbprofiler	SRR31248707	Resistant	1	katG_p.Ser315Thr(1.00)	pass
Pyrazinamide	tbprofiler	SRR31248707	Resistant	0	NULL	pass
Rifampicin	tbprofiler	SRR31248707	Resistant	1	rpoB_p.His445Leu(1.00)	pass
Ethambutol	tbprofiler	SRR31248708	Resistant	1	embB_p.Met306Val(1.00)	pass
Isoniazid	tbprofiler	SRR31248708	Resistant	1	katG_p.Ser315Thr(1.00)	pass
Pyrazinamide	tbprofiler	SRR31248708	Resistant	1	pncA_p.Asp136Gly(1.00)	pass
Rifampicin	tbprofiler	SRR31248708	Resistant	1	rpoB_p.Ser450Leu(0.99)	pass
Ethambutol	tbprofiler	SRR31248709	Resistant	1	embB_p.Met306Val(1.00)	partial
Isoniazid	tbprofiler	SRR31248709	Resistant	1	katG_p.Ser315Thr(0.98)	partial
Pyrazinamide	tbprofiler	SRR31248709	Resistant	1	pncA_p.Val139Ala(0.98)	partial
Rifampicin	tbprofiler	SRR31248709	Resistant	1	rpoB_p.Ser450Leu(1.00)	partial
Ethambutol	tbprofiler	SRR31248710	Susceptible	1	embB_p.Met306Ile(0.97)	partial
Isoniazid	tbprofiler	SRR31248710	Resistant	1	katG_p.Ser315Thr(1.00)	partial
Pyrazinamide	tbprofiler	SRR31248710	Resistant	1	pncA_p.Gly108Arg(0.98)	partial
Rifampicin	tbprofiler	SRR31248710	Resistant	1	rpoB_p.Ser450Leu(1.00)	partial
Ethambutol	tbprofiler	SRR31248711	Susceptible	0	NULL	pass
Isoniazid	tbprofiler	SRR31248711	Susceptible	0	NULL	pass
Pyrazinamide	tbprofiler	SRR31248711	Susceptible	0	NULL	pass
Rifampicin	tbprofiler	SRR31248711	Susceptible	1	rpoB_p.Thr444Pro(0.33)	pass
Ethambutol	tbprofiler	SRR31248712	Susceptible	0	NULL	pass
Isoniazid	tbprofiler	SRR31248712	Susceptible	0	NULL	pass
Pyrazinamide	tbprofiler	SRR31248712	Susceptible	0	NULL	pass
Rifampicin	tbprofiler	SRR31248712	Susceptible	0	NULL	pass
Ethambutol	tbprofiler	SRR31248713	Susceptible	1	embB_p.Met306Ile(1.00)	pass
Isoniazid	tbprofiler	SRR31248713	Resistant	1	katG_p.Ser315Thr(1.00)	pass
Pyrazinamide	tbprofiler	SRR31248713	Resistant	1	pncA_p.Leu116Pro(1.00)	pass
Rifampicin	tbprofiler	SRR31248713	Resistant	1	rpoB_p.Ser450Leu(1.00)	pass
Ethambutol	tbprofiler	SRR31248714	Resistant	1	embB_p.Met306Ile(1.00)	pass
Isoniazid	tbprofiler	SRR31248714	Resistant	1	katG_p.Ser315Thr(1.00)	pass
Pyrazinamide	tbprofiler	SRR31248714	Resistant	1	pncA_p.Asp49Ala(1.00)	pass
Rifampicin	tbprofiler	SRR31248714	Resistant	1	rpoB_p.Ser450Leu(0.99)	pass
Ethambutol	tbprofiler	SRR31248715	Susceptible	0	NULL	pass
Isoniazid	tbprofiler	SRR31248715	Susceptible	0	NULL	pass
Pyrazinamide	tbprofiler	SRR31248715	Resistant	0	NULL	pass
Rifampicin	tbprofiler	SRR31248715	Susceptible	0	NULL	pass
Ethambutol	tbprofiler	SRR31248716	Resistant	1	embB_p.Gly406Ala(1.00)	pass
Isoniazid	tbprofiler	SRR31248716	Resistant	1	katG_p.Ser315Thr(1.00)	pass
Pyrazinamide	tbprofiler	SRR31248716	Resistant	1	pncA_p.Ile31Ser(1.00)	pass
Rifampicin	tbprofiler	SRR31248716	Resistant	1	rpoB_p.Ser450Leu(0.99)	pass
Ethambutol	tbprofiler	SRR31248717	Resistant	1	embB_p.Met306Val(1.00)	pass
Isoniazid	tbprofiler	SRR31248717	Resistant	1	katG_p.Ser315Thr(1.00)	pass
Pyrazinamide	tbprofiler	SRR31248717	Resistant	1	pncA_c.335_335del(0.97)	pass
Rifampicin	tbprofiler	SRR31248717	Resistant	1	rpoB_p.Leu430Pro(1.00)	pass
Ethambutol	tbprofiler	SRR31248718	Resistant	1	embB_p.Met306Val(0.99)	pass
Isoniazid	tbprofiler	SRR31248718	Resistant	1	katG_p.Ser315Thr(1.00)	pass
Pyrazinamide	tbprofiler	SRR31248718	Resistant	1	pncA_p.Gln141Pro(1.00)	pass
Rifampicin	tbprofiler	SRR31248718	Resistant	1	rpoB_p.Ser450Phe(1.00)	pass
Ethambutol	tbprofiler	SRR31248719	Resistant	1	embB_p.Tyr319Ser(1.00)	pass
Isoniazid	tbprofiler	SRR31248719	Resistant	1	katG_p.Ser315Thr(1.00)	pass
Pyrazinamide	tbprofiler	SRR31248719	Resistant	0	NULL	pass
Rifampicin	tbprofiler	SRR31248719	Resistant	1	rpoB_p.Ser450Tyr(1.00)	pass
Ethambutol	tbprofiler	SRR31248720	Susceptible	1	embB_p.Tyr319Ser(1.00)	pass
Isoniazid	tbprofiler	SRR31248720	Resistant	1	katG_p.Ser315Thr(1.00)	pass
Pyrazinamide	tbprofiler	SRR31248720	Susceptible	0	NULL	pass
Rifampicin	tbprofiler	SRR31248720	Resistant	1	rpoB_p.Ser450Tyr(0.99)	pass
Ethambutol	tbprofiler	SRR31248721	Resistant	1	embB_p.Asn296His(0.99)	pass
Isoniazid	tbprofiler	SRR31248721	Resistant	1	katG_p.Ser315Thr(1.00)	pass
Pyrazinamide	tbprofiler	SRR31248721	Susceptible	1	pncA_p.Gly105Asp(1.00)	pass
Rifampicin	tbprofiler	SRR31248721	Resistant	1	rpoB_p.Ser450Leu(1.00)	pass
Ethambutol	tbprofiler	SRR31248722	Susceptible	0	NULL	pass
Isoniazid	tbprofiler	SRR31248722	Resistant	1	katG_p.Ser315Thr(1.00)	pass
Pyrazinamide	tbprofiler	SRR31248722	Susceptible	0	NULL	pass
Rifampicin	tbprofiler	SRR31248722	Susceptible	1	rpoB_p.Leu430Pro(1.00)	pass
Ethambutol	tbprofiler	SRR31248723	Resistant	1	embB_p.Met306Ile(1.00)	pass
Isoniazid	tbprofiler	SRR31248723	Resistant	1	katG_p.Ser315Thr(1.00)	pass
Pyrazinamide	tbprofiler	SRR31248723	Susceptible	0	NULL	pass
Rifampicin	tbprofiler	SRR31248723	Resistant	1	rpoB_p.Ser450Leu(0.99)	pass
Ethambutol	tbprofiler	SRR31248724	Resistant	0	NULL	fail
Isoniazid	tbprofiler	SRR31248724	Resistant	0	NULL	fail
Pyrazinamide	tbprofiler	SRR31248724	Resistant	0	NULL	fail
Rifampicin	tbprofiler	SRR31248724	Resistant	1	rpoB_p.Ser450Tyr(0.31)	fail
Ethambutol	tbprofiler	SRR31248725	Resistant	1	embB_p.Met306Val(1.00)	pass
Isoniazid	tbprofiler	SRR31248725	Resistant	1	katG_p.Ser315Thr(1.00)	pass
Pyrazinamide	tbprofiler	SRR31248725	Susceptible	0	NULL	pass
Rifampicin	tbprofiler	SRR31248725	Resistant	1	rpoB_p.Ser450Leu(0.99)	pass
Ethambutol	tbprofiler	SRR31248726	Susceptible	0	NULL	pass
Isoniazid	tbprofiler	SRR31248726	Susceptible	0	NULL	pass
Pyrazinamide	tbprofiler	SRR31248726	Resistant	0	NULL	pass
Rifampicin	tbprofiler	SRR31248726	Susceptible	0	NULL	pass
Ethambutol	tbprofiler	SRR31248727	Susceptible	1	embB_p.Gly406Ala(1.00)	pass
Isoniazid	tbprofiler	SRR31248727	Resistant	1	fabG1_c.-15C>T(0.99)	pass
Pyrazinamide	tbprofiler	SRR31248727	Susceptible	0	NULL	pass
Rifampicin	tbprofiler	SRR31248727	Resistant	1	rpoB_p.Asp435Val(1.00)	pass
Ethambutol	tbprofiler	SRR31248728	Resistant	1	embB_p.Met306Val(1.00)	pass
Isoniazid	tbprofiler	SRR31248728	Resistant	1	katG_p.Ser315Thr(1.00)	pass
Pyrazinamide	tbprofiler	SRR31248728	Resistant	1	pncA_p.Gln141Pro(1.00)	pass
Rifampicin	tbprofiler	SRR31248728	Resistant	1	rpoB_p.Ser450Phe(0.99)	pass
Ethambutol	tbprofiler	SRR31248729	Resistant	1	embB_p.Ser297Ala(0.44),embB_p.Tyr319Ser(0.45)	partial
Isoniazid	tbprofiler	SRR31248729	Resistant	1	fabG1_c.-15C>T(0.44),katG_p.Ser315Thr(1.00)	partial
Pyrazinamide	tbprofiler	SRR31248729	Susceptible	0	NULL	partial
Rifampicin	tbprofiler	SRR31248729	Resistant	1	rpoB_p.Ser450Phe(0.44)	partial
Ethambutol	tbprofiler	SRR31248730	Susceptible	0	NULL	pass
Isoniazid	tbprofiler	SRR31248730	Susceptible	0	NULL	pass
Pyrazinamide	tbprofiler	SRR31248730	Susceptible	0	NULL	pass
Rifampicin	tbprofiler	SRR31248730	Susceptible	0	NULL	pass
Ethambutol	tbprofiler	SRR31248731	Resistant	1	embB_p.Gly406Ser(0.99)	pass
Isoniazid	tbprofiler	SRR31248731	Resistant	1	katG_p.Ser315Thr(1.00)	pass
Pyrazinamide	tbprofiler	SRR31248731	Resistant	1	pncA_p.Gly78Asp(1.00)	pass
Rifampicin	tbprofiler	SRR31248731	Resistant	1	rpoB_p.Ser450Leu(1.00)	pass
Ethambutol	tbprofiler	SRR31248732	Susceptible	0	NULL	pass
Isoniazid	tbprofiler	SRR31248732	Susceptible	0	NULL	pass
Pyrazinamide	tbprofiler	SRR31248732	Susceptible	0	NULL	pass
Rifampicin	tbprofiler	SRR31248732	Susceptible	0	NULL	pass
Ethambutol	tbprofiler	SRR31248733	Resistant	0	NULL	pass
Isoniazid	tbprofiler	SRR31248733	Resistant	0	NULL	pass
Pyrazinamide	tbprofiler	SRR31248733	Susceptible	0	NULL	pass
Rifampicin	tbprofiler	SRR31248733	Susceptible	0	NULL	pass
Ethambutol	tbprofiler	SRR31248734	Susceptible	0	NULL	pass
Isoniazid	tbprofiler	SRR31248734	Susceptible	0	NULL	pass
Pyrazinamide	tbprofiler	SRR31248734	Susceptible	0	NULL	pass
Rifampicin	tbprofiler	SRR31248734	Susceptible	0	NULL	pass
Ethambutol	tbprofiler	SRR31248735	Susceptible	0	NULL	pass
Isoniazid	tbprofiler	SRR31248735	Resistant	0	NULL	pass
Pyrazinamide	tbprofiler	SRR31248735	Susceptible	0	NULL	pass
Rifampicin	tbprofiler	SRR31248735	Susceptible	0	NULL	pass
Ethambutol	tbprofiler	SRR31248736	Susceptible	0	NULL	pass
Isoniazid	tbprofiler	SRR31248736	Susceptible	1	ahpC_p.Pro2Ser(0.31)	pass
Pyrazinamide	tbprofiler	SRR31248736	Resistant	1	pncA_p.His57Asp(0.28)	pass
Rifampicin	tbprofiler	SRR31248736	Susceptible	0	NULL	pass
Ethambutol	tbprofiler	SRR31248737	Susceptible	0	NULL	pass
Isoniazid	tbprofiler	SRR31248737	Susceptible	0	NULL	pass
Pyrazinamide	tbprofiler	SRR31248737	Susceptible	0	NULL	pass
Rifampicin	tbprofiler	SRR31248737	Susceptible	0	NULL	pass
Ethambutol	tbprofiler	SRR31248738	Resistant	1	embB_p.Met306Val(1.00)	pass
Isoniazid	tbprofiler	SRR31248738	Resistant	1	katG_p.Ser315Thr(1.00)	pass
Pyrazinamide	tbprofiler	SRR31248738	Resistant	1	pncA_p.Lys96Gln(0.99)	pass
Rifampicin	tbprofiler	SRR31248738	Resistant	1	rpoB_p.Ser450Leu(0.98)	pass
Ethambutol	tbprofiler	SRR31248739	Susceptible	0	NULL	pass
Isoniazid	tbprofiler	SRR31248739	Susceptible	0	NULL	pass
Pyrazinamide	tbprofiler	SRR31248739	Susceptible	0	NULL	pass
Rifampicin	tbprofiler	SRR31248739	Susceptible	0	NULL	pass
Ethambutol	tbprofiler	SRR31248740	Susceptible	0	NULL	pass
Isoniazid	tbprofiler	SRR31248740	Susceptible	0	NULL	pass
Pyrazinamide	tbprofiler	SRR31248740	Susceptible	0	NULL	pass
Rifampicin	tbprofiler	SRR31248740	Susceptible	0	NULL	pass
Ethambutol	tbprofiler	SRR31248741	Resistant	1	embB_p.Met306Val(0.98)	partial
Isoniazid	tbprofiler	SRR31248741	Resistant	1	katG_p.Ser315Thr(1.00)	partial
Pyrazinamide	tbprofiler	SRR31248741	Resistant	1	pncA_p.Gln141Pro(0.98)	partial
Rifampicin	tbprofiler	SRR31248741	Resistant	1	rpoB_p.Ser450Leu(0.99)	partial
Ethambutol	tbprofiler	SRR31248742	Resistant	1	embB_p.Met306Ile(1.00),embB_p.Gly406Asp(1.00)	pass
Isoniazid	tbprofiler	SRR31248742	Resistant	1	fabG1_c.-15C>T(1.00)	pass
Pyrazinamide	tbprofiler	SRR31248742	Resistant	1	pncA_p.Cys72Arg(0.99)	pass
Rifampicin	tbprofiler	SRR31248742	Resistant	1	rpoB_p.Ser450Leu(0.99)	pass
Ethambutol	tbprofiler	SRR31248743	Susceptible	0	NULL	pass
Isoniazid	tbprofiler	SRR31248743	Susceptible	0	NULL	pass
Pyrazinamide	tbprofiler	SRR31248743	Susceptible	0	NULL	pass
Rifampicin	tbprofiler	SRR31248743	Susceptible	0	NULL	pass
Ethambutol	tbprofiler	SRR31248744	Susceptible	0	NULL	pass
Isoniazid	tbprofiler	SRR31248744	Susceptible	0	NULL	pass
Pyrazinamide	tbprofiler	SRR31248744	Susceptible	0	NULL	pass
Rifampicin	tbprofiler	SRR31248744	Susceptible	0	NULL	pass
Ethambutol	tbprofiler	SRR31248745	Susceptible	0	NULL	pass
Isoniazid	tbprofiler	SRR31248745	Susceptible	0	NULL	pass
Pyrazinamide	tbprofiler	SRR31248745	Susceptible	0	NULL	pass
Rifampicin	tbprofiler	SRR31248745	Susceptible	0	NULL	pass
Ethambutol	tbprofiler	SRR31248746	Susceptible	0	NULL	pass
Isoniazid	tbprofiler	SRR31248746	Susceptible	0	NULL	pass
Pyrazinamide	tbprofiler	SRR31248746	Susceptible	0	NULL	pass
Rifampicin	tbprofiler	SRR31248746	Susceptible	0	NULL	pass
Ethambutol	tbprofiler	SRR31248747	Susceptible	0	NULL	pass
Isoniazid	tbprofiler	SRR31248747	Susceptible	0	NULL	pass
Pyrazinamide	tbprofiler	SRR31248747	Susceptible	0	NULL	pass
Rifampicin	tbprofiler	SRR31248747	Susceptible	0	NULL	pass
Ethambutol	tbprofiler	SRR31248748	Susceptible	0	NULL	pass
Isoniazid	tbprofiler	SRR31248748	Susceptible	0	NULL	pass
Pyrazinamide	tbprofiler	SRR31248748	Susceptible	0	NULL	pass
Rifampicin	tbprofiler	SRR31248748	Susceptible	0	NULL	pass
Ethambutol	tbprofiler	SRR31248749	Resistant	1	embB_p.Met306Val(1.00)	pass
Isoniazid	tbprofiler	SRR31248749	Resistant	1	katG_p.Ser315Thr(1.00)	pass
Pyrazinamide	tbprofiler	SRR31248749	Resistant	1	pncA_p.Lys96Gln(1.00)	pass
Rifampicin	tbprofiler	SRR31248749	Resistant	1	rpoB_p.Ser450Leu(1.00)	pass
Ethambutol	tbprofiler	SRR31248750	Susceptible	0	NULL	pass
Isoniazid	tbprofiler	SRR31248750	Susceptible	0	NULL	pass
Pyrazinamide	tbprofiler	SRR31248750	Susceptible	0	NULL	pass
Rifampicin	tbprofiler	SRR31248750	Susceptible	0	NULL	pass
Ethambutol	tbprofiler	SRR31248752	Susceptible	0	NULL	pass
Isoniazid	tbprofiler	SRR31248752	Susceptible	0	NULL	pass
Pyrazinamide	tbprofiler	SRR31248752	Susceptible	0	NULL	pass
Rifampicin	tbprofiler	SRR31248752	Susceptible	0	NULL	pass
Ethambutol	tbprofiler	SRR31248753	Resistant	0	NULL	partial
Isoniazid	tbprofiler	SRR31248753	Resistant	0	NULL	partial
Pyrazinamide	tbprofiler	SRR31248753	Susceptible	0	NULL	partial
Rifampicin	tbprofiler	SRR31248753	Susceptible	0	NULL	partial
Ethambutol	tbprofiler	SRR31248754	Resistant	1	embB_p.Asp354Ala(0.24)	fail
Isoniazid	tbprofiler	SRR31248754	Resistant	0	NULL	fail
Pyrazinamide	tbprofiler	SRR31248754	Resistant	1	pncA_p.Asp63Ala(0.14)	fail
Rifampicin	tbprofiler	SRR31248754	Resistant	1	rpoB_p.Ser450Leu(0.24)	fail
Ethambutol	tbprofiler	SRR31248755	Susceptible	0	NULL	pass
Isoniazid	tbprofiler	SRR31248755	Susceptible	0	NULL	pass
Pyrazinamide	tbprofiler	SRR31248755	Resistant	1	pncA_p.His57Asp(0.83)	pass
Rifampicin	tbprofiler	SRR31248755	Susceptible	0	NULL	pass
Ethambutol	tbprofiler	SRR31248756	Susceptible	0	NULL	pass
Isoniazid	tbprofiler	SRR31248756	Susceptible	0	NULL	pass
Pyrazinamide	tbprofiler	SRR31248756	Resistant	1	pncA_p.His57Asp(0.92)	pass
Rifampicin	tbprofiler	SRR31248756	Susceptible	0	NULL	pass
Ethambutol	tbprofiler	SRR31248757	Susceptible	0	NULL	pass
Isoniazid	tbprofiler	SRR31248757	Susceptible	0	NULL	pass
Pyrazinamide	tbprofiler	SRR31248757	Resistant	1	pncA_p.His57Asp(0.83)	pass
Rifampicin	tbprofiler	SRR31248757	Susceptible	0	NULL	pass
Ethambutol	tbprofiler	SRR31248758	Resistant	1	embB_p.Gln497Arg(0.97)	pass
Isoniazid	tbprofiler	SRR31248758	Resistant	1	katG_p.Ser315Thr(0.96)	pass
Pyrazinamide	tbprofiler	SRR31248758	Resistant	1	pncA_c.-11A>G(0.98)	pass
Rifampicin	tbprofiler	SRR31248758	Resistant	1	rpoB_p.Ser450Leu(0.99)	pass
Ethambutol	tbprofiler	SRR31248759	Resistant	1	embB_p.Met306Ile(0.18),embB_p.Tyr334His(0.24),embB_p.Gly406Asp(0.17)	fail
Isoniazid	tbprofiler	SRR31248759	Resistant	1	fabG1_c.-15C>T(0.22)	fail
Pyrazinamide	tbprofiler	SRR31248759	Resistant	1	pncA_p.Cys72Arg(0.16)	fail
Rifampicin	tbprofiler	SRR31248759	Resistant	1	rpoB_p.Ser450Leu(0.97)	fail
Ethambutol	tbprofiler	SRR31248760	Susceptible	0	NULL	pass
Isoniazid	tbprofiler	SRR31248760	Susceptible	0	NULL	pass
Pyrazinamide	tbprofiler	SRR31248760	Susceptible	0	NULL	pass
Rifampicin	tbprofiler	SRR31248760	Susceptible	0	NULL	pass
Ethambutol	tbprofiler	SRR31248761	Susceptible	0	NULL	fail
Isoniazid	tbprofiler	SRR31248761	Resistant	0	NULL	fail
Pyrazinamide	tbprofiler	SRR31248761	Susceptible	0	NULL	fail
Rifampicin	tbprofiler	SRR31248761	Resistant	1	rpoB_p.Ser450Leu(0.14)	fail
Ethambutol	tbprofiler	SRR31248763	Susceptible	0	NULL	pass
Isoniazid	tbprofiler	SRR31248763	Susceptible	0	NULL	pass
Pyrazinamide	tbprofiler	SRR31248763	Susceptible	0	NULL	pass
Rifampicin	tbprofiler	SRR31248763	Susceptible	0	NULL	pass
Ethambutol	tbprofiler	SRR31248764	Susceptible	0	NULL	pass
Isoniazid	tbprofiler	SRR31248764	Susceptible	0	NULL	pass
Pyrazinamide	tbprofiler	SRR31248764	Susceptible	0	NULL	pass
Rifampicin	tbprofiler	SRR31248764	Susceptible	0	NULL	pass
Ethambutol	tbprofiler	SRR31248765	Susceptible	0	NULL	pass
Isoniazid	tbprofiler	SRR31248765	Susceptible	0	NULL	pass
Pyrazinamide	tbprofiler	SRR31248765	Susceptible	0	NULL	pass
Rifampicin	tbprofiler	SRR31248765	Susceptible	0	NULL	pass
Ethambutol	tbprofiler	SRR31248766	Resistant	0	NULL	fail
Isoniazid	tbprofiler	SRR31248766	Resistant	0	NULL	fail
Pyrazinamide	tbprofiler	SRR31248766	Resistant	0	NULL	fail
Rifampicin	tbprofiler	SRR31248766	Resistant	0	NULL	fail
Ethambutol	tbprofiler	SRR31248767	Susceptible	0	NULL	partial
Isoniazid	tbprofiler	SRR31248767	Susceptible	0	NULL	partial
Pyrazinamide	tbprofiler	SRR31248767	Susceptible	0	NULL	partial
Rifampicin	tbprofiler	SRR31248767	Resistant	1	rpoB_p.His445Asp(0.99)	partial
Ethambutol	tbprofiler	SRR31248768	Susceptible	0	NULL	pass
Isoniazid	tbprofiler	SRR31248768	Resistant	0	NULL	pass
Pyrazinamide	tbprofiler	SRR31248768	Susceptible	0	NULL	pass
Rifampicin	tbprofiler	SRR31248768	Resistant	0	NULL	pass
Ethambutol	tbprofiler	SRR31248769	Susceptible	0	NULL	pass
Isoniazid	tbprofiler	SRR31248769	Resistant	0	NULL	pass
Pyrazinamide	tbprofiler	SRR31248769	Susceptible	0	NULL	pass
Rifampicin	tbprofiler	SRR31248769	Resistant	1	rpoB_p.Ser450Leu(0.99)	pass
Ethambutol	tbprofiler	SRR31248770	Susceptible	0	NULL	pass
Isoniazid	tbprofiler	SRR31248770	Susceptible	0	NULL	pass
Pyrazinamide	tbprofiler	SRR31248770	Susceptible	0	NULL	pass
Rifampicin	tbprofiler	SRR31248770	Susceptible	0	NULL	pass
Ethambutol	tbprofiler	SRR31248771	Susceptible	0	NULL	pass
Isoniazid	tbprofiler	SRR31248771	Susceptible	0	NULL	pass
Pyrazinamide	tbprofiler	SRR31248771	Susceptible	0	NULL	pass
Rifampicin	tbprofiler	SRR31248771	Susceptible	0	NULL	pass
Ethambutol	tbprofiler	SRR31248772	Susceptible	0	NULL	partial
Isoniazid	tbprofiler	SRR31248772	Resistant	0	NULL	partial
Pyrazinamide	tbprofiler	SRR31248772	Susceptible	0	NULL	partial
Rifampicin	tbprofiler	SRR31248772	Susceptible	0	NULL	partial
Ethambutol	tbprofiler	SRR31248773	Susceptible	0	NULL	fail
Isoniazid	tbprofiler	SRR31248773	Susceptible	1	fabG1_c.-15C>T(0.93)	fail
Pyrazinamide	tbprofiler	SRR31248773	Susceptible	1	pncA_p.His71Arg(0.76)	fail
Rifampicin	tbprofiler	SRR31248773	Susceptible	1	rpoB_p.Ser450Leu(0.70)	fail
Ethambutol	tbprofiler	SRR31248774	Resistant	1	embB_p.Gln497Arg(1.00)	fail
Isoniazid	tbprofiler	SRR31248774	Resistant	0	NULL	fail
Pyrazinamide	tbprofiler	SRR31248774	Resistant	1	pncA_p.Gly132Ala(0.86)	fail
Rifampicin	tbprofiler	SRR31248774	Resistant	1	rpoB_p.Ser450Leu(0.96)	fail
Ethambutol	tbprofiler	SRR31248775	Resistant	1	embB_p.Met306Val(1.00)	pass
Isoniazid	tbprofiler	SRR31248775	Resistant	1	katG_p.Ser315Thr(1.00)	pass
Pyrazinamide	tbprofiler	SRR31248775	Resistant	1	pncA_p.Leu27Pro(1.00)	pass
Rifampicin	tbprofiler	SRR31248775	Resistant	1	rpoB_p.Ser450Leu(0.99)	pass
Ethambutol	tbprofiler	SRR31248776	Resistant	1	embB_p.Met306Val(0.72)	pass
Isoniazid	tbprofiler	SRR31248776	Resistant	1	fabG1_c.-15C>T(0.67),katG_p.Ser315Thr(0.98)	pass
Pyrazinamide	tbprofiler	SRR31248776	Resistant	1	pncA_p.Leu27Pro(0.68)	pass
Rifampicin	tbprofiler	SRR31248776	Resistant	1	rpoB_p.Ser450Leu(0.70)	pass
Ethambutol	tbprofiler	SRR31248777	Resistant	1	embB_p.Gln497Arg(1.00)	partial
Isoniazid	tbprofiler	SRR31248777	Resistant	1	fabG1_c.-15C>T(1.00),katG_p.Ser315Thr(1.00)	partial
Pyrazinamide	tbprofiler	SRR31248777	Resistant	1	pncA_p.Gly132Ala(0.99)	partial
Rifampicin	tbprofiler	SRR31248777	Resistant	1	rpoB_p.Ser450Leu(1.00)	partial
Ethambutol	tbprofiler	SRR31248778	Resistant	0	NULL	pass
Isoniazid	tbprofiler	SRR31248778	Resistant	1	katG_p.Ser315Thr(1.00)	pass
Pyrazinamide	tbprofiler	SRR31248778	Susceptible	0	NULL	pass
Rifampicin	tbprofiler	SRR31248778	Resistant	1	rpoB_p.Gln432Pro(1.00)	pass
Ethambutol	tbprofiler	SRR31248779	Resistant	1	embB_p.Met306Val(1.00)	pass
Isoniazid	tbprofiler	SRR31248779	Resistant	1	katG_p.Ser315Thr(1.00)	pass
Pyrazinamide	tbprofiler	SRR31248779	Resistant	1	pncA_p.Asp136Gly(1.00)	pass
Rifampicin	tbprofiler	SRR31248779	Resistant	1	rpoB_p.Ser450Leu(1.00)	pass
Ethambutol	tbprofiler	SRR31248780	Resistant	1	embB_p.Met306Ile(1.00)	pass
Isoniazid	tbprofiler	SRR31248780	Resistant	0	NULL	pass
Pyrazinamide	tbprofiler	SRR31248780	Resistant	0	NULL	pass
Rifampicin	tbprofiler	SRR31248780	Resistant	1	rpoB_p.Ser450Leu(1.00)	pass
Ethambutol	tbprofiler	SRR31248781	Resistant	1	embB_p.Gln497Arg(1.00)	pass
Isoniazid	tbprofiler	SRR31248781	Resistant	1	katG_p.Ser315Thr(1.00)	pass
Pyrazinamide	tbprofiler	SRR31248781	Resistant	1	pncA_p.Trp68Gly(1.00)	pass
Rifampicin	tbprofiler	SRR31248781	Resistant	1	rpoB_p.Ser450Leu(1.00)	pass
Ethambutol	tbprofiler	SRR31248782	Resistant	1	embB_p.Met306Ile(1.00),embB_p.Gln497Lys(1.00)	pass
Isoniazid	tbprofiler	SRR31248782	Resistant	1	katG_p.Ser315Thr(1.00),ahpC_c.-52C>T(1.00)	pass
Pyrazinamide	tbprofiler	SRR31248782	Resistant	0	NULL	pass
Rifampicin	tbprofiler	SRR31248782	Resistant	1	rpoB_p.Ser450Leu(1.00)	pass
Ethambutol	tbprofiler	SRR31248783	Susceptible	0	NULL	pass
Isoniazid	tbprofiler	SRR31248783	Resistant	1	katG_p.Ser315Thr(1.00)	pass
Pyrazinamide	tbprofiler	SRR31248783	Susceptible	0	NULL	pass
Rifampicin	tbprofiler	SRR31248783	Resistant	1	rpoB_p.Ser450Trp(1.00)	pass
Ethambutol	tbprofiler	SRR31248784	Susceptible	0	NULL	pass
Isoniazid	tbprofiler	SRR31248784	Susceptible	0	NULL	pass
Pyrazinamide	tbprofiler	SRR31248784	Susceptible	0	NULL	pass
Rifampicin	tbprofiler	SRR31248784	Susceptible	0	NULL	pass
Ethambutol	tbprofiler	SRR31248786	Resistant	0	NULL	pass
Isoniazid	tbprofiler	SRR31248786	Resistant	1	katG_p.Ser315Thr(0.98)	pass
Pyrazinamide	tbprofiler	SRR31248786	Resistant	1	pncA_p.Ile5Ser(0.98)	pass
Rifampicin	tbprofiler	SRR31248786	Resistant	1	rpoB_p.Ser450Leu(1.00)	pass
Ethambutol	tbprofiler	SRR31248787	Resistant	1	embB_p.Met306Val(1.00)	pass
Isoniazid	tbprofiler	SRR31248787	Resistant	1	fabG1_c.-15C>T(1.00),katG_p.Ser315Thr(1.00)	pass
Pyrazinamide	tbprofiler	SRR31248787	Resistant	1	pncA_p.Leu27Pro(1.00)	pass
Rifampicin	tbprofiler	SRR31248787	Resistant	1	rpoB_p.Ser450Leu(1.00)	pass
Ethambutol	tbprofiler	SRR31248788	Susceptible	0	NULL	pass
Isoniazid	tbprofiler	SRR31248788	Susceptible	0	NULL	pass
Pyrazinamide	tbprofiler	SRR31248788	Susceptible	0	NULL	pass
Rifampicin	tbprofiler	SRR31248788	Susceptible	0	NULL	pass
Ethambutol	tbprofiler	SRR31248789	Resistant	1	embB_p.Met306Val(0.27)	pass
Isoniazid	tbprofiler	SRR31248789	Resistant	1	fabG1_c.-15C>T(1.00)	pass
Pyrazinamide	tbprofiler	SRR31248789	Resistant	0	NULL	pass
Rifampicin	tbprofiler	SRR31248789	Resistant	1	rpoB_p.Ser450Leu(0.97)	pass
Ethambutol	tbprofiler	SRR31248790	Resistant	0	NULL	pass
Isoniazid	tbprofiler	SRR31248790	Resistant	1	fabG1_c.-15C>T(1.00),inhA_p.Ser94Ala(1.00)	pass
Pyrazinamide	tbprofiler	SRR31248790	Susceptible	0	NULL	pass
Rifampicin	tbprofiler	SRR31248790	Susceptible	1	rpoB_p.His445Asn(0.99)	pass
Ethambutol	tbprofiler	SRR31248791	Resistant	0	NULL	pass
Isoniazid	tbprofiler	SRR31248791	Resistant	1	katG_p.Ser315Thr(1.00)	pass
Pyrazinamide	tbprofiler	SRR31248791	Susceptible	0	NULL	pass
Rifampicin	tbprofiler	SRR31248791	Resistant	1	rpoB_p.Ser450Leu(0.95)	pass
Ethambutol	tbprofiler	SRR31248792	Resistant	0	NULL	fail
Isoniazid	tbprofiler	SRR31248792	Resistant	0	NULL	fail
Pyrazinamide	tbprofiler	SRR31248792	Resistant	0	NULL	fail
Rifampicin	tbprofiler	SRR31248792	Resistant	0	NULL	fail
Ethambutol	tbprofiler	SRR31248793	Resistant	1	embB_p.Met306Val(1.00)	pass
Isoniazid	tbprofiler	SRR31248793	Resistant	1	katG_p.Ser315Thr(1.00)	pass
Pyrazinamide	tbprofiler	SRR31248793	Susceptible	0	NULL	pass
Rifampicin	tbprofiler	SRR31248793	Resistant	1	rpoB_p.Ser450Leu(1.00)	pass
Ethambutol	tbprofiler	SRR31248794	Resistant	1	embB_p.Met306Val(1.00)	pass
Isoniazid	tbprofiler	SRR31248794	Resistant	1	fabG1_c.-15C>T(0.97),inhA_p.Ser94Ala(0.98)	pass
Pyrazinamide	tbprofiler	SRR31248794	Resistant	1	pncA_p.Val139Gly(0.99)	pass
Rifampicin	tbprofiler	SRR31248794	Resistant	1	rpoB_p.Ser450Leu(1.00)	pass
Ethambutol	tbprofiler	SRR31248795	Resistant	1	embB_p.Met306Val(1.00)	pass
Isoniazid	tbprofiler	SRR31248795	Resistant	1	katG_p.Ser315Thr(1.00)	pass
Pyrazinamide	tbprofiler	SRR31248795	Resistant	0	NULL	pass
Rifampicin	tbprofiler	SRR31248795	Resistant	1	rpoB_p.Ser450Leu(1.00)	pass
Ethambutol	tbprofiler	SRR31248796	Resistant	0	NULL	pass
Isoniazid	tbprofiler	SRR31248796	Resistant	1	katG_p.Ser315Thr(1.00)	pass
Pyrazinamide	tbprofiler	SRR31248796	Resistant	1	pncA_p.Ile5Ser(1.00)	pass
Rifampicin	tbprofiler	SRR31248796	Resistant	1	rpoB_p.Ser450Leu(1.00)	pass
Ethambutol	tbprofiler	SRR31248797	Resistant	0	NULL	fail
Isoniazid	tbprofiler	SRR31248797	Resistant	0	NULL	fail
Pyrazinamide	tbprofiler	SRR31248797	Resistant	0	NULL	fail
Rifampicin	tbprofiler	SRR31248797	Resistant	1	rpoB_p.Ser450Leu(1.00)	fail
Ethambutol	tbprofiler	SRR31248798	Susceptible	0	NULL	pass
Isoniazid	tbprofiler	SRR31248798	Resistant	1	katG_p.Ser315Thr(1.00)	pass
Pyrazinamide	tbprofiler	SRR31248798	Susceptible	0	NULL	pass
Rifampicin	tbprofiler	SRR31248798	Resistant	1	rpoB_p.Ser450Leu(0.99)	pass
Ethambutol	tbprofiler	SRR31248799	Susceptible	0	NULL	fail
Isoniazid	tbprofiler	SRR31248799	Susceptible	0	NULL	fail
Pyrazinamide	tbprofiler	SRR31248799	Susceptible	0	NULL	fail
Rifampicin	tbprofiler	SRR31248799	Susceptible	0	NULL	fail
Ethambutol	tbprofiler	SRR31248800	Susceptible	0	NULL	fail
Isoniazid	tbprofiler	SRR31248800	Susceptible	1	katG_p.Asn138Thr(0.17)	fail
Pyrazinamide	tbprofiler	SRR31248800	Susceptible	0	NULL	fail
Rifampicin	tbprofiler	SRR31248800	Resistant	0	NULL	fail
Ethambutol	tbprofiler	SRR31248801	Susceptible	0	NULL	fail
Isoniazid	tbprofiler	SRR31248801	Resistant	0	NULL	fail
Pyrazinamide	tbprofiler	SRR31248801	Resistant	0	NULL	fail
Rifampicin	tbprofiler	SRR31248801	Resistant	0	NULL	fail
Ethambutol	tbprofiler	SRR31248802	Susceptible	1	embB_p.Met306Val(1.00)	pass
Isoniazid	tbprofiler	SRR31248802	Resistant	1	katG_p.Ser315Thr(1.00)	pass
Pyrazinamide	tbprofiler	SRR31248802	Resistant	0	NULL	pass
Rifampicin	tbprofiler	SRR31248802	Resistant	1	rpoB_p.Ser450Leu(0.99)	pass
Ethambutol	tbprofiler	SRR31248803	Susceptible	0	NULL	pass
Isoniazid	tbprofiler	SRR31248803	Susceptible	0	NULL	pass
Pyrazinamide	tbprofiler	SRR31248803	Susceptible	0	NULL	pass
Rifampicin	tbprofiler	SRR31248803	Susceptible	0	NULL	pass
Ethambutol	tbprofiler	SRR31248804	Susceptible	1	embB_p.Met306Val(0.99)	pass
Isoniazid	tbprofiler	SRR31248804	Resistant	1	katG_p.Ser315Thr(1.00)	pass
Pyrazinamide	tbprofiler	SRR31248804	Resistant	1	pncA_c.-11A>G(0.99)	pass
Rifampicin	tbprofiler	SRR31248804	Resistant	1	rpoB_p.Ser450Leu(0.99)	pass
Ethambutol	tbprofiler	SRR31248805	Susceptible	1	embB_p.Met306Val(1.00)	pass
Isoniazid	tbprofiler	SRR31248805	Resistant	1	katG_p.Ser315Thr(1.00)	pass
Pyrazinamide	tbprofiler	SRR31248805	Susceptible	0	NULL	pass
Rifampicin	tbprofiler	SRR31248805	Resistant	1	rpoB_p.Ser450Leu(0.99)	pass
Ethambutol	tbprofiler	SRR31248806	Resistant	1	embB_p.Gln497Arg(1.00)	pass
Isoniazid	tbprofiler	SRR31248806	Resistant	1	fabG1_c.-15C>T(1.00),katG_p.Ser315Thr(1.00)	pass
Pyrazinamide	tbprofiler	SRR31248806	Resistant	1	pncA_p.Gly132Ala(1.00)	pass
Rifampicin	tbprofiler	SRR31248806	Resistant	1	rpoB_p.Ser450Leu(1.00)	pass
Ethambutol	tbprofiler	SRR31248807	Resistant	1	embB_p.Met306Val(1.00)	pass
Isoniazid	tbprofiler	SRR31248807	Resistant	1	katG_p.Ser315Thr(1.00)	pass
Pyrazinamide	tbprofiler	SRR31248807	Susceptible	0	NULL	pass
Rifampicin	tbprofiler	SRR31248807	Resistant	1	rpoB_p.Ser450Leu(1.00)	pass
Ethambutol	tbprofiler	SRR31248808	Resistant	1	embB_p.Tyr319Ser(1.00)	pass
Isoniazid	tbprofiler	SRR31248808	Resistant	1	katG_p.Ser315Thr(1.00)	pass
Pyrazinamide	tbprofiler	SRR31248808	Susceptible	0	NULL	pass
Rifampicin	tbprofiler	SRR31248808	Resistant	1	rpoB_p.Ser450Leu(1.00)	pass
Ethambutol	tbprofiler	SRR31248809	Susceptible	0	NULL	pass
Isoniazid	tbprofiler	SRR31248809	Resistant	1	fabG1_c.-8T>C(1.00),katG_p.Ser315Thr(1.00)	pass
Pyrazinamide	tbprofiler	SRR31248809	Resistant	1	pncA_c.523_523del(0.97)	pass
Rifampicin	tbprofiler	SRR31248809	Resistant	1	rpoB_p.Ser450Leu(1.00)	pass
Ethambutol	tbprofiler	SRR31248810	Resistant	1	embB_p.Gly406Ala(1.00)	pass
Isoniazid	tbprofiler	SRR31248810	Resistant	1	katG_p.Ser315Thr(1.00)	pass
Pyrazinamide	tbprofiler	SRR31248810	Resistant	0	NULL	pass
Rifampicin	tbprofiler	SRR31248810	Resistant	1	rpoB_p.Ser450Leu(1.00)	pass
Ethambutol	tbprofiler	SRR31248811	Susceptible	0	NULL	partial
Isoniazid	tbprofiler	SRR31248811	Susceptible	0	NULL	partial
Pyrazinamide	tbprofiler	SRR31248811	Susceptible	0	NULL	partial
Rifampicin	tbprofiler	SRR31248811	Susceptible	0	NULL	partial
Ethambutol	tbprofiler	SRR31248812	Resistant	1	embB_p.Met306Val(1.00)	pass
Isoniazid	tbprofiler	SRR31248812	Resistant	1	katG_p.Ser315Thr(1.00)	pass
Pyrazinamide	tbprofiler	SRR31248812	Susceptible	1	pncA_p.Leu151Ser(1.00)	pass
Rifampicin	tbprofiler	SRR31248812	Resistant	1	rpoB_p.Ser450Leu(1.00)	pass
Ethambutol	tbprofiler	SRR31248813	Susceptible	0	NULL	pass
Isoniazid	tbprofiler	SRR31248813	Resistant	1	katG_p.Ser315Thr(1.00)	pass
Pyrazinamide	tbprofiler	SRR31248813	Resistant	0	NULL	pass
Rifampicin	tbprofiler	SRR31248813	Resistant	1	rpoB_p.Ser450Leu(1.00)	pass
Ethambutol	tbprofiler	SRR31248814	Susceptible	0	NULL	fail
Isoniazid	tbprofiler	SRR31248814	Resistant	0	NULL	fail
Pyrazinamide	tbprofiler	SRR31248814	Resistant	0	NULL	fail
Rifampicin	tbprofiler	SRR31248814	Resistant	0	NULL	fail
Ethambutol	tbprofiler	SRR31248815	Resistant	1	embB_p.Met306Val(1.00)	pass
Isoniazid	tbprofiler	SRR31248815	Resistant	1	fabG1_c.-15C>T(1.00)	pass
Pyrazinamide	tbprofiler	SRR31248815	Resistant	1	pncA_c.51_52insC(0.95)	pass
Rifampicin	tbprofiler	SRR31248815	Resistant	1	rpoB_p.Ser450Leu(0.99)	pass
Ethambutol	tbprofiler	SRR31248816	Resistant	0	NULL	pass
Isoniazid	tbprofiler	SRR31248816	Resistant	1	katG_p.Ser315Thr(1.00)	pass
Pyrazinamide	tbprofiler	SRR31248816	Resistant	1	pncA_p.Ile5Ser(0.99)	pass
Rifampicin	tbprofiler	SRR31248816	Resistant	1	rpoB_p.Ser450Leu(0.98)	pass
Ethambutol	tbprofiler	SRR31248817	Resistant	1	embB_p.Gln497Arg(1.00)	pass
Isoniazid	tbprofiler	SRR31248817	Resistant	1	katG_p.Ser315Thr(1.00)	pass
Pyrazinamide	tbprofiler	SRR31248817	Resistant	1	pncA_c.189_200del(0.90)	pass
Rifampicin	tbprofiler	SRR31248817	Resistant	1	rpoB_p.Ser450Leu(0.98)	pass
Ethambutol	tbprofiler	SRR31248818	Resistant	1	embB_p.Met306Val(1.00)	pass
Isoniazid	tbprofiler	SRR31248818	Resistant	1	katG_p.Ser315Thr(1.00)	pass
Pyrazinamide	tbprofiler	SRR31248818	Resistant	1	pncA_p.Leu27Pro(1.00)	pass
Rifampicin	tbprofiler	SRR31248818	Resistant	1	rpoB_p.Ser450Leu(1.00)	pass
Ethambutol	tbprofiler	SRR31248819	Susceptible	0	NULL	fail
Isoniazid	tbprofiler	SRR31248819	Resistant	0	NULL	fail
Pyrazinamide	tbprofiler	SRR31248819	Susceptible	0	NULL	fail
Rifampicin	tbprofiler	SRR31248819	Susceptible	0	NULL	fail
Ethambutol	tbprofiler	SRR31248820	Susceptible	1	embB_p.Gln497Arg(1.00)	pass
Isoniazid	tbprofiler	SRR31248820	Resistant	1	katG_p.Ser315Thr(1.00)	pass
Pyrazinamide	tbprofiler	SRR31248820	Resistant	1	pncA_p.Phe94Leu(1.00)	pass
Rifampicin	tbprofiler	SRR31248820	Resistant	1	rpoB_p.Ser450Leu(1.00)	pass
Ethambutol	tbprofiler	SRR31248821	Resistant	1	embB_p.Met306Val(0.99)	pass
Isoniazid	tbprofiler	SRR31248821	Resistant	1	katG_p.Ser315Thr(1.00)	pass
Pyrazinamide	tbprofiler	SRR31248821	Susceptible	0	NULL	pass
Rifampicin	tbprofiler	SRR31248821	Resistant	1	rpoB_p.Ser450Leu(1.00)	pass
Ethambutol	tbprofiler	SRR31248822	Susceptible	0	NULL	pass
Isoniazid	tbprofiler	SRR31248822	Susceptible	0	NULL	pass
Pyrazinamide	tbprofiler	SRR31248822	Susceptible	0	NULL	pass
Rifampicin	tbprofiler	SRR31248822	Susceptible	0	NULL	pass
Ethambutol	tbprofiler	SRR31248823	Susceptible	0	NULL	pass
Isoniazid	tbprofiler	SRR31248823	Resistant	1	katG_p.Ser315Thr(1.00)	pass
Pyrazinamide	tbprofiler	SRR31248823	Susceptible	0	NULL	pass
Rifampicin	tbprofiler	SRR31248823	Susceptible	1	rpoB_p.Leu430Pro(1.00)	pass
Ethambutol	tbprofiler	SRR31248824	Resistant	1	embB_p.Met306Val(1.00)	pass
Isoniazid	tbprofiler	SRR31248824	Resistant	1	katG_p.Ser315Thr(1.00)	pass
Pyrazinamide	tbprofiler	SRR31248824	Resistant	1	pncA_c.-11A>G(1.00)	pass
Rifampicin	tbprofiler	SRR31248824	Resistant	1	rpoB_p.Ser450Leu(1.00)	pass
Ethambutol	tbprofiler	SRR31248825	Resistant	0	NULL	fail
Isoniazid	tbprofiler	SRR31248825	Resistant	1	ahpC_c.-48G>A(0.96)	fail
Pyrazinamide	tbprofiler	SRR31248825	Resistant	0	NULL	fail
Rifampicin	tbprofiler	SRR31248825	Resistant	1	rpoB_p.Ser450Leu(1.00)	fail
Ethambutol	tbprofiler	SRR31248826	Susceptible	0	NULL	pass
Isoniazid	tbprofiler	SRR31248826	Resistant	0	NULL	pass
Pyrazinamide	tbprofiler	SRR31248826	Susceptible	0	NULL	pass
Rifampicin	tbprofiler	SRR31248826	Susceptible	0	NULL	pass
Ethambutol	tbprofiler	SRR31248827	Resistant	1	embB_p.Met306Val(0.99)	pass
Isoniazid	tbprofiler	SRR31248827	Resistant	1	katG_p.Ser315Thr(1.00)	pass
Pyrazinamide	tbprofiler	SRR31248827	Resistant	1	pncA_p.Val139Ala(1.00)	pass
Rifampicin	tbprofiler	SRR31248827	Resistant	1	rpoB_p.Ser450Leu(1.00)	pass
Ethambutol	tbprofiler	SRR31248828	Resistant	1	embB_p.Gln497Arg(1.00)	pass
Isoniazid	tbprofiler	SRR31248828	Resistant	1	fabG1_c.-15C>T(0.98),katG_p.Ser315Thr(1.00)	pass
Pyrazinamide	tbprofiler	SRR31248828	Resistant	1	pncA_p.Gly132Ala(0.99)	pass
Rifampicin	tbprofiler	SRR31248828	Resistant	1	rpoB_p.Ser450Leu(1.00)	pass
Ethambutol	tbprofiler	SRR31248829	Resistant	0	NULL	pass
Isoniazid	tbprofiler	SRR31248829	Resistant	1	katG_p.Ser315Thr(1.00)	pass
Pyrazinamide	tbprofiler	SRR31248829	Susceptible	0	NULL	pass
Rifampicin	tbprofiler	SRR31248829	Resistant	1	rpoB_p.Ser450Leu(0.99)	pass
Ethambutol	tbprofiler	SRR31248830	Resistant	1	embB_p.Met306Val(1.00)	pass
Isoniazid	tbprofiler	SRR31248830	Resistant	1	katG_p.Ser315Thr(1.00)	pass
Pyrazinamide	tbprofiler	SRR31248830	Resistant	1	pncA_p.His71Tyr(0.98)	pass
Rifampicin	tbprofiler	SRR31248830	Resistant	1	rpoB_p.Ser450Leu(1.00)	pass
Ethambutol	tbprofiler	SRR31248831	Resistant	1	embB_p.Gln497Arg(0.99)	pass
Isoniazid	tbprofiler	SRR31248831	Resistant	1	fabG1_c.-15C>T(1.00),katG_p.Ser315Thr(1.00)	pass
Pyrazinamide	tbprofiler	SRR31248831	Resistant	1	pncA_p.Gly132Ala(1.00)	pass
Rifampicin	tbprofiler	SRR31248831	Resistant	1	rpoB_p.Ser450Leu(1.00)	pass
Ethambutol	tbprofiler	SRR31248832	Resistant	1	embB_p.Met306Val(1.00)	pass
Isoniazid	tbprofiler	SRR31248832	Resistant	1	katG_p.Ser315Thr(1.00)	pass
Pyrazinamide	tbprofiler	SRR31248832	Susceptible	0	NULL	pass
Rifampicin	tbprofiler	SRR31248832	Resistant	1	rpoB_p.Ser450Leu(1.00)	pass
Ethambutol	tbprofiler	SRR31248833	Resistant	1	embB_p.Met306Val(1.00)	pass
Isoniazid	tbprofiler	SRR31248833	Resistant	1	katG_p.Ser315Thr(1.00)	pass
Pyrazinamide	tbprofiler	SRR31248833	Resistant	0	NULL	pass
Rifampicin	tbprofiler	SRR31248833	Resistant	1	rpoB_p.Ser450Leu(1.00)	pass
Ethambutol	tbprofiler	SRR31248834	Resistant	1	embB_p.Gln497Arg(1.00)	pass
Isoniazid	tbprofiler	SRR31248834	Resistant	1	fabG1_c.-15C>T(1.00),katG_p.Ser315Thr(1.00)	pass
Pyrazinamide	tbprofiler	SRR31248834	Resistant	1	pncA_p.Gly132Ala(1.00)	pass
Rifampicin	tbprofiler	SRR31248834	Resistant	1	rpoB_p.Ser450Leu(1.00)	pass
Ethambutol	tbprofiler	SRR31248835	Susceptible	0	NULL	pass
Isoniazid	tbprofiler	SRR31248835	Resistant	1	katG_p.Ser315Thr(1.00)	pass
Pyrazinamide	tbprofiler	SRR31248835	Susceptible	0	NULL	pass
Rifampicin	tbprofiler	SRR31248835	Susceptible	0	NULL	pass
Ethambutol	tbprofiler	SRR31248836	Resistant	1	embB_p.Met306Val(1.00)	pass
Isoniazid	tbprofiler	SRR31248836	Resistant	1	katG_p.Ser315Thr(1.00)	pass
Pyrazinamide	tbprofiler	SRR31248836	Resistant	1	pncA_p.Leu19Pro(0.99)	pass
Rifampicin	tbprofiler	SRR31248836	Resistant	1	rpoB_p.Ser450Leu(1.00)	pass
Ethambutol	tbprofiler	SRR31248837	Susceptible	0	NULL	pass
Isoniazid	tbprofiler	SRR31248837	Resistant	1	katG_p.Ser315Thr(1.00)	pass
Pyrazinamide	tbprofiler	SRR31248837	Susceptible	0	NULL	pass
Rifampicin	tbprofiler	SRR31248837	Susceptible	0	NULL	pass
Ethambutol	tbprofiler	SRR31248838	Susceptible	1	embB_p.Met306Leu(1.00)	pass
Isoniazid	tbprofiler	SRR31248838	Resistant	1	fabG1_c.-15C>T(1.00),katG_p.Ser315Thr(1.00)	pass
Pyrazinamide	tbprofiler	SRR31248838	Resistant	1	pncA_p.Lys96Thr(1.00)	pass
Rifampicin	tbprofiler	SRR31248838	Resistant	1	rpoB_p.Asp435Val(1.00)	pass
Ethambutol	tbprofiler	SRR31248839	Resistant	1	embB_p.Met306Val(0.99)	pass
Isoniazid	tbprofiler	SRR31248839	Resistant	1	fabG1_c.-15C>T(1.00),katG_p.Ser315Thr(1.00)	pass
Pyrazinamide	tbprofiler	SRR31248839	Resistant	1	pncA_p.Leu27Pro(1.00)	pass
Rifampicin	tbprofiler	SRR31248839	Resistant	1	rpoB_p.Ser450Leu(1.00)	pass
Ethambutol	tbprofiler	SRR31248840	Resistant	1	embB_p.Met306Val(0.32)	pass
Isoniazid	tbprofiler	SRR31248840	Resistant	1	katG_p.Ser315Thr(1.00)	pass
Pyrazinamide	tbprofiler	SRR31248840	Resistant	1	pncA_p.Val139Ala(0.35),pncA_p.Thr135Pro(0.64)	pass
Rifampicin	tbprofiler	SRR31248840	Resistant	1	rpoB_p.Ser450Leu(1.00)	pass
Ethambutol	tbprofiler	SRR31248841	Resistant	1	embB_p.Met306Val(1.00)	pass
Isoniazid	tbprofiler	SRR31248841	Resistant	1	katG_p.Ser315Thr(1.00)	pass
Pyrazinamide	tbprofiler	SRR31248841	Resistant	1	pncA_p.Gly108Arg(1.00)	pass
Rifampicin	tbprofiler	SRR31248841	Resistant	1	rpoB_p.Ser450Leu(0.99)	pass
Ethambutol	tbprofiler	SRR31248842	Resistant	1	embB_p.Met306Val(1.00)	pass
Isoniazid	tbprofiler	SRR31248842	Resistant	1	katG_p.Ser315Thr(1.00)	pass
Pyrazinamide	tbprofiler	SRR31248842	Susceptible	0	NULL	pass
Rifampicin	tbprofiler	SRR31248842	Resistant	1	rpoB_p.Ser450Leu(1.00)	pass
Ethambutol	tbprofiler	SRR31248843	Susceptible	1	embB_p.Gln497Arg(1.00)	pass
Isoniazid	tbprofiler	SRR31248843	Resistant	1	fabG1_c.-15C>T(1.00),katG_p.Ser315Thr(1.00)	pass
Pyrazinamide	tbprofiler	SRR31248843	Resistant	1	pncA_p.Gly132Ala(1.00)	pass
Rifampicin	tbprofiler	SRR31248843	Resistant	1	rpoB_p.Ser450Leu(1.00)	pass
Ethambutol	tbprofiler	SRR31248844	Resistant	1	embB_p.Gln497Arg(0.99)	pass
Isoniazid	tbprofiler	SRR31248844	Resistant	1	fabG1_c.-15C>T(1.00),katG_p.Ser315Thr(1.00)	pass
Pyrazinamide	tbprofiler	SRR31248844	Resistant	1	pncA_p.Gly132Ala(1.00)	pass
Rifampicin	tbprofiler	SRR31248844	Resistant	1	rpoB_p.Ser450Leu(1.00)	pass
Ethambutol	tbprofiler	SRR31248845	Resistant	1	embB_p.Met306Ile(1.00)	pass
Isoniazid	tbprofiler	SRR31248845	Resistant	1	katG_p.Ser315Thr(1.00)	pass
Pyrazinamide	tbprofiler	SRR31248845	Susceptible	0	NULL	pass
Rifampicin	tbprofiler	SRR31248845	Resistant	1	rpoB_p.Ser450Leu(1.00)	pass
Ethambutol	tbprofiler	SRR31248846	Susceptible	0	NULL	pass
Isoniazid	tbprofiler	SRR31248846	Resistant	0	NULL	pass
Pyrazinamide	tbprofiler	SRR31248846	Susceptible	0	NULL	pass
Rifampicin	tbprofiler	SRR31248846	Resistant	1	rpoB_p.Ser450Leu(1.00)	pass
Ethambutol	tbprofiler	SRR31248847	Resistant	1	embB_p.Met306Val(1.00)	pass
Isoniazid	tbprofiler	SRR31248847	Resistant	1	katG_p.Ser315Thr(1.00)	pass
Pyrazinamide	tbprofiler	SRR31248847	Resistant	1	pncA_p.Asp136Gly(1.00)	pass
Rifampicin	tbprofiler	SRR31248847	Resistant	1	rpoB_p.Ser450Leu(1.00)	pass
Ethambutol	tbprofiler	SRR31248848	Susceptible	0	NULL	fail
Isoniazid	tbprofiler	SRR31248848	Susceptible	0	NULL	fail
Pyrazinamide	tbprofiler	SRR31248848	Susceptible	0	NULL	fail
Rifampicin	tbprofiler	SRR31248848	Susceptible	0	NULL	fail
Ethambutol	tbprofiler	SRR31248849	Resistant	1	embB_p.Met306Val(0.99)	pass
Isoniazid	tbprofiler	SRR31248849	Resistant	1	fabG1_c.-15C>T(1.00),katG_p.Ser315Thr(1.00)	pass
Pyrazinamide	tbprofiler	SRR31248849	Resistant	0	NULL	pass
Rifampicin	tbprofiler	SRR31248849	Resistant	1	rpoB_p.Ser450Leu(1.00)	pass
Ethambutol	tbprofiler	SRR31248850	Resistant	1	embB_p.Met306Val(0.99)	pass
Isoniazid	tbprofiler	SRR31248850	Resistant	1	katG_p.Ser315Thr(1.00)	pass
Pyrazinamide	tbprofiler	SRR31248850	Resistant	1	pncA_p.Asp49Gly(1.00)	pass
Rifampicin	tbprofiler	SRR31248850	Resistant	1	rpoB_p.Ser450Leu(1.00)	pass
Ethambutol	tbprofiler	SRR31248851	Resistant	1	embB_p.Met306Ile(1.00)	pass
Isoniazid	tbprofiler	SRR31248851	Resistant	1	katG_p.Ser315Thr(1.00)	pass
Pyrazinamide	tbprofiler	SRR31248851	Resistant	1	pncA_p.Val139Ala(0.36)	pass
Rifampicin	tbprofiler	SRR31248851	Resistant	1	rpoB_p.Ser450Leu(1.00)	pass
Ethambutol	tbprofiler	SRR31248852	Resistant	1	embB_p.Met306Val(1.00)	pass
Isoniazid	tbprofiler	SRR31248852	Resistant	1	katG_p.Ser315Thr(1.00)	pass
Pyrazinamide	tbprofiler	SRR31248852	Susceptible	0	NULL	pass
Rifampicin	tbprofiler	SRR31248852	Resistant	1	rpoB_p.Ser450Leu(1.00)	pass
Ethambutol	tbprofiler	SRR31248853	Resistant	1	embB_p.Met306Val(0.83)	pass
Isoniazid	tbprofiler	SRR31248853	Resistant	1	katG_p.Ser315Thr(1.00)	pass
Pyrazinamide	tbprofiler	SRR31248853	Resistant	1	pncA_p.Asp136Gly(0.89)	pass
Rifampicin	tbprofiler	SRR31248853	Resistant	1	rpoB_p.Ser450Leu(1.00)	pass
Ethambutol	tbprofiler	SRR31248854	Resistant	0	NULL	pass
Isoniazid	tbprofiler	SRR31248854	Resistant	1	katG_p.Ser315Thr(1.00)	pass
Pyrazinamide	tbprofiler	SRR31248854	Resistant	1	pncA_p.Ile5Ser(1.00)	pass
Rifampicin	tbprofiler	SRR31248854	Resistant	1	rpoB_p.Ser450Leu(1.00)	pass
Ethambutol	tbprofiler	SRR31248855	Susceptible	1	embB_p.Met306Val(1.00)	pass
Isoniazid	tbprofiler	SRR31248855	Resistant	1	katG_p.Ser315Thr(1.00)	pass
Pyrazinamide	tbprofiler	SRR31248855	Susceptible	0	NULL	pass
Rifampicin	tbprofiler	SRR31248855	Resistant	1	rpoB_p.Ser450Leu(0.98)	pass
Ethambutol	tbprofiler	SRR31248856	Resistant	1	embB_p.Met306Val(1.00)	pass
Isoniazid	tbprofiler	SRR31248856	Resistant	1	katG_p.Ser315Thr(1.00)	pass
Pyrazinamide	tbprofiler	SRR31248856	Resistant	1	pncA_c.-11A>G(1.00)	pass
Rifampicin	tbprofiler	SRR31248856	Resistant	1	rpoB_p.Ser450Leu(1.00)	pass
Ethambutol	tbprofiler	SRR31248857	Resistant	1	embB_p.Met306Val(1.00)	pass
Isoniazid	tbprofiler	SRR31248857	Resistant	1	katG_p.Ser315Thr(1.00)	pass
Pyrazinamide	tbprofiler	SRR31248857	Resistant	1	pncA_p.Leu27Pro(0.99)	pass
Rifampicin	tbprofiler	SRR31248857	Resistant	1	rpoB_p.Ser450Leu(1.00)	pass
Ethambutol	tbprofiler	SRR31248858	Resistant	0	NULL	pass
Isoniazid	tbprofiler	SRR31248858	Resistant	1	katG_p.Ser315Thr(1.00)	pass
Pyrazinamide	tbprofiler	SRR31248858	Resistant	1	pncA_p.Ile5Ser(1.00)	pass
Rifampicin	tbprofiler	SRR31248858	Resistant	1	rpoB_p.Ser450Leu(1.00)	pass
Ethambutol	tbprofiler	SRR31248859	Resistant	1	embB_p.Gln497Arg(1.00)	pass
Isoniazid	tbprofiler	SRR31248859	Resistant	1	fabG1_c.-15C>T(1.00),katG_p.Ser315Thr(1.00)	pass
Pyrazinamide	tbprofiler	SRR31248859	Resistant	1	pncA_p.Gly132Ala(1.00)	pass
Rifampicin	tbprofiler	SRR31248859	Resistant	1	rpoB_p.Ser450Leu(1.00)	pass
Ethambutol	tbprofiler	SRR31248860	Susceptible	0	NULL	pass
Isoniazid	tbprofiler	SRR31248860	Resistant	1	katG_p.Ser315Thr(1.00)	pass
Pyrazinamide	tbprofiler	SRR31248860	Resistant	1	pncA_p.Tyr34Asp(1.00)	pass
Rifampicin	tbprofiler	SRR31248860	Resistant	1	rpoB_p.Ser450Leu(1.00)	pass
Ethambutol	tbprofiler	SRR31248861	Resistant	1	embB_p.Met306Ile(0.99)	pass
Isoniazid	tbprofiler	SRR31248861	Resistant	1	katG_p.Ser315Thr(1.00)	pass
Pyrazinamide	tbprofiler	SRR31248861	Resistant	1	pncA_p.Cys14Gly(1.00)	pass
Rifampicin	tbprofiler	SRR31248861	Resistant	1	rpoB_p.Ser450Leu(0.99)	pass
Ethambutol	tbprofiler	SRR31248862	Resistant	1	embB_p.Met306Val(1.00)	pass
Isoniazid	tbprofiler	SRR31248862	Resistant	1	katG_p.Ser315Thr(1.00)	pass
Pyrazinamide	tbprofiler	SRR31248862	Resistant	1	pncA_p.Val139Ala(1.00)	pass
Rifampicin	tbprofiler	SRR31248862	Resistant	1	rpoB_p.Ser450Leu(1.00)	pass
Ethambutol	tbprofiler	SRR31248863	Resistant	1	embB_p.Met306Val(0.66)	pass
Isoniazid	tbprofiler	SRR31248863	Resistant	1	katG_p.Ser315Thr(0.70)	pass
Pyrazinamide	tbprofiler	SRR31248863	Resistant	1	pncA_p.Gln141Pro(0.61)	pass
Rifampicin	tbprofiler	SRR31248863	Resistant	1	rpoB_p.Ser450Phe(0.66)	pass
Ethambutol	tbprofiler	SRR31248864	Susceptible	1	embB_p.Met306Ile(1.00)	pass
Isoniazid	tbprofiler	SRR31248864	Resistant	1	fabG1_c.-15C>T(1.00),inhA_p.Ser94Ala(1.00)	pass
Pyrazinamide	tbprofiler	SRR31248864	Resistant	1	pncA_p.Phe106Ser(1.00)	pass
Rifampicin	tbprofiler	SRR31248864	Resistant	1	rpoB_p.Ser450Leu(1.00)	pass
Ethambutol	tbprofiler	SRR31248865	Resistant	1	embB_p.Met306Val(1.00)	pass
Isoniazid	tbprofiler	SRR31248865	Resistant	1	katG_p.Ser315Thr(1.00)	pass
Pyrazinamide	tbprofiler	SRR31248865	Resistant	1	pncA_p.Ile5Ser(1.00)	pass
Rifampicin	tbprofiler	SRR31248865	Resistant	1	rpoB_p.Ser450Leu(1.00),rpoB_p.Ile480Val(1.00)	pass
Ethambutol	tbprofiler	SRR31248866	Susceptible	0	NULL	NOT_RUN
Isoniazid	tbprofiler	SRR31248866	Resistant	0	NULL	NOT_RUN
Pyrazinamide	tbprofiler	SRR31248866	Resistant	0	NULL	NOT_RUN
Rifampicin	tbprofiler	SRR31248866	Resistant	0	NULL	NOT_RUN
Ethambutol	tbprofiler	SRR31248867	Susceptible	1	embB_p.Met306Val(1.00)	pass
Isoniazid	tbprofiler	SRR31248867	Resistant	1	katG_p.Ser315Thr(1.00)	pass
Pyrazinamide	tbprofiler	SRR31248867	Resistant	1	pncA_p.Leu27Pro(1.00)	pass
Rifampicin	tbprofiler	SRR31248867	Resistant	1	rpoB_p.Ser450Leu(1.00)	pass
Ethambutol	tbprofiler	SRR31248868	Resistant	1	embB_p.Gly406Ser(1.00)	pass
Isoniazid	tbprofiler	SRR31248868	Resistant	1	katG_p.Ser315Thr(1.00)	pass
Pyrazinamide	tbprofiler	SRR31248868	Resistant	0	NULL	pass
Rifampicin	tbprofiler	SRR31248868	Resistant	1	rpoB_p.Ser450Leu(1.00)	pass
Ethambutol	tbprofiler	SRR31248869	Susceptible	0	NULL	pass
Isoniazid	tbprofiler	SRR31248869	Resistant	1	fabG1_c.-15C>T(1.00)	pass
Pyrazinamide	tbprofiler	SRR31248869	Susceptible	0	NULL	pass
Rifampicin	tbprofiler	SRR31248869	Resistant	1	rpoB_p.Ser450Leu(1.00)	pass
Ethambutol	tbprofiler	SRR31248870	Resistant	1	embB_p.Met306Val(0.99)	pass
Isoniazid	tbprofiler	SRR31248870	Resistant	1	katG_p.Ser315Thr(1.00)	pass
Pyrazinamide	tbprofiler	SRR31248870	Susceptible	0	NULL	pass
Rifampicin	tbprofiler	SRR31248870	Resistant	1	rpoB_p.Ser450Leu(0.98)	pass
Ethambutol	tbprofiler	SRR31248871	Resistant	0	NULL	pass
Isoniazid	tbprofiler	SRR31248871	Resistant	1	katG_p.Ser315Thr(1.00)	pass
Pyrazinamide	tbprofiler	SRR31248871	Resistant	1	pncA_p.Ile5Ser(1.00)	pass
Rifampicin	tbprofiler	SRR31248871	Resistant	1	rpoB_p.Ser450Leu(1.00)	pass
Ethambutol	tbprofiler	SRR31248872	Susceptible	1	embB_p.Gly406Ser(1.00)	pass
Isoniazid	tbprofiler	SRR31248872	Resistant	1	katG_p.Ser315Thr(1.00)	pass
Pyrazinamide	tbprofiler	SRR31248872	Resistant	0	NULL	pass
Rifampicin	tbprofiler	SRR31248872	Resistant	1	rpoB_p.Ser450Leu(1.00)	pass
Ethambutol	tbprofiler	SRR31248873	Resistant	1	embB_p.Met306Leu(1.00)	pass
Isoniazid	tbprofiler	SRR31248873	Resistant	1	fabG1_c.-15C>T(1.00),katG_p.Ser315Thr(1.00)	pass
Pyrazinamide	tbprofiler	SRR31248873	Resistant	1	pncA_p.Val9Gly(1.00)	pass
Rifampicin	tbprofiler	SRR31248873	Resistant	1	rpoB_p.Ser450Leu(0.99)	pass
Ethambutol	tbprofiler	SRR31248874	Susceptible	0	NULL	pass
Isoniazid	tbprofiler	SRR31248874	Susceptible	0	NULL	pass
Pyrazinamide	tbprofiler	SRR31248874	Susceptible	0	NULL	pass
Rifampicin	tbprofiler	SRR31248874	Susceptible	0	NULL	pass
Ethambutol	tbprofiler	SRR31248875	Resistant	0	NULL	pass
Isoniazid	tbprofiler	SRR31248875	Resistant	1	katG_p.Ser315Thr(1.00)	pass
Pyrazinamide	tbprofiler	SRR31248875	Resistant	1	pncA_c.391_392insGG(0.94)	pass
Rifampicin	tbprofiler	SRR31248875	Resistant	1	rpoB_p.Ser450Leu(1.00)	pass
Ethambutol	tbprofiler	SRR31248876	Resistant	1	embB_p.Met306Val(1.00)	pass
Isoniazid	tbprofiler	SRR31248876	Resistant	1	katG_p.Ser315Thr(1.00)	pass
Pyrazinamide	tbprofiler	SRR31248876	Resistant	1	pncA_p.Leu27Pro(1.00)	pass
Rifampicin	tbprofiler	SRR31248876	Resistant	1	rpoB_p.Ser450Leu(1.00)	pass
Ethambutol	tbprofiler	SRR31248877	Susceptible	0	NULL	pass
Isoniazid	tbprofiler	SRR31248877	Resistant	1	katG_p.Ser315Thr(0.33)	pass
Pyrazinamide	tbprofiler	SRR31248877	Susceptible	0	NULL	pass
Rifampicin	tbprofiler	SRR31248877	Susceptible	1	rpoB_p.Asp435Tyr(0.41)	pass
Ethambutol	tbprofiler	SRR31248878	Resistant	1	embB_p.Gly406Asp(1.00)	pass
Isoniazid	tbprofiler	SRR31248878	Resistant	1	katG_p.Ser315Thr(1.00)	pass
Pyrazinamide	tbprofiler	SRR31248878	Susceptible	0	NULL	pass
Rifampicin	tbprofiler	SRR31248878	Resistant	1	rpoB_p.Leu452Pro(0.99)	pass
Ethambutol	tbprofiler	SRR31248879	Resistant	1	embB_p.Met306Ile(1.00)	pass
Isoniazid	tbprofiler	SRR31248879	Resistant	1	katG_p.Ser315Thr(1.00)	pass
Pyrazinamide	tbprofiler	SRR31248879	Resistant	0	NULL	pass
Rifampicin	tbprofiler	SRR31248879	Resistant	1	rpoB_p.Ser450Leu(1.00)	pass
Ethambutol	tbprofiler	SRR31248880	Resistant	1	embB_p.Met306Val(1.00)	pass
Isoniazid	tbprofiler	SRR31248880	Resistant	1	fabG1_c.-15C>T(1.00),katG_p.Ser315Thr(1.00)	pass
Pyrazinamide	tbprofiler	SRR31248880	Resistant	1	pncA_p.Leu27Pro(1.00)	pass
Rifampicin	tbprofiler	SRR31248880	Resistant	1	rpoB_p.Ser450Leu(1.00)	pass
Ethambutol	tbprofiler	SRR31248881	Resistant	1	embB_p.Met306Val(1.00)	pass
Isoniazid	tbprofiler	SRR31248881	Resistant	1	katG_p.Ser315Thr(1.00)	pass
Pyrazinamide	tbprofiler	SRR31248881	Resistant	1	pncA_p.Asp136Gly(1.00)	pass
Rifampicin	tbprofiler	SRR31248881	Resistant	1	rpoB_p.Ser450Leu(0.99)	pass
Ethambutol	tbprofiler	SRR31248882	Susceptible	0	NULL	pass
Isoniazid	tbprofiler	SRR31248882	Susceptible	0	NULL	pass
Pyrazinamide	tbprofiler	SRR31248882	Susceptible	0	NULL	pass
Rifampicin	tbprofiler	SRR31248882	Susceptible	1	rpoB_p.Ser431Gly(1.00)	pass
Ethambutol	tbprofiler	SRR31248883	Resistant	0	NULL	pass
Isoniazid	tbprofiler	SRR31248883	Resistant	1	katG_p.Ser315Thr(1.00)	pass
Pyrazinamide	tbprofiler	SRR31248883	Resistant	1	pncA_p.Ile5Ser(1.00)	pass
Rifampicin	tbprofiler	SRR31248883	Resistant	1	rpoB_p.Ser450Leu(1.00)	pass
Ethambutol	tbprofiler	SRR31248884	Resistant	1	embB_p.Met306Val(1.00)	pass
Isoniazid	tbprofiler	SRR31248884	Resistant	1	katG_p.Ser315Thr(1.00)	pass
Pyrazinamide	tbprofiler	SRR31248884	Susceptible	0	NULL	pass
Rifampicin	tbprofiler	SRR31248884	Resistant	1	rpoB_p.Ser450Leu(1.00)	pass
Ethambutol	tbprofiler	SRR31248885	Susceptible	0	NULL	pass
Isoniazid	tbprofiler	SRR31248885	Susceptible	0	NULL	pass
Pyrazinamide	tbprofiler	SRR31248885	Susceptible	0	NULL	pass
Rifampicin	tbprofiler	SRR31248885	Susceptible	0	NULL	pass
Ethambutol	tbprofiler	SRR31248886	Susceptible	1	embB_p.Met306Val(0.91)	fail
Isoniazid	tbprofiler	SRR31248886	Resistant	1	fabG1_c.-15C>T(0.98),katG_p.Ser315Thr(1.00)	fail
Pyrazinamide	tbprofiler	SRR31248886	Resistant	1	pncA_p.Thr142Ala(0.92)	fail
Rifampicin	tbprofiler	SRR31248886	Resistant	1	rpoB_p.Ser450Leu(0.99)	fail
Ethambutol	tbprofiler	SRR31248887	Susceptible	0	NULL	pass
Isoniazid	tbprofiler	SRR31248887	Resistant	1	fabG1_c.-8T>A(1.00),katG_p.Ser315Thr(1.00)	pass
Pyrazinamide	tbprofiler	SRR31248887	Resistant	1	pncA_p.Ile5Ser(1.00)	pass
Rifampicin	tbprofiler	SRR31248887	Resistant	1	rpoB_p.Ser450Leu(1.00)	pass
Ethambutol	tbprofiler	SRR31248888	Resistant	1	embB_p.Met306Ile(1.00),embB_p.Asp354Ala(0.97)	pass
Isoniazid	tbprofiler	SRR31248888	Resistant	1	katG_p.Ser315Thr(1.00)	pass
Pyrazinamide	tbprofiler	SRR31248888	Resistant	1	pncA_p.Asp8Tyr(0.98)	pass
Rifampicin	tbprofiler	SRR31248888	Resistant	1	rpoB_p.His445Tyr(0.98)	pass
Ethambutol	tbprofiler	SRR31248889	Resistant	1	embB_p.Met306Ile(0.94)	fail
Isoniazid	tbprofiler	SRR31248889	Resistant	1	katG_p.Ser315Thr(1.00)	fail
Pyrazinamide	tbprofiler	SRR31248889	Susceptible	0	NULL	fail
Rifampicin	tbprofiler	SRR31248889	Resistant	1	rpoB_p.Ser450Leu(1.00)	fail
Ethambutol	tbprofiler	SRR31248890	Resistant	0	NULL	pass
Isoniazid	tbprofiler	SRR31248890	Resistant	0	NULL	pass
Pyrazinamide	tbprofiler	SRR31248890	Susceptible	0	NULL	pass
Rifampicin	tbprofiler	SRR31248890	Resistant	0	NULL	pass
Ethambutol	tbprofiler	SRR31248891	Susceptible	0	NULL	pass
Isoniazid	tbprofiler	SRR31248891	Susceptible	0	NULL	pass
Pyrazinamide	tbprofiler	SRR31248891	Susceptible	0	NULL	pass
Rifampicin	tbprofiler	SRR31248891	Susceptible	0	NULL	pass
Ethambutol	tbprofiler	SRR31248892	Resistant	1	embB_p.Tyr334His(1.00)	pass
Isoniazid	tbprofiler	SRR31248892	Resistant	1	fabG1_c.-15C>T(1.00),katG_p.Ser315Thr(1.00)	pass
Pyrazinamide	tbprofiler	SRR31248892	Resistant	1	pncA_p.His71Arg(1.00)	pass
Rifampicin	tbprofiler	SRR31248892	Resistant	1	rpoB_p.Ser450Leu(1.00)	pass
Ethambutol	tbprofiler	SRR31248893	Susceptible	0	NULL	pass
Isoniazid	tbprofiler	SRR31248893	Susceptible	0	NULL	pass
Pyrazinamide	tbprofiler	SRR31248893	Susceptible	0	NULL	pass
Rifampicin	tbprofiler	SRR31248893	Susceptible	0	NULL	pass
Ethambutol	tbprofiler	SRR31248894	Susceptible	0	NULL	pass
Isoniazid	tbprofiler	SRR31248894	Susceptible	0	NULL	pass
Pyrazinamide	tbprofiler	SRR31248894	Susceptible	0	NULL	pass
Rifampicin	tbprofiler	SRR31248894	Susceptible	0	NULL	pass
Ethambutol	tbprofiler	SRR31248895	Susceptible	0	NULL	pass
Isoniazid	tbprofiler	SRR31248895	Susceptible	0	NULL	pass
Pyrazinamide	tbprofiler	SRR31248895	Resistant	0	NULL	pass
Rifampicin	tbprofiler	SRR31248895	Susceptible	0	NULL	pass
Ethambutol	tbprofiler	SRR31248896	Susceptible	0	NULL	pass
Isoniazid	tbprofiler	SRR31248896	Susceptible	0	NULL	pass
Pyrazinamide	tbprofiler	SRR31248896	Susceptible	0	NULL	pass
Rifampicin	tbprofiler	SRR31248896	Susceptible	0	NULL	pass
Ethambutol	tbprofiler	SRR31248897	Resistant	0	NULL	pass
Isoniazid	tbprofiler	SRR31248897	Susceptible	0	NULL	pass
Pyrazinamide	tbprofiler	SRR31248897	Susceptible	0	NULL	pass
Rifampicin	tbprofiler	SRR31248897	Susceptible	0	NULL	pass
Ethambutol	tbprofiler	SRR31248898	Resistant	0	NULL	fail
Isoniazid	tbprofiler	SRR31248898	Resistant	0	NULL	fail
Pyrazinamide	tbprofiler	SRR31248898	Resistant	0	NULL	fail
Rifampicin	tbprofiler	SRR31248898	Resistant	1	rpoB_p.Ser450Tyr(0.43)	fail
Ethambutol	tbprofiler	SRR31248899	Resistant	1	embB_p.Tyr319Cys(1.00)	pass
Isoniazid	tbprofiler	SRR31248899	Resistant	1	katG_p.Ser315Thr(1.00)	pass
Pyrazinamide	tbprofiler	SRR31248899	Resistant	1	pncA_p.Val139Gly(1.00)	pass
Rifampicin	tbprofiler	SRR31248899	Resistant	1	rpoB_p.Ser450Leu(1.00)	pass
Ethambutol	tbprofiler	SRR31248900	Susceptible	0	NULL	pass
Isoniazid	tbprofiler	SRR31248900	Susceptible	0	NULL	pass
Pyrazinamide	tbprofiler	SRR31248900	Susceptible	0	NULL	pass
Rifampicin	tbprofiler	SRR31248900	Susceptible	0	NULL	pass
Ethambutol	tbprofiler	SRR31248901	Susceptible	0	NULL	pass
Isoniazid	tbprofiler	SRR31248901	Susceptible	0	NULL	pass
Pyrazinamide	tbprofiler	SRR31248901	Susceptible	0	NULL	pass
Rifampicin	tbprofiler	SRR31248901	Susceptible	0	NULL	pass
Ethambutol	tbprofiler	SRR31248902	Susceptible	0	NULL	pass
Isoniazid	tbprofiler	SRR31248902	Susceptible	0	NULL	pass
Pyrazinamide	tbprofiler	SRR31248902	Susceptible	0	NULL	pass
Rifampicin	tbprofiler	SRR31248902	Susceptible	0	NULL	pass
Ethambutol	tbprofiler	SRR31248903	Susceptible	0	NULL	partial
Isoniazid	tbprofiler	SRR31248903	Susceptible	0	NULL	partial
Pyrazinamide	tbprofiler	SRR31248903	Susceptible	0	NULL	partial
Rifampicin	tbprofiler	SRR31248903	Susceptible	0	NULL	partial
Ethambutol	tbprofiler	SRR31248904	Susceptible	0	NULL	pass
Isoniazid	tbprofiler	SRR31248904	Resistant	1	katG_p.Ser315Thr(1.00)	pass
Pyrazinamide	tbprofiler	SRR31248904	Resistant	0	NULL	pass
Rifampicin	tbprofiler	SRR31248904	Resistant	1	rpoB_p.Ser450Leu(1.00)	pass
Ethambutol	tbprofiler	SRR31248905	Susceptible	0	NULL	fail
Isoniazid	tbprofiler	SRR31248905	Susceptible	0	NULL	fail
Pyrazinamide	tbprofiler	SRR31248905	Susceptible	0	NULL	fail
Rifampicin	tbprofiler	SRR31248905	Susceptible	1	rpoB_p.Ser450Leu(0.31)	fail
Ethambutol	tbprofiler	SRR31248906	Susceptible	0	NULL	pass
Isoniazid	tbprofiler	SRR31248906	Susceptible	0	NULL	pass
Pyrazinamide	tbprofiler	SRR31248906	Susceptible	0	NULL	pass
Rifampicin	tbprofiler	SRR31248906	Susceptible	0	NULL	pass
Ethambutol	tbprofiler	SRR31248907	Susceptible	0	NULL	pass
Isoniazid	tbprofiler	SRR31248907	Susceptible	0	NULL	pass
Pyrazinamide	tbprofiler	SRR31248907	Susceptible	0	NULL	pass
Rifampicin	tbprofiler	SRR31248907	Susceptible	0	NULL	pass
Ethambutol	tbprofiler	SRR31248908	Susceptible	0	NULL	pass
Isoniazid	tbprofiler	SRR31248908	Susceptible	0	NULL	pass
Pyrazinamide	tbprofiler	SRR31248908	Susceptible	0	NULL	pass
Rifampicin	tbprofiler	SRR31248908	Susceptible	0	NULL	pass
Ethambutol	tbprofiler	SRR31248909	Susceptible	0	NULL	pass
Isoniazid	tbprofiler	SRR31248909	Susceptible	0	NULL	pass
Pyrazinamide	tbprofiler	SRR31248909	Susceptible	0	NULL	pass
Rifampicin	tbprofiler	SRR31248909	Susceptible	0	NULL	pass
Ethambutol	tbprofiler	SRR31248910	Susceptible	0	NULL	pass
Isoniazid	tbprofiler	SRR31248910	Susceptible	0	NULL	pass
Pyrazinamide	tbprofiler	SRR31248910	Susceptible	0	NULL	pass
Rifampicin	tbprofiler	SRR31248910	Susceptible	0	NULL	pass
Ethambutol	tbprofiler	SRR31248911	Susceptible	0	NULL	pass
Isoniazid	tbprofiler	SRR31248911	Susceptible	0	NULL	pass
Pyrazinamide	tbprofiler	SRR31248911	Resistant	0	NULL	pass
Rifampicin	tbprofiler	SRR31248911	Susceptible	0	NULL	pass
Ethambutol	tbprofiler	SRR31248913	Susceptible	0	NULL	fail
Isoniazid	tbprofiler	SRR31248913	Susceptible	1	fabG1_c.-15C>T(0.38),ahpC_c.-52C>T(0.67)	fail
Pyrazinamide	tbprofiler	SRR31248913	Susceptible	1	pncA_p.His71Asn(0.17)	fail
Rifampicin	tbprofiler	SRR31248913	Susceptible	1	rpoB_p.Ser450Leu(0.19)	fail
Ethambutol	tbprofiler	SRR31248914	Susceptible	0	NULL	pass
Isoniazid	tbprofiler	SRR31248914	Resistant	0	NULL	pass
Pyrazinamide	tbprofiler	SRR31248914	Susceptible	0	NULL	pass
Rifampicin	tbprofiler	SRR31248914	Resistant	1	rpoB_p.Ser450Leu(0.61)	pass
Ethambutol	tbprofiler	SRR31248915	Susceptible	0	NULL	pass
Isoniazid	tbprofiler	SRR31248915	Susceptible	0	NULL	pass
Pyrazinamide	tbprofiler	SRR31248915	Susceptible	0	NULL	pass
Rifampicin	tbprofiler	SRR31248915	Susceptible	0	NULL	pass
Ethambutol	tbprofiler	SRR31248916	Susceptible	0	NULL	pass
Isoniazid	tbprofiler	SRR31248916	Susceptible	0	NULL	pass
Pyrazinamide	tbprofiler	SRR31248916	Susceptible	0	NULL	pass
Rifampicin	tbprofiler	SRR31248916	Susceptible	0	NULL	pass
Ethambutol	tbprofiler	SRR31248917	Susceptible	0	NULL	fail
Isoniazid	tbprofiler	SRR31248917	Susceptible	0	NULL	fail
Pyrazinamide	tbprofiler	SRR31248917	Susceptible	0	NULL	fail
Rifampicin	tbprofiler	SRR31248917	Susceptible	0	NULL	fail
Ethambutol	tbprofiler	SRR31248918	Resistant	1	embB_p.Gly406Ala(1.00)	pass
Isoniazid	tbprofiler	SRR31248918	Resistant	1	katG_p.Ser315Thr(1.00)	pass
Pyrazinamide	tbprofiler	SRR31248918	Susceptible	1	pncA_p.Thr47Ala(1.00)	pass
Rifampicin	tbprofiler	SRR31248918	Resistant	1	rpoB_p.Ser450Leu(1.00)	pass
Ethambutol	tbprofiler	SRR31248919	Susceptible	0	NULL	pass
Isoniazid	tbprofiler	SRR31248919	Susceptible	0	NULL	pass
Pyrazinamide	tbprofiler	SRR31248919	Susceptible	0	NULL	pass
Rifampicin	tbprofiler	SRR31248919	Susceptible	0	NULL	pass
Ethambutol	tbprofiler	SRR31248920	Susceptible	0	NULL	pass
Isoniazid	tbprofiler	SRR31248920	Resistant	1	katG_p.Ser315Thr(1.00)	pass
Pyrazinamide	tbprofiler	SRR31248920	Susceptible	0	NULL	pass
Rifampicin	tbprofiler	SRR31248920	Susceptible	0	NULL	pass
Ethambutol	tbprofiler	SRR31248921	Susceptible	0	NULL	pass
Isoniazid	tbprofiler	SRR31248921	Susceptible	0	NULL	pass
Pyrazinamide	tbprofiler	SRR31248921	Susceptible	0	NULL	pass
Rifampicin	tbprofiler	SRR31248921	Susceptible	0	NULL	pass
Ethambutol	tbprofiler	SRR31248922	Susceptible	0	NULL	pass
Isoniazid	tbprofiler	SRR31248922	Susceptible	0	NULL	pass
Pyrazinamide	tbprofiler	SRR31248922	Susceptible	0	NULL	pass
Rifampicin	tbprofiler	SRR31248922	Susceptible	0	NULL	pass
Ethambutol	tbprofiler	SRR31248923	Susceptible	0	NULL	pass
Isoniazid	tbprofiler	SRR31248923	Susceptible	0	NULL	pass
Pyrazinamide	tbprofiler	SRR31248923	Susceptible	0	NULL	pass
Rifampicin	tbprofiler	SRR31248923	Susceptible	0	NULL	pass
Ethambutol	tbprofiler	SRR31248924	Susceptible	0	NULL	partial
Isoniazid	tbprofiler	SRR31248924	Susceptible	0	NULL	partial
Pyrazinamide	tbprofiler	SRR31248924	Susceptible	0	NULL	partial
Rifampicin	tbprofiler	SRR31248924	Susceptible	0	NULL	partial
Ethambutol	tbprofiler	SRR31248926	Resistant	1	embB_p.Tyr334His(0.99)	pass
Isoniazid	tbprofiler	SRR31248926	Resistant	1	fabG1_c.-15C>T(1.00),katG_p.Ser315Thr(1.00)	pass
Pyrazinamide	tbprofiler	SRR31248926	Susceptible	0	NULL	pass
Rifampicin	tbprofiler	SRR31248926	Resistant	1	rpoB_p.Ser450Leu(0.99)	pass
Ethambutol	tbprofiler	SRR31248927	Susceptible	0	NULL	pass
Isoniazid	tbprofiler	SRR31248927	Susceptible	0	NULL	pass
Pyrazinamide	tbprofiler	SRR31248927	Susceptible	0	NULL	pass
Rifampicin	tbprofiler	SRR31248927	Susceptible	0	NULL	pass
Ethambutol	tbprofiler	SRR31248928	Susceptible	0	NULL	pass
Isoniazid	tbprofiler	SRR31248928	Susceptible	0	NULL	pass
Pyrazinamide	tbprofiler	SRR31248928	Susceptible	0	NULL	pass
Rifampicin	tbprofiler	SRR31248928	Susceptible	0	NULL	pass
Ethambutol	tbprofiler	SRR31248929	Resistant	1	embB_p.Asp354Ala(1.00)	pass
Isoniazid	tbprofiler	SRR31248929	Resistant	1	katG_p.Ser315Thr(0.99)	pass
Pyrazinamide	tbprofiler	SRR31248929	Resistant	1	pncA_p.Asp63Ala(0.99)	pass
Rifampicin	tbprofiler	SRR31248929	Resistant	1	rpoB_p.Ser450Leu(0.99)	pass
Ethambutol	tbprofiler	SRR31248930	Resistant	1	embB_p.Met306Val(0.63)	partial
Isoniazid	tbprofiler	SRR31248930	Resistant	1	katG_p.Ser315Thr(0.63)	partial
Pyrazinamide	tbprofiler	SRR31248930	Resistant	1	pncA_p.Gln141Pro(0.67)	partial
Rifampicin	tbprofiler	SRR31248930	Resistant	1	rpoB_p.Ser450Phe(0.65)	partial
Ethambutol	tbprofiler	SRR31248931	Susceptible	0	NULL	pass
Isoniazid	tbprofiler	SRR31248931	Susceptible	0	NULL	pass
Pyrazinamide	tbprofiler	SRR31248931	Susceptible	0	NULL	pass
Rifampicin	tbprofiler	SRR31248931	Susceptible	0	NULL	pass
Ethambutol	tbprofiler	SRR31248932	Resistant	0	NULL	pass
Isoniazid	tbprofiler	SRR31248932	Susceptible	0	NULL	pass
Pyrazinamide	tbprofiler	SRR31248932	Susceptible	0	NULL	pass
Rifampicin	tbprofiler	SRR31248932	Susceptible	0	NULL	pass
Ethambutol	tbprofiler	SRR31248933	Resistant	1	embB_p.Met306Val(0.71)	pass
Isoniazid	tbprofiler	SRR31248933	Resistant	1	katG_p.Ser315Thr(0.67)	pass
Pyrazinamide	tbprofiler	SRR31248933	Resistant	1	pncA_p.Gln141Pro(0.53)	pass
Rifampicin	tbprofiler	SRR31248933	Resistant	1	rpoB_p.Ser450Phe(0.69)	pass
Ethambutol	tbprofiler	SRR31248934	Susceptible	0	NULL	pass
Isoniazid	tbprofiler	SRR31248934	Susceptible	0	NULL	pass
Pyrazinamide	tbprofiler	SRR31248934	Susceptible	0	NULL	pass
Rifampicin	tbprofiler	SRR31248934	Susceptible	0	NULL	pass
Ethambutol	tbprofiler	SRR31248935	Resistant	1	embB_p.Met306Ile(1.00),embB_p.Gly406Asp(0.99)	pass
Isoniazid	tbprofiler	SRR31248935	Resistant	1	fabG1_c.-15C>T(1.00)	pass
Pyrazinamide	tbprofiler	SRR31248935	Resistant	1	pncA_p.Cys72Arg(1.00)	pass
Rifampicin	tbprofiler	SRR31248935	Resistant	1	rpoB_p.Ser450Leu(1.00)	pass
Ethambutol	tbprofiler	SRR31248936	Susceptible	0	NULL	pass
Isoniazid	tbprofiler	SRR31248936	Susceptible	0	NULL	pass
Pyrazinamide	tbprofiler	SRR31248936	Susceptible	0	NULL	pass
Rifampicin	tbprofiler	SRR31248936	Susceptible	0	NULL	pass
Ethambutol	tbprofiler	SRR31248937	Susceptible	0	NULL	pass
Isoniazid	tbprofiler	SRR31248937	Resistant	1	fabG1_c.-15C>T(0.99)	pass
Pyrazinamide	tbprofiler	SRR31248937	Susceptible	0	NULL	pass
Rifampicin	tbprofiler	SRR31248937	Susceptible	0	NULL	pass
Ethambutol	tbprofiler	SRR31248938	Susceptible	0	NULL	pass
Isoniazid	tbprofiler	SRR31248938	Susceptible	0	NULL	pass
Pyrazinamide	tbprofiler	SRR31248938	Susceptible	0	NULL	pass
Rifampicin	tbprofiler	SRR31248938	Susceptible	0	NULL	pass
Ethambutol	tbprofiler	SRR31248939	Susceptible	0	NULL	partial
Isoniazid	tbprofiler	SRR31248939	Susceptible	1	katG_p.Ser315Thr(0.67),katG_p.Trp91Arg(0.15)	partial
Pyrazinamide	tbprofiler	SRR31248939	Susceptible	0	NULL	partial
Rifampicin	tbprofiler	SRR31248939	Susceptible	0	NULL	partial
Ethambutol	tbprofiler	SRR31248940	Susceptible	0	NULL	pass
Isoniazid	tbprofiler	SRR31248940	Resistant	0	NULL	pass
Pyrazinamide	tbprofiler	SRR31248940	Susceptible	0	NULL	pass
Rifampicin	tbprofiler	SRR31248940	Susceptible	0	NULL	pass
Ethambutol	tbprofiler	SRR31248941	Resistant	1	embB_p.Met306Ile(1.00)	pass
Isoniazid	tbprofiler	SRR31248941	Resistant	1	katG_p.Ser315Thr(0.99)	pass
Pyrazinamide	tbprofiler	SRR31248941	Resistant	0	NULL	pass
Rifampicin	tbprofiler	SRR31248941	Resistant	1	rpoB_p.Ser450Leu(0.99)	pass
Ethambutol	tbprofiler	SRR31248942	Resistant	0	NULL	pass
Isoniazid	tbprofiler	SRR31248942	Resistant	1	katG_p.Ser315Thr(0.99)	pass
Pyrazinamide	tbprofiler	SRR31248942	Resistant	1	pncA_p.Leu85Arg(1.00)	pass
Rifampicin	tbprofiler	SRR31248942	Resistant	1	rpoB_p.Ser450Leu(0.99),rpoB_p.Ile480Thr(0.22)	pass
Ethambutol	tbprofiler	SRR31248944	Susceptible	0	NULL	partial
Isoniazid	tbprofiler	SRR31248944	Susceptible	0	NULL	partial
Pyrazinamide	tbprofiler	SRR31248944	Resistant	0	NULL	partial
Rifampicin	tbprofiler	SRR31248944	Susceptible	0	NULL	partial
Ethambutol	tbprofiler	SRR31248945	Susceptible	0	NULL	pass
Isoniazid	tbprofiler	SRR31248945	Susceptible	0	NULL	pass
Pyrazinamide	tbprofiler	SRR31248945	Susceptible	0	NULL	pass
Rifampicin	tbprofiler	SRR31248945	Susceptible	0	NULL	pass
Ethambutol	tbprofiler	SRR31248946	Susceptible	0	NULL	pass
Isoniazid	tbprofiler	SRR31248946	Susceptible	0	NULL	pass
Pyrazinamide	tbprofiler	SRR31248946	Susceptible	0	NULL	pass
Rifampicin	tbprofiler	SRR31248946	Susceptible	0	NULL	pass
Ethambutol	tbprofiler	SRR31248947	Susceptible	0	NULL	pass
Isoniazid	tbprofiler	SRR31248947	Susceptible	0	NULL	pass
Pyrazinamide	tbprofiler	SRR31248947	Susceptible	0	NULL	pass
Rifampicin	tbprofiler	SRR31248947	Susceptible	0	NULL	pass
Ethambutol	tbprofiler	SRR31248948	Susceptible	0	NULL	pass
Isoniazid	tbprofiler	SRR31248948	Susceptible	0	NULL	pass
Pyrazinamide	tbprofiler	SRR31248948	Susceptible	0	NULL	pass
Rifampicin	tbprofiler	SRR31248948	Susceptible	0	NULL	pass
Ethambutol	tbprofiler	SRR31248949	Susceptible	0	NULL	pass
Isoniazid	tbprofiler	SRR31248949	Resistant	0	NULL	pass
Pyrazinamide	tbprofiler	SRR31248949	Susceptible	0	NULL	pass
Rifampicin	tbprofiler	SRR31248949	Resistant	1	rpoB_p.Gln432Lys(1.00)	pass
Ethambutol	tbprofiler	SRR31248950	Resistant	1	embB_p.Met306Val(1.00)	pass
Isoniazid	tbprofiler	SRR31248950	Resistant	1	katG_p.Ser315Thr(1.00)	pass
Pyrazinamide	tbprofiler	SRR31248950	Resistant	1	pncA_p.Tyr34Asp(1.00)	pass
Rifampicin	tbprofiler	SRR31248950	Resistant	1	rpoB_p.Ser450Leu(1.00)	pass
Ethambutol	tbprofiler	SRR31248951	Susceptible	0	NULL	fail
Isoniazid	tbprofiler	SRR31248951	Susceptible	0	NULL	fail
Pyrazinamide	tbprofiler	SRR31248951	Susceptible	0	NULL	fail
Rifampicin	tbprofiler	SRR31248951	Susceptible	0	NULL	fail
Ethambutol	tbprofiler	SRR31248952	Susceptible	0	NULL	pass
Isoniazid	tbprofiler	SRR31248952	Susceptible	0	NULL	pass
Pyrazinamide	tbprofiler	SRR31248952	Susceptible	0	NULL	pass
Rifampicin	tbprofiler	SRR31248952	Resistant	1	rpoB_p.Ser450Leu(0.75)	pass
Ethambutol	tbprofiler	SRR31248953	Susceptible	0	NULL	pass
Isoniazid	tbprofiler	SRR31248953	Resistant	0	NULL	pass
Pyrazinamide	tbprofiler	SRR31248953	Susceptible	0	NULL	pass
Rifampicin	tbprofiler	SRR31248953	Resistant	1	rpoB_p.His445Tyr(1.00)	pass
Ethambutol	tbprofiler	SRR31248954	Susceptible	0	NULL	pass
Isoniazid	tbprofiler	SRR31248954	Resistant	0	NULL	pass
Pyrazinamide	tbprofiler	SRR31248954	Susceptible	0	NULL	pass
Rifampicin	tbprofiler	SRR31248954	Resistant	1	rpoB_p.Ser450Leu(1.00)	pass
Ethambutol	tbprofiler	SRR31248955	Susceptible	0	NULL	pass
Isoniazid	tbprofiler	SRR31248955	Susceptible	0	NULL	pass
Pyrazinamide	tbprofiler	SRR31248955	Susceptible	0	NULL	pass
Rifampicin	tbprofiler	SRR31248955	Resistant	0	NULL	pass
Ethambutol	tbprofiler	SRR31248956	Susceptible	0	NULL	pass
Isoniazid	tbprofiler	SRR31248956	Resistant	1	katG_p.Ser315Thr(1.00)	pass
Pyrazinamide	tbprofiler	SRR31248956	Resistant	1	pncA_p.Gly108Arg(1.00)	pass
Rifampicin	tbprofiler	SRR31248956	Resistant	1	rpoB_p.Ser450Leu(1.00)	pass
Ethambutol	tbprofiler	SRR31248957	Resistant	1	embB_p.Met306Val(1.00)	pass
Isoniazid	tbprofiler	SRR31248957	Resistant	1	inhA_p.Ile194Thr(1.00)	pass
Pyrazinamide	tbprofiler	SRR31248957	Resistant	1	pncA_p.Gly97Asp(1.00)	pass
Rifampicin	tbprofiler	SRR31248957	Resistant	1	rpoB_p.Ser450Leu(0.99)	pass
Ethambutol	tbprofiler	SRR31248958	Susceptible	0	NULL	pass
Isoniazid	tbprofiler	SRR31248958	Susceptible	0	NULL	pass
Pyrazinamide	tbprofiler	SRR31248958	Susceptible	0	NULL	pass
Rifampicin	tbprofiler	SRR31248958	Susceptible	0	NULL	pass
Ethambutol	tbprofiler	SRR31248959	Resistant	1	embB_p.Met306Ile(1.00)	pass
Isoniazid	tbprofiler	SRR31248959	Resistant	1	katG_p.Ser315Thr(1.00)	pass
Pyrazinamide	tbprofiler	SRR31248959	Resistant	1	pncA_p.Ser104Arg(0.99)	pass
Rifampicin	tbprofiler	SRR31248959	Resistant	1	rpoB_p.Ser450Leu(0.99)	pass
Ethambutol	tbprofiler	SRR31248960	Resistant	1	embB_p.Met306Ile(0.98)	partial
Isoniazid	tbprofiler	SRR31248960	Resistant	1	katG_p.Ser315Thr(1.00)	partial
Pyrazinamide	tbprofiler	SRR31248960	Resistant	1	pncA_p.Ser104Arg(0.99)	partial
Rifampicin	tbprofiler	SRR31248960	Resistant	1	rpoB_p.Ser450Leu(1.00)	partial
Ethambutol	tbprofiler	SRR31248961	Resistant	1	embB_p.Met306Val(0.94)	partial
Isoniazid	tbprofiler	SRR31248961	Resistant	1	katG_p.Ser315Thr(0.97)	partial
Pyrazinamide	tbprofiler	SRR31248961	Resistant	1	pncA_p.Ser59Pro(0.91)	partial
Rifampicin	tbprofiler	SRR31248961	Resistant	1	rpoB_p.Ser450Leu(0.97)	partial
Ethambutol	tbprofiler	SRR31248962	Susceptible	0	NULL	partial
Isoniazid	tbprofiler	SRR31248962	Susceptible	0	NULL	partial
Pyrazinamide	tbprofiler	SRR31248962	Susceptible	0	NULL	partial
Rifampicin	tbprofiler	SRR31248962	Resistant	1	rpoB_p.His445Tyr(1.00)	partial
Ethambutol	tbprofiler	SRR31248963	Susceptible	0	NULL	partial
Isoniazid	tbprofiler	SRR31248963	Susceptible	0	NULL	partial
Pyrazinamide	tbprofiler	SRR31248963	Susceptible	0	NULL	partial
Rifampicin	tbprofiler	SRR31248963	Resistant	1	rpoB_p.His445Leu(0.27),rpoB_p.Ser450Leu(0.57)	partial
Ethambutol	tbprofiler	SRR31248964	Susceptible	0	NULL	pass
Isoniazid	tbprofiler	SRR31248964	Susceptible	0	NULL	pass
Pyrazinamide	tbprofiler	SRR31248964	Susceptible	0	NULL	pass
Rifampicin	tbprofiler	SRR31248964	Susceptible	0	NULL	pass
Ethambutol	tbprofiler	SRR31248965	Susceptible	0	NULL	fail
Isoniazid	tbprofiler	SRR31248965	Susceptible	0	NULL	fail
Pyrazinamide	tbprofiler	SRR31248965	Susceptible	0	NULL	fail
Rifampicin	tbprofiler	SRR31248965	Susceptible	0	NULL	fail
Ethambutol	tbprofiler	SRR31248966	Susceptible	0	NULL	pass
Isoniazid	tbprofiler	SRR31248966	Susceptible	1	fabG1_c.-15C>T(1.00)	pass
Pyrazinamide	tbprofiler	SRR31248966	Susceptible	0	NULL	pass
Rifampicin	tbprofiler	SRR31248966	Susceptible	0	NULL	pass
Ethambutol	tbprofiler	SRR31248967	Susceptible	0	NULL	pass
Isoniazid	tbprofiler	SRR31248967	Susceptible	0	NULL	pass
Pyrazinamide	tbprofiler	SRR31248967	Susceptible	0	NULL	pass
Rifampicin	tbprofiler	SRR31248967	Susceptible	0	NULL	pass
Ethambutol	tbprofiler	SRR31248968	Susceptible	0	NULL	pass
Isoniazid	tbprofiler	SRR31248968	Susceptible	0	NULL	pass
Pyrazinamide	tbprofiler	SRR31248968	Susceptible	0	NULL	pass
Rifampicin	tbprofiler	SRR31248968	Susceptible	0	NULL	pass
Ethambutol	tbprofiler	SRR31248969	Susceptible	0	NULL	pass
Isoniazid	tbprofiler	SRR31248969	Susceptible	0	NULL	pass
Pyrazinamide	tbprofiler	SRR31248969	Susceptible	0	NULL	pass
Rifampicin	tbprofiler	SRR31248969	Susceptible	0	NULL	pass
Ethambutol	tbprofiler	SRR31248970	Susceptible	0	NULL	pass
Isoniazid	tbprofiler	SRR31248970	Susceptible	0	NULL	pass
Pyrazinamide	tbprofiler	SRR31248970	Susceptible	0	NULL	pass
Rifampicin	tbprofiler	SRR31248970	Susceptible	1	rpoB_p.Leu430Pro(1.00)	pass
Ethambutol	tbprofiler	SRR31248971	Susceptible	0	NULL	pass
Isoniazid	tbprofiler	SRR31248971	Susceptible	0	NULL	pass
Pyrazinamide	tbprofiler	SRR31248971	Susceptible	0	NULL	pass
Rifampicin	tbprofiler	SRR31248971	Susceptible	0	NULL	pass
Ethambutol	tbprofiler	SRR31248972	Susceptible	0	NULL	pass
Isoniazid	tbprofiler	SRR31248972	Susceptible	0	NULL	pass
Pyrazinamide	tbprofiler	SRR31248972	Susceptible	0	NULL	pass
Rifampicin	tbprofiler	SRR31248972	Susceptible	0	NULL	pass
Ethambutol	tbprofiler	SRR31248973	Susceptible	0	NULL	fail
Isoniazid	tbprofiler	SRR31248973	Susceptible	0	NULL	fail
Pyrazinamide	tbprofiler	SRR31248973	Susceptible	0	NULL	fail
Rifampicin	tbprofiler	SRR31248973	Susceptible	0	NULL	fail
Ethambutol	tbprofiler	SRR31248974	Susceptible	0	NULL	pass
Isoniazid	tbprofiler	SRR31248974	Susceptible	0	NULL	pass
Pyrazinamide	tbprofiler	SRR31248974	Susceptible	0	NULL	pass
Rifampicin	tbprofiler	SRR31248974	Susceptible	0	NULL	pass
Ethambutol	tbprofiler	SRR31248975	Susceptible	0	NULL	pass
Isoniazid	tbprofiler	SRR31248975	Susceptible	0	NULL	pass
Pyrazinamide	tbprofiler	SRR31248975	Susceptible	0	NULL	pass
Rifampicin	tbprofiler	SRR31248975	Susceptible	1	rpoB_p.Leu452Pro(0.99)	pass
Ethambutol	tbprofiler	SRR31248976	Susceptible	0	NULL	partial
Isoniazid	tbprofiler	SRR31248976	Susceptible	0	NULL	partial
Pyrazinamide	tbprofiler	SRR31248976	Susceptible	0	NULL	partial
Rifampicin	tbprofiler	SRR31248976	Susceptible	0	NULL	partial
Ethambutol	tbprofiler	SRR31248977	Susceptible	0	NULL	partial
Isoniazid	tbprofiler	SRR31248977	Resistant	0	NULL	partial
Pyrazinamide	tbprofiler	SRR31248977	Resistant	0	NULL	partial
Rifampicin	tbprofiler	SRR31248977	Resistant	1	rpoB_p.Ser450Leu(1.00)	partial
Ethambutol	tbprofiler	SRR31248978	Susceptible	0	NULL	pass
Isoniazid	tbprofiler	SRR31248978	Resistant	1	katG_p.Ser315Thr(1.00)	pass
Pyrazinamide	tbprofiler	SRR31248978	Resistant	0	NULL	pass
Rifampicin	tbprofiler	SRR31248978	Susceptible	0	NULL	pass
Ethambutol	tbprofiler	SRR31248979	Susceptible	0	NULL	pass
Isoniazid	tbprofiler	SRR31248979	Susceptible	0	NULL	pass
Pyrazinamide	tbprofiler	SRR31248979	Susceptible	0	NULL	pass
Rifampicin	tbprofiler	SRR31248979	Susceptible	0	NULL	pass
Ethambutol	tbprofiler	SRR31248980	Resistant	1	embB_p.Met306Val(1.00)	pass
Isoniazid	tbprofiler	SRR31248980	Resistant	1	fabG1_c.-8T>A(1.00),katG_p.Ser315Thr(1.00)	pass
Pyrazinamide	tbprofiler	SRR31248980	Resistant	1	pncA_p.Val139Gly(1.00)	pass
Rifampicin	tbprofiler	SRR31248980	Resistant	1	rpoB_p.Ser450Leu(1.00)	pass
Ethambutol	tbprofiler	SRR31248981	Susceptible	0	NULL	pass
Isoniazid	tbprofiler	SRR31248981	Susceptible	0	NULL	pass
Pyrazinamide	tbprofiler	SRR31248981	Susceptible	0	NULL	pass
Rifampicin	tbprofiler	SRR31248981	Resistant	1	rpoB_p.Ser441Gln(1.00)	pass
Ethambutol	tbprofiler	SRR31248982	Susceptible	0	NULL	pass
Isoniazid	tbprofiler	SRR31248982	Susceptible	0	NULL	pass
Pyrazinamide	tbprofiler	SRR31248982	Susceptible	0	NULL	pass
Rifampicin	tbprofiler	SRR31248982	Resistant	1	rpoB_p.His445Tyr(1.00)	pass
Ethambutol	tbprofiler	SRR31248983	Resistant	1	embB_p.Met306Ile(0.98)	partial
Isoniazid	tbprofiler	SRR31248983	Resistant	1	katG_p.Ser315Thr(1.00)	partial
Pyrazinamide	tbprofiler	SRR31248983	Susceptible	0	NULL	partial
Rifampicin	tbprofiler	SRR31248983	Susceptible	1	rpoB_p.Leu452Pro(0.98)	partial
Ethambutol	tbprofiler	SRR31248984	Susceptible	0	NULL	pass
Isoniazid	tbprofiler	SRR31248984	Resistant	0	NULL	pass
Pyrazinamide	tbprofiler	SRR31248984	Resistant	0	NULL	pass
Rifampicin	tbprofiler	SRR31248984	Resistant	1	rpoB_p.Ser450Leu(1.00)	pass
Ethambutol	tbprofiler	SRR31248985	Susceptible	0	NULL	partial
Isoniazid	tbprofiler	SRR31248985	Susceptible	0	NULL	partial
Pyrazinamide	tbprofiler	SRR31248985	Susceptible	0	NULL	partial
Rifampicin	tbprofiler	SRR31248985	Susceptible	1	rpoB_p.Leu430Pro(0.98)	partial
Ethambutol	tbprofiler	SRR31248986	Susceptible	0	NULL	partial
Isoniazid	tbprofiler	SRR31248986	Susceptible	0	NULL	partial
Pyrazinamide	tbprofiler	SRR31248986	Susceptible	0	NULL	partial
Rifampicin	tbprofiler	SRR31248986	Susceptible	1	rpoB_p.Leu430Pro(1.00)	partial
Ethambutol	tbprofiler	SRR31248987	Resistant	1	embB_p.Met306Val(1.00)	pass
Isoniazid	tbprofiler	SRR31248987	Resistant	1	katG_p.Ser315Thr(1.00)	pass
Pyrazinamide	tbprofiler	SRR31248987	Resistant	1	pncA_p.Ser59Pro(1.00)	pass
Rifampicin	tbprofiler	SRR31248987	Resistant	1	rpoB_p.Ser450Leu(1.00)	pass
Ethambutol	tbprofiler	SRR31248988	Susceptible	0	NULL	pass
Isoniazid	tbprofiler	SRR31248988	Susceptible	0	NULL	pass
Pyrazinamide	tbprofiler	SRR31248988	Susceptible	0	NULL	pass
Rifampicin	tbprofiler	SRR31248988	Susceptible	1	rpoB_p.Leu430Pro(1.00)	pass
Ethambutol	tbprofiler	SRR31248989	Resistant	1	embB_p.Met306Ile(1.00)	pass
Isoniazid	tbprofiler	SRR31248989	Resistant	1	fabG1_c.-17G>T(1.00),katG_p.Ser315Thr(1.00)	pass
Pyrazinamide	tbprofiler	SRR31248989	Resistant	0	NULL	pass
Rifampicin	tbprofiler	SRR31248989	Resistant	1	rpoB_p.Asp435Val(1.00)	pass
Ethambutol	tbprofiler	SRR31248990	Resistant	1	embB_p.Met306Val(1.00)	pass
Isoniazid	tbprofiler	SRR31248990	Resistant	1	katG_p.Ser315Thr(1.00)	pass
Pyrazinamide	tbprofiler	SRR31248990	Resistant	1	pncA_c.-11A>G(0.99)	pass
Rifampicin	tbprofiler	SRR31248990	Resistant	1	rpoB_p.Ser450Leu(1.00)	pass
Ethambutol	tbprofiler	SRR31248991	Resistant	1	embB_p.Met306Val(1.00)	pass
Isoniazid	tbprofiler	SRR31248991	Resistant	1	katG_p.Ser315Thr(1.00)	pass
Pyrazinamide	tbprofiler	SRR31248991	Susceptible	0	NULL	pass
Rifampicin	tbprofiler	SRR31248991	Resistant	1	rpoB_p.Ser450Leu(0.99)	pass
Ethambutol	tbprofiler	SRR31248992	Resistant	1	embB_p.Met306Val(1.00)	pass
Isoniazid	tbprofiler	SRR31248992	Resistant	1	katG_p.Ser315Thr(1.00)	pass
Pyrazinamide	tbprofiler	SRR31248992	Susceptible	0	NULL	pass
Rifampicin	tbprofiler	SRR31248992	Resistant	1	rpoB_p.Ser450Leu(1.00)	pass
Ethambutol	tbprofiler	SRR31248994	Susceptible	0	NULL	pass
Isoniazid	tbprofiler	SRR31248994	Susceptible	0	NULL	pass
Pyrazinamide	tbprofiler	SRR31248994	Susceptible	0	NULL	pass
Rifampicin	tbprofiler	SRR31248994	Susceptible	0	NULL	pass
Ethambutol	tbprofiler	SRR31248995	Resistant	1	embB_p.Met306Val(1.00)	pass
Isoniazid	tbprofiler	SRR31248995	Resistant	1	katG_p.Ser315Thr(1.00)	pass
Pyrazinamide	tbprofiler	SRR31248995	Resistant	1	pncA_p.Phe94Ser(0.99)	pass
Rifampicin	tbprofiler	SRR31248995	Resistant	1	rpoB_p.Ser450Trp(1.00)	pass
Ethambutol	tbprofiler	SRR31248996	Resistant	0	NULL	pass
Isoniazid	tbprofiler	SRR31248996	Resistant	1	katG_p.Ser315Thr(1.00)	pass
Pyrazinamide	tbprofiler	SRR31248996	Resistant	1	pncA_p.Ile5Ser(1.00)	pass
Rifampicin	tbprofiler	SRR31248996	Resistant	1	rpoB_p.Ser450Leu(0.98)	pass
Ethambutol	tbprofiler	SRR31248997	Resistant	1	embB_p.Met306Ile(1.00)	pass
Isoniazid	tbprofiler	SRR31248997	Resistant	1	katG_p.Ser315Thr(1.00)	pass
Pyrazinamide	tbprofiler	SRR31248997	Resistant	0	NULL	pass
Rifampicin	tbprofiler	SRR31248997	Resistant	1	rpoB_p.Ser450Leu(1.00)	pass
Ethambutol	tbprofiler	SRR31248998	Resistant	1	embB_p.Met306Val(0.69)	fail
Isoniazid	tbprofiler	SRR31248998	Resistant	0	NULL	fail
Pyrazinamide	tbprofiler	SRR31248998	Resistant	1	pncA_p.Gly132Ala(0.32),pncA_p.Leu27Pro(0.64),pncA_p.Asp8Asn(0.18)	fail
Rifampicin	tbprofiler	SRR31248998	Resistant	1	rpoB_p.Ser431Gly(0.11),rpoB_p.Ser450Leu(0.97)	fail
Ethambutol	tbprofiler	SRR31248999	Resistant	1	embB_p.Met306Val(1.00)	pass
Isoniazid	tbprofiler	SRR31248999	Resistant	1	katG_p.Ser315Thr(1.00)	pass
Pyrazinamide	tbprofiler	SRR31248999	Resistant	0	NULL	pass
Rifampicin	tbprofiler	SRR31248999	Resistant	1	rpoB_p.Ser450Leu(1.00)	pass
Ethambutol	tbprofiler	SRR31249000	Resistant	1	embB_p.Met306Val(1.00)	pass
Isoniazid	tbprofiler	SRR31249000	Resistant	1	katG_p.Ser315Thr(1.00)	pass
Pyrazinamide	tbprofiler	SRR31249000	Resistant	1	pncA_p.Leu151Ser(1.00)	pass
Rifampicin	tbprofiler	SRR31249000	Resistant	1	rpoB_p.Ser450Leu(1.00)	pass
Ethambutol	tbprofiler	SRR31249001	Susceptible	1	embB_p.Met306Val(1.00)	pass
Isoniazid	tbprofiler	SRR31249001	Resistant	1	katG_p.Ser315Thr(1.00)	pass
Pyrazinamide	tbprofiler	SRR31249001	Resistant	1	pncA_p.His71Tyr(0.99)	pass
Rifampicin	tbprofiler	SRR31249001	Resistant	1	rpoB_p.Ser450Leu(1.00)	pass
Ethambutol	tbprofiler	SRR31249002	Resistant	1	embB_p.Gln497Arg(1.00)	pass
Isoniazid	tbprofiler	SRR31249002	Resistant	1	fabG1_c.-15C>T(0.99),katG_p.Ser315Thr(1.00)	pass
Pyrazinamide	tbprofiler	SRR31249002	Resistant	1	pncA_p.Gly132Ala(1.00)	pass
Rifampicin	tbprofiler	SRR31249002	Resistant	1	rpoB_p.Ser450Leu(1.00)	pass
Ethambutol	tbprofiler	SRR31249003	Resistant	1	embB_p.Met306Val(1.00)	pass
Isoniazid	tbprofiler	SRR31249003	Resistant	1	katG_p.Ser315Thr(0.99)	pass
Pyrazinamide	tbprofiler	SRR31249003	Resistant	1	pncA_p.Ala171Val(1.00)	pass
Rifampicin	tbprofiler	SRR31249003	Resistant	1	rpoB_p.Ser450Leu(1.00)	pass
Ethambutol	tbprofiler	SRR31249004	Susceptible	0	NULL	pass
Isoniazid	tbprofiler	SRR31249004	Susceptible	0	NULL	pass
Pyrazinamide	tbprofiler	SRR31249004	Susceptible	0	NULL	pass
Rifampicin	tbprofiler	SRR31249004	Susceptible	0	NULL	pass
Ethambutol	tbprofiler	SRR31249005	Resistant	1	embB_p.Met306Val(0.99)	pass
Isoniazid	tbprofiler	SRR31249005	Resistant	1	katG_p.Ser315Thr(1.00)	pass
Pyrazinamide	tbprofiler	SRR31249005	Resistant	1	pncA_c.286_287insTTCTACA(0.73)	pass
Rifampicin	tbprofiler	SRR31249005	Resistant	1	rpoB_p.Ser450Leu(1.00)	pass
Ethambutol	tbprofiler	SRR31249006	Susceptible	1	embB_p.Gly406Ser(0.99)	pass
Isoniazid	tbprofiler	SRR31249006	Resistant	1	katG_p.Ser315Thr(1.00)	pass
Pyrazinamide	tbprofiler	SRR31249006	Resistant	1	pncA_p.Met175Val(1.00)	pass
Rifampicin	tbprofiler	SRR31249006	Resistant	1	rpoB_p.Ser450Trp(1.00)	pass
Ethambutol	tbprofiler	SRR31249007	Susceptible	1	embB_p.Met306Ile(0.99)	pass
Isoniazid	tbprofiler	SRR31249007	Resistant	1	katG_p.Ser315Thr(1.00)	pass
Pyrazinamide	tbprofiler	SRR31249007	Resistant	1	pncA_p.Asp8Asn(1.00)	pass
Rifampicin	tbprofiler	SRR31249007	Resistant	1	rpoB_p.Ser450Leu(0.99)	pass
Ethambutol	tbprofiler	SRR31249008	Susceptible	1	embB_p.Met306Val(1.00)	pass
Isoniazid	tbprofiler	SRR31249008	Resistant	1	katG_p.Ser315Thr(1.00)	pass
Pyrazinamide	tbprofiler	SRR31249008	Resistant	1	pncA_p.Tyr103Cys(1.00)	pass
Rifampicin	tbprofiler	SRR31249008	Resistant	1	rpoB_p.Ser450Leu(1.00)	pass
Ethambutol	tbprofiler	SRR31249009	Resistant	1	embB_p.Gln497Arg(1.00)	pass
Isoniazid	tbprofiler	SRR31249009	Resistant	1	fabG1_c.-15C>T(0.99),katG_p.Ser315Thr(1.00)	pass
Pyrazinamide	tbprofiler	SRR31249009	Resistant	1	pncA_p.Gly132Ala(1.00)	pass
Rifampicin	tbprofiler	SRR31249009	Resistant	1	rpoB_p.Ser450Leu(1.00)	pass
Ethambutol	tbprofiler	SRR31249010	Resistant	1	embB_p.Met306Val(1.00)	pass
Isoniazid	tbprofiler	SRR31249010	Resistant	1	katG_p.Ser315Thr(1.00)	pass
Pyrazinamide	tbprofiler	SRR31249010	Susceptible	0	NULL	pass
Rifampicin	tbprofiler	SRR31249010	Resistant	1	rpoB_p.Ser450Leu(1.00)	pass
Ethambutol	tbprofiler	SRR31249011	Resistant	0	NULL	pass
Isoniazid	tbprofiler	SRR31249011	Resistant	1	katG_p.Ser315Thr(1.00)	pass
Pyrazinamide	tbprofiler	SRR31249011	Resistant	0	NULL	pass
Rifampicin	tbprofiler	SRR31249011	Resistant	1	rpoB_p.Ser450Leu(1.00)	pass
Ethambutol	tbprofiler	SRR31249012	Resistant	0	NULL	pass
Isoniazid	tbprofiler	SRR31249012	Resistant	1	katG_p.Ser315Thr(1.00)	pass
Pyrazinamide	tbprofiler	SRR31249012	Resistant	1	pncA_p.Ile5Ser(1.00)	pass
Rifampicin	tbprofiler	SRR31249012	Resistant	1	rpoB_p.Ser450Leu(1.00)	pass
Ethambutol	tbprofiler	SRR31249013	Resistant	1	embB_p.Met306Val(0.99)	partial
Isoniazid	tbprofiler	SRR31249013	Resistant	1	katG_p.Ser315Thr(1.00)	partial
Pyrazinamide	tbprofiler	SRR31249013	Resistant	1	pncA_p.Val139Ala(0.98)	partial
Rifampicin	tbprofiler	SRR31249013	Resistant	1	rpoB_p.Ser450Leu(1.00)	partial
Ethambutol	tbprofiler	SRR31249014	Resistant	1	embB_p.Gln497Arg(1.00)	pass
Isoniazid	tbprofiler	SRR31249014	Resistant	1	fabG1_c.-15C>T(1.00),katG_p.Ser315Thr(1.00)	pass
Pyrazinamide	tbprofiler	SRR31249014	Resistant	1	pncA_p.Gly132Ala(1.00)	pass
Rifampicin	tbprofiler	SRR31249014	Resistant	1	rpoB_p.Ser450Leu(1.00)	pass
Ethambutol	tbprofiler	SRR31249015	Susceptible	0	NULL	pass
Isoniazid	tbprofiler	SRR31249015	Susceptible	0	NULL	pass
Pyrazinamide	tbprofiler	SRR31249015	Susceptible	0	NULL	pass
Rifampicin	tbprofiler	SRR31249015	Susceptible	0	NULL	pass
Ethambutol	tbprofiler	SRR31249016	Resistant	1	embB_p.Met306Ile(1.00)	pass
Isoniazid	tbprofiler	SRR31249016	Resistant	1	katG_p.Ser315Thr(1.00)	pass
Pyrazinamide	tbprofiler	SRR31249016	Resistant	1	pncA_p.Phe13Ser(0.99)	pass
Rifampicin	tbprofiler	SRR31249016	Resistant	1	rpoB_p.Ser450Leu(1.00)	pass
Ethambutol	tbprofiler	SRR31249017	Susceptible	1	embB_p.Met306Ile(1.00)	pass
Isoniazid	tbprofiler	SRR31249017	Resistant	1	katG_p.Ser315Ile(1.00)	pass
Pyrazinamide	tbprofiler	SRR31249017	Susceptible	0	NULL	pass
Rifampicin	tbprofiler	SRR31249017	Resistant	1	rpoB_p.Ser450Leu(1.00)	pass
Ethambutol	tbprofiler	SRR31249018	Resistant	1	embB_p.Gln497Arg(0.98)	pass
Isoniazid	tbprofiler	SRR31249018	Resistant	1	fabG1_c.-15C>T(0.99),katG_p.Ser315Thr(0.99)	pass
Pyrazinamide	tbprofiler	SRR31249018	Resistant	1	pncA_p.Gly132Ala(0.99)	pass
Rifampicin	tbprofiler	SRR31249018	Resistant	1	rpoB_p.Ser450Leu(0.99)	pass
Ethambutol	tbprofiler	SRR31249019	Resistant	1	embB_p.Met306Val(1.00)	pass
Isoniazid	tbprofiler	SRR31249019	Resistant	1	katG_p.Ser315Thr(1.00)	pass
Pyrazinamide	tbprofiler	SRR31249019	Resistant	1	pncA_p.His71Tyr(1.00)	pass
Rifampicin	tbprofiler	SRR31249019	Resistant	1	rpoB_p.Ser450Leu(1.00)	pass
Ethambutol	tbprofiler	SRR31249020	Resistant	1	embB_p.Gln497Arg(1.00)	pass
Isoniazid	tbprofiler	SRR31249020	Resistant	1	fabG1_c.-15C>T(0.99),katG_p.Ser315Thr(1.00)	pass
Pyrazinamide	tbprofiler	SRR31249020	Resistant	1	pncA_p.Gly132Ala(1.00)	pass
Rifampicin	tbprofiler	SRR31249020	Resistant	1	rpoB_p.Ser450Leu(1.00)	pass
Ethambutol	tbprofiler	SRR31249021	Resistant	1	embB_p.Met306Val(1.00)	pass
Isoniazid	tbprofiler	SRR31249021	Resistant	1	katG_p.Ser315Thr(1.00)	pass
Pyrazinamide	tbprofiler	SRR31249021	Resistant	1	pncA_p.Ser67Pro(1.00)	pass
Rifampicin	tbprofiler	SRR31249021	Resistant	1	rpoB_p.Ser450Leu(1.00)	pass
Ethambutol	tbprofiler	SRR31249022	Resistant	1	embB_p.Met306Val(1.00)	pass
Isoniazid	tbprofiler	SRR31249022	Resistant	1	katG_p.Ser315Thr(1.00)	pass
Pyrazinamide	tbprofiler	SRR31249022	Resistant	1	pncA_p.Val139Ala(1.00)	pass
Rifampicin	tbprofiler	SRR31249022	Resistant	1	rpoB_p.Ser450Leu(0.99)	pass
Ethambutol	tbprofiler	SRR31249023	Susceptible	1	embB_p.Met306Val(1.00)	pass
Isoniazid	tbprofiler	SRR31249023	Resistant	1	katG_p.Ser315Thr(1.00)	pass
Pyrazinamide	tbprofiler	SRR31249023	Resistant	1	pncA_p.His57Arg(1.00)	pass
Rifampicin	tbprofiler	SRR31249023	Resistant	1	rpoB_p.Ser450Leu(1.00)	pass
Ethambutol	tbprofiler	SRR31249024	Susceptible	0	NULL	pass
Isoniazid	tbprofiler	SRR31249024	Susceptible	0	NULL	pass
Pyrazinamide	tbprofiler	SRR31249024	Susceptible	0	NULL	pass
Rifampicin	tbprofiler	SRR31249024	Susceptible	0	NULL	pass
Ethambutol	tbprofiler	SRR31249025	Resistant	1	embB_p.Gln497Lys(1.00)	pass
Isoniazid	tbprofiler	SRR31249025	Resistant	1	katG_p.Ser315Thr(1.00)	pass
Pyrazinamide	tbprofiler	SRR31249025	Resistant	1	pncA_p.Val155Met(0.99)	pass
Rifampicin	tbprofiler	SRR31249025	Resistant	1	rpoB_p.Ser450Leu(1.00)	pass
Ethambutol	tbprofiler	SRR31249026	Resistant	1	embB_p.Met306Val(1.00)	pass
Isoniazid	tbprofiler	SRR31249026	Resistant	1	katG_p.Ser315Thr(1.00)	pass
Pyrazinamide	tbprofiler	SRR31249026	Resistant	1	pncA_c.295_295del(0.96)	pass
Rifampicin	tbprofiler	SRR31249026	Resistant	1	rpoB_p.Ser450Leu(1.00)	pass
Ethambutol	tbprofiler	SRR31249027	Resistant	1	embB_p.Met306Val(1.00)	pass
Isoniazid	tbprofiler	SRR31249027	Resistant	1	katG_p.Ser315Thr(1.00)	pass
Pyrazinamide	tbprofiler	SRR31249027	Susceptible	0	NULL	pass
Rifampicin	tbprofiler	SRR31249027	Resistant	1	rpoB_p.Ser450Leu(1.00)	pass
Ethambutol	tbprofiler	SRR31249028	Susceptible	1	embB_p.Met306Val(1.00)	pass
Isoniazid	tbprofiler	SRR31249028	Resistant	1	katG_p.Ser315Thr(1.00)	pass
Pyrazinamide	tbprofiler	SRR31249028	Resistant	1	pncA_p.Val139Ala(1.00)	pass
Rifampicin	tbprofiler	SRR31249028	Resistant	1	rpoB_p.Ser450Leu(1.00)	pass
Ethambutol	tbprofiler	SRR31249029	Resistant	1	embB_p.Met306Val(1.00)	pass
Isoniazid	tbprofiler	SRR31249029	Resistant	1	katG_p.Ser315Thr(1.00)	pass
Pyrazinamide	tbprofiler	SRR31249029	Susceptible	0	NULL	pass
Rifampicin	tbprofiler	SRR31249029	Resistant	1	rpoB_p.Ser450Leu(1.00)	pass
Ethambutol	tbprofiler	SRR31249030	Susceptible	0	NULL	pass
Isoniazid	tbprofiler	SRR31249030	Susceptible	0	NULL	pass
Pyrazinamide	tbprofiler	SRR31249030	Susceptible	0	NULL	pass
Rifampicin	tbprofiler	SRR31249030	Susceptible	0	NULL	pass
Ethambutol	tbprofiler	SRR31249031	Resistant	1	embB_p.Met306Val(0.96)	pass
Isoniazid	tbprofiler	SRR31249031	Resistant	1	katG_p.Ser315Thr(1.00)	pass
Pyrazinamide	tbprofiler	SRR31249031	Resistant	1	pncA_c.-11A>G(0.98)	pass
Rifampicin	tbprofiler	SRR31249031	Resistant	1	rpoB_p.Ser450Leu(0.99)	pass
Ethambutol	tbprofiler	SRR31249032	Resistant	1	embB_p.Met306Val(1.00)	pass
Isoniazid	tbprofiler	SRR31249032	Resistant	1	katG_p.Ser315Thr(1.00)	pass
Pyrazinamide	tbprofiler	SRR31249032	Resistant	1	pncA_p.Leu27Pro(1.00)	pass
Rifampicin	tbprofiler	SRR31249032	Resistant	1	rpoB_p.Ser450Leu(1.00)	pass
Ethambutol	tbprofiler	SRR31249033	Resistant	1	embB_p.Gln497Arg(1.00)	pass
Isoniazid	tbprofiler	SRR31249033	Resistant	1	fabG1_c.-15C>T(1.00),katG_p.Ser315Thr(1.00)	pass
Pyrazinamide	tbprofiler	SRR31249033	Resistant	1	pncA_p.Gly132Ala(1.00)	pass
Rifampicin	tbprofiler	SRR31249033	Resistant	1	rpoB_p.Ser450Leu(1.00)	pass
Ethambutol	tbprofiler	SRR31249034	Resistant	1	embB_p.Gln497Arg(0.99)	pass
Isoniazid	tbprofiler	SRR31249034	Resistant	1	fabG1_c.-15C>T(0.99),katG_p.Ser315Thr(1.00)	pass
Pyrazinamide	tbprofiler	SRR31249034	Resistant	1	pncA_p.Gly132Ala(1.00)	pass
Rifampicin	tbprofiler	SRR31249034	Resistant	1	rpoB_p.Ser450Leu(1.00)	pass
Ethambutol	tbprofiler	SRR31249035	Resistant	1	embB_p.Met306Val(1.00)	pass
Isoniazid	tbprofiler	SRR31249035	Resistant	1	katG_p.Ser315Thr(1.00)	pass
Pyrazinamide	tbprofiler	SRR31249035	Resistant	1	pncA_p.Val139Ala(1.00)	pass
Rifampicin	tbprofiler	SRR31249035	Resistant	1	rpoB_p.Ser450Leu(1.00)	pass
Ethambutol	tbprofiler	SRR31249036	Resistant	1	embB_p.Met306Val(0.97)	partial
Isoniazid	tbprofiler	SRR31249036	Resistant	1	katG_p.Ser315Thr(1.00)	partial
Pyrazinamide	tbprofiler	SRR31249036	Susceptible	0	NULL	partial
Rifampicin	tbprofiler	SRR31249036	Resistant	1	rpoB_p.Ser450Leu(1.00)	partial
Ethambutol	tbprofiler	SRR31249037	Susceptible	0	NULL	pass
Isoniazid	tbprofiler	SRR31249037	Resistant	1	fabG1_c.-15C>T(1.00)	pass
Pyrazinamide	tbprofiler	SRR31249037	Resistant	0	NULL	pass
Rifampicin	tbprofiler	SRR31249037	Susceptible	1	rpoB_p.Leu430Pro(1.00)	pass
Ethambutol	tbprofiler	SRR31249038	Resistant	0	NULL	pass
Isoniazid	tbprofiler	SRR31249038	Resistant	1	katG_p.Ser315Thr(0.38)	pass
Pyrazinamide	tbprofiler	SRR31249038	Resistant	1	pncA_p.Ile5Ser(0.53)	pass
Rifampicin	tbprofiler	SRR31249038	Resistant	1	rpoB_p.Ser450Leu(0.57)	pass
Ethambutol	tbprofiler	SRR31249039	Resistant	0	NULL	pass
Isoniazid	tbprofiler	SRR31249039	Resistant	1	fabG1_c.-15C>T(1.00),katG_p.Ser315Thr(1.00)	pass
Pyrazinamide	tbprofiler	SRR31249039	Resistant	1	pncA_p.Thr160Pro(0.98)	pass
Rifampicin	tbprofiler	SRR31249039	Resistant	1	rpoB_p.Ser450Leu(0.99)	pass
Ethambutol	tbprofiler	SRR31249041	Susceptible	0	NULL	pass
Isoniazid	tbprofiler	SRR31249041	Susceptible	0	NULL	pass
Pyrazinamide	tbprofiler	SRR31249041	Susceptible	0	NULL	pass
Rifampicin	tbprofiler	SRR31249041	Susceptible	0	NULL	pass
Ethambutol	tbprofiler	SRR31249042	Susceptible	0	NULL	pass
Isoniazid	tbprofiler	SRR31249042	Resistant	1	katG_p.Ser315Thr(1.00)	pass
Pyrazinamide	tbprofiler	SRR31249042	Resistant	1	pncA_p.Val128Gly(1.00)	pass
Rifampicin	tbprofiler	SRR31249042	Resistant	1	rpoB_p.Leu452Pro(0.99)	pass
Ethambutol	tbprofiler	SRR31249043	Resistant	1	embB_p.Met306Ile(1.00),embB_p.Gln497Lys(1.00)	pass
Isoniazid	tbprofiler	SRR31249043	Resistant	1	fabG1_c.-15C>T(1.00),katG_p.Ser315Thr(1.00)	pass
Pyrazinamide	tbprofiler	SRR31249043	Resistant	0	NULL	pass
Rifampicin	tbprofiler	SRR31249043	Resistant	1	rpoB_p.Ser450Leu(1.00)	pass
Ethambutol	tbprofiler	SRR31249044	Susceptible	1	embB_p.Gly406Asp(1.00)	pass
Isoniazid	tbprofiler	SRR31249044	Resistant	1	katG_p.Ser315Thr(1.00)	pass
Pyrazinamide	tbprofiler	SRR31249044	Susceptible	0	NULL	pass
Rifampicin	tbprofiler	SRR31249044	Resistant	1	rpoB_p.His445Tyr(1.00)	pass
Ethambutol	tbprofiler	SRR31249045	Resistant	1	embB_p.Met306Val(1.00)	pass
Isoniazid	tbprofiler	SRR31249045	Resistant	1	katG_p.Ser315Thr(1.00)	pass
Pyrazinamide	tbprofiler	SRR31249045	Resistant	1	pncA_p.Gln10Arg(1.00)	pass
Rifampicin	tbprofiler	SRR31249045	Resistant	1	rpoB_p.Ser450Leu(0.99)	pass
Ethambutol	tbprofiler	SRR31249046	Resistant	1	embB_p.Gln497Arg(1.00)	pass
Isoniazid	tbprofiler	SRR31249046	Resistant	1	fabG1_c.-15C>T(1.00),katG_p.Ser315Thr(1.00)	pass
Pyrazinamide	tbprofiler	SRR31249046	Resistant	1	pncA_p.Gly132Ala(1.00)	pass
Rifampicin	tbprofiler	SRR31249046	Resistant	1	rpoB_p.Ser450Leu(1.00)	pass
Ethambutol	tbprofiler	SRR31249047	Resistant	1	embB_p.Met306Val(1.00)	pass
Isoniazid	tbprofiler	SRR31249047	Resistant	1	katG_p.Ser315Thr(1.00)	pass
Pyrazinamide	tbprofiler	SRR31249047	Susceptible	0	NULL	pass
Rifampicin	tbprofiler	SRR31249047	Resistant	1	rpoB_p.Ser450Leu(1.00)	pass
Ethambutol	tbprofiler	SRR31249048	Resistant	1	embB_p.Gln497Arg(1.00)	pass
Isoniazid	tbprofiler	SRR31249048	Resistant	1	fabG1_c.-15C>T(1.00),katG_p.Ser315Thr(1.00)	pass
Pyrazinamide	tbprofiler	SRR31249048	Resistant	1	pncA_p.Gly132Ala(1.00)	pass
Rifampicin	tbprofiler	SRR31249048	Resistant	1	rpoB_p.Ser450Leu(1.00)	pass
Ethambutol	tbprofiler	SRR31249049	Resistant	1	embB_p.Gln497Arg(0.99)	pass
Isoniazid	tbprofiler	SRR31249049	Resistant	1	fabG1_c.-15C>T(1.00),katG_p.Ser315Thr(1.00)	pass
Pyrazinamide	tbprofiler	SRR31249049	Resistant	1	pncA_p.Gly132Ala(1.00)	pass
Rifampicin	tbprofiler	SRR31249049	Resistant	1	rpoB_p.Ser450Leu(0.99)	pass
Ethambutol	tbprofiler	SRR31249050	Resistant	1	embB_p.Gln497Arg(1.00)	pass
Isoniazid	tbprofiler	SRR31249050	Resistant	1	fabG1_c.-15C>T(1.00),katG_p.Ser315Thr(1.00)	pass
Pyrazinamide	tbprofiler	SRR31249050	Resistant	1	pncA_p.Gly132Ala(1.00)	pass
Rifampicin	tbprofiler	SRR31249050	Resistant	1	rpoB_p.Ser450Leu(1.00)	pass
Ethambutol	tbprofiler	SRR31249051	Resistant	1	embB_p.Met306Val(0.99)	pass
Isoniazid	tbprofiler	SRR31249051	Resistant	1	katG_p.Ser315Thr(1.00)	pass
Pyrazinamide	tbprofiler	SRR31249051	Resistant	1	pncA_p.Val139Ala(1.00)	pass
Rifampicin	tbprofiler	SRR31249051	Resistant	1	rpoB_p.Ser450Leu(1.00)	pass
Ethambutol	tbprofiler	SRR31249052	Susceptible	0	NULL	fail
Isoniazid	tbprofiler	SRR31249052	Susceptible	0	NULL	fail
Pyrazinamide	tbprofiler	SRR31249052	Susceptible	0	NULL	fail
Rifampicin	tbprofiler	SRR31249052	Susceptible	0	NULL	fail
Ethambutol	tbprofiler	SRR31249053	Resistant	1	embB_p.Met306Val(0.98)	partial
Isoniazid	tbprofiler	SRR31249053	Resistant	1	katG_p.Ser315Thr(1.00)	partial
Pyrazinamide	tbprofiler	SRR31249053	Resistant	1	pncA_p.Val139Ala(1.00)	partial
Rifampicin	tbprofiler	SRR31249053	Resistant	1	rpoB_p.Ser450Leu(1.00)	partial
Ethambutol	tbprofiler	SRR31249054	Susceptible	1	embB_p.Met306Val(1.00)	pass
Isoniazid	tbprofiler	SRR31249054	Resistant	1	fabG1_c.-15C>T(0.99),katG_p.Ser315Thr(1.00)	pass
Pyrazinamide	tbprofiler	SRR31249054	Resistant	1	pncA_p.Thr47Ala(1.00)	pass
Rifampicin	tbprofiler	SRR31249054	Resistant	1	rpoB_p.His445Leu(1.00)	pass
Ethambutol	tbprofiler	SRR31249055	Resistant	1	embB_p.Met306Val(1.00)	pass
Isoniazid	tbprofiler	SRR31249055	Resistant	1	katG_p.Ser315Thr(1.00)	pass
Pyrazinamide	tbprofiler	SRR31249055	Resistant	1	pncA_p.Gly78Val(1.00)	pass
Rifampicin	tbprofiler	SRR31249055	Resistant	1	rpoB_p.Ser450Leu(1.00)	pass
Ethambutol	tbprofiler	SRR31249056	Susceptible	0	NULL	pass
Isoniazid	tbprofiler	SRR31249056	Susceptible	0	NULL	pass
Pyrazinamide	tbprofiler	SRR31249056	Susceptible	0	NULL	pass
Rifampicin	tbprofiler	SRR31249056	Susceptible	0	NULL	pass
Ethambutol	tbprofiler	SRR31249057	Resistant	1	embB_p.Met306Val(1.00)	pass
Isoniazid	tbprofiler	SRR31249057	Resistant	1	katG_p.Ser315Thr(1.00)	pass
Pyrazinamide	tbprofiler	SRR31249057	Resistant	1	pncA_c.-11A>G(1.00)	pass
Rifampicin	tbprofiler	SRR31249057	Resistant	1	rpoB_p.Ser450Leu(1.00)	pass
Ethambutol	tbprofiler	SRR31249058	Resistant	1	embB_p.Gln497Arg(1.00)	pass
Isoniazid	tbprofiler	SRR31249058	Resistant	1	katG_p.Ser315Thr(1.00)	pass
Pyrazinamide	tbprofiler	SRR31249058	Resistant	0	NULL	pass
Rifampicin	tbprofiler	SRR31249058	Resistant	1	rpoB_p.Ser450Leu(1.00)	pass
Ethambutol	tbprofiler	SRR31249059	Resistant	1	embB_p.Met306Val(0.96)	pass
Isoniazid	tbprofiler	SRR31249059	Resistant	0	NULL	pass
Pyrazinamide	tbprofiler	SRR31249059	Susceptible	0	NULL	pass
Rifampicin	tbprofiler	SRR31249059	Resistant	1	rpoB_p.Ser450Leu(0.99)	pass
Ethambutol	tbprofiler	SRR31249060	Resistant	1	embB_p.Gln497Arg(0.99)	pass
Isoniazid	tbprofiler	SRR31249060	Resistant	1	fabG1_c.-15C>T(1.00),katG_p.Ser315Thr(1.00)	pass
Pyrazinamide	tbprofiler	SRR31249060	Resistant	1	pncA_p.Gly132Ala(1.00)	pass
Rifampicin	tbprofiler	SRR31249060	Resistant	1	rpoB_p.Ser450Leu(1.00)	pass
Ethambutol	tbprofiler	SRR31249061	Resistant	1	embB_p.Met306Val(1.00)	pass
Isoniazid	tbprofiler	SRR31249061	Resistant	1	katG_p.Ser315Thr(1.00)	pass
Pyrazinamide	tbprofiler	SRR31249061	Resistant	1	pncA_p.Val139Ala(1.00)	pass
Rifampicin	tbprofiler	SRR31249061	Resistant	1	rpoB_p.Ser450Leu(0.99)	pass
Ethambutol	tbprofiler	SRR31249062	Resistant	1	embB_p.Met306Val(1.00)	pass
Isoniazid	tbprofiler	SRR31249062	Resistant	1	katG_p.Ser315Thr(1.00)	pass
Pyrazinamide	tbprofiler	SRR31249062	Susceptible	0	NULL	pass
Rifampicin	tbprofiler	SRR31249062	Resistant	1	rpoB_p.Ser450Leu(1.00)	pass
Ethambutol	tbprofiler	SRR31249063	Susceptible	0	NULL	pass
Isoniazid	tbprofiler	SRR31249063	Resistant	1	fabG1_c.-15C>T(1.00),inhA_p.Ser94Ala(1.00)	pass
Pyrazinamide	tbprofiler	SRR31249063	Susceptible	0	NULL	pass
Rifampicin	tbprofiler	SRR31249063	Resistant	1	rpoB_p.His445Asp(1.00)	pass
Ethambutol	tbprofiler	SRR31249064	Resistant	0	NULL	pass
Isoniazid	tbprofiler	SRR31249064	Resistant	1	katG_p.Ser315Thr(1.00)	pass
Pyrazinamide	tbprofiler	SRR31249064	Resistant	1	pncA_p.Asp12Ala(0.99)	pass
Rifampicin	tbprofiler	SRR31249064	Resistant	1	rpoB_p.Ser450Leu(1.00)	pass
Ethambutol	tbprofiler	SRR31249065	Susceptible	0	NULL	pass
Isoniazid	tbprofiler	SRR31249065	Susceptible	0	NULL	pass
Pyrazinamide	tbprofiler	SRR31249065	Susceptible	0	NULL	pass
Rifampicin	tbprofiler	SRR31249065	Susceptible	0	NULL	pass
Ethambutol	tbprofiler	SRR31249066	Resistant	1	embB_p.Met306Ile(0.99)	pass
Isoniazid	tbprofiler	SRR31249066	Resistant	1	katG_p.Ser315Thr(1.00),katG_p.Thr275Ala(1.00)	pass
Pyrazinamide	tbprofiler	SRR31249066	Susceptible	0	NULL	pass
Rifampicin	tbprofiler	SRR31249066	Resistant	1	rpoB_p.Ser450Leu(1.00)	pass
Ethambutol	tbprofiler	SRR31249067	Resistant	1	embB_p.Gly406Ala(1.00)	pass
Isoniazid	tbprofiler	SRR31249067	Resistant	1	fabG1_c.-15C>T(1.00)	pass
Pyrazinamide	tbprofiler	SRR31249067	Susceptible	0	NULL	pass
Rifampicin	tbprofiler	SRR31249067	Resistant	1	rpoB_p.Asp435Val(1.00)	pass
Ethambutol	tbprofiler	SRR31249068	Resistant	0	NULL	pass
Isoniazid	tbprofiler	SRR31249068	Resistant	1	katG_p.Ser315Thr(1.00)	pass
Pyrazinamide	tbprofiler	SRR31249068	Susceptible	0	NULL	pass
Rifampicin	tbprofiler	SRR31249068	Resistant	1	rpoB_p.Ser450Leu(1.00)	pass
Ethambutol	tbprofiler	SRR31249069	Resistant	1	embB_p.Met306Val(1.00)	pass
Isoniazid	tbprofiler	SRR31249069	Resistant	1	fabG1_c.-15C>T(1.00),katG_p.Ser315Thr(1.00)	pass
Pyrazinamide	tbprofiler	SRR31249069	Resistant	1	pncA_p.Leu27Pro(1.00)	pass
Rifampicin	tbprofiler	SRR31249069	Resistant	1	rpoB_p.Ser450Leu(1.00)	pass
Ethambutol	tbprofiler	SRR31249070	Resistant	1	embB_p.Met306Val(0.98)	pass
Isoniazid	tbprofiler	SRR31249070	Resistant	1	katG_p.Ser315Thr(1.00)	pass
Pyrazinamide	tbprofiler	SRR31249070	Resistant	1	pncA_p.Asp63Gly(0.97)	pass
Rifampicin	tbprofiler	SRR31249070	Resistant	1	rpoB_p.Ser450Leu(1.00)	pass
Ethambutol	tbprofiler	SRR31249071	Resistant	0	NULL	pass
Isoniazid	tbprofiler	SRR31249071	Resistant	1	katG_p.Ser315Thr(1.00)	pass
Pyrazinamide	tbprofiler	SRR31249071	Resistant	1	pncA_p.Val139Ala(1.00)	pass
Rifampicin	tbprofiler	SRR31249071	Resistant	1	rpoB_p.Ser450Leu(1.00)	pass
Ethambutol	tbprofiler	SRR31249072	Resistant	1	embB_p.Met306Val(1.00)	pass
Isoniazid	tbprofiler	SRR31249072	Resistant	1	katG_p.Ser315Thr(1.00)	pass
Pyrazinamide	tbprofiler	SRR31249072	Resistant	1	pncA_p.His71Tyr(0.97)	pass
Rifampicin	tbprofiler	SRR31249072	Resistant	1	rpoB_p.Ser450Leu(1.00)	pass
Ethambutol	tbprofiler	SRR31249073	Resistant	1	embB_p.Gln497Arg(0.23)	fail
Isoniazid	tbprofiler	SRR31249073	Resistant	1	fabG1_c.-15C>T(0.36),inhA_p.Ser94Ala(0.23)	fail
Pyrazinamide	tbprofiler	SRR31249073	Resistant	1	pncA_p.Phe106Ser(0.27),pncA_p.His57Asp(0.36)	fail
Rifampicin	tbprofiler	SRR31249073	Resistant	1	rpoB_p.Ser450Leu(0.93)	fail
Ethambutol	tbprofiler	SRR31249074	Susceptible	0	NULL	pass
Isoniazid	tbprofiler	SRR31249074	Resistant	0	NULL	pass
Pyrazinamide	tbprofiler	SRR31249074	Susceptible	0	NULL	pass
Rifampicin	tbprofiler	SRR31249074	Resistant	1	rpoB_p.Ser450Leu(1.00)	pass
Ethambutol	tbprofiler	SRR31249075	Resistant	1	embB_p.Met306Val(1.00)	pass
Isoniazid	tbprofiler	SRR31249075	Resistant	1	katG_p.Ser315Thr(1.00)	pass
Pyrazinamide	tbprofiler	SRR31249075	Resistant	1	pncA_p.Leu27Pro(1.00)	pass
Rifampicin	tbprofiler	SRR31249075	Resistant	1	rpoB_p.Ser450Leu(1.00)	pass
Ethambutol	tbprofiler	SRR31249076	Resistant	1	embB_p.Gln497Arg(1.00)	pass
Isoniazid	tbprofiler	SRR31249076	Resistant	1	fabG1_c.-15C>T(0.99),katG_p.Ser315Thr(1.00)	pass
Pyrazinamide	tbprofiler	SRR31249076	Resistant	1	pncA_p.Gly132Ala(1.00)	pass
Rifampicin	tbprofiler	SRR31249076	Resistant	1	rpoB_p.Ser450Leu(1.00)	pass
Ethambutol	tbprofiler	SRR31249077	Resistant	1	embB_p.Met306Val(1.00)	pass
Isoniazid	tbprofiler	SRR31249077	Resistant	1	katG_p.Ser315Thr(1.00)	pass
Pyrazinamide	tbprofiler	SRR31249077	Resistant	1	pncA_c.-11A>G(1.00)	pass
Rifampicin	tbprofiler	SRR31249077	Resistant	1	rpoB_p.Ser450Leu(1.00)	pass
Ethambutol	tbprofiler	SRR31249078	Susceptible	0	NULL	pass
Isoniazid	tbprofiler	SRR31249078	Susceptible	0	NULL	pass
Pyrazinamide	tbprofiler	SRR31249078	Susceptible	0	NULL	pass
Rifampicin	tbprofiler	SRR31249078	Susceptible	0	NULL	pass
Ethambutol	tbprofiler	SRR31249079	Resistant	1	embB_p.Met306Val(1.00)	pass
Isoniazid	tbprofiler	SRR31249079	Resistant	1	fabG1_c.-15C>T(1.00),katG_p.Ser315Thr(1.00)	pass
Pyrazinamide	tbprofiler	SRR31249079	Resistant	1	pncA_p.Trp68Arg(1.00)	pass
Rifampicin	tbprofiler	SRR31249079	Susceptible	1	rpoB_p.Asp435Tyr(1.00)	pass
Ethambutol	tbprofiler	SRR31249080	Resistant	1	embB_p.Met306Val(0.89)	pass
Isoniazid	tbprofiler	SRR31249080	Resistant	1	katG_p.Ser315Thr(0.90)	pass
Pyrazinamide	tbprofiler	SRR31249080	Susceptible	0	NULL	pass
Rifampicin	tbprofiler	SRR31249080	Resistant	1	rpoB_p.Ser450Leu(0.89)	pass
Ethambutol	tbprofiler	SRR31249081	Susceptible	1	embB_p.Met306Val(0.45),embB_p.Gln497Arg(0.43)	fail
Isoniazid	tbprofiler	SRR31249081	Resistant	0	NULL	fail
Pyrazinamide	tbprofiler	SRR31249081	Resistant	1	pncA_p.Cys138Arg(0.50),pncA_p.Ile5Ser(0.23)	fail
Rifampicin	tbprofiler	SRR31249081	Resistant	1	rpoB_p.Ser450Leu(1.00)	fail
Ethambutol	tbprofiler	SRR31249082	Resistant	1	embB_p.Met306Val(1.00)	pass
Isoniazid	tbprofiler	SRR31249082	Resistant	1	katG_p.Ser315Thr(1.00)	pass
Pyrazinamide	tbprofiler	SRR31249082	Resistant	1	pncA_p.Val139Ala(1.00)	pass
Rifampicin	tbprofiler	SRR31249082	Resistant	1	rpoB_p.Ser450Leu(1.00)	pass
Ethambutol	tbprofiler	SRR31249083	Susceptible	1	embB_p.Met306Leu(1.00)	pass
Isoniazid	tbprofiler	SRR31249083	Resistant	1	katG_p.Ser315Thr(1.00)	pass
Pyrazinamide	tbprofiler	SRR31249083	Resistant	0	NULL	pass
Rifampicin	tbprofiler	SRR31249083	Resistant	1	rpoB_p.Asp435Val(1.00)	pass
Ethambutol	tbprofiler	SRR31249084	Resistant	0	NULL	pass
Isoniazid	tbprofiler	SRR31249084	Resistant	1	katG_p.Ser315Thr(1.00)	pass
Pyrazinamide	tbprofiler	SRR31249084	Resistant	1	pncA_p.Ile5Ser(1.00)	pass
Rifampicin	tbprofiler	SRR31249084	Resistant	1	rpoB_p.Ser450Leu(1.00)	pass
Ethambutol	tbprofiler	SRR31249085	Resistant	1	embB_p.Met306Ile(0.99)	pass
Isoniazid	tbprofiler	SRR31249085	Resistant	1	katG_p.Ser315Thr(1.00)	pass
Pyrazinamide	tbprofiler	SRR31249085	Resistant	1	pncA_p.Leu116Pro(1.00)	pass
Rifampicin	tbprofiler	SRR31249085	Resistant	1	rpoB_p.Ser450Leu(1.00)	pass
Ethambutol	tbprofiler	SRR31249088	Resistant	1	embB_p.Met306Val(1.00)	pass
Isoniazid	tbprofiler	SRR31249088	Resistant	1	katG_p.Ser315Thr(1.00)	pass
Pyrazinamide	tbprofiler	SRR31249088	Susceptible	0	NULL	pass
Rifampicin	tbprofiler	SRR31249088	Resistant	1	rpoB_p.Ser450Leu(1.00)	pass
Ethambutol	tbprofiler	SRR31249089	Resistant	1	embB_p.Tyr319Ser(1.00)	pass
Isoniazid	tbprofiler	SRR31249089	Resistant	1	katG_p.Ser315Thr(1.00)	pass
Pyrazinamide	tbprofiler	SRR31249089	Susceptible	0	NULL	pass
Rifampicin	tbprofiler	SRR31249089	Resistant	1	rpoB_p.Ser450Tyr(1.00)	pass
Ethambutol	tbprofiler	SRR31249090	Resistant	1	embB_p.Met306Val(1.00)	pass
Isoniazid	tbprofiler	SRR31249090	Resistant	1	fabG1_c.-15C>T(1.00),katG_p.Ser315Thr(1.00)	pass
Pyrazinamide	tbprofiler	SRR31249090	Susceptible	0	NULL	pass
Rifampicin	tbprofiler	SRR31249090	Susceptible	1	rpoB_p.His445Asn(1.00)	pass
Ethambutol	tbprofiler	SRR31249091	Resistant	1	embB_p.Tyr334His(0.99)	pass
Isoniazid	tbprofiler	SRR31249091	Resistant	1	fabG1_c.-15C>T(1.00),katG_p.Ser315Thr(1.00)	pass
Pyrazinamide	tbprofiler	SRR31249091	Resistant	1	pncA_p.His71Arg(1.00)	pass
Rifampicin	tbprofiler	SRR31249091	Resistant	1	rpoB_p.Ser450Leu(1.00)	pass
Ethambutol	tbprofiler	SRR31249092	Susceptible	1	embB_p.Tyr319Ser(1.00)	pass
Isoniazid	tbprofiler	SRR31249092	Resistant	1	katG_p.Ser315Thr(1.00)	pass
Pyrazinamide	tbprofiler	SRR31249092	Resistant	0	NULL	pass
Rifampicin	tbprofiler	SRR31249092	Resistant	1	rpoB_p.Ser450Tyr(1.00)	pass
Ethambutol	tbprofiler	SRR31249093	Susceptible	0	NULL	pass
Isoniazid	tbprofiler	SRR31249093	Susceptible	0	NULL	pass
Pyrazinamide	tbprofiler	SRR31249093	Susceptible	0	NULL	pass
Rifampicin	tbprofiler	SRR31249093	Susceptible	0	NULL	pass
Ethambutol	tbprofiler	SRR31249094	Resistant	0	NULL	fail
Isoniazid	tbprofiler	SRR31249094	Resistant	0	NULL	fail
Pyrazinamide	tbprofiler	SRR31249094	Susceptible	1	pncA_p.Asp49Ala(0.23)	fail
Rifampicin	tbprofiler	SRR31249094	Resistant	1	rpoB_p.Ser450Leu(0.35)	fail
Ethambutol	tbprofiler	SRR31249095	Resistant	1	embB_p.Met306Ile(1.00)	pass
Isoniazid	tbprofiler	SRR31249095	Resistant	1	katG_p.Ser315Thr(1.00)	pass
Pyrazinamide	tbprofiler	SRR31249095	Susceptible	0	NULL	pass
Rifampicin	tbprofiler	SRR31249095	Resistant	1	rpoB_p.Ser450Leu(0.99)	pass
Ethambutol	tbprofiler	SRR31249096	Susceptible	1	embB_p.Gly406Asp(0.99)	pass
Isoniazid	tbprofiler	SRR31249096	Resistant	1	katG_p.Ser315Thr(1.00)	pass
Pyrazinamide	tbprofiler	SRR31249096	Resistant	1	pncA_p.Asp49Gly(0.96)	pass
Rifampicin	tbprofiler	SRR31249096	Resistant	1	rpoB_p.Ser450Leu(0.90)	pass
Ethambutol	tbprofiler	SRR31249097	Resistant	1	embB_p.Met306Val(1.00)	pass
Isoniazid	tbprofiler	SRR31249097	Resistant	1	katG_p.Ser315Thr(1.00)	pass
Pyrazinamide	tbprofiler	SRR31249097	Resistant	1	pncA_c.340_340del(0.94)	pass
Rifampicin	tbprofiler	SRR31249097	Resistant	1	rpoB_p.His445Tyr(0.99)	pass
Ethambutol	tbprofiler	SRR31249098	Resistant	1	embB_p.Met306Val(0.97)	pass
Isoniazid	tbprofiler	SRR31249098	Resistant	1	katG_p.Ser315Thr(1.00)	pass
Pyrazinamide	tbprofiler	SRR31249098	Susceptible	0	NULL	pass
Rifampicin	tbprofiler	SRR31249098	Resistant	1	rpoB_p.Ser450Leu(0.99)	pass
Ethambutol	tbprofiler	SRR31249099	Resistant	0	NULL	fail
Isoniazid	tbprofiler	SRR31249099	Resistant	0	NULL	fail
Pyrazinamide	tbprofiler	SRR31249099	Susceptible	0	NULL	fail
Rifampicin	tbprofiler	SRR31249099	Resistant	1	rpoB_p.His445Asn(0.47),rpoB_p.Ser450Leu(0.44)	fail
Ethambutol	tbprofiler	SRR31249100	Resistant	1	embB_p.Ser297Ala(1.00)	pass
Isoniazid	tbprofiler	SRR31249100	Resistant	1	fabG1_c.-15C>T(1.00),katG_p.Ser315Thr(1.00)	pass
Pyrazinamide	tbprofiler	SRR31249100	Susceptible	0	NULL	pass
Rifampicin	tbprofiler	SRR31249100	Resistant	1	rpoB_p.Ser450Leu(0.97)	pass
Ethambutol	tbprofiler	SRR31249101	Resistant	1	embB_p.Met306Val(1.00)	pass
Isoniazid	tbprofiler	SRR31249101	Resistant	1	katG_p.Ser315Thr(1.00)	pass
Pyrazinamide	tbprofiler	SRR31249101	Resistant	1	pncA_p.Gln141Pro(1.00)	pass
Rifampicin	tbprofiler	SRR31249101	Resistant	1	rpoB_p.Ser450Phe(0.96)	pass
Ethambutol	tbprofiler	SRR31249102	Resistant	1	embB_p.Met306Val(0.60)	fail
Isoniazid	tbprofiler	SRR31249102	Resistant	0	NULL	fail
Pyrazinamide	tbprofiler	SRR31249102	Susceptible	0	NULL	fail
Rifampicin	tbprofiler	SRR31249102	Resistant	1	rpoB_p.Ser450Leu(0.69)	fail
Ethambutol	tbprofiler	SRR31249103	Resistant	1	embB_p.Tyr334His(0.98)	pass
Isoniazid	tbprofiler	SRR31249103	Resistant	1	fabG1_c.-15C>T(1.00),katG_p.Ser315Thr(1.00)	pass
Pyrazinamide	tbprofiler	SRR31249103	Resistant	1	pncA_p.Val139Ala(0.99)	pass
Rifampicin	tbprofiler	SRR31249103	Resistant	1	rpoB_p.Ser450Leu(1.00)	pass
Ethambutol	tbprofiler	SRR31249104	Susceptible	0	NULL	fail
Isoniazid	tbprofiler	SRR31249104	Resistant	1	katG_c.491_491del(0.20)	fail
Pyrazinamide	tbprofiler	SRR31249104	Susceptible	1	pncA_p.Gln141Pro(0.22)	fail
Rifampicin	tbprofiler	SRR31249104	Resistant	1	rpoB_p.Leu430Arg(0.59),rpoB_p.Asp435Tyr(0.65)	fail
Ethambutol	tbprofiler	SRR31249105	Susceptible	0	NULL	pass
Isoniazid	tbprofiler	SRR31249105	Susceptible	0	NULL	pass
Pyrazinamide	tbprofiler	SRR31249105	Resistant	0	NULL	pass
Rifampicin	tbprofiler	SRR31249105	Resistant	0	NULL	pass
Ethambutol	tbprofiler	SRR31249107	Resistant	1	embB_p.Met306Val(1.00)	pass
Isoniazid	tbprofiler	SRR31249107	Resistant	1	katG_p.Ser315Thr(1.00)	pass
Pyrazinamide	tbprofiler	SRR31249107	Resistant	1	pncA_p.Tyr103*(1.00)	pass
Rifampicin	tbprofiler	SRR31249107	Resistant	1	rpoB_p.Ser450Leu(0.99)	pass
Ethambutol	tbprofiler	SRR31249108	Susceptible	1	embB_p.Tyr319Ser(1.00)	pass
Isoniazid	tbprofiler	SRR31249108	Resistant	1	katG_p.Ser315Thr(1.00)	pass
Pyrazinamide	tbprofiler	SRR31249108	Susceptible	0	NULL	pass
Rifampicin	tbprofiler	SRR31249108	Resistant	1	rpoB_p.Ser450Tyr(1.00)	pass
Ethambutol	tbprofiler	SRR31249109	Susceptible	1	embB_p.Tyr319Ser(1.00)	pass
Isoniazid	tbprofiler	SRR31249109	Resistant	1	katG_p.Ser315Thr(1.00)	pass
Pyrazinamide	tbprofiler	SRR31249109	Susceptible	0	NULL	pass
Rifampicin	tbprofiler	SRR31249109	Resistant	1	rpoB_p.Ser450Tyr(1.00)	pass
Ethambutol	tbprofiler	SRR31249110	Resistant	1	embB_p.Met306Val(1.00)	pass
Isoniazid	tbprofiler	SRR31249110	Resistant	1	fabG1_c.-15C>T(1.00),katG_p.Ser315Thr(1.00)	pass
Pyrazinamide	tbprofiler	SRR31249110	Resistant	1	pncA_c.-11A>G(0.99)	pass
Rifampicin	tbprofiler	SRR31249110	Resistant	1	rpoB_p.Ser450Leu(0.99)	pass
Ethambutol	tbprofiler	SRR31249111	Susceptible	0	NULL	pass
Isoniazid	tbprofiler	SRR31249111	Resistant	1	fabG1_c.-15C>T(1.00),katG_p.Ser315Thr(1.00)	pass
Pyrazinamide	tbprofiler	SRR31249111	Resistant	1	pncA_p.Lys96Thr(1.00)	pass
Rifampicin	tbprofiler	SRR31249111	Susceptible	1	rpoB_p.Leu430Pro(1.00)	pass
Ethambutol	tbprofiler	SRR31249112	Resistant	1	embB_p.Met306Val(0.99)	pass
Isoniazid	tbprofiler	SRR31249112	Resistant	1	fabG1_c.-15C>T(0.99),katG_p.Ser315Thr(1.00)	pass
Pyrazinamide	tbprofiler	SRR31249112	Susceptible	1	pncA_p.Thr142Met(1.00)	pass
Rifampicin	tbprofiler	SRR31249112	Resistant	1	rpoB_p.Ser450Leu(0.99)	pass
Ethambutol	tbprofiler	SRR31249113	Resistant	1	embB_p.Tyr319Ser(1.00)	pass
Isoniazid	tbprofiler	SRR31249113	Resistant	1	katG_p.Ser315Thr(1.00)	pass
Pyrazinamide	tbprofiler	SRR31249113	Susceptible	0	NULL	pass
Rifampicin	tbprofiler	SRR31249113	Resistant	1	rpoB_p.Ser450Tyr(1.00)	pass
Ethambutol	tbprofiler	SRR31249114	Susceptible	1	embB_p.Gly406Ala(0.99)	pass
Isoniazid	tbprofiler	SRR31249114	Resistant	1	fabG1_c.-15C>T(0.99)	pass
Pyrazinamide	tbprofiler	SRR31249114	Susceptible	0	NULL	pass
Rifampicin	tbprofiler	SRR31249114	Resistant	1	rpoB_p.Asp435Val(1.00)	pass
Ethambutol	tbprofiler	SRR31249115	Resistant	1	embB_p.Tyr334His(0.99)	pass
Isoniazid	tbprofiler	SRR31249115	Resistant	1	fabG1_c.-15C>T(1.00),katG_p.Ser315Thr(1.00)	pass
Pyrazinamide	tbprofiler	SRR31249115	Resistant	1	pncA_p.His71Arg(0.99)	pass
Rifampicin	tbprofiler	SRR31249115	Resistant	1	rpoB_p.Ser450Leu(0.99)	pass
Ethambutol	tbprofiler	SRR31249116	Susceptible	0	NULL	pass
Isoniazid	tbprofiler	SRR31249116	Susceptible	0	NULL	pass
Pyrazinamide	tbprofiler	SRR31249116	Resistant	1	pncA_p.His57Asp(0.99)	pass
Rifampicin	tbprofiler	SRR31249116	Susceptible	0	NULL	pass
Ethambutol	tbprofiler	SRR31249117	Resistant	1	embB_p.Met306Val(0.67)	pass
Isoniazid	tbprofiler	SRR31249117	Resistant	1	katG_p.Ser315Thr(0.71)	pass
Pyrazinamide	tbprofiler	SRR31249117	Resistant	1	pncA_c.-11A>C(0.60),pncA_c.-11A>G(0.39)	pass
Rifampicin	tbprofiler	SRR31249117	Resistant	1	rpoB_p.Val170Phe(0.38),rpoB_p.Ser450Leu(0.64)	pass
Ethambutol	tbprofiler	SRR31249118	Resistant	0	NULL	pass
Isoniazid	tbprofiler	SRR31249118	Resistant	1	fabG1_c.-15C>T(0.99),katG_p.Ser315Thr(0.99)	pass
Pyrazinamide	tbprofiler	SRR31249118	Susceptible	0	NULL	pass
Rifampicin	tbprofiler	SRR31249118	Resistant	1	rpoB_p.Leu430Pro(0.99)	pass
Ethambutol	tbprofiler	SRR31249119	Resistant	1	embB_p.Met306Val(1.00)	pass
Isoniazid	tbprofiler	SRR31249119	Resistant	1	fabG1_c.-8T>A(1.00),katG_p.Ser315Thr(1.00)	pass
Pyrazinamide	tbprofiler	SRR31249119	Resistant	1	pncA_p.Val139Gly(0.99)	pass
Rifampicin	tbprofiler	SRR31249119	Resistant	1	rpoB_p.Ser450Leu(1.00)	pass
Ethambutol	tbprofiler	SRR31249120	Susceptible	0	NULL	pass
Isoniazid	tbprofiler	SRR31249120	Susceptible	0	NULL	pass
Pyrazinamide	tbprofiler	SRR31249120	Susceptible	0	NULL	pass
Rifampicin	tbprofiler	SRR31249120	Resistant	1	rpoB_p.Ser450Leu(0.91)	pass
Ethambutol	tbprofiler	SRR31249121	Susceptible	0	NULL	pass
Isoniazid	tbprofiler	SRR31249121	Resistant	1	fabG1_c.-15C>T(0.63)	pass
Pyrazinamide	tbprofiler	SRR31249121	Susceptible	0	NULL	pass
Rifampicin	tbprofiler	SRR31249121	Susceptible	1	rpoB_p.Leu430Pro(0.62)	pass
Ethambutol	tbprofiler	SRR31249123	Resistant	1	embB_p.Glu405Asp(0.99)	pass
Isoniazid	tbprofiler	SRR31249123	Resistant	1	fabG1_c.-15C>T(1.00),katG_p.Ser315Thr(1.00)	pass
Pyrazinamide	tbprofiler	SRR31249123	Resistant	1	pncA_p.His71Tyr(0.99)	pass
Rifampicin	tbprofiler	SRR31249123	Resistant	1	rpoB_p.His445Tyr(1.00)	pass
Ethambutol	tbprofiler	SRR31249124	Susceptible	0	NULL	pass
Isoniazid	tbprofiler	SRR31249124	Resistant	1	katG_p.Trp328Cys(0.18),ahpC_c.-54C>T(0.85)	pass
Pyrazinamide	tbprofiler	SRR31249124	Susceptible	0	NULL	pass
Rifampicin	tbprofiler	SRR31249124	Susceptible	1	rpoB_p.Leu452Pro(0.78)	pass
Ethambutol	tbprofiler	SRR31249125	Susceptible	0	NULL	fail
Isoniazid	tbprofiler	SRR31249125	Resistant	0	NULL	fail
Pyrazinamide	tbprofiler	SRR31249125	Susceptible	0	NULL	fail
Rifampicin	tbprofiler	SRR31249125	Resistant	0	NULL	fail
Ethambutol	tbprofiler	SRR31249126	Susceptible	0	NULL	pass
Isoniazid	tbprofiler	SRR31249126	Susceptible	0	NULL	pass
Pyrazinamide	tbprofiler	SRR31249126	Susceptible	0	NULL	pass
Rifampicin	tbprofiler	SRR31249126	Susceptible	0	NULL	pass
Ethambutol	tbprofiler	SRR31249127	Susceptible	1	embB_p.Met306Ile(0.33)	fail
Isoniazid	tbprofiler	SRR31249127	Resistant	0	NULL	fail
Pyrazinamide	tbprofiler	SRR31249127	Susceptible	0	NULL	fail
Rifampicin	tbprofiler	SRR31249127	Susceptible	1	rpoB_p.Asp435Ala(0.86),rpoB_p.Ser450Leu(0.13)	fail
Ethambutol	tbprofiler	SRR31249128	Resistant	1	embB_p.Gln497Arg(1.00)	pass
Isoniazid	tbprofiler	SRR31249128	Resistant	1	katG_p.Ser315Thr(1.00)	pass
Pyrazinamide	tbprofiler	SRR31249128	Resistant	1	pncA_c.375_389del(0.92),pncA_Chromosome:g.2288852_2288867del(1.00)	pass
Rifampicin	tbprofiler	SRR31249128	Resistant	1	rpoB_p.His445Leu(1.00)	pass
Ethambutol	tbprofiler	SRR31249129	Susceptible	0	NULL	fail
Isoniazid	tbprofiler	SRR31249129	Susceptible	0	NULL	fail
Pyrazinamide	tbprofiler	SRR31249129	Susceptible	0	NULL	fail
Rifampicin	tbprofiler	SRR31249129	Resistant	0	NULL	fail
Ethambutol	tbprofiler	SRR31249130	Resistant	1	embB_p.Gln497Arg(0.99)	pass
Isoniazid	tbprofiler	SRR31249130	Resistant	1	fabG1_c.-15C>T(1.00)	pass
Pyrazinamide	tbprofiler	SRR31249130	Susceptible	0	NULL	pass
Rifampicin	tbprofiler	SRR31249130	Resistant	1	rpoB_p.Ser450Leu(1.00)	pass
Ethambutol	tbprofiler	SRR31249131	Susceptible	0	NULL	pass
Isoniazid	tbprofiler	SRR31249131	Resistant	0	NULL	pass
Pyrazinamide	tbprofiler	SRR31249131	Resistant	0	NULL	pass
Rifampicin	tbprofiler	SRR31249131	Resistant	1	rpoB_p.Asp435Tyr(0.85)	pass
Ethambutol	tbprofiler	SRR31249132	Susceptible	0	NULL	fail
Isoniazid	tbprofiler	SRR31249132	Susceptible	0	NULL	fail
Pyrazinamide	tbprofiler	SRR31249132	Susceptible	0	NULL	fail
Rifampicin	tbprofiler	SRR31249132	Resistant	0	NULL	fail
Ethambutol	tbprofiler	SRR31249133	Susceptible	0	NULL	pass
Isoniazid	tbprofiler	SRR31249133	Resistant	1	katG_p.Gly297Val(0.98)	pass
Pyrazinamide	tbprofiler	SRR31249133	Susceptible	0	NULL	pass
Rifampicin	tbprofiler	SRR31249133	Resistant	1	rpoB_p.Asp435Val(0.97)	pass
Ethambutol	tbprofiler	SRR31249134	Resistant	1	embB_p.Gln497Arg(0.89)	fail
Isoniazid	tbprofiler	SRR31249134	Resistant	1	fabG1_c.-15C>T(0.91)	fail
Pyrazinamide	tbprofiler	SRR31249134	Susceptible	0	NULL	fail
Rifampicin	tbprofiler	SRR31249134	Resistant	1	rpoB_p.His445Tyr(0.14),rpoB_p.Ser450Leu(0.86)	fail
Ethambutol	tbprofiler	SRR31249135	Susceptible	0	NULL	partial
Isoniazid	tbprofiler	SRR31249135	Susceptible	0	NULL	partial
Pyrazinamide	tbprofiler	SRR31249135	Susceptible	0	NULL	partial
Rifampicin	tbprofiler	SRR31249135	Susceptible	1	rpoB_p.Leu430Pro(0.97)	partial
Ethambutol	tbprofiler	SRR31249136	Susceptible	0	NULL	pass
Isoniazid	tbprofiler	SRR31249136	Resistant	1	fabG1_c.-15C>T(0.99)	pass
Pyrazinamide	tbprofiler	SRR31249136	Susceptible	0	NULL	pass
Rifampicin	tbprofiler	SRR31249136	Resistant	1	rpoB_p.Ser450Leu(1.00)	pass
Ethambutol	tbprofiler	SRR31249137	Resistant	0	NULL	pass
Isoniazid	tbprofiler	SRR31249137	Susceptible	0	NULL	pass
Pyrazinamide	tbprofiler	SRR31249137	Susceptible	0	NULL	pass
Rifampicin	tbprofiler	SRR31249137	Susceptible	0	NULL	pass
Ethambutol	tbprofiler	SRR31249138	Susceptible	0	NULL	pass
Isoniazid	tbprofiler	SRR31249138	Resistant	1	fabG1_c.-15C>T(0.98)	pass
Pyrazinamide	tbprofiler	SRR31249138	Susceptible	0	NULL	pass
Rifampicin	tbprofiler	SRR31249138	Resistant	1	rpoB_p.Leu452Pro(0.96)	pass
Ethambutol	tbprofiler	SRR31249139	Susceptible	1	embB_p.Met306Ile(1.00)	pass
Isoniazid	tbprofiler	SRR31249139	Resistant	1	katG_p.Ser315Thr(1.00)	pass
Pyrazinamide	tbprofiler	SRR31249139	Resistant	1	pncA_p.Cys14Arg(1.00)	pass
Rifampicin	tbprofiler	SRR31249139	Resistant	1	rpoB_p.Ser450Leu(1.00)	pass
Ethambutol	tbprofiler	SRR31249140	Susceptible	1	embB_p.Met306Ile(1.00)	pass
Isoniazid	tbprofiler	SRR31249140	Resistant	1	katG_p.Ser315Thr(1.00)	pass
Pyrazinamide	tbprofiler	SRR31249140	Susceptible	0	NULL	pass
Rifampicin	tbprofiler	SRR31249140	Resistant	1	rpoB_p.His445Asp(1.00)	pass
Ethambutol	tbprofiler	SRR31249141	Resistant	1	embB_p.Met306Ile(1.00)	pass
Isoniazid	tbprofiler	SRR31249141	Resistant	1	katG_p.Ser315Thr(1.00)	pass
Pyrazinamide	tbprofiler	SRR31249141	Resistant	1	pncA_p.Ser104Arg(1.00)	pass
Rifampicin	tbprofiler	SRR31249141	Resistant	1	rpoB_p.Ser450Leu(1.00)	pass
Ethambutol	tbprofiler	SRR31249142	Susceptible	0	NULL	fail
Isoniazid	tbprofiler	SRR31249142	Susceptible	0	NULL	fail
Pyrazinamide	tbprofiler	SRR31249142	Susceptible	0	NULL	fail
Rifampicin	tbprofiler	SRR31249142	Resistant	0	NULL	fail
Ethambutol	tbprofiler	SRR31249143	Resistant	1	embB_p.Met306Val(1.00)	pass
Isoniazid	tbprofiler	SRR31249143	Resistant	1	inhA_p.Ile194Thr(1.00)	pass
Pyrazinamide	tbprofiler	SRR31249143	Resistant	1	pncA_p.Gly97Asp(0.99)	pass
Rifampicin	tbprofiler	SRR31249143	Resistant	1	rpoB_p.Ser450Leu(1.00)	pass
Ethambutol	tbprofiler	SRR31249144	Susceptible	0	NULL	fail
Isoniazid	tbprofiler	SRR31249144	Susceptible	1	katG_p.Ser315Thr(0.38)	fail
Pyrazinamide	tbprofiler	SRR31249144	Susceptible	0	NULL	fail
Rifampicin	tbprofiler	SRR31249144	Resistant	1	rpoB_p.Asp435Val(0.12),rpoB_p.His445Pro(0.71),rpoB_p.Ser450Leu(0.12)	fail
Ethambutol	tbprofiler	SRR31249145	Susceptible	0	NULL	pass
Isoniazid	tbprofiler	SRR31249145	Resistant	1	katG_p.Ser315Asn(1.00)	pass
Pyrazinamide	tbprofiler	SRR31249145	Susceptible	0	NULL	pass
Rifampicin	tbprofiler	SRR31249145	Resistant	1	rpoB_p.Gln432Lys(0.92)	pass
Ethambutol	tbprofiler	SRR31249146	Susceptible	0	NULL	partial
Isoniazid	tbprofiler	SRR31249146	Resistant	1	inhA_p.Ile194Thr(0.91)	partial
Pyrazinamide	tbprofiler	SRR31249146	Susceptible	0	NULL	partial
Rifampicin	tbprofiler	SRR31249146	Resistant	1	rpoB_p.Ser450Leu(0.95)	partial
Ethambutol	tbprofiler	SRR31249147	Resistant	1	embB_p.Met306Val(1.00)	partial
Isoniazid	tbprofiler	SRR31249147	Resistant	1	fabG1_c.-15C>T(1.00)	partial
Pyrazinamide	tbprofiler	SRR31249147	Susceptible	0	NULL	partial
Rifampicin	tbprofiler	SRR31249147	Resistant	1	rpoB_p.Ser450Leu(1.00)	partial
Ethambutol	tbprofiler	SRR31249148	Susceptible	0	NULL	pass
Isoniazid	tbprofiler	SRR31249148	Susceptible	0	NULL	pass
Pyrazinamide	tbprofiler	SRR31249148	Susceptible	0	NULL	pass
Rifampicin	tbprofiler	SRR31249148	Susceptible	0	NULL	pass
Ethambutol	tbprofiler	SRR31249149	Susceptible	0	NULL	pass
Isoniazid	tbprofiler	SRR31249149	Susceptible	0	NULL	pass
Pyrazinamide	tbprofiler	SRR31249149	Susceptible	0	NULL	pass
Rifampicin	tbprofiler	SRR31249149	Resistant	1	rpoB_p.Ser450Leu(0.99)	pass
Ethambutol	tbprofiler	SRR31249150	Susceptible	0	NULL	pass
Isoniazid	tbprofiler	SRR31249150	Susceptible	0	NULL	pass
Pyrazinamide	tbprofiler	SRR31249150	Susceptible	0	NULL	pass
Rifampicin	tbprofiler	SRR31249150	Susceptible	0	NULL	pass
Ethambutol	tbprofiler	SRR31249151	Susceptible	0	NULL	pass
Isoniazid	tbprofiler	SRR31249151	Susceptible	0	NULL	pass
Pyrazinamide	tbprofiler	SRR31249151	Susceptible	0	NULL	pass
Rifampicin	tbprofiler	SRR31249151	Resistant	1	rpoB_p.His445Phe(0.41),rpoB_p.Ser450Leu(0.37)	pass
Pyrazinamide	tbprofiler	SRR31249152	Susceptible	0	NULL	fail
Ethambutol	tbprofiler	SRR31249153	Resistant	1	embB_p.Gln497Arg(0.99)	pass
Isoniazid	tbprofiler	SRR31249153	Resistant	1	fabG1_c.-15C>T(0.99)	pass
Pyrazinamide	tbprofiler	SRR31249153	Susceptible	0	NULL	pass
Rifampicin	tbprofiler	SRR31249153	Resistant	1	rpoB_p.Ser450Leu(1.00)	pass
Ethambutol	tbprofiler	SRR31249154	Susceptible	0	NULL	pass
Isoniazid	tbprofiler	SRR31249154	Susceptible	0	NULL	pass
Pyrazinamide	tbprofiler	SRR31249154	Susceptible	0	NULL	pass
Rifampicin	tbprofiler	SRR31249154	Susceptible	0	NULL	pass
Ethambutol	tbprofiler	SRR31249155	Susceptible	0	NULL	pass
Isoniazid	tbprofiler	SRR31249155	Susceptible	0	NULL	pass
Pyrazinamide	tbprofiler	SRR31249155	Susceptible	0	NULL	pass
Rifampicin	tbprofiler	SRR31249155	Resistant	1	rpoB_p.Ser450Leu(0.97)	pass
Ethambutol	tbprofiler	SRR31249156	Susceptible	1	embB_p.Ser347Thr(0.84)	pass
Isoniazid	tbprofiler	SRR31249156	Resistant	1	katG_p.Ser315Arg(0.98)	pass
Pyrazinamide	tbprofiler	SRR31249156	Susceptible	0	NULL	pass
Rifampicin	tbprofiler	SRR31249156	Resistant	1	rpoB_p.Asp435Val(0.98)	pass
Ethambutol	tbprofiler	SRR31249157	Susceptible	0	NULL	pass
Isoniazid	tbprofiler	SRR31249157	Susceptible	0	NULL	pass
Pyrazinamide	tbprofiler	SRR31249157	Susceptible	0	NULL	pass
Rifampicin	tbprofiler	SRR31249157	Susceptible	1	rpoB_p.His445Asn(1.00)	pass
Ethambutol	tbprofiler	SRR31249158	Resistant	1	embB_p.Glu405Asp(0.97)	partial
Isoniazid	tbprofiler	SRR31249158	Resistant	1	fabG1_c.-15C>T(0.95)	partial
Pyrazinamide	tbprofiler	SRR31249158	Resistant	1	pncA_p.His71Tyr(0.97)	partial
Rifampicin	tbprofiler	SRR31249158	Resistant	1	rpoB_p.His445Tyr(0.98)	partial
Ethambutol	tbprofiler	SRR31249159	Resistant	1	embB_p.Met306Val(0.61)	partial
Isoniazid	tbprofiler	SRR31249159	Resistant	1	fabG1_c.-15C>T(0.25)	partial
Pyrazinamide	tbprofiler	SRR31249159	Susceptible	0	NULL	partial
Rifampicin	tbprofiler	SRR31249159	Resistant	0	NULL	partial
Ethambutol	tbprofiler	SRR31249161	Susceptible	0	NULL	pass
Isoniazid	tbprofiler	SRR31249161	Resistant	0	NULL	pass
Pyrazinamide	tbprofiler	SRR31249161	Resistant	0	NULL	pass
Rifampicin	tbprofiler	SRR31249161	Resistant	1	rpoB_p.Ser450Leu(1.00)	pass
Ethambutol	tbprofiler	SRR31249162	Resistant	1	embB_p.Met306Val(0.99)	pass
Isoniazid	tbprofiler	SRR31249162	Resistant	1	katG_p.Ser315Thr(0.98)	pass
Pyrazinamide	tbprofiler	SRR31249162	Resistant	1	pncA_p.Cys14Trp(1.00)	pass
Rifampicin	tbprofiler	SRR31249162	Resistant	1	rpoB_p.Ser450Leu(0.98)	pass
Ethambutol	tbprofiler	SRR31249163	Susceptible	1	embB_p.Met306Leu(0.99)	pass
Isoniazid	tbprofiler	SRR31249163	Resistant	1	katG_p.Ser315Thr(0.99)	pass
Pyrazinamide	tbprofiler	SRR31249163	Susceptible	0	NULL	pass
Rifampicin	tbprofiler	SRR31249163	Resistant	1	rpoB_p.Ser450Leu(0.99)	pass
Ethambutol	tbprofiler	SRR31249164	Resistant	1	embB_p.Met306Ile(0.99)	pass
Isoniazid	tbprofiler	SRR31249164	Resistant	1	katG_p.Ser315Thr(1.00)	pass
Pyrazinamide	tbprofiler	SRR31249164	Resistant	1	pncA_p.Cys14Arg(1.00)	pass
Rifampicin	tbprofiler	SRR31249164	Resistant	1	rpoB_p.Ser450Leu(1.00)	pass
Ethambutol	tbprofiler	SRR31249165	Susceptible	0	NULL	fail
Isoniazid	tbprofiler	SRR31249165	Resistant	1	katG_p.Ser315Thr(0.79)	fail
Pyrazinamide	tbprofiler	SRR31249165	Susceptible	0	NULL	fail
Rifampicin	tbprofiler	SRR31249165	Resistant	0	NULL	fail
Ethambutol	tbprofiler	SRR31249166	Susceptible	0	NULL	fail
Isoniazid	tbprofiler	SRR31249166	Resistant	0	NULL	fail
Pyrazinamide	tbprofiler	SRR31249166	Susceptible	1	pncA_p.Gly97Asp(0.31)	fail
Rifampicin	tbprofiler	SRR31249166	Resistant	1	rpoB_p.Ser450Leu(1.00)	fail
Ethambutol	tbprofiler	SRR31249167	Resistant	0	NULL	fail
Isoniazid	tbprofiler	SRR31249167	Resistant	1	fabG1_c.-8T>A(0.98)	fail
Pyrazinamide	tbprofiler	SRR31249167	Resistant	1	pncA_c.456_457insC(0.99)	fail
Rifampicin	tbprofiler	SRR31249167	Resistant	1	rpoB_p.Asp435Gly(0.98),rpoB_p.Leu452Pro(0.96)	fail
Ethambutol	tbprofiler	SRR31249168	Susceptible	0	NULL	pass
Isoniazid	tbprofiler	SRR31249168	Susceptible	0	NULL	pass
Pyrazinamide	tbprofiler	SRR31249168	Susceptible	0	NULL	pass
Rifampicin	tbprofiler	SRR31249168	Resistant	1	rpoB_p.His445Asp(1.00)	pass
Ethambutol	tbprofiler	SRR31249169	Susceptible	1	embB_p.Met306Ile(1.00)	pass
Isoniazid	tbprofiler	SRR31249169	Resistant	1	fabG1_c.-17G>T(1.00),katG_p.Ser315Thr(1.00)	pass
Pyrazinamide	tbprofiler	SRR31249169	Resistant	0	NULL	pass
Rifampicin	tbprofiler	SRR31249169	Resistant	1	rpoB_p.Asp435Val(1.00)	pass
Ethambutol	tbprofiler	SRR31249170	Resistant	1	embB_p.Tyr319Ser(1.00)	partial
Isoniazid	tbprofiler	SRR31249170	Resistant	0	NULL	partial
Pyrazinamide	tbprofiler	SRR31249170	Resistant	0	NULL	partial
Rifampicin	tbprofiler	SRR31249170	Resistant	1	rpoB_p.Ser450Leu(1.00)	partial
Ethambutol	tbprofiler	SRR31249171	Susceptible	0	NULL	pass
Isoniazid	tbprofiler	SRR31249171	Susceptible	0	NULL	pass
Pyrazinamide	tbprofiler	SRR31249171	Susceptible	0	NULL	pass
Rifampicin	tbprofiler	SRR31249171	Susceptible	0	NULL	pass
Ethambutol	tbprofiler	SRR31249172	Susceptible	0	NULL	partial
Isoniazid	tbprofiler	SRR31249172	Susceptible	0	NULL	partial
Pyrazinamide	tbprofiler	SRR31249172	Susceptible	0	NULL	partial
Rifampicin	tbprofiler	SRR31249172	Resistant	1	rpoB_p.His445Tyr(0.95)	partial
Ethambutol	tbprofiler	SRR31249173	Resistant	1	embB_p.Glu405Asp(1.00)	pass
Isoniazid	tbprofiler	SRR31249173	Resistant	1	fabG1_c.-15C>T(1.00),katG_p.Ser315Thr(1.00)	pass
Pyrazinamide	tbprofiler	SRR31249173	Resistant	1	pncA_p.His71Tyr(1.00)	pass
Rifampicin	tbprofiler	SRR31249173	Resistant	1	rpoB_p.Val170Phe(0.54),rpoB_p.His445Tyr(0.99)	pass
Ethambutol	tbprofiler	SRR31249174	Susceptible	0	NULL	partial
Isoniazid	tbprofiler	SRR31249174	Susceptible	0	NULL	partial
Pyrazinamide	tbprofiler	SRR31249174	Susceptible	0	NULL	partial
Rifampicin	tbprofiler	SRR31249174	Resistant	0	NULL	partial
Ethambutol	tbprofiler	SRR31249175	Resistant	1	embB_p.Met306Val(1.00)	pass
Isoniazid	tbprofiler	SRR31249175	Resistant	1	inhA_p.Ile194Thr(0.99)	pass
Pyrazinamide	tbprofiler	SRR31249175	Resistant	1	pncA_p.Gly97Asp(1.00)	pass
Rifampicin	tbprofiler	SRR31249175	Resistant	1	rpoB_p.Ser450Leu(1.00)	pass
Ethambutol	tbprofiler	SRR31249176	Susceptible	0	NULL	pass
Isoniazid	tbprofiler	SRR31249176	Susceptible	0	NULL	pass
Pyrazinamide	tbprofiler	SRR31249176	Susceptible	0	NULL	pass
Rifampicin	tbprofiler	SRR31249176	Susceptible	0	NULL	pass
Ethambutol	tbprofiler	SRR31249177	Susceptible	0	NULL	pass
Isoniazid	tbprofiler	SRR31249177	Susceptible	1	katG_p.Ser140Arg(0.99)	pass
Pyrazinamide	tbprofiler	SRR31249177	Susceptible	0	NULL	pass
Rifampicin	tbprofiler	SRR31249177	Resistant	1	rpoB_p.Ser450Leu(0.99)	pass
Ethambutol	tbprofiler	SRR31249178	Susceptible	0	NULL	partial
Isoniazid	tbprofiler	SRR31249178	Resistant	1	fabG1_c.-15C>T(0.98)	partial
Pyrazinamide	tbprofiler	SRR31249178	Susceptible	0	NULL	partial
Rifampicin	tbprofiler	SRR31249178	Resistant	1	rpoB_p.His445Leu(0.98)	partial
Ethambutol	tbprofiler	SRR31249179	Susceptible	0	NULL	pass
Isoniazid	tbprofiler	SRR31249179	Susceptible	0	NULL	pass
Pyrazinamide	tbprofiler	SRR31249179	Susceptible	0	NULL	pass
Rifampicin	tbprofiler	SRR31249179	Resistant	1	rpoB_p.His445Tyr(0.38)	pass
Ethambutol	tbprofiler	SRR31249180	Susceptible	0	NULL	pass
Isoniazid	tbprofiler	SRR31249180	Resistant	1	ahpC_c.-52C>T(0.96)	pass
Pyrazinamide	tbprofiler	SRR31249180	Susceptible	0	NULL	pass
Rifampicin	tbprofiler	SRR31249180	Resistant	1	rpoB_p.Leu452Pro(0.99)	pass
Ethambutol	tbprofiler	SRR31249181	Susceptible	0	NULL	pass
Isoniazid	tbprofiler	SRR31249181	Susceptible	0	NULL	pass
Pyrazinamide	tbprofiler	SRR31249181	Susceptible	0	NULL	pass
Rifampicin	tbprofiler	SRR31249181	Susceptible	0	NULL	pass
Ethambutol	tbprofiler	SRR31249182	Resistant	1	embB_p.Met306Val(1.00)	pass
Isoniazid	tbprofiler	SRR31249182	Resistant	1	katG_p.Ser315Thr(1.00)	pass
Pyrazinamide	tbprofiler	SRR31249182	Susceptible	0	NULL	pass
Rifampicin	tbprofiler	SRR31249182	Resistant	1	rpoB_p.Ser450Leu(1.00)	pass
Ethambutol	tbprofiler	SRR31249183	Susceptible	1	embB_p.Gln497Arg(1.00)	pass
Isoniazid	tbprofiler	SRR31249183	Resistant	1	fabG1_c.-15C>T(1.00),katG_p.Ser315Thr(1.00)	pass
Pyrazinamide	tbprofiler	SRR31249183	Resistant	1	pncA_p.Gly132Ala(1.00)	pass
Rifampicin	tbprofiler	SRR31249183	Resistant	1	rpoB_p.Ser450Leu(1.00)	pass
Ethambutol	tbprofiler	SRR31249184	Resistant	1	embB_p.Gln497Arg(1.00)	pass
Isoniazid	tbprofiler	SRR31249184	Resistant	1	fabG1_c.-15C>T(1.00),katG_p.Ser315Thr(1.00)	pass
Pyrazinamide	tbprofiler	SRR31249184	Resistant	1	pncA_p.Gly132Ala(1.00)	pass
Rifampicin	tbprofiler	SRR31249184	Resistant	1	rpoB_p.Ser450Leu(1.00)	pass
Ethambutol	tbprofiler	SRR31249185	Resistant	1	embB_p.Gln497Arg(1.00)	pass
Isoniazid	tbprofiler	SRR31249185	Resistant	1	fabG1_c.-15C>T(1.00),katG_p.Ser315Thr(1.00)	pass
Pyrazinamide	tbprofiler	SRR31249185	Resistant	1	pncA_p.Gly132Ala(1.00)	pass
Rifampicin	tbprofiler	SRR31249185	Resistant	1	rpoB_p.Ser450Leu(1.00)	pass
Ethambutol	tbprofiler	SRR31249186	Resistant	1	embB_p.Tyr334His(0.35)	fail
Isoniazid	tbprofiler	SRR31249186	Resistant	0	NULL	fail
Pyrazinamide	tbprofiler	SRR31249186	Resistant	0	NULL	fail
Rifampicin	tbprofiler	SRR31249186	Resistant	1	rpoB_p.Ser450Leu(0.45)	fail
Ethambutol	tbprofiler	SRR31249187	Susceptible	1	embB_p.Met306Ile(1.00)	pass
Isoniazid	tbprofiler	SRR31249187	Resistant	1	katG_p.Ser315Thr(1.00)	pass
Pyrazinamide	tbprofiler	SRR31249187	Resistant	1	pncA_c.380_388del(0.84)	pass
Rifampicin	tbprofiler	SRR31249187	Resistant	1	rpoB_p.Ser450Leu(1.00)	pass
Ethambutol	tbprofiler	SRR31249188	Resistant	1	embB_p.Met306Val(1.00)	pass
Isoniazid	tbprofiler	SRR31249188	Resistant	1	katG_p.Ser315Thr(1.00)	pass
Pyrazinamide	tbprofiler	SRR31249188	Susceptible	0	NULL	pass
Rifampicin	tbprofiler	SRR31249188	Resistant	1	rpoB_p.Ser450Leu(1.00)	pass
Ethambutol	tbprofiler	SRR31249189	Resistant	1	embB_p.Met306Val(1.00)	pass
Isoniazid	tbprofiler	SRR31249189	Resistant	1	katG_p.Ser315Thr(1.00)	pass
Pyrazinamide	tbprofiler	SRR31249189	Resistant	0	NULL	pass
Rifampicin	tbprofiler	SRR31249189	Resistant	1	rpoB_p.Ser450Trp(1.00)	pass
Ethambutol	tbprofiler	SRR31249190	Resistant	1	embB_p.Met306Val(1.00)	pass
Isoniazid	tbprofiler	SRR31249190	Resistant	1	katG_p.Ser315Thr(1.00)	pass
Pyrazinamide	tbprofiler	SRR31249190	Susceptible	0	NULL	pass
Rifampicin	tbprofiler	SRR31249190	Resistant	1	rpoB_p.Ser450Leu(1.00)	pass
Ethambutol	tbprofiler	SRR31249191	Resistant	1	embB_p.Met306Val(0.99)	pass
Isoniazid	tbprofiler	SRR31249191	Resistant	1	fabG1_c.-15C>T(1.00),katG_p.Ser315Thr(1.00)	pass
Pyrazinamide	tbprofiler	SRR31249191	Resistant	1	pncA_p.Leu27Pro(0.99)	pass
Rifampicin	tbprofiler	SRR31249191	Resistant	1	rpoB_p.Ser450Leu(1.00)	pass
Ethambutol	tbprofiler	SRR31249192	Resistant	1	embB_p.Met306Val(1.00)	pass
Isoniazid	tbprofiler	SRR31249192	Resistant	1	katG_p.Ser315Thr(1.00)	pass
Pyrazinamide	tbprofiler	SRR31249192	Resistant	0	NULL	pass
Rifampicin	tbprofiler	SRR31249192	Resistant	1	rpoB_p.Ser450Leu(1.00)	pass
Ethambutol	tbprofiler	SRR31249193	Resistant	1	embB_p.Gln497Arg(1.00)	pass
Isoniazid	tbprofiler	SRR31249193	Resistant	1	fabG1_c.-15C>T(1.00),katG_p.Ser315Thr(1.00)	pass
Pyrazinamide	tbprofiler	SRR31249193	Resistant	1	pncA_p.Gly132Ala(1.00)	pass
Rifampicin	tbprofiler	SRR31249193	Resistant	1	rpoB_p.Ser450Leu(1.00)	pass
Ethambutol	tbprofiler	SRR31249194	Resistant	1	embB_p.Met306Val(0.99)	pass
Isoniazid	tbprofiler	SRR31249194	Resistant	1	katG_p.Ser315Thr(1.00)	pass
Pyrazinamide	tbprofiler	SRR31249194	Resistant	1	pncA_p.Asp136Gly(1.00)	pass
Rifampicin	tbprofiler	SRR31249194	Resistant	1	rpoB_p.Ser450Leu(1.00)	pass
Ethambutol	tbprofiler	SRR31249195	Resistant	1	embB_p.Met306Val(1.00)	pass
Isoniazid	tbprofiler	SRR31249195	Resistant	1	katG_p.Ser315Thr(1.00)	pass
Pyrazinamide	tbprofiler	SRR31249195	Resistant	1	pncA_p.Thr142Met(0.99)	pass
Rifampicin	tbprofiler	SRR31249195	Resistant	1	rpoB_p.Ser450Leu(1.00)	pass
Ethambutol	tbprofiler	SRR31249196	Resistant	1	embB_p.Met306Val(1.00)	pass
Isoniazid	tbprofiler	SRR31249196	Resistant	1	fabG1_c.-15C>T(1.00),katG_p.Ser315Thr(1.00)	pass
Pyrazinamide	tbprofiler	SRR31249196	Resistant	1	pncA_p.Leu27Pro(1.00)	pass
Rifampicin	tbprofiler	SRR31249196	Resistant	1	rpoB_p.Ser450Leu(1.00)	pass
Ethambutol	tbprofiler	SRR31249197	Susceptible	0	NULL	fail
Isoniazid	tbprofiler	SRR31249197	Susceptible	0	NULL	fail
Pyrazinamide	tbprofiler	SRR31249197	Susceptible	0	NULL	fail
Rifampicin	tbprofiler	SRR31249197	Susceptible	0	NULL	fail
Ethambutol	tbprofiler	SRR31249198	Susceptible	1	embB_p.Met306Ile(1.00)	pass
Isoniazid	tbprofiler	SRR31249198	Resistant	1	katG_p.Ser315Thr(1.00)	pass
Pyrazinamide	tbprofiler	SRR31249198	Susceptible	0	NULL	pass
Rifampicin	tbprofiler	SRR31249198	Resistant	1	rpoB_p.His445Asp(1.00)	pass
Ethambutol	tbprofiler	SRR31249199	Resistant	1	embB_p.Met306Val(1.00)	pass
Isoniazid	tbprofiler	SRR31249199	Resistant	1	katG_p.Ser315Thr(1.00)	pass
Pyrazinamide	tbprofiler	SRR31249199	Resistant	1	pncA_p.Leu27Pro(1.00)	pass
Rifampicin	tbprofiler	SRR31249199	Resistant	1	rpoB_p.Ser450Leu(1.00)	pass
Ethambutol	tbprofiler	SRR31249200	Resistant	1	embB_p.Met306Val(1.00)	pass
Isoniazid	tbprofiler	SRR31249200	Resistant	1	fabG1_c.-8T>C(0.99),katG_p.Ser315Thr(1.00)	pass
Pyrazinamide	tbprofiler	SRR31249200	Susceptible	0	NULL	pass
Rifampicin	tbprofiler	SRR31249200	Resistant	1	rpoB_p.Ser450Leu(0.98)	pass
Ethambutol	tbprofiler	SRR31249201	Resistant	0	NULL	pass
Isoniazid	tbprofiler	SRR31249201	Resistant	1	katG_p.Ser315Thr(1.00)	pass
Pyrazinamide	tbprofiler	SRR31249201	Resistant	1	pncA_p.Ile5Ser(1.00)	pass
Rifampicin	tbprofiler	SRR31249201	Resistant	1	rpoB_p.Ser450Leu(1.00)	pass
Ethambutol	tbprofiler	SRR31249202	Resistant	1	embB_p.Met306Val(0.91)	partial
Isoniazid	tbprofiler	SRR31249202	Resistant	1	katG_p.Ser315Thr(1.00)	partial
Pyrazinamide	tbprofiler	SRR31249202	Resistant	1	pncA_p.Ala171Val(0.96)	partial
Rifampicin	tbprofiler	SRR31249202	Resistant	1	rpoB_p.Ser450Leu(0.97),rpoB_p.Ile480Val(0.94)	partial
Ethambutol	tbprofiler	SRR31249203	Resistant	1	embB_p.Ser347Ile(1.00)	pass
Isoniazid	tbprofiler	SRR31249203	Resistant	1	katG_p.Ser315Thr(1.00)	pass
Pyrazinamide	tbprofiler	SRR31249203	Resistant	0	NULL	pass
Rifampicin	tbprofiler	SRR31249203	Resistant	1	rpoB_p.Gln429His(1.00),rpoB_p.Asp435Tyr(1.00)	pass
Ethambutol	tbprofiler	SRR31249204	Resistant	1	embB_p.Met306Val(1.00)	pass
Isoniazid	tbprofiler	SRR31249204	Resistant	1	katG_p.Ser315Thr(1.00)	pass
Pyrazinamide	tbprofiler	SRR31249204	Resistant	1	pncA_p.Val139Ala(1.00)	pass
Rifampicin	tbprofiler	SRR31249204	Resistant	1	rpoB_p.Ser450Leu(1.00)	pass
Ethambutol	tbprofiler	SRR31249205	Resistant	1	embB_p.Met306Val(1.00)	pass
Isoniazid	tbprofiler	SRR31249205	Resistant	1	fabG1_c.-15C>T(1.00),ahpC_c.-48G>A(0.99)	pass
Pyrazinamide	tbprofiler	SRR31249205	Resistant	1	pncA_p.Val128Gly(0.99)	pass
Rifampicin	tbprofiler	SRR31249205	Resistant	1	rpoB_p.Ser450Leu(1.00)	pass
Ethambutol	tbprofiler	SRR31249206	Resistant	1	embB_p.Met306Val(1.00)	pass
Isoniazid	tbprofiler	SRR31249206	Resistant	1	katG_p.Ser315Thr(1.00)	pass
Pyrazinamide	tbprofiler	SRR31249206	Susceptible	0	NULL	pass
Rifampicin	tbprofiler	SRR31249206	Resistant	1	rpoB_p.Ser450Leu(1.00)	pass
Ethambutol	tbprofiler	SRR31249207	Resistant	1	embB_p.Met306Val(0.99)	pass
Isoniazid	tbprofiler	SRR31249207	Resistant	1	katG_p.Ser315Thr(1.00)	pass
Pyrazinamide	tbprofiler	SRR31249207	Resistant	1	pncA_p.Asp136Gly(1.00)	pass
Rifampicin	tbprofiler	SRR31249207	Resistant	1	rpoB_p.Ser450Leu(0.99)	pass
Ethambutol	tbprofiler	SRR31249208	Susceptible	0	NULL	pass
Isoniazid	tbprofiler	SRR31249208	Susceptible	0	NULL	pass
Pyrazinamide	tbprofiler	SRR31249208	Susceptible	0	NULL	pass
Rifampicin	tbprofiler	SRR31249208	Susceptible	0	NULL	pass
Ethambutol	tbprofiler	SRR31249209	Resistant	1	embB_p.Gly406Ser(1.00)	pass
Isoniazid	tbprofiler	SRR31249209	Resistant	1	katG_p.Ser315Thr(1.00)	pass
Pyrazinamide	tbprofiler	SRR31249209	Resistant	1	pncA_c.-11A>G(1.00)	pass
Rifampicin	tbprofiler	SRR31249209	Resistant	1	rpoB_p.Ser450Leu(1.00)	pass
Ethambutol	tbprofiler	SRR31249210	Resistant	1	embB_p.Met306Val(1.00)	pass
Isoniazid	tbprofiler	SRR31249210	Resistant	1	katG_p.Ser315Thr(1.00)	pass
Pyrazinamide	tbprofiler	SRR31249210	Susceptible	0	NULL	pass
Rifampicin	tbprofiler	SRR31249210	Resistant	1	rpoB_p.His445Asp(1.00)	pass
Ethambutol	tbprofiler	SRR31249211	Resistant	1	embB_p.Met306Val(1.00)	pass
Isoniazid	tbprofiler	SRR31249211	Resistant	1	katG_p.Ser315Thr(1.00)	pass
Pyrazinamide	tbprofiler	SRR31249211	Resistant	1	pncA_p.Tyr41*(1.00)	pass
Rifampicin	tbprofiler	SRR31249211	Resistant	1	rpoB_p.Ser450Leu(1.00)	pass
Ethambutol	tbprofiler	SRR31249212	Susceptible	1	embB_p.Met306Val(1.00)	pass
Isoniazid	tbprofiler	SRR31249212	Resistant	1	katG_p.Ser315Thr(1.00)	pass
Pyrazinamide	tbprofiler	SRR31249212	Susceptible	0	NULL	pass
Rifampicin	tbprofiler	SRR31249212	Resistant	1	rpoB_p.Ser450Leu(1.00)	pass
Ethambutol	tbprofiler	SRR31249213	Resistant	1	embB_p.Gln497Arg(1.00)	pass
Isoniazid	tbprofiler	SRR31249213	Resistant	1	fabG1_c.-15C>T(1.00),katG_p.Ser315Thr(1.00)	pass
Pyrazinamide	tbprofiler	SRR31249213	Resistant	1	pncA_p.Gly132Ala(1.00)	pass
Rifampicin	tbprofiler	SRR31249213	Resistant	1	rpoB_p.Ser450Leu(0.99)	pass
Ethambutol	tbprofiler	SRR31249214	Resistant	0	NULL	pass
Isoniazid	tbprofiler	SRR31249214	Resistant	1	katG_p.Ser315Thr(1.00),ahpC_p.Glu76Lys(1.00)	pass
Pyrazinamide	tbprofiler	SRR31249214	Resistant	1	pncA_p.Gln10Arg(1.00)	pass
Rifampicin	tbprofiler	SRR31249214	Resistant	1	rpoB_p.Ser450Leu(1.00)	pass
Ethambutol	tbprofiler	SRR31249215	Resistant	1	embB_p.Met306Val(1.00)	pass
Isoniazid	tbprofiler	SRR31249215	Resistant	1	fabG1_c.-8T>A(1.00),katG_p.Ser315Thr(1.00)	pass
Pyrazinamide	tbprofiler	SRR31249215	Resistant	1	pncA_p.Leu27Pro(1.00)	pass
Rifampicin	tbprofiler	SRR31249215	Resistant	1	rpoB_p.Ser450Leu(1.00)	pass
Ethambutol	tbprofiler	SRR31249216	Resistant	1	embB_p.Met306Leu(1.00)	pass
Isoniazid	tbprofiler	SRR31249216	Resistant	1	katG_p.Ser315Thr(1.00)	pass
Pyrazinamide	tbprofiler	SRR31249216	Resistant	1	pncA_c.-11A>C(0.99)	pass
Rifampicin	tbprofiler	SRR31249216	Resistant	1	rpoB_p.Ser450Leu(1.00)	pass
Ethambutol	tbprofiler	SRR31249217	Susceptible	0	NULL	pass
Isoniazid	tbprofiler	SRR31249217	Susceptible	0	NULL	pass
Pyrazinamide	tbprofiler	SRR31249217	Susceptible	0	NULL	pass
Rifampicin	tbprofiler	SRR31249217	Susceptible	1	rpoB_p.Leu430Pro(1.00)	pass
Ethambutol	tbprofiler	SRR31249218	Resistant	1	embB_p.Gln497Arg(1.00)	partial
Isoniazid	tbprofiler	SRR31249218	Resistant	1	katG_p.Ser315Thr(1.00)	partial
Pyrazinamide	tbprofiler	SRR31249218	Resistant	1	pncA_Chromosome:g.2288682_2288845del(1.00)	partial
Rifampicin	tbprofiler	SRR31249218	Resistant	1	rpoB_p.Ser450Leu(1.00)	partial
Ethambutol	tbprofiler	SRR31249219	Resistant	1	embB_p.Met306Val(1.00)	pass
Isoniazid	tbprofiler	SRR31249219	Resistant	1	katG_p.Ser315Thr(1.00)	pass
Pyrazinamide	tbprofiler	SRR31249219	Resistant	1	pncA_p.Leu27Pro(1.00)	pass
Rifampicin	tbprofiler	SRR31249219	Resistant	1	rpoB_p.Ser450Leu(1.00)	pass
Ethambutol	tbprofiler	SRR31249220	Susceptible	0	NULL	pass
Isoniazid	tbprofiler	SRR31249220	Resistant	1	katG_p.Ser315Thr(1.00)	pass
Pyrazinamide	tbprofiler	SRR31249220	Susceptible	0	NULL	pass
Rifampicin	tbprofiler	SRR31249220	Resistant	1	rpoB_p.Ser450Leu(1.00)	pass
Ethambutol	tbprofiler	SRR31249221	Susceptible	1	embB_p.Met306Val(1.00)	pass
Isoniazid	tbprofiler	SRR31249221	Resistant	1	katG_p.Ser315Thr(1.00)	pass
Pyrazinamide	tbprofiler	SRR31249221	Susceptible	0	NULL	pass
Rifampicin	tbprofiler	SRR31249221	Resistant	1	rpoB_p.Ser450Leu(1.00)	pass
Ethambutol	tbprofiler	SRR31249222	Resistant	0	NULL	partial
Isoniazid	tbprofiler	SRR31249222	Resistant	1	katG_p.Ser315Thr(1.00)	partial
Pyrazinamide	tbprofiler	SRR31249222	Susceptible	0	NULL	partial
Rifampicin	tbprofiler	SRR31249222	Resistant	1	rpoB_p.Ser450Leu(1.00)	partial
Ethambutol	tbprofiler	SRR31249223	Susceptible	0	NULL	pass
Isoniazid	tbprofiler	SRR31249223	Susceptible	0	NULL	pass
Pyrazinamide	tbprofiler	SRR31249223	Susceptible	0	NULL	pass
Rifampicin	tbprofiler	SRR31249223	Susceptible	0	NULL	pass
Ethambutol	tbprofiler	SRR31249224	Susceptible	1	embB_p.Gln497Arg(1.00)	pass
Isoniazid	tbprofiler	SRR31249224	Resistant	1	fabG1_c.-15C>T(1.00),katG_p.Ser315Thr(1.00)	pass
Pyrazinamide	tbprofiler	SRR31249224	Susceptible	1	pncA_p.Gly132Ala(1.00)	pass
Rifampicin	tbprofiler	SRR31249224	Resistant	1	rpoB_p.Ser450Leu(1.00)	pass
Ethambutol	tbprofiler	SRR31249225	Susceptible	0	NULL	pass
Isoniazid	tbprofiler	SRR31249225	Susceptible	0	NULL	pass
Pyrazinamide	tbprofiler	SRR31249225	Susceptible	0	NULL	pass
Rifampicin	tbprofiler	SRR31249225	Susceptible	0	NULL	pass
Ethambutol	tbprofiler	SRR31249226	Susceptible	0	NULL	pass
Isoniazid	tbprofiler	SRR31249226	Resistant	1	katG_p.Ser315Thr(0.95)	pass
Pyrazinamide	tbprofiler	SRR31249226	Susceptible	0	NULL	pass
Rifampicin	tbprofiler	SRR31249226	Resistant	1	rpoB_p.Ser450Leu(0.95)	pass
Ethambutol	tbprofiler	SRR31249227	Resistant	1	embB_p.Gly406Ser(1.00)	pass
Isoniazid	tbprofiler	SRR31249227	Resistant	1	fabG1_c.-15C>T(1.00),katG_p.Ser315Thr(1.00)	pass
Pyrazinamide	tbprofiler	SRR31249227	Resistant	0	NULL	pass
Rifampicin	tbprofiler	SRR31249227	Resistant	1	rpoB_p.Ser450Leu(0.99)	pass
Ethambutol	tbprofiler	SRR31249228	Resistant	1	embB_p.Gln497Arg(1.00)	pass
Isoniazid	tbprofiler	SRR31249228	Resistant	1	fabG1_c.-15C>T(1.00),katG_p.Ser315Thr(1.00)	pass
Pyrazinamide	tbprofiler	SRR31249228	Resistant	1	pncA_p.Gly132Ala(1.00)	pass
Rifampicin	tbprofiler	SRR31249228	Resistant	1	rpoB_p.Ser450Leu(1.00)	pass
Ethambutol	tbprofiler	SRR31249229	Resistant	1	embB_p.Gln497Arg(1.00)	pass
Isoniazid	tbprofiler	SRR31249229	Resistant	1	katG_p.Ser315Thr(1.00)	pass
Pyrazinamide	tbprofiler	SRR31249229	Resistant	1	pncA_p.Cys138Arg(1.00)	pass
Rifampicin	tbprofiler	SRR31249229	Resistant	1	rpoB_p.Ser450Leu(1.00)	pass
Ethambutol	tbprofiler	SRR31249230	Resistant	1	embB_p.Met306Val(1.00)	pass
Isoniazid	tbprofiler	SRR31249230	Resistant	1	fabG1_c.-15C>T(1.00),katG_p.Ser315Thr(1.00)	pass
Pyrazinamide	tbprofiler	SRR31249230	Resistant	1	pncA_p.Leu27Pro(1.00)	pass
Rifampicin	tbprofiler	SRR31249230	Resistant	1	rpoB_p.Ser450Leu(1.00)	pass
Ethambutol	tbprofiler	SRR31249231	Resistant	1	embB_p.Met306Val(1.00)	pass
Isoniazid	tbprofiler	SRR31249231	Resistant	1	fabG1_c.-15C>T(1.00),katG_p.Ser315Thr(1.00)	pass
Pyrazinamide	tbprofiler	SRR31249231	Resistant	1	pncA_p.Thr47Ala(1.00)	pass
Rifampicin	tbprofiler	SRR31249231	Resistant	1	rpoB_p.His445Leu(1.00)	pass
Ethambutol	tbprofiler	SRR31249232	Resistant	1	embB_p.Gln497Arg(1.00)	pass
Isoniazid	tbprofiler	SRR31249232	Resistant	1	katG_p.Ser315Thr(1.00)	pass
Pyrazinamide	tbprofiler	SRR31249232	Resistant	1	pncA_Chromosome:g.2288682_2288845del(1.00)	pass
Rifampicin	tbprofiler	SRR31249232	Resistant	1	rpoB_p.Ser450Leu(1.00)	pass
Ethambutol	tbprofiler	SRR31249233	Resistant	1	embB_p.Met306Val(1.00)	pass
Isoniazid	tbprofiler	SRR31249233	Resistant	1	katG_p.Ser315Thr(1.00)	pass
Pyrazinamide	tbprofiler	SRR31249233	Resistant	1	pncA_p.Leu27Pro(1.00)	pass
Rifampicin	tbprofiler	SRR31249233	Resistant	1	rpoB_p.Ser450Leu(1.00)	pass
Ethambutol	tbprofiler	SRR31249234	Susceptible	0	NULL	pass
Isoniazid	tbprofiler	SRR31249234	Susceptible	0	NULL	pass
Pyrazinamide	tbprofiler	SRR31249234	Susceptible	0	NULL	pass
Rifampicin	tbprofiler	SRR31249234	Susceptible	0	NULL	pass
Ethambutol	tbprofiler	SRR31249235	Susceptible	0	NULL	pass
Isoniazid	tbprofiler	SRR31249235	Susceptible	0	NULL	pass
Pyrazinamide	tbprofiler	SRR31249235	Susceptible	0	NULL	pass
Rifampicin	tbprofiler	SRR31249235	Susceptible	0	NULL	pass
Ethambutol	tbprofiler	SRR31249236	Resistant	1	embB_p.Met306Val(1.00)	pass
Isoniazid	tbprofiler	SRR31249236	Resistant	1	katG_p.Ser315Thr(1.00)	pass
Pyrazinamide	tbprofiler	SRR31249236	Resistant	1	pncA_p.Val139Ala(1.00)	pass
Rifampicin	tbprofiler	SRR31249236	Resistant	1	rpoB_p.Ser450Leu(1.00)	pass
Ethambutol	tbprofiler	SRR31249237	Resistant	1	embB_p.Gln497Arg(1.00)	pass
Isoniazid	tbprofiler	SRR31249237	Resistant	1	fabG1_c.-15C>T(1.00),katG_p.Ser315Thr(1.00)	pass
Pyrazinamide	tbprofiler	SRR31249237	Resistant	1	pncA_p.Gly132Ala(1.00)	pass
Rifampicin	tbprofiler	SRR31249237	Resistant	1	rpoB_p.Ser450Leu(1.00)	pass
Ethambutol	tbprofiler	SRR31249238	Susceptible	1	embB_p.Gln497Pro(0.94)	pass
Isoniazid	tbprofiler	SRR31249238	Resistant	1	katG_p.Ser315Thr(0.95)	pass
Pyrazinamide	tbprofiler	SRR31249238	Susceptible	0	NULL	pass
Rifampicin	tbprofiler	SRR31249238	Resistant	1	rpoB_p.Gln432Pro(0.95)	pass
Ethambutol	tbprofiler	SRR31249239	Resistant	1	embB_p.Gln497Arg(1.00)	pass
Isoniazid	tbprofiler	SRR31249239	Resistant	1	fabG1_c.-15C>T(1.00),katG_p.Ser315Thr(1.00)	pass
Pyrazinamide	tbprofiler	SRR31249239	Resistant	1	pncA_p.Gly132Ala(1.00)	pass
Rifampicin	tbprofiler	SRR31249239	Resistant	1	rpoB_p.Ser450Leu(1.00)	pass
Ethambutol	tbprofiler	SRR31249240	Susceptible	1	embB_p.Met306Val(1.00)	pass
Isoniazid	tbprofiler	SRR31249240	Resistant	1	inhA_p.Ser94Ala(1.00),katG_p.Ser315Thr(1.00)	pass
Pyrazinamide	tbprofiler	SRR31249240	Resistant	1	pncA_p.Asp136Gly(1.00)	pass
Rifampicin	tbprofiler	SRR31249240	Resistant	1	rpoB_p.Ser450Leu(0.99)	pass
Ethambutol	tbprofiler	SRR31249241	Resistant	1	embB_p.Met306Val(1.00)	pass
Isoniazid	tbprofiler	SRR31249241	Resistant	1	katG_p.Ser315Thr(1.00)	pass
Pyrazinamide	tbprofiler	SRR31249241	Resistant	1	pncA_p.Asp136Gly(1.00)	pass
Rifampicin	tbprofiler	SRR31249241	Resistant	1	rpoB_p.Ser450Leu(1.00)	pass
Ethambutol	tbprofiler	SRR31249242	Susceptible	1	embB_p.Met306Ile(1.00)	pass
Isoniazid	tbprofiler	SRR31249242	Resistant	1	katG_p.Ser315Thr(1.00)	pass
Pyrazinamide	tbprofiler	SRR31249242	Susceptible	0	NULL	pass
Rifampicin	tbprofiler	SRR31249242	Resistant	1	rpoB_p.Ser450Leu(1.00)	pass
Ethambutol	tbprofiler	SRR31249243	Resistant	1	embB_p.Gln497Arg(1.00)	pass
Isoniazid	tbprofiler	SRR31249243	Resistant	1	fabG1_c.-15C>T(0.99),katG_p.Ser315Thr(1.00)	pass
Pyrazinamide	tbprofiler	SRR31249243	Resistant	1	pncA_p.Gly132Ala(1.00)	pass
Rifampicin	tbprofiler	SRR31249243	Resistant	1	rpoB_p.Ser450Leu(0.99)	pass
Ethambutol	tbprofiler	SRR31249244	Susceptible	0	NULL	pass
Isoniazid	tbprofiler	SRR31249244	Resistant	1	katG_p.Ser315Thr(1.00)	pass
Pyrazinamide	tbprofiler	SRR31249244	Resistant	0	NULL	pass
Rifampicin	tbprofiler	SRR31249244	Resistant	1	rpoB_p.Ser450Leu(1.00)	pass
Ethambutol	tbprofiler	SRR31249245	Resistant	1	embB_p.Gln497Arg(1.00)	pass
Isoniazid	tbprofiler	SRR31249245	Resistant	1	fabG1_c.-15C>T(1.00),katG_p.Ser315Thr(1.00)	pass
Pyrazinamide	tbprofiler	SRR31249245	Resistant	1	pncA_p.Gly132Ala(1.00)	pass
Rifampicin	tbprofiler	SRR31249245	Resistant	1	rpoB_p.Ser450Leu(1.00)	pass
Ethambutol	tbprofiler	SRR31249246	Resistant	1	embB_p.Met306Val(1.00)	pass
Isoniazid	tbprofiler	SRR31249246	Resistant	1	katG_p.Ser315Thr(1.00)	pass
Pyrazinamide	tbprofiler	SRR31249246	Resistant	1	pncA_p.Gly17Asp(0.98)	pass
Rifampicin	tbprofiler	SRR31249246	Resistant	1	rpoB_p.Ser450Leu(0.99)	pass
Ethambutol	tbprofiler	SRR31249247	Susceptible	1	embB_p.Met306Ile(1.00)	pass
Isoniazid	tbprofiler	SRR31249247	Resistant	1	katG_p.Ser315Thr(1.00)	pass
Pyrazinamide	tbprofiler	SRR31249247	Resistant	0	NULL	pass
Rifampicin	tbprofiler	SRR31249247	Resistant	1	rpoB_p.Ser450Leu(1.00)	pass
Ethambutol	tbprofiler	SRR31249248	Resistant	0	NULL	pass
Isoniazid	tbprofiler	SRR31249248	Resistant	1	fabG1_c.-17G>T(1.00),katG_p.Ser315Thr(1.00)	pass
Pyrazinamide	tbprofiler	SRR31249248	Resistant	1	pncA_p.Ile5Ser(0.99)	pass
Rifampicin	tbprofiler	SRR31249248	Resistant	1	rpoB_p.Ser450Leu(1.00)	pass
Ethambutol	tbprofiler	SRR31249249	Resistant	1	embB_p.Tyr334His(1.00)	pass
Isoniazid	tbprofiler	SRR31249249	Resistant	1	fabG1_c.-15C>T(0.99),katG_p.Ser315Thr(1.00)	pass
Pyrazinamide	tbprofiler	SRR31249249	Resistant	1	pncA_p.Ala146Thr(1.00)	pass
Rifampicin	tbprofiler	SRR31249249	Resistant	1	rpoB_p.Ser450Leu(0.99)	pass
Ethambutol	tbprofiler	SRR31249250	Susceptible	0	NULL	pass
Isoniazid	tbprofiler	SRR31249250	Susceptible	0	NULL	pass
Pyrazinamide	tbprofiler	SRR31249250	Resistant	0	NULL	pass
Rifampicin	tbprofiler	SRR31249250	Susceptible	0	NULL	pass
Ethambutol	tbprofiler	SRR31249251	Resistant	1	embB_p.Gln497Arg(1.00)	pass
Isoniazid	tbprofiler	SRR31249251	Resistant	1	fabG1_c.-15C>T(1.00),katG_p.Ser315Thr(1.00)	pass
Pyrazinamide	tbprofiler	SRR31249251	Resistant	1	pncA_p.Gly132Ala(1.00)	pass
Rifampicin	tbprofiler	SRR31249251	Resistant	1	rpoB_p.Ser450Leu(1.00)	pass
Ethambutol	tbprofiler	SRR31249252	Resistant	0	NULL	pass
Isoniazid	tbprofiler	SRR31249252	Resistant	1	katG_p.Ser315Thr(1.00)	pass
Pyrazinamide	tbprofiler	SRR31249252	Resistant	1	pncA_p.Ile5Ser(1.00)	pass
Rifampicin	tbprofiler	SRR31249252	Resistant	1	rpoB_p.Ser450Leu(1.00)	pass
Ethambutol	tbprofiler	SRR31249253	Resistant	1	embB_p.Met306Val(1.00)	pass
Isoniazid	tbprofiler	SRR31249253	Resistant	1	katG_p.Ser315Thr(0.99)	pass
Pyrazinamide	tbprofiler	SRR31249253	Susceptible	0	NULL	pass
Rifampicin	tbprofiler	SRR31249253	Resistant	1	rpoB_p.Ser450Leu(1.00)	pass
Ethambutol	tbprofiler	SRR31249254	Resistant	0	NULL	pass
Isoniazid	tbprofiler	SRR31249254	Resistant	1	fabG1_c.-15C>T(1.00),katG_p.Ser315Thr(1.00)	pass
Pyrazinamide	tbprofiler	SRR31249254	Resistant	1	pncA_p.Ile5Ser(1.00)	pass
Rifampicin	tbprofiler	SRR31249254	Resistant	1	rpoB_p.Ser450Leu(1.00)	pass
Ethambutol	tbprofiler	SRR31249255	Resistant	1	embB_p.Gln497Arg(1.00)	pass
Isoniazid	tbprofiler	SRR31249255	Resistant	1	fabG1_c.-15C>T(1.00),katG_p.Ser315Thr(1.00)	pass
Pyrazinamide	tbprofiler	SRR31249255	Resistant	1	pncA_p.Gly132Ala(1.00)	pass
Rifampicin	tbprofiler	SRR31249255	Resistant	1	rpoB_p.Ser450Leu(1.00)	pass
Ethambutol	tbprofiler	SRR31249256	Resistant	1	embB_p.Met306Val(1.00)	pass
Isoniazid	tbprofiler	SRR31249256	Resistant	1	katG_p.Ser315Thr(1.00)	pass
Pyrazinamide	tbprofiler	SRR31249256	Resistant	0	NULL	pass
Rifampicin	tbprofiler	SRR31249256	Resistant	1	rpoB_p.Ser450Leu(1.00)	pass
Ethambutol	tbprofiler	SRR31249257	Resistant	0	NULL	pass
Isoniazid	tbprofiler	SRR31249257	Resistant	1	katG_p.Ser315Thr(1.00)	pass
Pyrazinamide	tbprofiler	SRR31249257	Resistant	1	pncA_p.Ile5Ser(1.00)	pass
Rifampicin	tbprofiler	SRR31249257	Resistant	1	rpoB_p.Ser450Leu(1.00)	pass
Ethambutol	tbprofiler	SRR31249258	Resistant	1	embB_p.Met306Val(1.00)	pass
Isoniazid	tbprofiler	SRR31249258	Resistant	1	katG_p.Ser315Thr(1.00)	pass
Pyrazinamide	tbprofiler	SRR31249258	Resistant	1	pncA_p.His71Tyr(1.00)	pass
Rifampicin	tbprofiler	SRR31249258	Resistant	1	rpoB_p.Ser450Leu(1.00)	pass
Ethambutol	tbprofiler	SRR31249259	Resistant	1	embB_p.Gln497Arg(1.00)	pass
Isoniazid	tbprofiler	SRR31249259	Resistant	1	katG_p.Ser315Thr(1.00)	pass
Pyrazinamide	tbprofiler	SRR31249259	Resistant	0	NULL	pass
Rifampicin	tbprofiler	SRR31249259	Resistant	1	rpoB_p.Ser450Leu(1.00)	pass
Ethambutol	tbprofiler	SRR31249260	Susceptible	0	NULL	pass
Isoniazid	tbprofiler	SRR31249260	Susceptible	0	NULL	pass
Pyrazinamide	tbprofiler	SRR31249260	Susceptible	0	NULL	pass
Rifampicin	tbprofiler	SRR31249260	Susceptible	0	NULL	pass
Ethambutol	tbprofiler	SRR31249262	Resistant	1	embB_p.Met306Val(1.00)	pass
Isoniazid	tbprofiler	SRR31249262	Resistant	1	katG_p.Ser315Thr(1.00)	pass
Pyrazinamide	tbprofiler	SRR31249262	Resistant	1	pncA_p.Leu27Pro(1.00)	pass
Rifampicin	tbprofiler	SRR31249262	Resistant	1	rpoB_p.Ser450Leu(1.00)	pass
Ethambutol	tbprofiler	SRR31249263	Susceptible	0	NULL	partial
Isoniazid	tbprofiler	SRR31249263	Susceptible	0	NULL	partial
Pyrazinamide	tbprofiler	SRR31249263	Resistant	0	NULL	partial
Rifampicin	tbprofiler	SRR31249263	Resistant	1	rpoB_p.Ser450Leu(1.00)	partial
Ethambutol	tbprofiler	SRR31249264	Susceptible	1	embB_p.Met306Val(0.99)	pass
Isoniazid	tbprofiler	SRR31249264	Resistant	1	katG_p.Ser315Thr(1.00)	pass
Pyrazinamide	tbprofiler	SRR31249264	Resistant	1	pncA_p.Leu27Pro(0.99)	pass
Rifampicin	tbprofiler	SRR31249264	Resistant	1	rpoB_p.Ser450Leu(0.99)	pass
Ethambutol	tbprofiler	SRR31249265	Resistant	0	NULL	pass
Isoniazid	tbprofiler	SRR31249265	Resistant	1	katG_p.Ser315Thr(1.00)	pass
Pyrazinamide	tbprofiler	SRR31249265	Resistant	1	pncA_p.Pro54Leu(1.00)	pass
Rifampicin	tbprofiler	SRR31249265	Resistant	1	rpoB_p.Ser450Leu(1.00)	pass
Ethambutol	tbprofiler	SRR31249266	Resistant	1	embB_p.Gln497Arg(1.00)	pass
Isoniazid	tbprofiler	SRR31249266	Resistant	1	fabG1_c.-15C>T(1.00),katG_p.Ser315Thr(1.00)	pass
Pyrazinamide	tbprofiler	SRR31249266	Resistant	1	pncA_p.Gly132Ala(1.00)	pass
Rifampicin	tbprofiler	SRR31249266	Resistant	1	rpoB_p.Ser450Leu(1.00)	pass
Ethambutol	tbprofiler	SRR31249267	Resistant	1	embB_p.Met306Val(1.00)	pass
Isoniazid	tbprofiler	SRR31249267	Resistant	1	katG_p.Ser315Thr(1.00)	pass
Pyrazinamide	tbprofiler	SRR31249267	Resistant	1	pncA_p.Val139Ala(0.99)	pass
Rifampicin	tbprofiler	SRR31249267	Resistant	1	rpoB_p.Ser450Leu(1.00)	pass
Ethambutol	tbprofiler	SRR31249268	Susceptible	1	embB_p.Met306Val(1.00)	pass
Isoniazid	tbprofiler	SRR31249268	Resistant	1	katG_p.Ser315Thr(1.00)	pass
Pyrazinamide	tbprofiler	SRR31249268	Susceptible	0	NULL	pass
Rifampicin	tbprofiler	SRR31249268	Resistant	1	rpoB_p.Ser450Leu(1.00)	pass
Ethambutol	tbprofiler	SRR31249269	Resistant	1	embB_p.Gln497Arg(0.99)	pass
Isoniazid	tbprofiler	SRR31249269	Resistant	1	katG_p.Ser315Thr(1.00)	pass
Pyrazinamide	tbprofiler	SRR31249269	Resistant	1	pncA_c.189_200del(0.84)	pass
Rifampicin	tbprofiler	SRR31249269	Resistant	1	rpoB_p.Ser450Leu(1.00)	pass
Ethambutol	tbprofiler	SRR31249270	Resistant	0	NULL	pass
Isoniazid	tbprofiler	SRR31249270	Resistant	1	katG_p.Ser315Thr(1.00)	pass
Pyrazinamide	tbprofiler	SRR31249270	Resistant	0	NULL	pass
Rifampicin	tbprofiler	SRR31249270	Resistant	1	rpoB_p.His445Cys(0.98)	pass
Ethambutol	tbprofiler	SRR31249271	Susceptible	0	NULL	fail
Isoniazid	tbprofiler	SRR31249271	Resistant	0	NULL	fail
Pyrazinamide	tbprofiler	SRR31249271	Resistant	0	NULL	fail
Rifampicin	tbprofiler	SRR31249271	Resistant	0	NULL	fail
Ethambutol	tbprofiler	SRR31249272	Susceptible	1	embB_p.Met306Ile(0.90)	partial
Isoniazid	tbprofiler	SRR31249272	Resistant	1	fabG1_c.-15C>T(0.80),katG_p.Ser315Thr(0.94)	partial
Pyrazinamide	tbprofiler	SRR31249272	Resistant	1	pncA_p.Met175Arg(0.81)	partial
Rifampicin	tbprofiler	SRR31249272	Resistant	1	rpoB_p.His445Cys(0.96)	partial
Ethambutol	tbprofiler	SRR31249273	Susceptible	1	embB_p.Gln497Arg(1.00)	pass
Isoniazid	tbprofiler	SRR31249273	Resistant	1	katG_p.Ser315Thr(1.00)	pass
Pyrazinamide	tbprofiler	SRR31249273	Resistant	1	pncA_p.Pro54Leu(1.00)	pass
Rifampicin	tbprofiler	SRR31249273	Resistant	1	rpoB_p.Ser450Leu(1.00)	pass
Ethambutol	tbprofiler	SRR31249274	Susceptible	0	NULL	pass
Isoniazid	tbprofiler	SRR31249274	Resistant	1	katG_p.Ser315Thr(1.00)	pass
Pyrazinamide	tbprofiler	SRR31249274	Susceptible	0	NULL	pass
Rifampicin	tbprofiler	SRR31249274	Resistant	1	rpoB_p.His445Tyr(1.00)	pass
Ethambutol	tbprofiler	SRR31249275	Susceptible	1	embB_p.Met306Ile(1.00)	pass
Isoniazid	tbprofiler	SRR31249275	Resistant	1	katG_p.Ser315Thr(1.00)	pass
Pyrazinamide	tbprofiler	SRR31249275	Susceptible	0	NULL	pass
Rifampicin	tbprofiler	SRR31249275	Resistant	1	rpoB_p.Ser450Leu(1.00)	pass
Ethambutol	tbprofiler	SRR31249276	Resistant	1	embB_p.Met306Val(1.00)	pass
Isoniazid	tbprofiler	SRR31249276	Resistant	1	fabG1_c.-15C>T(0.99),katG_p.Ser315Thr(1.00)	pass
Pyrazinamide	tbprofiler	SRR31249276	Resistant	1	pncA_p.Leu27Pro(1.00)	pass
Rifampicin	tbprofiler	SRR31249276	Resistant	1	rpoB_p.Ser450Leu(0.99)	pass
Ethambutol	tbprofiler	SRR31249277	Resistant	1	embB_p.Gly406Ser(0.99)	pass
Isoniazid	tbprofiler	SRR31249277	Resistant	1	katG_p.Ser315Thr(1.00)	pass
Pyrazinamide	tbprofiler	SRR31249277	Susceptible	0	NULL	pass
Rifampicin	tbprofiler	SRR31249277	Resistant	1	rpoB_p.Ser450Leu(1.00)	pass
Ethambutol	tbprofiler	SRR31249278	Resistant	1	embB_p.Gly406Asp(0.98)	pass
Isoniazid	tbprofiler	SRR31249278	Resistant	1	fabG1_c.-8T>C(1.00),katG_p.Ser315Thr(1.00)	pass
Pyrazinamide	tbprofiler	SRR31249278	Resistant	1	pncA_p.Leu35Pro(1.00)	pass
Rifampicin	tbprofiler	SRR31249278	Resistant	1	rpoB_p.Thr427Ser(1.00),rpoB_p.Asp435Val(1.00)	pass
Ethambutol	tbprofiler	SRR31249279	Resistant	1	embB_p.Met306Val(1.00)	pass
Isoniazid	tbprofiler	SRR31249279	Resistant	1	katG_p.Ser315Thr(1.00)	pass
Pyrazinamide	tbprofiler	SRR31249279	Susceptible	1	pncA_p.Gln141Pro(1.00)	pass
Rifampicin	tbprofiler	SRR31249279	Resistant	1	rpoB_p.Ser450Phe(1.00)	pass
Ethambutol	tbprofiler	SRR31249280	Resistant	1	embB_p.Tyr334His(0.99)	pass
Isoniazid	tbprofiler	SRR31249280	Resistant	1	fabG1_c.-15C>T(0.95),katG_p.Ser315Thr(1.00)	pass
Pyrazinamide	tbprofiler	SRR31249280	Susceptible	0	NULL	pass
Rifampicin	tbprofiler	SRR31249280	Resistant	1	rpoB_p.Ser450Leu(0.98)	pass
Ethambutol	tbprofiler	SRR31249281	Resistant	1	embB_p.Asp328Tyr(1.00)	pass
Isoniazid	tbprofiler	SRR31249281	Resistant	1	katG_p.Ser315Thr(1.00)	pass
Pyrazinamide	tbprofiler	SRR31249281	Susceptible	0	NULL	pass
Rifampicin	tbprofiler	SRR31249281	Resistant	1	rpoB_p.Ser450Leu(1.00)	pass
Ethambutol	tbprofiler	SRR31249282	Resistant	0	NULL	fail
Isoniazid	tbprofiler	SRR31249282	Resistant	1	fabG1_c.-15C>T(0.17)	fail
Pyrazinamide	tbprofiler	SRR31249282	Susceptible	0	NULL	fail
Rifampicin	tbprofiler	SRR31249282	Resistant	0	NULL	fail
Ethambutol	tbprofiler	SRR31249283	Resistant	1	embB_p.Gly406Asp(0.99)	pass
Isoniazid	tbprofiler	SRR31249283	Resistant	1	fabG1_c.-8T>C(1.00),katG_p.Ser315Thr(1.00)	pass
Pyrazinamide	tbprofiler	SRR31249283	Resistant	1	pncA_p.Leu35Pro(1.00)	pass
Rifampicin	tbprofiler	SRR31249283	Resistant	1	rpoB_p.Thr427Ser(1.00),rpoB_p.Asp435Val(1.00)	pass
Ethambutol	tbprofiler	SRR31249284	Resistant	1	embB_p.Met306Val(0.95)	fail
Isoniazid	tbprofiler	SRR31249284	Resistant	1	fabG1_c.-15C>T(0.94),katG_p.Ser315Thr(1.00)	fail
Pyrazinamide	tbprofiler	SRR31249284	Resistant	0	NULL	fail
Rifampicin	tbprofiler	SRR31249284	Resistant	1	rpoB_p.Ser450Leu(0.99)	fail
Ethambutol	tbprofiler	SRR31249285	Resistant	1	embB_p.Met306Val(1.00)	pass
Isoniazid	tbprofiler	SRR31249285	Resistant	1	fabG1_c.-15C>T(0.95),katG_p.Ser315Thr(1.00)	pass
Pyrazinamide	tbprofiler	SRR31249285	Resistant	0	NULL	pass
Rifampicin	tbprofiler	SRR31249285	Resistant	1	rpoB_p.Ser450Leu(0.99),rpoB_p.Ile480Val(1.00)	pass
Ethambutol	tbprofiler	SRR31249286	Resistant	1	embB_p.Tyr334His(1.00)	pass
Isoniazid	tbprofiler	SRR31249286	Resistant	1	fabG1_c.-15C>T(1.00),katG_p.Ser315Thr(1.00)	pass
Pyrazinamide	tbprofiler	SRR31249286	Resistant	1	pncA_p.Ala146Thr(1.00)	pass
Rifampicin	tbprofiler	SRR31249286	Resistant	1	rpoB_p.Ser450Leu(1.00)	pass
Ethambutol	tbprofiler	SRR31249287	Susceptible	0	NULL	pass
Isoniazid	tbprofiler	SRR31249287	Susceptible	0	NULL	pass
Pyrazinamide	tbprofiler	SRR31249287	Susceptible	0	NULL	pass
Rifampicin	tbprofiler	SRR31249287	Susceptible	0	NULL	pass
Ethambutol	tbprofiler	SRR31249288	Resistant	1	embB_p.Tyr334His(1.00)	pass
Isoniazid	tbprofiler	SRR31249288	Resistant	1	fabG1_c.-15C>T(1.00),katG_p.Ser315Thr(1.00)	pass
Pyrazinamide	tbprofiler	SRR31249288	Susceptible	0	NULL	pass
Rifampicin	tbprofiler	SRR31249288	Resistant	1	rpoB_p.Ser450Leu(0.99)	pass
Ethambutol	tbprofiler	SRR31249289	Resistant	0	NULL	fail
Isoniazid	tbprofiler	SRR31249289	Resistant	1	fabG1_c.-15C>T(1.00)	fail
Pyrazinamide	tbprofiler	SRR31249289	Resistant	0	NULL	fail
Rifampicin	tbprofiler	SRR31249289	Resistant	1	rpoB_p.Ser450Leu(0.92)	fail
Ethambutol	tbprofiler	SRR31249290	Susceptible	0	NULL	fail
Isoniazid	tbprofiler	SRR31249290	Susceptible	0	NULL	fail
Pyrazinamide	tbprofiler	SRR31249290	Susceptible	0	NULL	fail
Rifampicin	tbprofiler	SRR31249290	Resistant	0	NULL	fail
Ethambutol	tbprofiler	SRR31249291	Resistant	1	embB_p.Asn296His(1.00)	pass
Isoniazid	tbprofiler	SRR31249291	Resistant	1	katG_p.Ser315Thr(1.00)	pass
Pyrazinamide	tbprofiler	SRR31249291	Resistant	1	pncA_p.Asp8Glu(1.00)	pass
Rifampicin	tbprofiler	SRR31249291	Resistant	1	rpoB_p.Ser450Leu(0.99)	pass
Ethambutol	tbprofiler	SRR31249292	Susceptible	0	NULL	pass
Isoniazid	tbprofiler	SRR31249292	Susceptible	0	NULL	pass
Pyrazinamide	tbprofiler	SRR31249292	Susceptible	0	NULL	pass
Rifampicin	tbprofiler	SRR31249292	Resistant	1	rpoB_p.Ser450Leu(1.00)	pass
Ethambutol	tbprofiler	SRR31249293	Resistant	1	embB_p.Asp328Tyr(1.00)	pass
Isoniazid	tbprofiler	SRR31249293	Resistant	1	katG_p.Ser315Thr(1.00)	pass
Pyrazinamide	tbprofiler	SRR31249293	Susceptible	0	NULL	pass
Rifampicin	tbprofiler	SRR31249293	Resistant	1	rpoB_p.Ser450Leu(1.00)	pass
Ethambutol	tbprofiler	SRR31249294	Susceptible	0	NULL	fail
Isoniazid	tbprofiler	SRR31249294	Susceptible	1	fabG1_c.-15C>T(0.42)	fail
Pyrazinamide	tbprofiler	SRR31249294	Susceptible	0	NULL	fail
Rifampicin	tbprofiler	SRR31249294	Susceptible	1	rpoB_p.Ser450Leu(0.53)	fail
Ethambutol	tbprofiler	SRR31249295	Resistant	1	embB_p.Gln497Arg(0.97)	pass
Isoniazid	tbprofiler	SRR31249295	Resistant	1	katG_p.Ser315Thr(0.96)	pass
Pyrazinamide	tbprofiler	SRR31249295	Susceptible	0	NULL	pass
Rifampicin	tbprofiler	SRR31249295	Resistant	1	rpoB_p.Ser450Leu(0.99)	pass
Ethambutol	tbprofiler	SRR31249296	Resistant	1	embB_p.Tyr334His(0.99)	pass
Isoniazid	tbprofiler	SRR31249296	Resistant	1	fabG1_c.-15C>T(1.00),katG_p.Ser315Thr(0.99)	pass
Pyrazinamide	tbprofiler	SRR31249296	Susceptible	1	pncA_p.Ala146Thr(1.00)	pass
Rifampicin	tbprofiler	SRR31249296	Resistant	1	rpoB_p.Ser450Leu(1.00)	pass
Ethambutol	tbprofiler	SRR31249297	Resistant	1	embB_p.Met306Val(1.00)	pass
Isoniazid	tbprofiler	SRR31249297	Resistant	1	fabG1_c.-15C>T(1.00),katG_p.Ser315Thr(1.00)	pass
Pyrazinamide	tbprofiler	SRR31249297	Resistant	1	pncA_p.His71Asn(1.00)	pass
Rifampicin	tbprofiler	SRR31249297	Resistant	1	rpoB_p.Ser450Leu(0.99)	pass
Ethambutol	tbprofiler	SRR31249298	Susceptible	0	NULL	pass
Isoniazid	tbprofiler	SRR31249298	Susceptible	0	NULL	pass
Pyrazinamide	tbprofiler	SRR31249298	Susceptible	0	NULL	pass
Rifampicin	tbprofiler	SRR31249298	Susceptible	0	NULL	pass
Ethambutol	tbprofiler	SRR31249299	Resistant	1	embB_p.Gln497Arg(1.00)	pass
Isoniazid	tbprofiler	SRR31249299	Resistant	1	katG_p.Ser315Thr(1.00)	pass
Pyrazinamide	tbprofiler	SRR31249299	Susceptible	0	NULL	pass
Rifampicin	tbprofiler	SRR31249299	Resistant	1	rpoB_p.Ser450Leu(0.99)	pass
Ethambutol	tbprofiler	SRR31249301	Susceptible	0	NULL	pass
Isoniazid	tbprofiler	SRR31249301	Susceptible	0	NULL	pass
Pyrazinamide	tbprofiler	SRR31249301	Susceptible	0	NULL	pass
Rifampicin	tbprofiler	SRR31249301	Susceptible	0	NULL	pass
Ethambutol	tbprofiler	SRR31249302	Susceptible	0	NULL	pass
Isoniazid	tbprofiler	SRR31249302	Resistant	1	fabG1_c.-15C>T(0.99)	pass
Pyrazinamide	tbprofiler	SRR31249302	Susceptible	0	NULL	pass
Rifampicin	tbprofiler	SRR31249302	Susceptible	0	NULL	pass
Ethambutol	tbprofiler	SRR31249304	Susceptible	0	NULL	pass
Isoniazid	tbprofiler	SRR31249304	Susceptible	0	NULL	pass
Pyrazinamide	tbprofiler	SRR31249304	Susceptible	0	NULL	pass
Rifampicin	tbprofiler	SRR31249304	Susceptible	0	NULL	pass
Ethambutol	tbprofiler	SRR31249306	Susceptible	0	NULL	pass
Isoniazid	tbprofiler	SRR31249306	Resistant	1	fabG1_c.-15C>T(1.00)	pass
Pyrazinamide	tbprofiler	SRR31249306	Susceptible	0	NULL	pass
Rifampicin	tbprofiler	SRR31249306	Susceptible	0	NULL	pass
Ethambutol	tbprofiler	SRR31249307	Susceptible	0	NULL	partial
Isoniazid	tbprofiler	SRR31249307	Susceptible	0	NULL	partial
Pyrazinamide	tbprofiler	SRR31249307	Susceptible	0	NULL	partial
Rifampicin	tbprofiler	SRR31249307	Susceptible	0	NULL	partial
Ethambutol	tbprofiler	SRR31249308	Susceptible	0	NULL	pass
Isoniazid	tbprofiler	SRR31249308	Susceptible	0	NULL	pass
Pyrazinamide	tbprofiler	SRR31249308	Susceptible	0	NULL	pass
Rifampicin	tbprofiler	SRR31249308	Susceptible	0	NULL	pass
Ethambutol	tbprofiler	SRR31249309	Resistant	1	embB_p.Tyr334His(1.00)	pass
Isoniazid	tbprofiler	SRR31249309	Resistant	1	fabG1_c.-15C>T(1.00),katG_p.Ser315Thr(1.00)	pass
Pyrazinamide	tbprofiler	SRR31249309	Resistant	1	pncA_p.His71Arg(1.00)	pass
Rifampicin	tbprofiler	SRR31249309	Resistant	1	rpoB_p.Ser450Leu(1.00)	pass
Ethambutol	tbprofiler	SRR31249310	Resistant	1	embB_p.Met306Val(1.00)	pass
Isoniazid	tbprofiler	SRR31249310	Resistant	1	katG_p.Ser315Thr(1.00)	pass
Pyrazinamide	tbprofiler	SRR31249310	Resistant	1	pncA_p.His57Arg(0.99)	pass
Rifampicin	tbprofiler	SRR31249310	Resistant	1	rpoB_p.Ser450Leu(1.00)	pass
Ethambutol	tbprofiler	SRR31249311	Susceptible	0	NULL	pass
Isoniazid	tbprofiler	SRR31249311	Susceptible	0	NULL	pass
Pyrazinamide	tbprofiler	SRR31249311	Susceptible	0	NULL	pass
Rifampicin	tbprofiler	SRR31249311	Susceptible	0	NULL	pass
Ethambutol	tbprofiler	SRR31249312	Susceptible	0	NULL	pass
Isoniazid	tbprofiler	SRR31249312	Susceptible	0	NULL	pass
Pyrazinamide	tbprofiler	SRR31249312	Susceptible	0	NULL	pass
Rifampicin	tbprofiler	SRR31249312	Susceptible	0	NULL	pass
Ethambutol	tbprofiler	SRR31249313	Susceptible	0	NULL	fail
Isoniazid	tbprofiler	SRR31249313	Susceptible	0	NULL	fail
Pyrazinamide	tbprofiler	SRR31249313	Susceptible	1	pncA_p.Lys96Gln(0.19)	fail
Rifampicin	tbprofiler	SRR31249313	Susceptible	1	rpoB_p.Ser450Leu(0.21)	fail
Ethambutol	tbprofiler	SRR31249314	Susceptible	0	NULL	pass
Isoniazid	tbprofiler	SRR31249314	Susceptible	0	NULL	pass
Pyrazinamide	tbprofiler	SRR31249314	Susceptible	0	NULL	pass
Rifampicin	tbprofiler	SRR31249314	Resistant	1	rpoB_p.His445Leu(0.99)	pass
Ethambutol	tbprofiler	SRR31249315	Susceptible	0	NULL	pass
Isoniazid	tbprofiler	SRR31249315	Susceptible	0	NULL	pass
Pyrazinamide	tbprofiler	SRR31249315	Susceptible	0	NULL	pass
Rifampicin	tbprofiler	SRR31249315	Susceptible	1	rpoB_p.Leu430Pro(1.00)	pass
Ethambutol	tbprofiler	SRR31249316	Resistant	1	embB_p.Met306Ile(0.95)	pass
Isoniazid	tbprofiler	SRR31249316	Resistant	1	fabG1_c.-17G>T(0.97),katG_p.Ser315Thr(0.98)	pass
Pyrazinamide	tbprofiler	SRR31249316	Resistant	0	NULL	pass
Rifampicin	tbprofiler	SRR31249316	Resistant	1	rpoB_p.Asp435Val(0.96)	pass
Ethambutol	tbprofiler	SRR31249317	Resistant	1	embB_p.Met306Val(1.00)	pass
Isoniazid	tbprofiler	SRR31249317	Resistant	1	katG_p.Ser315Thr(1.00)	pass
Pyrazinamide	tbprofiler	SRR31249317	Resistant	1	pncA_p.Ser59Pro(1.00)	pass
Rifampicin	tbprofiler	SRR31249317	Resistant	1	rpoB_p.Ser450Leu(1.00)	pass
Ethambutol	tbprofiler	SRR31249318	Susceptible	0	NULL	pass
Isoniazid	tbprofiler	SRR31249318	Susceptible	0	NULL	pass
Pyrazinamide	tbprofiler	SRR31249318	Susceptible	0	NULL	pass
Rifampicin	tbprofiler	SRR31249318	Resistant	1	rpoB_p.His445Asn(0.20)	pass
Pyrazinamide	tbprofiler	SRR31249319	Resistant	0	NULL	fail
Ethambutol	tbprofiler	SRR31249320	Resistant	1	embB_p.Met306Ile(0.93),embB_p.Gln497Lys(0.98)	pass
Isoniazid	tbprofiler	SRR31249320	Resistant	1	katG_p.Ser315Thr(0.95)	pass
Pyrazinamide	tbprofiler	SRR31249320	Resistant	1	pncA_p.Cys14Arg(0.98)	pass
Rifampicin	tbprofiler	SRR31249320	Resistant	1	rpoB_p.Ser450Leu(0.99)	pass
Ethambutol	tbprofiler	SRR31249321	Susceptible	0	NULL	pass
Isoniazid	tbprofiler	SRR31249321	Susceptible	0	NULL	pass
Pyrazinamide	tbprofiler	SRR31249321	Susceptible	0	NULL	pass
Rifampicin	tbprofiler	SRR31249321	Resistant	1	rpoB_p.Ser450Leu(0.42)	pass
Ethambutol	tbprofiler	SRR31249322	Resistant	1	embB_p.Glu405Asp(1.00)	pass
Isoniazid	tbprofiler	SRR31249322	Resistant	1	fabG1_c.-15C>T(1.00),katG_p.Ser315Thr(1.00)	pass
Pyrazinamide	tbprofiler	SRR31249322	Resistant	1	pncA_p.His71Tyr(1.00)	pass
Rifampicin	tbprofiler	SRR31249322	Resistant	1	rpoB_p.His445Cys(1.00)	pass
Ethambutol	tbprofiler	SRR31249323	Susceptible	0	NULL	pass
Isoniazid	tbprofiler	SRR31249323	Susceptible	0	NULL	pass
Pyrazinamide	tbprofiler	SRR31249323	Susceptible	0	NULL	pass
Rifampicin	tbprofiler	SRR31249323	Susceptible	0	NULL	pass
Ethambutol	tbprofiler	SRR31249324	Susceptible	0	NULL	pass
Isoniazid	tbprofiler	SRR31249324	Susceptible	0	NULL	pass
Pyrazinamide	tbprofiler	SRR31249324	Susceptible	0	NULL	pass
Rifampicin	tbprofiler	SRR31249324	Susceptible	0	NULL	pass
Ethambutol	tbprofiler	SRR31249325	Resistant	1	embB_p.Met306Ile(1.00)	pass
Isoniazid	tbprofiler	SRR31249325	Resistant	1	katG_p.Ser315Thr(1.00)	pass
Pyrazinamide	tbprofiler	SRR31249325	Resistant	1	pncA_p.Leu151Ser(1.00)	pass
Rifampicin	tbprofiler	SRR31249325	Resistant	1	rpoB_p.Asp435Val(1.00)	pass
Ethambutol	tbprofiler	SRR31249326	Susceptible	0	NULL	pass
Isoniazid	tbprofiler	SRR31249326	Susceptible	0	NULL	pass
Pyrazinamide	tbprofiler	SRR31249326	Susceptible	0	NULL	pass
Rifampicin	tbprofiler	SRR31249326	Resistant	1	rpoB_p.His445Asp(1.00)	pass
Ethambutol	tbprofiler	SRR31249327	Susceptible	0	NULL	pass
Isoniazid	tbprofiler	SRR31249327	Resistant	1	katG_p.Ser315Thr(0.81)	pass
Pyrazinamide	tbprofiler	SRR31249327	Susceptible	0	NULL	pass
Rifampicin	tbprofiler	SRR31249327	Resistant	1	rpoB_p.His445Asp(0.82)	pass
Ethambutol	tbprofiler	SRR31249328	Resistant	1	embB_p.Met306Ile(0.97)	pass
Isoniazid	tbprofiler	SRR31249328	Resistant	1	fabG1_c.-15C>T(0.99),katG_p.Ser315Thr(0.98)	pass
Pyrazinamide	tbprofiler	SRR31249328	Susceptible	1	pncA_p.Arg154Gly(0.98)	pass
Rifampicin	tbprofiler	SRR31249328	Resistant	1	rpoB_p.Ser450Leu(1.00)	pass
Ethambutol	tbprofiler	SRR31249329	Resistant	1	embB_p.Met306Val(1.00)	pass
Isoniazid	tbprofiler	SRR31249329	Resistant	1	inhA_p.Ile194Thr(1.00)	pass
Pyrazinamide	tbprofiler	SRR31249329	Resistant	1	pncA_p.Gly97Asp(1.00)	pass
Rifampicin	tbprofiler	SRR31249329	Resistant	1	rpoB_p.Ser450Leu(0.99)	pass
Ethambutol	tbprofiler	SRR31249330	Resistant	1	embB_p.Met306Val(0.97)	pass
Isoniazid	tbprofiler	SRR31249330	Resistant	1	fabG1_c.-8T>A(1.00),katG_p.Ser315Thr(0.99)	pass
Pyrazinamide	tbprofiler	SRR31249330	Resistant	1	pncA_p.Val139Gly(0.96)	pass
Rifampicin	tbprofiler	SRR31249330	Resistant	1	rpoB_p.Ser450Leu(1.00)	pass
Ethambutol	tbprofiler	SRR31249331	Susceptible	0	NULL	pass
Isoniazid	tbprofiler	SRR31249331	Resistant	0	NULL	pass
Pyrazinamide	tbprofiler	SRR31249331	Susceptible	0	NULL	pass
Rifampicin	tbprofiler	SRR31249331	Resistant	1	rpoB_p.Ser450Leu(0.98)	pass
Ethambutol	tbprofiler	SRR31249332	Susceptible	0	NULL	pass
Isoniazid	tbprofiler	SRR31249332	Resistant	0	NULL	pass
Pyrazinamide	tbprofiler	SRR31249332	Susceptible	0	NULL	pass
Rifampicin	tbprofiler	SRR31249332	Susceptible	1	rpoB_p.Leu430Pro(1.00)	pass
Ethambutol	tbprofiler	SRR31249333	Resistant	1	embB_p.Met306Ile(1.00)	pass
Isoniazid	tbprofiler	SRR31249333	Resistant	1	katG_p.Ser315Thr(1.00)	pass
Pyrazinamide	tbprofiler	SRR31249333	Resistant	1	pncA_p.Trp68Cys(1.00)	pass
Rifampicin	tbprofiler	SRR31249333	Resistant	1	rpoB_p.Ser450Leu(1.00)	pass
